{"credit":"Made with Blockbench","textures":{"0":"item/gun/placeholder"},"elements":[{"from":[5.63671,12.18193,-14.43953],"to":[10.36329,18.51514,22.32304],"rotation":{"angle":0,"axis":"z","origin":[8,15.34853,3.94176]},"faces":{"north":{"uv":[1,1,2,2],"texture":"#0"},"east":{"uv":[1,1,2,2],"texture":"#0"},"south":{"uv":[1,1,2,2],"texture":"#0"},"west":{"uv":[1,1,2,2],"texture":"#0"},"up":{"uv":[1,1,2,2],"texture":"#0"},"down":{"uv":[1,1,2,2],"texture":"#0"}}},{"from":[6.77815,5.61011,4.99244],"to":[9.22185,14.73812,7.22386],"rotation":{"angle":0,"axis":"z","origin":[8,10.17412,6.10815]},"faces":{"north":{"uv":[1,1,2,2],"texture":"#0"},"east":{"uv":[1,1,2,2],"texture":"#0"},"south":{"uv":[1,1,2,2],"texture":"#0"},"west":{"uv":[1,1,2,2],"texture":"#0"},"up":{"uv":[1,1,2,2],"texture":"#0"},"down":{"uv":[1,1,2,2],"texture":"#0"}}},{"from":[6.77815,5.61011,16.22279],"to":[9.22185,14.73812,18.4542],"rotation":{"angle":0,"axis":"z","origin":[8,10.17412,17.33849]},"faces":{"north":{"uv":[1,1,2,2],"texture":"#0"},"east":{"uv":[1,1,2,2],"texture":"#0"},"south":{"uv":[1,1,2,2],"texture":"#0"},"west":{"uv":[1,1,2,2],"texture":"#0"},"up":{"uv":[1,1,2,2],"texture":"#0"},"down":{"uv":[1,1,2,2],"texture":"#0"}}},{"from":[6.77815,5.2564,6.12795],"to":[9.22185,7.17876,17.75479],"rotation":{"angle":0,"axis":"z","origin":[8,6.21758,11.94137]},"faces":{"north":{"uv":[1,1,2,2],"texture":"#0"},"east":{"uv":[1,1,2,2],"texture":"#0"},"south":{"uv":[1,1,2,2],"texture":"#0"},"west":{"uv":[1,1,2,2],"texture":"#0"},"up":{"uv":[1,1,2,2],"texture":"#0"},"down":{"uv":[1,1,2,2],"texture":"#0"}}},{"from":[5.44149,-5.59792,17.97323],"to":[10.55851,21.17723,27.22908],"rotation":{"angle":-22.5,"axis":"x","origin":[8,7.78965,22.60115]},"faces":{"north":{"uv":[1,1,2,2],"texture":"#0"},"east":{"uv":[1,1,2,2],"texture":"#0"},"south":{"uv":[1,1,2,2],"texture":"#0"},"west":{"uv":[1,1,2,2],"texture":"#0"},"up":{"uv":[1,1,2,2],"texture":"#0"},"down":{"uv":[1,1,2,2],"texture":"#0"}}},{"from":[5.63671,14.79201,21.36103],"to":[10.36329,17.20685,28.81992],"rotation":{"angle":0,"axis":"z","origin":[8,15.99943,25.09048]},"faces":{"north":{"uv":[1,1,2,2],"texture":"#0"},"east":{"uv":[1,1,2,2],"texture":"#0"},"south":{"uv":[1,1,2,2],"texture":"#0"},"west":{"uv":[1,1,2,2],"texture":"#0"},"up":{"uv":[1,1,2,2],"texture":"#0"},"down":{"uv":[1,1,2,2],"texture":"#0"}}},{"from":[5.63671,19.83763,20.54325],"to":[10.36329,21.04912,25.85578],"rotation":{"angle":-22.5,"axis":"x","origin":[8,20.44337,23.19952]},"faces":{"north":{"uv":[1,1,2,2],"texture":"#0"},"east":{"uv":[1,1,2,2],"texture":"#0"},"south":{"uv":[1,1,2,2],"texture":"#0"},"west":{"uv":[1,1,2,2],"texture":"#0"},"up":{"uv":[1,1,2,2],"texture":"#0"},"down":{"uv":[1,1,2,2],"texture":"#0"}}},{"from":[5.09581,16.38032,-15.35714],"to":[10.90419,22.34988,22.53055],"rotation":{"angle":0,"axis":"z","origin":[8,19.3651,3.5867]},"faces":{"north":{"uv":[1,1,2,2],"texture":"#0"},"east":{"uv":[1,1,2,2],"texture":"#0"},"south":{"uv":[1,1,2,2],"texture":"#0"},"west":{"uv":[1,1,2,2],"texture":"#0"},"up":{"uv":[1,1,2,2],"texture":"#0"},"down":{"uv":[1,1,2,2],"texture":"#0"}}},{"from":[6.30893,15.29474,-16],"to":[9.69107,19.26784,-7.01265],"rotation":{"angle":0,"axis":"z","origin":[8,17.28129,-11.50633]},"faces":{"north":{"uv":[1,1,2,2],"texture":"#0"},"east":{"uv":[1,1,2,2],"texture":"#0"},"south":{"uv":[1,1,2,2],"texture":"#0"},"west":{"uv":[1,1,2,2],"texture":"#0"},"up":{"uv":[1,1,2,2],"texture":"#0"},"down":{"uv":[1,1,2,2],"texture":"#0"}}},{"from":[6.77815,7.79357,12.61168],"to":[9.22185,16.92159,13.97721],"rotation":{"angle":0,"axis":"z","origin":[8,12.35758,13.29444]},"faces":{"north":{"uv":[1,1,2,2],"texture":"#0"},"east":{"uv":[1,1,2,2],"texture":"#0"},"south":{"uv":[1,1,2,2],"texture":"#0"},"west":{"uv":[1,1,2,2],"texture":"#0"},"up":{"uv":[1,1,2,2],"texture":"#0"},"down":{"uv":[1,1,2,2],"texture":"#0"}}}],"display":{"thirdperson_righthand":{"translation":[0,0,-0.5],"scale":[0.2,0.2,0.2]},"thirdperson_lefthand":{"translation":[0,0,-0.25],"scale":[0.2,0.2,0.2]},"firstperson_righthand":{"rotation":[-31.75,0,0],"translation":[0,-1.5,-2],"scale":[0.2,0.2,0.2]},"firstperson_lefthand":{"translation":[0,1.25,-1.25],"scale":[0.2,0.2,0.2]},"ground":{"translation":[0,2.25,0],"scale":[0.4,0.4,0.4]},"gui":{"rotation":[82.68,-72.33,76.38],"scale":[0.5,0.5,0.5]},"head":{"translation":[0,5.25,-12]},"fixed":{"rotation":[0,90,0],"translation":[1.5,-3.5,-1],"scale":[0.9,0.9,0.9]}},"groups":[{"name":"pistol","origin":[0,0,0],"color":0,"children":[0,1,2,3,4,5,6,7,8,9]}]}