{
	"credit": "Made with Blockbench",
	"texture_size": [32, 32],
	"textures": {
		"0": "item/gun/xeth_gun_diffuse",
		"particle": "item/gun/xeth_gun_diffuse"
	},
	"elements": [
		{
			"from": [7.78552, 8.50819, 7.4375],
			"to": [8.11052, 8.71522, 9],
			"rotation": {"angle": -22.5, "axis": "z", "origin": [7.94802, 8.61171, 8.29688]},
			"faces": {
				"north": {"uv": [8, 0.5, 8.5, 1], "texture": "#0"},
				"east": {"uv": [8, 0.5, 8.5, 1], "texture": "#0"},
				"south": {"uv": [8, 0.5, 8.5, 1], "texture": "#0"},
				"west": {"uv": [8, 0.5, 8.5, 1], "texture": "#0"},
				"up": {"uv": [8, 0.5, 8.5, 1], "texture": "#0"},
				"down": {"uv": [8, 0.5, 8.5, 1], "texture": "#0"}
			}
		},
		{
			"from": [7.88948, 8.50819, 7.4375],
			"to": [8.21448, 8.71522, 9],
			"rotation": {"angle": 22.5, "axis": "z", "origin": [8.05198, 8.61171, 8.29688]},
			"faces": {
				"north": {"uv": [8, 0.5, 8.5, 1], "rotation": 180, "texture": "#0"},
				"east": {"uv": [8, 0.5, 8.5, 1], "rotation": 180, "texture": "#0"},
				"south": {"uv": [8, 0.5, 8.5, 1], "rotation": 180, "texture": "#0"},
				"west": {"uv": [8, 0.5, 8.5, 1], "rotation": 180, "texture": "#0"},
				"up": {"uv": [8, 0.5, 8.5, 1], "rotation": 180, "texture": "#0"},
				"down": {"uv": [8, 0.5, 8.5, 1], "rotation": 180, "texture": "#0"}
			}
		},
		{
			"from": [7.8375, 8.5625, 7.4375],
			"to": [8.1625, 8.76953, 9.90625],
			"rotation": {"angle": 0, "axis": "y", "origin": [8, 7.43596, 6.49926]},
			"faces": {
				"north": {"uv": [8, 0.5, 8.5, 1], "texture": "#0"},
				"east": {"uv": [8, 0.5, 8.5, 1], "texture": "#0"},
				"south": {"uv": [8, 0.5, 8.5, 1], "texture": "#0"},
				"west": {"uv": [8, 0.5, 8.5, 1], "texture": "#0"},
				"up": {"uv": [8, 0.5, 8.5, 1], "texture": "#0"},
				"down": {"uv": [8, 0.5, 8.5, 1], "texture": "#0"}
			}
		},
		{
			"from": [7.86875, 7.79416, 11.7068],
			"to": [8.13125, 8.66916, 11.92555],
			"rotation": {"angle": 0, "axis": "y", "origin": [8, 8.40488, 11.97432]},
			"faces": {
				"north": {"uv": [9, 0.5, 9.5, 1], "texture": "#0"},
				"east": {"uv": [9, 0.5, 9.5, 1], "texture": "#0"},
				"south": {"uv": [9, 0.5, 9.5, 1], "texture": "#0"},
				"west": {"uv": [9, 0.5, 9.5, 1], "texture": "#0"},
				"up": {"uv": [9, 0.5, 9.5, 1], "texture": "#0"},
				"down": {"uv": [9, 0.5, 9.5, 1], "texture": "#0"}
			}
		},
		{
			"from": [7.86875, 8.36738, 11.92555],
			"to": [8.13125, 8.42988, 12.05055],
			"rotation": {"angle": 0, "axis": "y", "origin": [8, 8.40488, 11.97432]},
			"faces": {
				"north": {"uv": [9, 0.5, 9.5, 1], "rotation": 180, "texture": "#0"},
				"east": {"uv": [9, 0.5, 9.5, 1], "rotation": 180, "texture": "#0"},
				"south": {"uv": [9, 0.5, 9.5, 1], "rotation": 180, "texture": "#0"},
				"west": {"uv": [9, 0.5, 9.5, 1], "rotation": 180, "texture": "#0"},
				"up": {"uv": [9, 0.5, 9.5, 1], "rotation": 180, "texture": "#0"},
				"down": {"uv": [9, 0.5, 9.5, 1], "rotation": 180, "texture": "#0"}
			}
		},
		{
			"from": [7.86875, 8.37702, 11.86835],
			"to": [8.13125, 8.50202, 11.99335],
			"rotation": {"angle": -45, "axis": "x", "origin": [8, 8.40488, 11.97432]},
			"faces": {
				"north": {"uv": [9, 0.5, 9.5, 1], "rotation": 90, "texture": "#0"},
				"east": {"uv": [9, 0.5, 9.5, 1], "rotation": 180, "texture": "#0"},
				"south": {"uv": [9, 0.5, 9.5, 1], "rotation": 270, "texture": "#0"},
				"west": {"uv": [9, 0.5, 9.5, 1], "texture": "#0"},
				"up": {"uv": [9, 0.5, 9.5, 1], "rotation": 90, "texture": "#0"},
				"down": {"uv": [9, 0.5, 9.5, 1], "rotation": 270, "texture": "#0"}
			}
		},
		{
			"from": [7.86875, 8.32446, 12.00171],
			"to": [8.13125, 8.38696, 12.12671],
			"rotation": {"angle": -45, "axis": "x", "origin": [8, 8.40488, 11.97432]},
			"faces": {
				"north": {"uv": [9, 0.5, 9.5, 1], "rotation": 270, "texture": "#0"},
				"east": {"uv": [9, 0.5, 9.5, 1], "texture": "#0"},
				"south": {"uv": [9, 0.5, 9.5, 1], "rotation": 90, "texture": "#0"},
				"west": {"uv": [9, 0.5, 9.5, 1], "rotation": 180, "texture": "#0"},
				"up": {"uv": [9, 0.5, 9.5, 1], "rotation": 270, "texture": "#0"},
				"down": {"uv": [9, 0.5, 9.5, 1], "rotation": 90, "texture": "#0"}
			}
		},
		{
			"from": [7.86875, 8.45577, 12.07644],
			"to": [8.13125, 8.58077, 12.13894],
			"rotation": {"angle": 0, "axis": "y", "origin": [8, 8.40488, 11.97432]},
			"faces": {
				"north": {"uv": [9, 0.5, 9.5, 1], "rotation": 90, "texture": "#0"},
				"east": {"uv": [9, 0.5, 9.5, 1], "rotation": 90, "texture": "#0"},
				"south": {"uv": [9, 0.5, 9.5, 1], "rotation": 90, "texture": "#0"},
				"west": {"uv": [9, 0.5, 9.5, 1], "rotation": 90, "texture": "#0"},
				"up": {"uv": [9, 0.5, 9.5, 1], "rotation": 90, "texture": "#0"},
				"down": {"uv": [9, 0.5, 9.5, 1], "rotation": 90, "texture": "#0"}
			}
		},
		{
			"from": [7.86875, 8.41285, 12.1526],
			"to": [8.13125, 8.53785, 12.2151],
			"rotation": {"angle": -45, "axis": "x", "origin": [8, 8.40488, 11.97432]},
			"faces": {
				"north": {"uv": [9, 0.5, 9.5, 1], "rotation": 180, "texture": "#0"},
				"east": {"uv": [9, 0.5, 9.5, 1], "rotation": 270, "texture": "#0"},
				"south": {"uv": [9, 0.5, 9.5, 1], "texture": "#0"},
				"west": {"uv": [9, 0.5, 9.5, 1], "rotation": 90, "texture": "#0"},
				"up": {"uv": [9, 0.5, 9.5, 1], "rotation": 180, "texture": "#0"},
				"down": {"uv": [9, 0.5, 9.5, 1], "texture": "#0"}
			}
		},
		{
			"from": [7.86875, 8.60666, 11.92555],
			"to": [8.13125, 8.66916, 12.05055],
			"rotation": {"angle": 0, "axis": "y", "origin": [8, 8.40488, 11.97432]},
			"faces": {
				"north": {"uv": [9, 0.5, 9.5, 1], "texture": "#0"},
				"east": {"uv": [9, 0.5, 9.5, 1], "texture": "#0"},
				"south": {"uv": [9, 0.5, 9.5, 1], "texture": "#0"},
				"west": {"uv": [9, 0.5, 9.5, 1], "texture": "#0"},
				"up": {"uv": [9, 0.5, 9.5, 1], "texture": "#0"},
				"down": {"uv": [9, 0.5, 9.5, 1], "texture": "#0"}
			}
		},
		{
			"from": [7.93516, 8.375, 3.8125],
			"to": [8.06896, 8.9114, 4.15625],
			"rotation": {"angle": 0, "axis": "y", "origin": [8.00206, 8.54945, 6.35938]},
			"faces": {
				"north": {"uv": [8, 0.5, 8.5, 1], "texture": "#0"},
				"east": {"uv": [8, 0.5, 8.5, 1], "texture": "#0"},
				"south": {"uv": [8, 0.5, 8.5, 1], "texture": "#0"},
				"west": {"uv": [8, 0.5, 8.5, 1], "texture": "#0"},
				"up": {"uv": [8, 0.5, 8.5, 1], "texture": "#0"},
				"down": {"uv": [8, 0.5, 8.5, 1], "texture": "#0"}
			}
		},
		{
			"from": [7.98984, 8.375, 3.84375],
			"to": [8.01427, 9.02468, 4.125],
			"rotation": {"angle": 0, "axis": "y", "origin": [8.00206, 8.54945, 6.35938]},
			"faces": {
				"north": {"uv": [8, 0.5, 8.5, 1], "texture": "#0"},
				"east": {"uv": [8, 0.5, 8.5, 1], "texture": "#0"},
				"south": {"uv": [8, 0.5, 8.5, 1], "texture": "#0"},
				"west": {"uv": [8, 0.5, 8.5, 1], "texture": "#0"},
				"up": {"uv": [8, 0.5, 8.5, 1], "texture": "#0"},
				"down": {"uv": [8, 0.5, 8.5, 1], "texture": "#0"}
			}
		},
		{
			"from": [7.775, 8.53125, 9.4375],
			"to": [8.225, 8.96875, 11.1875],
			"rotation": {"angle": 0, "axis": "y", "origin": [8, 7.43596, 6.49926]},
			"faces": {
				"north": {"uv": [8, 0.5, 8.5, 1], "texture": "#0"},
				"east": {"uv": [8, 0.5, 8.5, 1], "texture": "#0"},
				"south": {"uv": [8, 0.5, 8.5, 1], "texture": "#0"},
				"west": {"uv": [8, 0.5, 8.5, 1], "texture": "#0"},
				"up": {"uv": [8, 0.5, 8.5, 1], "texture": "#0"},
				"down": {"uv": [8, 0.5, 8.5, 1], "texture": "#0"}
			}
		},
		{
			"from": [7.775, 8.96875, 10.78125],
			"to": [7.94375, 9.03125, 11.1875],
			"rotation": {"angle": 0, "axis": "y", "origin": [8, 7.43596, 6.49926]},
			"faces": {
				"north": {"uv": [8, 0.5, 8.5, 1], "texture": "#0"},
				"east": {"uv": [8, 0.5, 8.5, 1], "texture": "#0"},
				"south": {"uv": [8, 0.5, 8.5, 1], "texture": "#0"},
				"west": {"uv": [8, 0.5, 8.5, 1], "texture": "#0"},
				"up": {"uv": [8, 0.5, 8.5, 1], "texture": "#0"},
				"down": {"uv": [8, 0.5, 8.5, 1], "texture": "#0"}
			}
		},
		{
			"from": [8.05625, 8.96875, 10.78125],
			"to": [8.225, 9.03125, 11.1875],
			"rotation": {"angle": 0, "axis": "y", "origin": [8, 7.43596, 6.49926]},
			"faces": {
				"north": {"uv": [8, 0.5, 8.5, 1], "texture": "#0"},
				"east": {"uv": [8, 0.5, 8.5, 1], "texture": "#0"},
				"south": {"uv": [8, 0.5, 8.5, 1], "texture": "#0"},
				"west": {"uv": [8, 0.5, 8.5, 1], "texture": "#0"},
				"up": {"uv": [8, 0.5, 8.5, 1], "texture": "#0"},
				"down": {"uv": [8, 0.5, 8.5, 1], "texture": "#0"}
			}
		},
		{
			"from": [7.9, 6.28125, 9.5],
			"to": [8.1, 6.375, 10.375],
			"rotation": {"angle": 0, "axis": "y", "origin": [8, 7.43596, 6.49926]},
			"faces": {
				"north": {"uv": [5, 0.5, 5.5, 1], "texture": "#0"},
				"east": {"uv": [5, 0.5, 5.5, 1], "texture": "#0"},
				"south": {"uv": [5, 0.5, 5.5, 1], "texture": "#0"},
				"west": {"uv": [6, 0.5, 6.5, 1], "texture": "#0"},
				"up": {"uv": [5, 0.5, 5.5, 1], "texture": "#0"},
				"down": {"uv": [5, 0.5, 5.5, 1], "texture": "#0"}
			}
		},
		{
			"from": [7.7125, 6.28125, 8.09375],
			"to": [8.2875, 7.28125, 9.5],
			"rotation": {"angle": 0, "axis": "y", "origin": [8, 7.43596, 6.49926]},
			"faces": {
				"north": {"uv": [6, 0.5, 6.5, 1], "texture": "#0"},
				"east": {"uv": [6, 0.5, 6.5, 1], "texture": "#0"},
				"south": {"uv": [6, 0.5, 6.5, 1], "texture": "#0"},
				"west": {"uv": [6, 0.5, 6.5, 1], "texture": "#0"},
				"up": {"uv": [6, 0.5, 6.5, 1], "texture": "#0"},
				"down": {"uv": [6, 0.5, 6.5, 1], "texture": "#0"}
			}
		},
		{
			"from": [7.80625, 6.28125, 8],
			"to": [8.19375, 8.125, 8.3125],
			"rotation": {"angle": 0, "axis": "y", "origin": [8, 7.43596, 6.49926]},
			"faces": {
				"north": {"uv": [6, 0.5, 6.5, 1], "texture": "#0"},
				"east": {"uv": [6, 0.5, 6.5, 1], "texture": "#0"},
				"south": {"uv": [6, 0.5, 6.5, 1], "texture": "#0"},
				"west": {"uv": [6, 0.5, 6.5, 1], "texture": "#0"},
				"up": {"uv": [6, 0.5, 6.5, 1], "texture": "#0"},
				"down": {"uv": [6, 0.5, 6.5, 1], "texture": "#0"}
			}
		},
		{
			"from": [7.7125, 8.40625, 9],
			"to": [8.2875, 8.875, 9.59375],
			"rotation": {"angle": 0, "axis": "y", "origin": [8, 7.43596, 6.49926]},
			"faces": {
				"north": {"uv": [6, 0.5, 6.5, 1], "texture": "#0"},
				"east": {"uv": [6, 0.5, 6.5, 1], "texture": "#0"},
				"south": {"uv": [6, 0.5, 6.5, 1], "texture": "#0"},
				"west": {"uv": [6, 0.5, 6.5, 1], "texture": "#0"},
				"up": {"uv": [6, 0.5, 6.5, 1], "texture": "#0"},
				"down": {"uv": [6, 0.5, 6.5, 1], "texture": "#0"}
			}
		},
		{
			"from": [7.74375, 8.40625, 9.59375],
			"to": [8.25625, 8.875, 11.21875],
			"rotation": {"angle": 0, "axis": "y", "origin": [8, 7.43596, 6.49926]},
			"faces": {
				"north": {"uv": [6, 0.5, 6.5, 1], "texture": "#0"},
				"east": {"uv": [6, 0.5, 6.5, 1], "texture": "#0"},
				"south": {"uv": [6, 0.5, 6.5, 1], "texture": "#0"},
				"west": {"uv": [6, 0.5, 6.5, 1], "texture": "#0"},
				"up": {"uv": [6, 0.5, 6.5, 1], "texture": "#0"},
				"down": {"uv": [6, 0.5, 6.5, 1], "texture": "#0"}
			}
		},
		{
			"from": [7.775, 8.40625, 11.21875],
			"to": [8.225, 8.90625, 11.46875],
			"rotation": {"angle": 0, "axis": "y", "origin": [8, 7.44377, 6.49926]},
			"faces": {
				"north": {"uv": [6, 0.5, 6.5, 1], "texture": "#0"},
				"east": {"uv": [6, 0.5, 6.5, 1], "texture": "#0"},
				"south": {"uv": [6, 0.5, 6.5, 1], "texture": "#0"},
				"west": {"uv": [6, 0.5, 6.5, 1], "texture": "#0"},
				"up": {"uv": [6, 0.5, 6.5, 1], "texture": "#0"},
				"down": {"uv": [6, 0.5, 6.5, 1], "texture": "#0"}
			}
		},
		{
			"from": [7.7125, 8.41129, 8.82087],
			"to": [8.2875, 8.75504, 9.00837],
			"rotation": {"angle": 45, "axis": "x", "origin": [8, 8.59879, 9.05524]},
			"faces": {
				"north": {"uv": [6, 0.5, 6.5, 1], "texture": "#0"},
				"east": {"uv": [6, 0.5, 6.5, 1], "texture": "#0"},
				"south": {"uv": [6, 0.5, 6.5, 1], "texture": "#0"},
				"west": {"uv": [6, 0.5, 6.5, 1], "texture": "#0"},
				"up": {"uv": [6, 0.5, 6.5, 1], "texture": "#0"},
				"down": {"uv": [6, 0.5, 6.5, 1], "texture": "#0"}
			}
		},
		{
			"from": [7.87266, 8.21875, 6.8125],
			"to": [8.13146, 8.84375, 7.90625],
			"rotation": {"angle": 0, "axis": "y", "origin": [8.00206, 8.53125, 7.35938]},
			"faces": {
				"north": {"uv": [6, 0.5, 6.5, 1], "texture": "#0"},
				"east": {"uv": [6, 0.5, 6.5, 1], "texture": "#0"},
				"south": {"uv": [6, 0.5, 6.5, 1], "texture": "#0"},
				"west": {"uv": [6, 0.5, 6.5, 1], "texture": "#0"},
				"up": {"uv": [6, 0.5, 6.5, 1], "texture": "#0"},
				"down": {"uv": [6, 0.5, 6.5, 1], "texture": "#0"}
			}
		},
		{
			"from": [7.90391, 8.3125, 3.75],
			"to": [8.10021, 8.7864, 6.8125],
			"rotation": {"angle": 0, "axis": "y", "origin": [8.00206, 8.54945, 6.35938]},
			"faces": {
				"north": {"uv": [5, 0.5, 5.5, 1], "texture": "#0"},
				"east": {"uv": [5, 0.5, 5.5, 1], "texture": "#0"},
				"south": {"uv": [5, 0.5, 5.5, 1], "texture": "#0"},
				"west": {"uv": [6, 0.5, 6.5, 1], "texture": "#0"},
				"up": {"uv": [5, 0.5, 5.5, 1], "texture": "#0"},
				"down": {"uv": [5, 0.5, 5.5, 1], "texture": "#0"}
			}
		},
		{
			"from": [7.90391, 8.3125, 3.75],
			"to": [8.10021, 8.7864, 6.8125],
			"rotation": {"angle": 45, "axis": "z", "origin": [8.00206, 8.54945, 6.35938]},
			"faces": {
				"north": {"uv": [5, 0.5, 5.5, 1], "texture": "#0"},
				"east": {"uv": [5, 0.5, 5.5, 1], "texture": "#0"},
				"south": {"uv": [5, 0.5, 5.5, 1], "texture": "#0"},
				"west": {"uv": [6, 0.5, 6.5, 1], "texture": "#0"},
				"up": {"uv": [5, 0.5, 5.5, 1], "texture": "#0"},
				"down": {"uv": [5, 0.5, 5.5, 1], "texture": "#0"}
			}
		},
		{
			"from": [7.76511, 8.4513, 3.75],
			"to": [8.23901, 8.6476, 6.8125],
			"rotation": {"angle": 0, "axis": "y", "origin": [8.00206, 8.54945, 6.35938]},
			"faces": {
				"north": {"uv": [5, 0.5, 5.5, 1], "rotation": 90, "texture": "#0"},
				"east": {"uv": [5, 0.5, 5.5, 1], "rotation": 270, "texture": "#0"},
				"south": {"uv": [5, 0.5, 5.5, 1], "rotation": 270, "texture": "#0"},
				"west": {"uv": [5, 0.5, 5.5, 1], "rotation": 270, "texture": "#0"},
				"up": {"uv": [5, 0.5, 5.5, 1], "rotation": 270, "texture": "#0"},
				"down": {"uv": [6, 0.5, 6.5, 1], "rotation": 270, "texture": "#0"}
			}
		},
		{
			"from": [7.76511, 8.4513, 3.75],
			"to": [8.23901, 8.6476, 6.8125],
			"rotation": {"angle": 45, "axis": "z", "origin": [8.00206, 8.54945, 6.35938]},
			"faces": {
				"north": {"uv": [5, 0.5, 5.5, 1], "rotation": 90, "texture": "#0"},
				"east": {"uv": [5, 0.5, 5.5, 1], "rotation": 270, "texture": "#0"},
				"south": {"uv": [5, 0.5, 5.5, 1], "rotation": 270, "texture": "#0"},
				"west": {"uv": [5, 0.5, 5.5, 1], "rotation": 270, "texture": "#0"},
				"up": {"uv": [5, 0.5, 5.5, 1], "rotation": 270, "texture": "#0"},
				"down": {"uv": [6, 0.5, 6.5, 1], "rotation": 270, "texture": "#0"}
			}
		},
		{
			"from": [7.87266, 8.21875, 6.8125],
			"to": [8.13146, 8.84375, 7.90625],
			"rotation": {"angle": 45, "axis": "z", "origin": [8.00206, 8.53125, 7.35938]},
			"faces": {
				"north": {"uv": [6, 0.5, 6.5, 1], "texture": "#0"},
				"east": {"uv": [6, 0.5, 6.5, 1], "texture": "#0"},
				"south": {"uv": [6, 0.5, 6.5, 1], "texture": "#0"},
				"west": {"uv": [6, 0.5, 6.5, 1], "texture": "#0"},
				"up": {"uv": [6, 0.5, 6.5, 1], "texture": "#0"},
				"down": {"uv": [6, 0.5, 6.5, 1], "texture": "#0"}
			}
		},
		{
			"from": [7.68956, 8.40185, 6.8125],
			"to": [8.31456, 8.66065, 9.09375],
			"rotation": {"angle": 0, "axis": "y", "origin": [8.00206, 8.53125, 7.35938]},
			"faces": {
				"north": {"uv": [6, 0.5, 6.5, 1], "rotation": 270, "texture": "#0"},
				"east": {"uv": [6, 0.5, 6.5, 1], "rotation": 270, "texture": "#0"},
				"south": {"uv": [6, 0.5, 6.5, 1], "rotation": 270, "texture": "#0"},
				"west": {"uv": [6, 0.5, 6.5, 1], "rotation": 270, "texture": "#0"},
				"up": {"uv": [6, 0.5, 6.5, 1], "rotation": 270, "texture": "#0"},
				"down": {"uv": [6, 0.5, 6.5, 1], "rotation": 270, "texture": "#0"}
			}
		},
		{
			"from": [7.68956, 8.40185, 6.8125],
			"to": [8.31456, 8.66065, 7.90625],
			"rotation": {"angle": 45, "axis": "z", "origin": [8.00206, 8.53125, 7.35938]},
			"faces": {
				"north": {"uv": [6, 0.5, 6.5, 1], "rotation": 270, "texture": "#0"},
				"east": {"uv": [6, 0.5, 6.5, 1], "rotation": 270, "texture": "#0"},
				"south": {"uv": [6, 0.5, 6.5, 1], "rotation": 270, "texture": "#0"},
				"west": {"uv": [6, 0.5, 6.5, 1], "rotation": 270, "texture": "#0"},
				"up": {"uv": [6, 0.5, 6.5, 1], "rotation": 270, "texture": "#0"},
				"down": {"uv": [6, 0.5, 6.5, 1], "rotation": 270, "texture": "#0"}
			}
		},
		{
			"from": [7.7125, 7.28125, 8.09375],
			"to": [8.2875, 8.40625, 11.5],
			"rotation": {"angle": 0, "axis": "y", "origin": [8, 7.43596, 6.49926]},
			"faces": {
				"north": {"uv": [6, 0.5, 6.5, 1], "texture": "#0"},
				"east": {"uv": [6, 0.5, 6.5, 1], "texture": "#0"},
				"south": {"uv": [6, 0.5, 6.5, 1], "texture": "#0"},
				"west": {"uv": [6, 0.5, 6.5, 1], "texture": "#0"},
				"up": {"uv": [6, 0.5, 6.5, 1], "texture": "#0"},
				"down": {"uv": [6, 0.5, 6.5, 1], "texture": "#0"}
			}
		},
		{
			"from": [7.65, 8.3125, 11.46875],
			"to": [8.35, 8.8125, 11.6875],
			"rotation": {"angle": 0, "axis": "y", "origin": [8, 7.43596, 6.49926]},
			"faces": {
				"north": {"uv": [8, 0.5, 8.5, 1], "texture": "#0"},
				"east": {"uv": [8, 0.5, 8.5, 1], "texture": "#0"},
				"south": {"uv": [8, 0.5, 8.5, 1], "texture": "#0"},
				"west": {"uv": [8, 0.5, 8.5, 1], "texture": "#0"},
				"up": {"uv": [8, 0.5, 8.5, 1], "texture": "#0"},
				"down": {"uv": [8, 0.5, 8.5, 1], "texture": "#0"}
			}
		},
		{
			"from": [7.93125, 8.49609, 11.5],
			"to": [8.06875, 8.63359, 11.71875],
			"rotation": {"angle": -45, "axis": "z", "origin": [8, 8.55469, 11.57813]},
			"faces": {
				"north": {"uv": [5, 0.5, 5.5, 1], "texture": "#0"},
				"east": {"uv": [5, 0.5, 5.5, 1], "texture": "#0"},
				"south": {"uv": [5, 0.5, 5.5, 1], "texture": "#0"},
				"west": {"uv": [6, 0.5, 6.5, 1], "texture": "#0"},
				"up": {"uv": [5, 0.5, 5.5, 1], "texture": "#0"},
				"down": {"uv": [5, 0.5, 5.5, 1], "texture": "#0"}
			}
		},
		{
			"from": [7.7125, 8.3125, 7.90625],
			"to": [8.2875, 8.59375, 8.125],
			"rotation": {"angle": 0, "axis": "y", "origin": [8, 7.43596, 6.49926]},
			"faces": {
				"north": {"uv": [6, 0.5, 6.5, 1], "texture": "#0"},
				"east": {"uv": [6, 0.5, 6.5, 1], "texture": "#0"},
				"south": {"uv": [6, 0.5, 6.5, 1], "texture": "#0"},
				"west": {"uv": [6, 0.5, 6.5, 1], "texture": "#0"},
				"up": {"uv": [6, 0.5, 6.5, 1], "texture": "#0"},
				"down": {"uv": [6, 0.5, 6.5, 1], "texture": "#0"}
			}
		},
		{
			"from": [7.61875, 8.09375, 7.90625],
			"to": [8.38125, 8.34375, 10.90625],
			"rotation": {"angle": 0, "axis": "y", "origin": [8, 7.43596, 6.49926]},
			"faces": {
				"north": {"uv": [7, 0.5, 7.5, 1], "texture": "#0"},
				"east": {"uv": [7, 0.5, 7.5, 1], "texture": "#0"},
				"south": {"uv": [7, 0.5, 7.5, 1], "texture": "#0"},
				"west": {"uv": [7, 0.5, 7.5, 1], "texture": "#0"},
				"up": {"uv": [7, 0.5, 7.5, 1], "texture": "#0"},
				"down": {"uv": [7, 0.5, 7.5, 1], "texture": "#0"}
			}
		},
		{
			"from": [7.7125, 6.875, 10.59375],
			"to": [8.2875, 7.28125, 11.90625],
			"rotation": {"angle": 0, "axis": "y", "origin": [8, 7.43596, 6.49926]},
			"faces": {
				"north": {"uv": [6, 0.5, 6.5, 1], "texture": "#0"},
				"east": {"uv": [6, 0.5, 6.5, 1], "texture": "#0"},
				"south": {"uv": [6, 0.5, 6.5, 1], "texture": "#0"},
				"west": {"uv": [6, 0.5, 6.5, 1], "texture": "#0"},
				"up": {"uv": [6, 0.5, 6.5, 1], "texture": "#0"},
				"down": {"uv": [6, 0.5, 6.5, 1], "texture": "#0"}
			}
		},
		{
			"from": [7.74375, 6.09375, 11.40625],
			"to": [8.25625, 7.25, 12.29297],
			"rotation": {"angle": -22.5, "axis": "x", "origin": [8, 5.8125, 11.5625]},
			"faces": {
				"north": {"uv": [6, 6, 6.5, 6.5], "texture": "#0"},
				"east": {"uv": [6, 6, 6.5, 6.5], "texture": "#0"},
				"south": {"uv": [6, 6, 6.5, 6.5], "texture": "#0"},
				"west": {"uv": [6, 6, 6.5, 6.5], "texture": "#0"},
				"up": {"uv": [6, 6, 6.5, 6.5], "texture": "#0"},
				"down": {"uv": [6, 6, 6.5, 6.5], "texture": "#0"}
			}
		},
		{
			"from": [7.74375, 5.15625, 11.375],
			"to": [8.25625, 6.09375, 12.32422],
			"rotation": {"angle": -22.5, "axis": "x", "origin": [8, 5.8125, 11.5625]},
			"faces": {
				"north": {"uv": [6, 6, 6.5, 6.5], "texture": "#0"},
				"east": {"uv": [6, 6, 6.5, 6.5], "texture": "#0"},
				"south": {"uv": [6, 6, 6.5, 6.5], "texture": "#0"},
				"west": {"uv": [6, 6, 6.5, 6.5], "texture": "#0"},
				"up": {"uv": [6, 6, 6.5, 6.5], "texture": "#0"},
				"down": {"uv": [6, 6, 6.5, 6.5], "texture": "#0"}
			}
		},
		{
			"from": [7.74375, 4.375, 11.34375],
			"to": [8.25625, 5.15625, 12.35547],
			"rotation": {"angle": -22.5, "axis": "x", "origin": [8, 5.8125, 11.5625]},
			"faces": {
				"north": {"uv": [6, 6, 6.5, 6.5], "texture": "#0"},
				"east": {"uv": [6, 6, 6.5, 6.5], "texture": "#0"},
				"south": {"uv": [6, 6, 6.5, 6.5], "texture": "#0"},
				"west": {"uv": [6, 6, 6.5, 6.5], "texture": "#0"},
				"up": {"uv": [6, 6, 6.5, 6.5], "texture": "#0"},
				"down": {"uv": [6, 6, 6.5, 6.5], "texture": "#0"}
			}
		},
		{
			"from": [7.74375, 4.14098, 11.56407],
			"to": [8.25625, 4.35973, 12.16954],
			"rotation": {"angle": -22.5, "axis": "x", "origin": [8, 5.76598, 11.50157]},
			"faces": {
				"north": {"uv": [6, 6, 6.5, 6.5], "texture": "#0"},
				"east": {"uv": [6, 6, 6.5, 6.5], "texture": "#0"},
				"south": {"uv": [6, 6, 6.5, 6.5], "texture": "#0"},
				"west": {"uv": [6, 6, 6.5, 6.5], "texture": "#0"},
				"up": {"uv": [6, 6, 6.5, 6.5], "texture": "#0"},
				"down": {"uv": [6, 6, 6.5, 6.5], "texture": "#0"}
			}
		},
		{
			"from": [7.74375, 4.30093, 12.53713],
			"to": [8.25625, 4.51968, 12.8301],
			"rotation": {"angle": 22.5, "axis": "x", "origin": [8, 5.92593, 12.47463]},
			"faces": {
				"north": {"uv": [6, 6, 6.5, 6.5], "texture": "#0"},
				"east": {"uv": [6, 6, 6.5, 6.5], "texture": "#0"},
				"south": {"uv": [6, 6, 6.5, 6.5], "texture": "#0"},
				"west": {"uv": [6, 6, 6.5, 6.5], "texture": "#0"},
				"up": {"uv": [6, 6, 6.5, 6.5], "texture": "#0"},
				"down": {"uv": [6, 6, 6.5, 6.5], "texture": "#0"}
			}
		},
		{
			"from": [7.74375, 4.54792, 12.57873],
			"to": [8.25625, 4.84089, 12.79748],
			"rotation": {"angle": 22.5, "axis": "x", "origin": [8, 4.6944, 12.68811]},
			"faces": {
				"north": {"uv": [6, 6, 6.5, 6.5], "rotation": 270, "texture": "#0"},
				"east": {"uv": [6, 6, 6.5, 6.5], "rotation": 270, "texture": "#0"},
				"south": {"uv": [6, 6, 6.5, 6.5], "rotation": 270, "texture": "#0"},
				"west": {"uv": [6, 6, 6.5, 6.5], "rotation": 270, "texture": "#0"},
				"up": {"uv": [6, 6, 6.5, 6.5], "rotation": 270, "texture": "#0"},
				"down": {"uv": [6, 6, 6.5, 6.5], "rotation": 270, "texture": "#0"}
			}
		},
		{
			"from": [7.7125, 7.44822, 11.83303],
			"to": [8.2875, 7.85447, 12.08303],
			"rotation": {"angle": 0, "axis": "y", "origin": [8, 7.50918, 6.48854]},
			"faces": {
				"north": {"uv": [6, 0.5, 6.5, 1], "texture": "#0"},
				"east": {"uv": [6, 0.5, 6.5, 1], "texture": "#0"},
				"south": {"uv": [6, 0.5, 6.5, 1], "texture": "#0"},
				"west": {"uv": [6, 0.5, 6.5, 1], "texture": "#0"},
				"up": {"uv": [6, 0.5, 6.5, 1], "texture": "#0"},
				"down": {"uv": [6, 0.5, 6.5, 1], "texture": "#0"}
			}
		},
		{
			"from": [7.7125, 7.01152, 11.76481],
			"to": [8.2875, 7.51152, 12.01481],
			"rotation": {"angle": 22.5, "axis": "x", "origin": [8, 7.3084, 11.88981]},
			"faces": {
				"north": {"uv": [6, 0.5, 6.5, 1], "texture": "#0"},
				"east": {"uv": [6, 0.5, 6.5, 1], "texture": "#0"},
				"south": {"uv": [6, 0.5, 6.5, 1], "texture": "#0"},
				"west": {"uv": [6, 0.5, 6.5, 1], "texture": "#0"},
				"up": {"uv": [6, 0.5, 6.5, 1], "texture": "#0"},
				"down": {"uv": [6, 0.5, 6.5, 1], "texture": "#0"}
			}
		},
		{
			"from": [7.7125, 7.75236, 11.83649],
			"to": [8.2875, 8.00236, 12.08649],
			"rotation": {"angle": -45, "axis": "x", "origin": [8, 7.79923, 11.96149]},
			"faces": {
				"north": {"uv": [6, 0.5, 6.5, 1], "texture": "#0"},
				"east": {"uv": [6, 0.5, 6.5, 1], "texture": "#0"},
				"south": {"uv": [6, 0.5, 6.5, 1], "texture": "#0"},
				"west": {"uv": [6, 0.5, 6.5, 1], "texture": "#0"},
				"up": {"uv": [6, 0.5, 6.5, 1], "texture": "#0"},
				"down": {"uv": [6, 0.5, 6.5, 1], "texture": "#0"}
			}
		},
		{
			"from": [7.7125, 7.25, 11.5],
			"to": [8.2875, 8.03125, 11.90625],
			"rotation": {"angle": 0, "axis": "y", "origin": [8, 7.43596, 6.49926]},
			"faces": {
				"north": {"uv": [6, 0.5, 6.5, 1], "texture": "#0"},
				"east": {"uv": [6, 0.5, 6.5, 1], "texture": "#0"},
				"south": {"uv": [6, 0.5, 6.5, 1], "texture": "#0"},
				"west": {"uv": [6, 0.5, 6.5, 1], "texture": "#0"},
				"up": {"uv": [6, 0.5, 6.5, 1], "texture": "#0"},
				"down": {"uv": [6, 0.5, 6.5, 1], "texture": "#0"}
			}
		},
		{
			"from": [7.9, 3.79044, 8.34982],
			"to": [8.1, 3.91544, 8.66232],
			"rotation": {"angle": -45, "axis": "x", "origin": [8, 7.48045, 6.35573]},
			"faces": {
				"north": {"uv": [5, 0.5, 5.5, 1], "texture": "#0"},
				"east": {"uv": [5, 0.5, 5.5, 1], "texture": "#0"},
				"south": {"uv": [5, 0.5, 5.5, 1], "texture": "#0"},
				"west": {"uv": [6, 0.5, 6.5, 1], "texture": "#0"},
				"up": {"uv": [5, 0.5, 5.5, 1], "texture": "#0"},
				"down": {"uv": [5, 0.5, 5.5, 1], "texture": "#0"}
			}
		},
		{
			"from": [7.9, 6.50222, 10.47097],
			"to": [8.1, 7.34597, 10.59597],
			"rotation": {"angle": 0, "axis": "y", "origin": [8, 6.6116, 10.53347]},
			"faces": {
				"north": {"uv": [5, 0.5, 5.5, 1], "rotation": 180, "texture": "#0"},
				"east": {"uv": [5, 0.5, 5.5, 1], "rotation": 90, "texture": "#0"},
				"south": {"uv": [5, 0.5, 5.5, 1], "texture": "#0"},
				"west": {"uv": [6, 0.5, 6.5, 1], "rotation": 270, "texture": "#0"},
				"up": {"uv": [5, 0.5, 5.5, 1], "texture": "#0"},
				"down": {"uv": [5, 0.5, 5.5, 1], "rotation": 180, "texture": "#0"}
			}
		},
		{
			"from": [7.9, 6.87095, 10.1496],
			"to": [8.1, 7.2772, 10.30585],
			"rotation": {"angle": 0, "axis": "y", "origin": [8, 7.62346, 6.34301]},
			"faces": {
				"north": {"uv": [5, 0.5, 5.5, 1], "texture": "#0"},
				"east": {"uv": [5, 0.5, 5.5, 1], "texture": "#0"},
				"south": {"uv": [5, 0.5, 5.5, 1], "texture": "#0"},
				"west": {"uv": [6, 0.5, 6.5, 1], "texture": "#0"},
				"up": {"uv": [5, 0.5, 5.5, 1], "texture": "#0"},
				"down": {"uv": [5, 0.5, 5.5, 1], "texture": "#0"}
			}
		},
		{
			"from": [7.89978, 7.94297, 10.64377],
			"to": [8.09978, 8.34922, 10.80002],
			"rotation": {"angle": 22.5, "axis": "x", "origin": [7.99978, 8.85173, 6.83718]},
			"faces": {
				"north": {"uv": [5, 0.5, 5.5, 1], "texture": "#0"},
				"east": {"uv": [5, 0.5, 5.5, 1], "texture": "#0"},
				"south": {"uv": [5, 0.5, 5.5, 1], "texture": "#0"},
				"west": {"uv": [6, 0.5, 6.5, 1], "texture": "#0"},
				"up": {"uv": [5, 0.5, 5.5, 1], "texture": "#0"},
				"down": {"uv": [5, 0.5, 5.5, 1], "texture": "#0"}
			}
		}
	],
	"display": {
		"thirdperson_righthand": {
			"translation": [-0.25, 0.75, -2.25],
			"scale": [1.1, 1.1, 1.1]
		},
		"thirdperson_lefthand": {
			"translation": [-0.25, 0.75, -2.25],
			"scale": [1.1, 1.1, 1.1]
		},
		"firstperson_righthand": {
			"rotation": [-29, 0, 0],
			"translation": [-5.2, 4.75, 5.5],
			"scale": [1, 1, 0.6]
		},
		"firstperson_lefthand": {
			"rotation": [-29, 0, 0],
			"translation": [-5.2, 4.75, 5.5],
			"scale": [1, 1, 0.6]
		},
		"ground": {
			"rotation": [0, 0, 90],
			"translation": [-1.25, -1.5, -0.25],
			"scale": [1.2, 1.2, 1.2]
		},
		"gui": {
			"rotation": [90, -51, 90],
			"translation": [0.5, 2, 4],
			"scale": [1.69, 1.69, 1.69]
		},
		"head": {
			"rotation": [90, -135, 90],
			"translation": [0, -13.5, 5],
			"scale": [1.6, 1.6, 1.6]
		},
		"fixed": {
			"rotation": [0, 90, 0],
			"translation": [-0.75, 1.65, -1.86],
			"scale": [2, 2, 2]
		}
	},
	"groups": [
		{
			"name": "bolt",
			"origin": [8, 7.43596, 6.49926],
			"color": 0,
			"children": [0, 1, 2]
		},
		{
			"name": "hammer",
			"origin": [8, 7.43596, 6.49926],
			"color": 0,
			"children": [3, 4, 5, 6, 7, 8, 9]
		},
		{
			"name": "sights",
			"origin": [8, 7.43596, 6.49926],
			"color": 0,
			"children": [10, 11, 12, 13, 14]
		},
		{
			"name": "main",
			"origin": [8, 7.56096, 6.74926],
			"color": 0,
			"children": [15, 16, 17, 18, 19, 20, 21, 22, 23, 24, 25, 26, 27, 28, 29, 30, 31, 32, 33, 34, 35, 36, 37, 38, 39, 40, 41, 42, 43, 44, 45, 46, 47, 48, 49]
		}
	]
}