{"textures":{"1":"item/gun/xeth_pistol1"},"elements":[{"from":[7.76209,11.85761,5.52272],"to":[8.23762,12.77718,6.90498],"rotation":{"angle":0,"axis":"z","origin":[7.99985,12.31739,6.21385]},"faces":{"north":{"uv":[12,3.5,12.5,4],"rotation":270,"texture":"#1"},"east":{"uv":[12.5,3.5,12,4],"rotation":90,"texture":"#1"},"south":{"uv":[12,3.5,12.5,4],"rotation":270,"texture":"#1"},"west":{"uv":[12.5,3.5,12,4],"rotation":90,"texture":"#1"},"up":{"uv":[12.5,3.5,12,4],"rotation":270,"texture":"#1"},"down":{"uv":[12.5,3.5,12,4],"rotation":270,"texture":"#1"}}},{"from":[7.76209,10.83603,8.10123],"to":[8.23762,12.26931,8.98775],"rotation":{"angle":-22.5,"axis":"x","origin":[7.99985,11.41565,8.57786]},"faces":{"north":{"uv":[12,3.5,12.5,4],"rotation":270,"texture":"#1"},"east":{"uv":[12.5,3.5,12,4],"rotation":90,"texture":"#1"},"south":{"uv":[12,3.5,12.5,4],"rotation":270,"texture":"#1"},"west":{"uv":[12.5,3.5,12,4],"rotation":90,"texture":"#1"},"up":{"uv":[12.5,3.5,12,4],"rotation":270,"texture":"#1"},"down":{"uv":[12.5,3.5,12,4],"rotation":270,"texture":"#1"}}},{"from":[7.61877,12.89263,11.13766],"to":[8.38094,14.01006,12.67931],"rotation":{"angle":0,"axis":"z","origin":[7.99985,13.45134,11.90849]},"faces":{"north":{"uv":[12,3.5,12.5,4],"rotation":270,"texture":"#1"},"east":{"uv":[12.5,3.5,12,4],"rotation":90,"texture":"#1"},"south":{"uv":[12,3.5,12.5,4],"rotation":270,"texture":"#1"},"west":{"uv":[12.5,3.5,12,4],"rotation":90,"texture":"#1"},"up":{"uv":[12.5,3.5,12,4],"rotation":270,"texture":"#1"},"down":{"uv":[12.5,3.5,12,4],"rotation":270,"texture":"#1"}}},{"from":[7.66584,12.3777,12.62137],"to":[8.33387,12.52269,13.34704],"rotation":{"angle":45,"axis":"x","origin":[7.99985,12.4502,12.98421]},"faces":{"north":{"uv":[12,3.5,12.5,4],"rotation":270,"texture":"#1"},"east":{"uv":[12.5,3.5,12,4],"rotation":90,"texture":"#1"},"south":{"uv":[12,3.5,12.5,4],"rotation":270,"texture":"#1"},"west":{"uv":[12.5,3.5,12,4],"rotation":90,"texture":"#1"},"up":{"uv":[12.5,3.5,12,4],"rotation":270,"texture":"#1"},"down":{"uv":[12.5,3.5,12,4],"rotation":270,"texture":"#1"}}},{"from":[7.65413,13.89922,12.96899],"to":[8.34557,13.9708,13.386],"rotation":{"angle":45,"axis":"x","origin":[7.99985,13.93501,13.1775]},"faces":{"north":{"uv":[12,3.5,12.5,4],"rotation":270,"texture":"#1"},"east":{"uv":[12.5,3.5,12,4],"rotation":90,"texture":"#1"},"south":{"uv":[12,3.5,12.5,4],"rotation":270,"texture":"#1"},"west":{"uv":[12.5,3.5,12,4],"rotation":90,"texture":"#1"},"up":{"uv":[12.5,3.5,12,4],"rotation":270,"texture":"#1"},"down":{"uv":[12.5,3.5,12,4],"rotation":270,"texture":"#1"}}},{"from":[7.65413,14.03617,12.55574],"to":[8.34557,14.10775,13.05537],"rotation":{"angle":0,"axis":"z","origin":[7.99985,14.07196,12.80555]},"faces":{"north":{"uv":[12,3.5,12.5,4],"rotation":270,"texture":"#1"},"east":{"uv":[12.5,3.5,12,4],"rotation":90,"texture":"#1"},"south":{"uv":[12,3.5,12.5,4],"rotation":270,"texture":"#1"},"west":{"uv":[12.5,3.5,12,4],"rotation":90,"texture":"#1"},"up":{"uv":[12.5,3.5,12,4],"rotation":270,"texture":"#1"},"down":{"uv":[12.5,3.5,12,4],"rotation":270,"texture":"#1"}}},{"from":[7.65413,14.02108,12.70931],"to":[7.94709,14.13372,12.89006],"rotation":{"angle":45,"axis":"x","origin":[7.80061,14.0774,12.79969]},"faces":{"north":{"uv":[12,3.5,12.5,4],"rotation":270,"texture":"#1"},"east":{"uv":[12.5,3.5,12,4],"rotation":90,"texture":"#1"},"south":{"uv":[12,3.5,12.5,4],"rotation":270,"texture":"#1"},"west":{"uv":[12.5,3.5,12,4],"rotation":90,"texture":"#1"},"up":{"uv":[12.5,3.5,12,4],"rotation":270,"texture":"#1"},"down":{"uv":[12.5,3.5,12,4],"rotation":270,"texture":"#1"}}},{"from":[8.05261,14.02108,12.70931],"to":[8.34557,14.13372,12.89006],"rotation":{"angle":45,"axis":"x","origin":[8.19909,14.0774,12.79969]},"faces":{"north":{"uv":[12.5,3.5,12,4],"rotation":90,"texture":"#1"},"east":{"uv":[12,3.5,12.5,4],"rotation":270,"texture":"#1"},"south":{"uv":[12.5,3.5,12,4],"rotation":90,"texture":"#1"},"west":{"uv":[12,3.5,12.5,4],"rotation":270,"texture":"#1"},"up":{"uv":[12,3.5,12.5,4],"rotation":90,"texture":"#1"},"down":{"uv":[12,3.5,12.5,4],"rotation":90,"texture":"#1"}}},{"from":[7.40967,12.12061,6.65585],"to":[8.54794,13.47009,8.54389],"rotation":{"angle":0,"axis":"z","origin":[7.52023,12.71445,7.38493]},"faces":{"north":{"uv":[12,3.5,12.5,4],"rotation":270,"texture":"#1"},"east":{"uv":[12.5,3.5,12,4],"rotation":90,"texture":"#1"},"south":{"uv":[12,3.5,12.5,4],"rotation":270,"texture":"#1"},"west":{"uv":[12.5,3.5,12,4],"rotation":90,"texture":"#1"},"up":{"uv":[12.5,3.5,12,4],"rotation":270,"texture":"#1"},"down":{"uv":[12.5,3.5,12,4],"rotation":270,"texture":"#1"}}},{"from":[7.85996,13.55597,1.12094],"to":[8.13974,13.84958,1.6254],"rotation":{"angle":0,"axis":"z","origin":[7.99985,13.70277,1.37317]},"faces":{"north":{"uv":[12,3.5,12.5,4],"rotation":270,"texture":"#1"},"east":{"uv":[12.5,3.5,12,4],"rotation":90,"texture":"#1"},"south":{"uv":[12,3.5,12.5,4],"rotation":270,"texture":"#1"},"west":{"uv":[12.5,3.5,12,4],"rotation":90,"texture":"#1"},"up":{"uv":[12.5,3.5,12,4],"rotation":270,"texture":"#1"},"down":{"uv":[12.5,3.5,12,4],"rotation":270,"texture":"#1"}}},{"from":[7.96612,13.78781,1.23542],"to":[8.03358,14.06418,1.6254],"rotation":{"angle":0,"axis":"z","origin":[7.99985,13.92599,1.43041]},"faces":{"north":{"uv":[12,3.5,12.5,4],"rotation":270,"texture":"#1"},"east":{"uv":[12.5,3.5,12,4],"rotation":90,"texture":"#1"},"south":{"uv":[12,3.5,12.5,4],"rotation":270,"texture":"#1"},"west":{"uv":[12.5,3.5,12,4],"rotation":90,"texture":"#1"},"up":{"uv":[12.5,3.5,12,4],"rotation":270,"texture":"#1"},"down":{"uv":[12.5,3.5,12,4],"rotation":270,"texture":"#1"}}},{"from":[7.80103,10.51583,7.56924],"to":[8.19867,11.20673,7.8129],"rotation":{"angle":22.5,"axis":"x","origin":[7.99985,11.08372,7.72683]},"faces":{"north":{"uv":[11,2,10.5,2.5],"rotation":90,"texture":"#1"},"east":{"uv":[10.5,2,11,2.5],"rotation":270,"texture":"#1"},"south":{"uv":[11,2,10.5,2.5],"rotation":90,"texture":"#1"},"west":{"uv":[10.5,2,11,2.5],"rotation":270,"texture":"#1"},"up":{"uv":[10.5,2,11,2.5],"rotation":270,"texture":"#1"},"down":{"uv":[10.5,2,11,2.5],"rotation":270,"texture":"#1"}}},{"from":[7.80103,11.16443,7.60001],"to":[8.19867,11.92583,7.85342],"rotation":{"angle":0,"axis":"z","origin":[7.99985,11.54513,7.75898]},"faces":{"north":{"uv":[11,2,10.5,2.5],"rotation":90,"texture":"#1"},"east":{"uv":[10.5,2,11,2.5],"rotation":270,"texture":"#1"},"south":{"uv":[11,2,10.5,2.5],"rotation":90,"texture":"#1"},"west":{"uv":[10.5,2,11,2.5],"rotation":270,"texture":"#1"},"up":{"uv":[10.5,2,11,2.5],"rotation":270,"texture":"#1"},"down":{"uv":[10.5,2,11,2.5],"rotation":270,"texture":"#1"}}},{"from":[7.80103,11.68393,7.23841],"to":[8.19867,11.93702,7.86174],"rotation":{"angle":45,"axis":"x","origin":[7.99985,11.81048,7.49584]},"faces":{"north":{"uv":[11,2,10.5,2.5],"rotation":90,"texture":"#1"},"east":{"uv":[10.5,2,11,2.5],"rotation":270,"texture":"#1"},"south":{"uv":[11,2,10.5,2.5],"rotation":90,"texture":"#1"},"west":{"uv":[10.5,2,11,2.5],"rotation":270,"texture":"#1"},"up":{"uv":[10.5,2,11,2.5],"rotation":270,"texture":"#1"},"down":{"uv":[10.5,2,11,2.5],"rotation":270,"texture":"#1"}}},{"from":[7.76209,10.69035,6.29811],"to":[8.23762,11.16683,6.44494],"rotation":{"angle":-22.5,"axis":"x","origin":[7.99985,10.92859,6.37152]},"faces":{"north":{"uv":[12.5,3.5,12,4],"rotation":90,"texture":"#1"},"east":{"uv":[12,3.5,12.5,4],"rotation":270,"texture":"#1"},"south":{"uv":[12.5,3.5,12,4],"rotation":90,"texture":"#1"},"west":{"uv":[12,3.5,12.5,4],"rotation":270,"texture":"#1"},"up":{"uv":[12,3.5,12.5,4],"rotation":270,"texture":"#1"},"down":{"uv":[12,3.5,12.5,4],"rotation":270,"texture":"#1"}}},{"from":[7.76209,10.31894,6.75632],"to":[8.23762,10.49509,7.7387],"rotation":{"angle":0,"axis":"z","origin":[7.99985,10.37364,7.2159]},"faces":{"north":{"uv":[12,3.5,12.5,4],"rotation":90,"texture":"#1"},"east":{"uv":[12,3.5,12.5,4],"rotation":180,"texture":"#1"},"south":{"uv":[12,3.5,12.5,4],"rotation":270,"texture":"#1"},"west":{"uv":[12,3.5,12.5,4],"texture":"#1"},"up":{"uv":[12.5,3.5,12,4],"rotation":270,"texture":"#1"},"down":{"uv":[12.5,3.5,12,4],"rotation":90,"texture":"#1"}}},{"from":[7.76209,11.1206,6.21252],"to":[8.23762,11.63001,6.35372],"rotation":{"angle":0,"axis":"z","origin":[7.99985,11.37531,6.28312]},"faces":{"north":{"uv":[12.5,3.5,12,4],"rotation":90,"texture":"#1"},"east":{"uv":[12,3.5,12.5,4],"rotation":270,"texture":"#1"},"south":{"uv":[12.5,3.5,12,4],"rotation":90,"texture":"#1"},"west":{"uv":[12,3.5,12.5,4],"rotation":270,"texture":"#1"},"up":{"uv":[12,3.5,12.5,4],"rotation":270,"texture":"#1"},"down":{"uv":[12,3.5,12.5,4],"rotation":270,"texture":"#1"}}},{"from":[7.76209,10.29599,6.55409],"to":[8.23762,10.80717,6.70092],"rotation":{"angle":-45,"axis":"x","origin":[7.99985,10.55158,6.62751]},"faces":{"north":{"uv":[12.5,3.5,12,4],"rotation":90,"texture":"#1"},"east":{"uv":[12,3.5,12.5,4],"rotation":270,"texture":"#1"},"south":{"uv":[12.5,3.5,12,4],"rotation":90,"texture":"#1"},"west":{"uv":[12,3.5,12.5,4],"rotation":270,"texture":"#1"},"up":{"uv":[12,3.5,12.5,4],"rotation":270,"texture":"#1"},"down":{"uv":[12,3.5,12.5,4],"rotation":270,"texture":"#1"}}},{"from":[7.76209,10.29449,7.73098],"to":[8.23762,10.67754,7.88724],"rotation":{"angle":45,"axis":"x","origin":[7.99985,10.48601,7.84248]},"faces":{"north":{"uv":[12.5,3.5,12,4],"rotation":90,"texture":"#1"},"east":{"uv":[12,3.5,12.5,4],"rotation":270,"texture":"#1"},"south":{"uv":[12.5,3.5,12,4],"rotation":90,"texture":"#1"},"west":{"uv":[12,3.5,12.5,4],"rotation":270,"texture":"#1"},"up":{"uv":[12,3.5,12.5,4],"rotation":270,"texture":"#1"},"down":{"uv":[12,3.5,12.5,4],"rotation":270,"texture":"#1"}}},{"from":[7.76209,11.58586,5.98751],"to":[8.23762,12.33961,6.72007],"rotation":{"angle":45,"axis":"x","origin":[7.99985,11.96274,6.35379]},"faces":{"north":{"uv":[12.5,3.5,12,4],"rotation":90,"texture":"#1"},"east":{"uv":[12,3.5,12.5,4],"rotation":270,"texture":"#1"},"south":{"uv":[12.5,3.5,12,4],"rotation":90,"texture":"#1"},"west":{"uv":[12,3.5,12.5,4],"rotation":270,"texture":"#1"},"up":{"uv":[12,3.5,12.5,4],"rotation":270,"texture":"#1"},"down":{"uv":[12,3.5,12.5,4],"rotation":270,"texture":"#1"}}},{"from":[7.76209,10.57601,8.01209],"to":[8.23762,11.4104,8.17279],"rotation":{"angle":22.5,"axis":"x","origin":[7.99985,10.9932,8.12581]},"faces":{"north":{"uv":[12.5,3.5,12,4],"rotation":90,"texture":"#1"},"east":{"uv":[12,3.5,12.5,4],"rotation":270,"texture":"#1"},"south":{"uv":[12.5,3.5,12,4],"rotation":90,"texture":"#1"},"west":{"uv":[12,3.5,12.5,4],"rotation":270,"texture":"#1"},"up":{"uv":[12,3.5,12.5,4],"rotation":270,"texture":"#1"},"down":{"uv":[12,3.5,12.5,4],"rotation":270,"texture":"#1"}}},{"from":[7.76209,10.60189,7.99794],"to":[8.23762,10.92704,9.12425],"rotation":{"angle":0,"axis":"z","origin":[7.99985,10.76446,8.56109]},"faces":{"north":{"uv":[12,3.5,12.5,4],"rotation":90,"texture":"#1"},"east":{"uv":[12,3.5,12.5,4],"rotation":180,"texture":"#1"},"south":{"uv":[12,3.5,12.5,4],"rotation":270,"texture":"#1"},"west":{"uv":[12,3.5,12.5,4],"texture":"#1"},"up":{"uv":[12.5,3.5,12,4],"rotation":270,"texture":"#1"},"down":{"uv":[12.5,3.5,12,4],"rotation":90,"texture":"#1"}}},{"from":[7.83209,12.85526,4.09697],"to":[8.16761,13.66527,4.96671],"rotation":{"angle":0,"axis":"z","origin":[7.99985,13.26027,4.53184]},"faces":{"north":{"uv":[12.5,3.5,12,4],"rotation":90,"texture":"#1"},"east":{"uv":[12,3.5,12.5,4],"rotation":270,"texture":"#1"},"south":{"uv":[12.5,3.5,12,4],"rotation":90,"texture":"#1"},"west":{"uv":[12,3.5,12.5,4],"rotation":270,"texture":"#1"},"up":{"uv":[12.5,3.5,12,4],"rotation":180,"texture":"#1"},"down":{"uv":[12.5,3.5,12,4],"texture":"#1"}}},{"from":[7.59484,13.09251,4.09697],"to":[8.40486,13.42803,4.96671],"rotation":{"angle":0,"axis":"z","origin":[7.99985,13.26027,4.53184]},"faces":{"north":{"uv":[12.5,3.5,12,4],"rotation":90,"texture":"#1"},"east":{"uv":[12,3.5,12.5,4],"rotation":270,"texture":"#1"},"south":{"uv":[12.5,3.5,12,4],"rotation":90,"texture":"#1"},"west":{"uv":[12,3.5,12.5,4],"rotation":270,"texture":"#1"},"up":{"uv":[12.5,3.5,12,4],"rotation":180,"texture":"#1"},"down":{"uv":[12.5,3.5,12,4],"texture":"#1"}}},{"from":[7.83209,12.85526,4.09697],"to":[8.16761,13.66527,4.96671],"rotation":{"angle":-45,"axis":"z","origin":[7.99985,13.26027,4.53184]},"faces":{"north":{"uv":[12.5,3.5,12,4],"rotation":90,"texture":"#1"},"east":{"uv":[12,3.5,12.5,4],"rotation":270,"texture":"#1"},"south":{"uv":[12.5,3.5,12,4],"rotation":90,"texture":"#1"},"west":{"uv":[12,3.5,12.5,4],"rotation":270,"texture":"#1"},"up":{"uv":[12.5,3.5,12,4],"rotation":180,"texture":"#1"},"down":{"uv":[12.5,3.5,12,4],"texture":"#1"}}},{"from":[7.83209,12.85526,4.09697],"to":[8.16761,13.66527,4.96671],"rotation":{"angle":45,"axis":"z","origin":[7.99985,13.26027,4.53184]},"faces":{"north":{"uv":[12.5,3.5,12,4],"rotation":90,"texture":"#1"},"east":{"uv":[12,3.5,12.5,4],"rotation":270,"texture":"#1"},"south":{"uv":[12.5,3.5,12,4],"rotation":90,"texture":"#1"},"west":{"uv":[12,3.5,12.5,4],"rotation":270,"texture":"#1"},"up":{"uv":[12.5,3.5,12,4],"rotation":180,"texture":"#1"},"down":{"uv":[12.5,3.5,12,4],"texture":"#1"}}},{"from":[7.75108,12.70786,5.45443],"to":[8.24862,13.81267,11.20533],"rotation":{"angle":0,"axis":"z","origin":[7.99985,13.26027,8.32988]},"faces":{"north":{"uv":[12.5,3.5,12,4],"rotation":90,"texture":"#1"},"east":{"uv":[12,3.5,12.5,4],"rotation":270,"texture":"#1"},"south":{"uv":[12.5,3.5,12,4],"rotation":90,"texture":"#1"},"west":{"uv":[12,3.5,12.5,4],"rotation":270,"texture":"#1"},"up":{"uv":[12.5,3.5,12,4],"rotation":180,"texture":"#1"},"down":{"uv":[12.5,3.5,12,4],"texture":"#1"}}},{"from":[8.04184,13.31345,5.45443],"to":[8.3322,13.77805,11.20533],"rotation":{"angle":-45,"axis":"z","origin":[8.18702,13.54575,8.32988]},"faces":{"north":{"uv":[12.5,3.5,12,4],"rotation":90,"texture":"#1"},"east":{"uv":[12,3.5,12.5,4],"rotation":270,"texture":"#1"},"south":{"uv":[12.5,3.5,12,4],"rotation":90,"texture":"#1"},"west":{"uv":[12,3.5,12.5,4],"rotation":270,"texture":"#1"},"up":{"uv":[12.5,3.5,12,4],"rotation":180,"texture":"#1"},"down":{"uv":[12.5,3.5,12,4],"texture":"#1"}}},{"from":[7.6675,13.31345,5.45443],"to":[7.95787,13.77805,11.20533],"rotation":{"angle":45,"axis":"z","origin":[7.81269,13.54575,8.32988]},"faces":{"north":{"uv":[12.5,3.5,12,4],"rotation":90,"texture":"#1"},"east":{"uv":[12,3.5,12.5,4],"rotation":270,"texture":"#1"},"south":{"uv":[12.5,3.5,12,4],"rotation":90,"texture":"#1"},"west":{"uv":[12,3.5,12.5,4],"rotation":270,"texture":"#1"},"up":{"uv":[12.5,3.5,12,4],"rotation":180,"texture":"#1"},"down":{"uv":[12.5,3.5,12,4],"texture":"#1"}}},{"from":[7.81176,12.80618,4.79238],"to":[8.18794,13.71435,5.52821],"rotation":{"angle":0,"axis":"z","origin":[7.99985,13.26027,5.16029]},"faces":{"north":{"uv":[12.5,3.5,12,4],"rotation":90,"texture":"#1"},"east":{"uv":[12,3.5,12.5,4],"rotation":270,"texture":"#1"},"south":{"uv":[12.5,3.5,12,4],"rotation":90,"texture":"#1"},"west":{"uv":[12,3.5,12.5,4],"rotation":270,"texture":"#1"},"up":{"uv":[12.5,3.5,12,4],"rotation":180,"texture":"#1"},"down":{"uv":[12.5,3.5,12,4],"texture":"#1"}}},{"from":[7.54576,13.07218,4.79238],"to":[8.45394,13.44836,5.52821],"rotation":{"angle":0,"axis":"z","origin":[7.99985,13.26027,5.16029]},"faces":{"north":{"uv":[12.5,3.5,12,4],"rotation":90,"texture":"#1"},"east":{"uv":[12,3.5,12.5,4],"rotation":270,"texture":"#1"},"south":{"uv":[12.5,3.5,12,4],"rotation":90,"texture":"#1"},"west":{"uv":[12,3.5,12.5,4],"rotation":270,"texture":"#1"},"up":{"uv":[12.5,3.5,12,4],"rotation":180,"texture":"#1"},"down":{"uv":[12.5,3.5,12,4],"texture":"#1"}}},{"from":[7.81176,12.80618,4.79238],"to":[8.18794,13.71435,5.52821],"rotation":{"angle":-45,"axis":"z","origin":[7.99985,13.26027,5.16029]},"faces":{"north":{"uv":[12.5,3.5,12,4],"rotation":90,"texture":"#1"},"east":{"uv":[12,3.5,12.5,4],"rotation":270,"texture":"#1"},"south":{"uv":[12.5,3.5,12,4],"rotation":90,"texture":"#1"},"west":{"uv":[12,3.5,12.5,4],"rotation":270,"texture":"#1"},"up":{"uv":[12.5,3.5,12,4],"rotation":180,"texture":"#1"},"down":{"uv":[12.5,3.5,12,4],"texture":"#1"}}},{"from":[7.81176,12.80618,4.79238],"to":[8.18794,13.71435,5.52821],"rotation":{"angle":45,"axis":"z","origin":[7.99985,13.26027,5.16029]},"faces":{"north":{"uv":[12.5,3.5,12,4],"rotation":90,"texture":"#1"},"east":{"uv":[12,3.5,12.5,4],"rotation":270,"texture":"#1"},"south":{"uv":[12.5,3.5,12,4],"rotation":90,"texture":"#1"},"west":{"uv":[12,3.5,12.5,4],"rotation":270,"texture":"#1"},"up":{"uv":[12.5,3.5,12,4],"rotation":180,"texture":"#1"},"down":{"uv":[12.5,3.5,12,4],"texture":"#1"}}},{"from":[7.54576,12.62368,5.45443],"to":[8.45394,13.60735,11.20637],"rotation":{"angle":0,"axis":"z","origin":[7.99985,13.11552,8.3304]},"faces":{"north":{"uv":[12.5,3.5,12,4],"rotation":90,"texture":"#1"},"east":{"uv":[12,3.5,12.5,4],"rotation":270,"texture":"#1"},"south":{"uv":[12.5,3.5,12,4],"rotation":90,"texture":"#1"},"west":{"uv":[12,3.5,12.5,4],"rotation":270,"texture":"#1"},"up":{"uv":[12.5,3.5,12,4],"rotation":180,"texture":"#1"},"down":{"uv":[12.5,3.5,12,4],"texture":"#1"}}},{"from":[7.83209,12.85526,0.90556],"to":[8.16761,13.66527,1.77529],"rotation":{"angle":0,"axis":"z","origin":[7.99985,13.26027,1.34043]},"faces":{"north":{"uv":[12.5,3.5,12,4],"rotation":90,"texture":"#1"},"east":{"uv":[12,3.5,12.5,4],"rotation":270,"texture":"#1"},"south":{"uv":[12.5,3.5,12,4],"rotation":90,"texture":"#1"},"west":{"uv":[12,3.5,12.5,4],"rotation":270,"texture":"#1"},"up":{"uv":[12.5,3.5,12,4],"rotation":180,"texture":"#1"},"down":{"uv":[12.5,3.5,12,4],"texture":"#1"}}},{"from":[7.59484,13.09251,0.90556],"to":[8.40486,13.42803,1.77529],"rotation":{"angle":0,"axis":"z","origin":[7.99985,13.26027,1.34043]},"faces":{"north":{"uv":[12.5,3.5,12,4],"rotation":90,"texture":"#1"},"east":{"uv":[12,3.5,12.5,4],"rotation":270,"texture":"#1"},"south":{"uv":[12.5,3.5,12,4],"rotation":90,"texture":"#1"},"west":{"uv":[12,3.5,12.5,4],"rotation":270,"texture":"#1"},"up":{"uv":[12.5,3.5,12,4],"rotation":180,"texture":"#1"},"down":{"uv":[12.5,3.5,12,4],"texture":"#1"}}},{"from":[7.83209,12.85526,0.90556],"to":[8.16761,13.66527,1.77529],"rotation":{"angle":-45,"axis":"z","origin":[7.99985,13.26027,1.34043]},"faces":{"north":{"uv":[12.5,3.5,12,4],"rotation":90,"texture":"#1"},"east":{"uv":[12,3.5,12.5,4],"rotation":270,"texture":"#1"},"south":{"uv":[12.5,3.5,12,4],"rotation":90,"texture":"#1"},"west":{"uv":[12,3.5,12.5,4],"rotation":270,"texture":"#1"},"up":{"uv":[12.5,3.5,12,4],"rotation":180,"texture":"#1"},"down":{"uv":[12.5,3.5,12,4],"texture":"#1"}}},{"from":[7.83209,12.85526,0.90556],"to":[8.16761,13.66527,1.77529],"rotation":{"angle":45,"axis":"z","origin":[7.99985,13.26027,1.34043]},"faces":{"north":{"uv":[12.5,3.5,12,4],"rotation":90,"texture":"#1"},"east":{"uv":[12,3.5,12.5,4],"rotation":270,"texture":"#1"},"south":{"uv":[12.5,3.5,12,4],"rotation":90,"texture":"#1"},"west":{"uv":[12,3.5,12.5,4],"rotation":270,"texture":"#1"},"up":{"uv":[12.5,3.5,12,4],"rotation":180,"texture":"#1"},"down":{"uv":[12.5,3.5,12,4],"texture":"#1"}}},{"from":[7.73247,12.99289,1.71702],"to":[8.26724,13.52765,4.13834],"rotation":{"angle":0,"axis":"z","origin":[7.99985,13.26027,2.92768]},"faces":{"north":{"uv":[12.5,3.5,12,4],"rotation":90,"texture":"#1"},"east":{"uv":[12,3.5,12.5,4],"rotation":270,"texture":"#1"},"south":{"uv":[12.5,3.5,12,4],"rotation":90,"texture":"#1"},"west":{"uv":[12,3.5,12.5,4],"rotation":270,"texture":"#1"},"up":{"uv":[12,3.5,12.5,4],"rotation":90,"texture":"#1"},"down":{"uv":[12,3.5,12.5,4],"rotation":90,"texture":"#1"}}},{"from":[7.42239,6.92085,12.00728],"to":[8.57731,7.47186,12.58469],"rotation":{"angle":45,"axis":"x","origin":[7.99985,7.19636,12.29598]},"faces":{"north":{"uv":[12,3.5,12.5,4],"rotation":270,"texture":"#1"},"east":{"uv":[12.5,3.5,12,4],"rotation":90,"texture":"#1"},"south":{"uv":[12,3.5,12.5,4],"rotation":270,"texture":"#1"},"west":{"uv":[12.5,3.5,12,4],"rotation":90,"texture":"#1"},"up":{"uv":[12.5,3.5,12,4],"rotation":270,"texture":"#1"},"down":{"uv":[12.5,3.5,12,4],"rotation":270,"texture":"#1"}}},{"from":[7.44272,10.69837,8.31962],"to":[8.55698,11.30418,8.57056],"rotation":{"angle":0,"axis":"z","origin":[7.99985,11.00127,8.44509]},"faces":{"north":{"uv":[13.5,5,14,5.5],"rotation":270,"texture":"#1"},"east":{"uv":[14,5,13.5,5.5],"rotation":90,"texture":"#1"},"south":{"uv":[13.5,5,14,5.5],"rotation":270,"texture":"#1"},"west":{"uv":[14,5,13.5,5.5],"rotation":90,"texture":"#1"},"up":{"uv":[14,5,13.5,5.5],"rotation":270,"texture":"#1"},"down":{"uv":[14,5,13.5,5.5],"rotation":270,"texture":"#1"}}},{"from":[7.44272,10.87581,8.14219],"to":[8.55698,11.12674,8.74799],"rotation":{"angle":0,"axis":"z","origin":[7.99985,11.00127,8.44509]},"faces":{"north":{"uv":[13.5,5,14,5.5],"rotation":270,"texture":"#1"},"east":{"uv":[14,5,13.5,5.5],"rotation":90,"texture":"#1"},"south":{"uv":[13.5,5,14,5.5],"rotation":270,"texture":"#1"},"west":{"uv":[14,5,13.5,5.5],"rotation":90,"texture":"#1"},"up":{"uv":[14,5,13.5,5.5],"rotation":270,"texture":"#1"},"down":{"uv":[14,5,13.5,5.5],"rotation":270,"texture":"#1"}}},{"from":[7.44272,10.69837,8.31962],"to":[8.55698,11.30418,8.57056],"rotation":{"angle":45,"axis":"x","origin":[7.99985,11.00127,8.44509]},"faces":{"north":{"uv":[13.5,5,14,5.5],"rotation":270,"texture":"#1"},"east":{"uv":[14,5,13.5,5.5],"rotation":90,"texture":"#1"},"south":{"uv":[13.5,5,14,5.5],"rotation":270,"texture":"#1"},"west":{"uv":[14,5,13.5,5.5],"rotation":90,"texture":"#1"},"up":{"uv":[14,5,13.5,5.5],"rotation":270,"texture":"#1"},"down":{"uv":[14,5,13.5,5.5],"rotation":270,"texture":"#1"}}},{"from":[7.44272,10.69837,8.31962],"to":[8.55698,11.30418,8.57056],"rotation":{"angle":-45,"axis":"x","origin":[7.99985,11.00127,8.44509]},"faces":{"north":{"uv":[13.5,5,14,5.5],"rotation":270,"texture":"#1"},"east":{"uv":[14,5,13.5,5.5],"rotation":90,"texture":"#1"},"south":{"uv":[13.5,5,14,5.5],"rotation":270,"texture":"#1"},"west":{"uv":[14,5,13.5,5.5],"rotation":90,"texture":"#1"},"up":{"uv":[14,5,13.5,5.5],"rotation":270,"texture":"#1"},"down":{"uv":[14,5,13.5,5.5],"rotation":270,"texture":"#1"}}},{"from":[7.49082,13.1932,12.82251],"to":[8.50888,13.56697,13.26777],"rotation":{"angle":22.5,"axis":"x","origin":[7.99985,13.38009,13.04514]},"faces":{"north":{"uv":[12,3.5,12.5,4],"rotation":270,"texture":"#1"},"east":{"uv":[12.5,3.5,12,4],"rotation":90,"texture":"#1"},"south":{"uv":[12,3.5,12.5,4],"rotation":270,"texture":"#1"},"west":{"uv":[12.5,3.5,12,4],"rotation":90,"texture":"#1"},"up":{"uv":[12.5,3.5,12,4],"rotation":270,"texture":"#1"},"down":{"uv":[12.5,3.5,12,4],"rotation":270,"texture":"#1"}}},{"from":[7.49082,13.46755,12.85779],"to":[8.50888,13.70613,13.32234],"rotation":{"angle":0,"axis":"z","origin":[7.99985,13.58684,12.75704]},"faces":{"north":{"uv":[12,3.5,12.5,4],"rotation":270,"texture":"#1"},"east":{"uv":[12.5,3.5,12,4],"rotation":90,"texture":"#1"},"south":{"uv":[12,3.5,12.5,4],"rotation":270,"texture":"#1"},"west":{"uv":[12.5,3.5,12,4],"rotation":90,"texture":"#1"},"up":{"uv":[12.5,3.5,12,4],"rotation":270,"texture":"#1"},"down":{"uv":[12.5,3.5,12,4],"rotation":270,"texture":"#1"}}},{"from":[7.49082,13.34984,12.74947],"to":[8.50888,14.07979,13.03839],"rotation":{"angle":45,"axis":"x","origin":[7.99985,13.71482,12.89393]},"faces":{"north":{"uv":[12,3.5,12.5,4],"rotation":270,"texture":"#1"},"east":{"uv":[12.5,3.5,12,4],"rotation":90,"texture":"#1"},"south":{"uv":[12,3.5,12.5,4],"rotation":270,"texture":"#1"},"west":{"uv":[12.5,3.5,12,4],"rotation":90,"texture":"#1"},"up":{"uv":[12.5,3.5,12,4],"rotation":270,"texture":"#1"},"down":{"uv":[12.5,3.5,12,4],"rotation":270,"texture":"#1"}}},{"from":[7.49082,11.84235,6.76806],"to":[8.50888,12.95057,12.06121],"rotation":{"angle":0,"axis":"z","origin":[7.99985,12.52052,9.41464]},"faces":{"north":{"uv":[12,3.5,12.5,4],"rotation":270,"texture":"#1"},"east":{"uv":[12.5,3.5,12,4],"rotation":90,"texture":"#1"},"south":{"uv":[12,3.5,12.5,4],"rotation":270,"texture":"#1"},"west":{"uv":[12.5,3.5,12,4],"rotation":90,"texture":"#1"},"up":{"uv":[12.5,3.5,12,4],"rotation":270,"texture":"#1"},"down":{"uv":[12.5,3.5,12,4],"rotation":270,"texture":"#1"}}},{"from":[7.49082,13.26957,12.36522],"to":[8.50888,14.07504,13.04985],"rotation":{"angle":0,"axis":"z","origin":[7.99985,13.67231,12.70753]},"faces":{"north":{"uv":[12,3.5,12.5,4],"rotation":270,"texture":"#1"},"east":{"uv":[12.5,3.5,12,4],"rotation":90,"texture":"#1"},"south":{"uv":[12,3.5,12.5,4],"rotation":270,"texture":"#1"},"west":{"uv":[12.5,3.5,12,4],"rotation":90,"texture":"#1"},"up":{"uv":[12.5,3.5,12,4],"rotation":270,"texture":"#1"},"down":{"uv":[12.5,3.5,12,4],"rotation":270,"texture":"#1"}}},{"from":[7.49082,12.54035,12.40008],"to":[8.50888,13.34583,13.27453],"rotation":{"angle":0,"axis":"z","origin":[7.99985,12.94309,12.8373]},"faces":{"north":{"uv":[12,3.5,12.5,4],"rotation":270,"texture":"#1"},"east":{"uv":[12.5,3.5,12,4],"rotation":90,"texture":"#1"},"south":{"uv":[12,3.5,12.5,4],"rotation":270,"texture":"#1"},"west":{"uv":[12.5,3.5,12,4],"rotation":90,"texture":"#1"},"up":{"uv":[12.5,3.5,12,4],"rotation":270,"texture":"#1"},"down":{"uv":[12.5,3.5,12,4],"rotation":270,"texture":"#1"}}},{"from":[7.49082,12.19123,12.17281],"to":[8.50888,12.9967,13.12991],"rotation":{"angle":45,"axis":"x","origin":[7.99985,12.59396,12.65136]},"faces":{"north":{"uv":[12,3.5,12.5,4],"rotation":270,"texture":"#1"},"east":{"uv":[12.5,3.5,12,4],"rotation":90,"texture":"#1"},"south":{"uv":[12,3.5,12.5,4],"rotation":270,"texture":"#1"},"west":{"uv":[12.5,3.5,12,4],"rotation":90,"texture":"#1"},"up":{"uv":[12.5,3.5,12,4],"rotation":270,"texture":"#1"},"down":{"uv":[12.5,3.5,12,4],"rotation":270,"texture":"#1"}}},{"from":[7.49082,11.63746,11.02915],"to":[8.50888,12.44293,12.61106],"rotation":{"angle":-22.5,"axis":"x","origin":[7.99985,12.04019,11.82011]},"faces":{"north":{"uv":[12,3.5,12.5,4],"rotation":270,"texture":"#1"},"east":{"uv":[12.5,3.5,12,4],"rotation":90,"texture":"#1"},"south":{"uv":[12,3.5,12.5,4],"rotation":270,"texture":"#1"},"west":{"uv":[12.5,3.5,12,4],"rotation":90,"texture":"#1"},"up":{"uv":[12.5,3.5,12,4],"rotation":270,"texture":"#1"},"down":{"uv":[12.5,3.5,12,4],"rotation":270,"texture":"#1"}}},{"from":[7.49082,13.54851,12.52997],"to":[8.50888,13.72669,13.31825],"rotation":{"angle":-22.5,"axis":"x","origin":[7.99985,13.6376,12.92411]},"faces":{"north":{"uv":[12,3.5,12.5,4],"rotation":270,"texture":"#1"},"east":{"uv":[12.5,3.5,12,4],"rotation":90,"texture":"#1"},"south":{"uv":[12,3.5,12.5,4],"rotation":270,"texture":"#1"},"west":{"uv":[12.5,3.5,12,4],"rotation":90,"texture":"#1"},"up":{"uv":[12.5,3.5,12,4],"rotation":270,"texture":"#1"},"down":{"uv":[12.5,3.5,12,4],"rotation":270,"texture":"#1"}}},{"from":[7.49082,13.09536,12.11706],"to":[8.50888,13.97028,12.89188],"rotation":{"angle":22.5,"axis":"x","origin":[7.99985,13.39889,12.50447]},"faces":{"north":{"uv":[12,3.5,12.5,4],"rotation":270,"texture":"#1"},"east":{"uv":[12.5,3.5,12,4],"rotation":90,"texture":"#1"},"south":{"uv":[12,3.5,12.5,4],"rotation":270,"texture":"#1"},"west":{"uv":[12.5,3.5,12,4],"rotation":90,"texture":"#1"},"up":{"uv":[12.5,3.5,12,4],"rotation":270,"texture":"#1"},"down":{"uv":[12.5,3.5,12,4],"rotation":270,"texture":"#1"}}},{"from":[7.49082,12.47488,11.73629],"to":[8.50888,13.34266,12.51111],"rotation":{"angle":45,"axis":"x","origin":[7.99985,12.90877,12.1237]},"faces":{"north":{"uv":[12,3.5,12.5,4],"rotation":270,"texture":"#1"},"east":{"uv":[12.5,3.5,12,4],"rotation":90,"texture":"#1"},"south":{"uv":[12,3.5,12.5,4],"rotation":270,"texture":"#1"},"west":{"uv":[12.5,3.5,12,4],"rotation":90,"texture":"#1"},"up":{"uv":[12.5,3.5,12,4],"rotation":270,"texture":"#1"},"down":{"uv":[12.5,3.5,12,4],"rotation":270,"texture":"#1"}}},{"from":[7.40729,12.1593,11.17667],"to":[7.71556,12.46762,12.60049],"rotation":{"angle":-22.5,"axis":"x","origin":[7.56143,12.31346,11.88858]},"faces":{"north":{"uv":[12,3.5,12.5,4],"rotation":270,"texture":"#1"},"east":{"uv":[12.5,3.5,12,4],"rotation":90,"texture":"#1"},"south":{"uv":[12,3.5,12.5,4],"rotation":270,"texture":"#1"},"west":{"uv":[12.5,3.5,12,4],"rotation":90,"texture":"#1"},"up":{"uv":[12.5,3.5,12,4],"rotation":270,"texture":"#1"},"down":{"uv":[12.5,3.5,12,4],"rotation":270,"texture":"#1"}}},{"from":[7.47341,7.89484,11.03885],"to":[8.5263,10.1207,12.48682],"rotation":{"angle":-45,"axis":"x","origin":[7.99985,9.00777,11.76283]},"faces":{"north":{"uv":[0.5,15,1,15.5],"rotation":270,"texture":"#1"},"east":{"uv":[1,15,0.5,15.5],"rotation":90,"texture":"#1"},"south":{"uv":[0.5,15,1,15.5],"rotation":270,"texture":"#1"},"west":{"uv":[1,15,0.5,15.5],"rotation":90,"texture":"#1"},"up":{"uv":[1,15,0.5,15.5],"rotation":270,"texture":"#1"},"down":{"uv":[1,15,0.5,15.5],"rotation":270,"texture":"#1"}}},{"from":[7.47341,7.20946,12.68613],"to":[8.5263,8.05151,13.3439],"rotation":{"angle":0,"axis":"z","origin":[7.99985,7.7772,13.01502]},"faces":{"north":{"uv":[0.5,15,1,15.5],"rotation":270,"texture":"#1"},"east":{"uv":[1,15,0.5,15.5],"rotation":90,"texture":"#1"},"south":{"uv":[0.5,15,1,15.5],"rotation":270,"texture":"#1"},"west":{"uv":[1,15,0.5,15.5],"rotation":90,"texture":"#1"},"up":{"uv":[1,15,0.5,15.5],"rotation":270,"texture":"#1"},"down":{"uv":[1,15,0.5,15.5],"rotation":270,"texture":"#1"}}},{"from":[7.47341,6.96455,10.03775],"to":[8.5263,11.71043,12.22983],"rotation":{"angle":-22.5,"axis":"x","origin":[7.99985,9.33749,11.13379]},"faces":{"north":{"uv":[0.5,15,1,15.5],"rotation":270,"texture":"#1"},"east":{"uv":[1,15,0.5,15.5],"rotation":90,"texture":"#1"},"south":{"uv":[0.5,15,1,15.5],"rotation":270,"texture":"#1"},"west":{"uv":[1,15,0.5,15.5],"rotation":90,"texture":"#1"},"up":{"uv":[1,15,0.5,15.5],"rotation":270,"texture":"#1"},"down":{"uv":[1,15,0.5,15.5],"rotation":270,"texture":"#1"}}},{"from":[7.47341,6.5478,11.16248],"to":[8.5263,7.39543,11.92382],"rotation":{"angle":22.5,"axis":"x","origin":[7.99985,6.97162,11.54315]},"faces":{"north":{"uv":[0.5,15,1,15.5],"rotation":270,"texture":"#1"},"east":{"uv":[1,15,0.5,15.5],"rotation":90,"texture":"#1"},"south":{"uv":[0.5,15,1,15.5],"rotation":270,"texture":"#1"},"west":{"uv":[1,15,0.5,15.5],"rotation":90,"texture":"#1"},"up":{"uv":[1,15,0.5,15.5],"rotation":270,"texture":"#1"},"down":{"uv":[1,15,0.5,15.5],"rotation":270,"texture":"#1"}}},{"from":[7.47341,7.8442,12.3017],"to":[8.5263,8.58157,13.23847],"rotation":{"angle":-22.5,"axis":"x","origin":[7.99985,8.21288,12.77009]},"faces":{"north":{"uv":[0.5,15,1,15.5],"rotation":270,"texture":"#1"},"east":{"uv":[1,15,0.5,15.5],"rotation":90,"texture":"#1"},"south":{"uv":[0.5,15,1,15.5],"rotation":270,"texture":"#1"},"west":{"uv":[1,15,0.5,15.5],"rotation":90,"texture":"#1"},"up":{"uv":[1,15,0.5,15.5],"rotation":270,"texture":"#1"},"down":{"uv":[1,15,0.5,15.5],"rotation":270,"texture":"#1"}}},{"from":[7.47341,10.06121,9.12825],"to":[8.5263,11.56962,10.76079],"rotation":{"angle":45,"axis":"x","origin":[7.99985,10.81541,9.94452]},"faces":{"north":{"uv":[0.5,15,1,15.5],"rotation":270,"texture":"#1"},"east":{"uv":[1,15,0.5,15.5],"rotation":90,"texture":"#1"},"south":{"uv":[0.5,15,1,15.5],"rotation":270,"texture":"#1"},"west":{"uv":[1,15,0.5,15.5],"rotation":90,"texture":"#1"},"up":{"uv":[1,15,0.5,15.5],"rotation":270,"texture":"#1"},"down":{"uv":[1,15,0.5,15.5],"rotation":270,"texture":"#1"}}},{"from":[7.47341,10.8593,8.27797],"to":[8.5263,12.13351,11.67048],"rotation":{"angle":0,"axis":"z","origin":[7.99985,11.49641,9.99995]},"faces":{"north":{"uv":[0.5,15,1,15.5],"rotation":270,"texture":"#1"},"east":{"uv":[1,15,0.5,15.5],"rotation":90,"texture":"#1"},"south":{"uv":[0.5,15,1,15.5],"rotation":270,"texture":"#1"},"west":{"uv":[1,15,0.5,15.5],"rotation":90,"texture":"#1"},"up":{"uv":[1,15,0.5,15.5],"rotation":270,"texture":"#1"},"down":{"uv":[1,15,0.5,15.5],"rotation":270,"texture":"#1"}}},{"from":[7.47341,11.2732,8.12057],"to":[8.5263,12.42994,8.58688],"rotation":{"angle":-22.5,"axis":"x","origin":[7.99985,11.7378,8.35372]},"faces":{"north":{"uv":[0.5,15,1,15.5],"rotation":270,"texture":"#1"},"east":{"uv":[1,15,0.5,15.5],"rotation":90,"texture":"#1"},"south":{"uv":[0.5,15,1,15.5],"rotation":270,"texture":"#1"},"west":{"uv":[1,15,0.5,15.5],"rotation":90,"texture":"#1"},"up":{"uv":[1,15,0.5,15.5],"rotation":270,"texture":"#1"},"down":{"uv":[1,15,0.5,15.5],"rotation":270,"texture":"#1"}}},{"from":[7.47341,7.05371,12.39152],"to":[8.5263,7.30989,13.31292],"rotation":{"angle":22.5,"axis":"x","origin":[7.99985,7.1818,13.07597]},"faces":{"north":{"uv":[0.5,15,1,15.5],"rotation":270,"texture":"#1"},"east":{"uv":[1,15,0.5,15.5],"rotation":90,"texture":"#1"},"south":{"uv":[0.5,15,1,15.5],"rotation":270,"texture":"#1"},"west":{"uv":[1,15,0.5,15.5],"rotation":90,"texture":"#1"},"up":{"uv":[1,15,0.5,15.5],"rotation":270,"texture":"#1"},"down":{"uv":[1,15,0.5,15.5],"rotation":270,"texture":"#1"}}},{"from":[7.63672,7.87999,11.01173],"to":[8.36298,10.22772,12.53897],"rotation":{"angle":-45,"axis":"x","origin":[7.99985,9.05385,11.77535]},"faces":{"north":{"uv":[12,3.5,12.5,4],"rotation":270,"texture":"#1"},"east":{"uv":[12.5,3.5,12,4],"rotation":90,"texture":"#1"},"south":{"uv":[12,3.5,12.5,4],"rotation":270,"texture":"#1"},"west":{"uv":[12.5,3.5,12,4],"rotation":90,"texture":"#1"},"up":{"uv":[12.5,3.5,12,4],"rotation":270,"texture":"#1"},"down":{"uv":[12.5,3.5,12,4],"rotation":270,"texture":"#1"}}},{"from":[7.63672,6.89876,9.95582],"to":[8.36298,11.90449,12.26792],"rotation":{"angle":-22.5,"axis":"x","origin":[7.99985,9.40163,11.11187]},"faces":{"north":{"uv":[12,3.5,12.5,4],"rotation":270,"texture":"#1"},"east":{"uv":[12.5,3.5,12,4],"rotation":90,"texture":"#1"},"south":{"uv":[12,3.5,12.5,4],"rotation":270,"texture":"#1"},"west":{"uv":[12.5,3.5,12,4],"rotation":90,"texture":"#1"},"up":{"uv":[12.5,3.5,12,4],"rotation":270,"texture":"#1"},"down":{"uv":[12.5,3.5,12,4],"rotation":270,"texture":"#1"}}},{"from":[7.63672,6.4592,11.14212],"to":[8.36298,7.35324,11.94515],"rotation":{"angle":22.5,"axis":"x","origin":[7.99985,6.90622,11.54364]},"faces":{"north":{"uv":[12,3.5,12.5,4],"rotation":270,"texture":"#1"},"east":{"uv":[12.5,3.5,12,4],"rotation":90,"texture":"#1"},"south":{"uv":[12,3.5,12.5,4],"rotation":270,"texture":"#1"},"west":{"uv":[12.5,3.5,12,4],"rotation":90,"texture":"#1"},"up":{"uv":[12.5,3.5,12,4],"rotation":270,"texture":"#1"},"down":{"uv":[12.5,3.5,12,4],"rotation":270,"texture":"#1"}}},{"from":[7.63672,6.9791,11.93347],"to":[8.36298,8.04523,13.44299],"rotation":{"angle":0,"axis":"z","origin":[7.99985,7.22285,12.68823]},"faces":{"north":{"uv":[12,3.5,12.5,4],"rotation":270,"texture":"#1"},"east":{"uv":[12.5,3.5,12,4],"rotation":90,"texture":"#1"},"south":{"uv":[12,3.5,12.5,4],"rotation":270,"texture":"#1"},"west":{"uv":[12.5,3.5,12,4],"rotation":90,"texture":"#1"},"up":{"uv":[12.5,3.5,12,4],"rotation":270,"texture":"#1"},"down":{"uv":[12.5,3.5,12,4],"rotation":270,"texture":"#1"}}},{"from":[7.63672,7.82658,12.34373],"to":[8.36298,8.60432,13.33178],"rotation":{"angle":-22.5,"axis":"x","origin":[7.99985,8.21545,12.83775]},"faces":{"north":{"uv":[12,3.5,12.5,4],"rotation":270,"texture":"#1"},"east":{"uv":[12.5,3.5,12,4],"rotation":90,"texture":"#1"},"south":{"uv":[12,3.5,12.5,4],"rotation":270,"texture":"#1"},"west":{"uv":[12.5,3.5,12,4],"rotation":90,"texture":"#1"},"up":{"uv":[12.5,3.5,12,4],"rotation":270,"texture":"#1"},"down":{"uv":[12.5,3.5,12,4],"rotation":270,"texture":"#1"}}},{"from":[7.63672,10.53772,11.10847],"to":[8.36298,11.69085,11.84953],"rotation":{"angle":0,"axis":"z","origin":[7.99985,11.52494,11.479]},"faces":{"north":{"uv":[12,3.5,12.5,4],"rotation":270,"texture":"#1"},"east":{"uv":[12.5,3.5,12,4],"rotation":90,"texture":"#1"},"south":{"uv":[12,3.5,12.5,4],"rotation":270,"texture":"#1"},"west":{"uv":[12.5,3.5,12,4],"rotation":90,"texture":"#1"},"up":{"uv":[12.5,3.5,12,4],"rotation":270,"texture":"#1"},"down":{"uv":[12.5,3.5,12,4],"rotation":270,"texture":"#1"}}},{"from":[7.32971,13.81035,10.76173],"to":[7.8833,14.14391,11.1923],"rotation":{"angle":0,"axis":"z","origin":[7.60651,13.97713,10.97701]},"faces":{"north":{"uv":[12,3.5,12.5,4],"rotation":270,"texture":"#1"},"east":{"uv":[12.5,3.5,12,4],"rotation":90,"texture":"#1"},"south":{"uv":[12,3.5,12.5,4],"rotation":270,"texture":"#1"},"west":{"uv":[12.5,3.5,12,4],"rotation":90,"texture":"#1"},"up":{"uv":[12.5,3.5,12,4],"rotation":270,"texture":"#1"},"down":{"uv":[12.5,3.5,12,4],"rotation":270,"texture":"#1"}}},{"from":[7.32971,13.70697,11.01132],"to":[7.8833,14.04052,11.44189],"rotation":{"angle":45,"axis":"x","origin":[7.60651,13.87375,11.2266]},"faces":{"north":{"uv":[12,3.5,12.5,4],"rotation":270,"texture":"#1"},"east":{"uv":[12.5,3.5,12,4],"rotation":90,"texture":"#1"},"south":{"uv":[12,3.5,12.5,4],"rotation":270,"texture":"#1"},"west":{"uv":[12.5,3.5,12,4],"rotation":90,"texture":"#1"},"up":{"uv":[12.5,3.5,12,4],"rotation":270,"texture":"#1"},"down":{"uv":[12.5,3.5,12,4],"rotation":270,"texture":"#1"}}},{"from":[7.32971,13.40887,11.16321],"to":[7.8833,13.83944,11.49677],"rotation":{"angle":0,"axis":"z","origin":[7.60651,13.62416,11.32999]},"faces":{"north":{"uv":[12.5,3.5,12,4],"rotation":90,"texture":"#1"},"east":{"uv":[12.5,3.5,12,4],"texture":"#1"},"south":{"uv":[12.5,3.5,12,4],"rotation":270,"texture":"#1"},"west":{"uv":[12.5,3.5,12,4],"rotation":180,"texture":"#1"},"up":{"uv":[12,3.5,12.5,4],"rotation":90,"texture":"#1"},"down":{"uv":[12,3.5,12.5,4],"rotation":270,"texture":"#1"}}},{"from":[7.32971,13.15928,11.05983],"to":[7.8833,13.58985,11.39338],"rotation":{"angle":45,"axis":"x","origin":[7.60651,13.37456,11.2266]},"faces":{"north":{"uv":[12.5,3.5,12,4],"rotation":90,"texture":"#1"},"east":{"uv":[12.5,3.5,12,4],"texture":"#1"},"south":{"uv":[12.5,3.5,12,4],"rotation":270,"texture":"#1"},"west":{"uv":[12.5,3.5,12,4],"rotation":180,"texture":"#1"},"up":{"uv":[12,3.5,12.5,4],"rotation":90,"texture":"#1"},"down":{"uv":[12,3.5,12.5,4],"rotation":270,"texture":"#1"}}},{"from":[7.32971,13.1044,10.76173],"to":[7.8833,13.43796,11.1923],"rotation":{"angle":0,"axis":"z","origin":[7.60651,13.27118,10.97701]},"faces":{"north":{"uv":[12,3.5,12.5,4],"rotation":90,"texture":"#1"},"east":{"uv":[12.5,3.5,12,4],"rotation":270,"texture":"#1"},"south":{"uv":[12,3.5,12.5,4],"rotation":90,"texture":"#1"},"west":{"uv":[12.5,3.5,12,4],"rotation":270,"texture":"#1"},"up":{"uv":[12.5,3.5,12,4],"rotation":270,"texture":"#1"},"down":{"uv":[12.5,3.5,12,4],"rotation":270,"texture":"#1"}}},{"from":[7.32971,13.15928,10.56064],"to":[7.8833,13.58985,10.8942],"rotation":{"angle":-45,"axis":"x","origin":[7.60651,13.37456,10.72742]},"faces":{"north":{"uv":[12.5,3.5,12,4],"rotation":90,"texture":"#1"},"east":{"uv":[12.5,3.5,12,4],"rotation":180,"texture":"#1"},"south":{"uv":[12.5,3.5,12,4],"rotation":270,"texture":"#1"},"west":{"uv":[12.5,3.5,12,4],"texture":"#1"},"up":{"uv":[12,3.5,12.5,4],"rotation":270,"texture":"#1"},"down":{"uv":[12,3.5,12.5,4],"rotation":90,"texture":"#1"}}},{"from":[7.32971,13.40887,10.45726],"to":[7.8833,13.83944,10.79082],"rotation":{"angle":0,"axis":"z","origin":[7.60651,13.62416,10.62404]},"faces":{"north":{"uv":[12.5,3.5,12,4],"rotation":90,"texture":"#1"},"east":{"uv":[12.5,3.5,12,4],"rotation":180,"texture":"#1"},"south":{"uv":[12.5,3.5,12,4],"rotation":270,"texture":"#1"},"west":{"uv":[12.5,3.5,12,4],"texture":"#1"},"up":{"uv":[12,3.5,12.5,4],"rotation":270,"texture":"#1"},"down":{"uv":[12,3.5,12.5,4],"rotation":90,"texture":"#1"}}},{"from":[7.32971,13.70697,10.51213],"to":[7.8833,14.04052,10.94271],"rotation":{"angle":-45,"axis":"x","origin":[7.60651,13.87375,10.72742]},"faces":{"north":{"uv":[12,3.5,12.5,4],"rotation":270,"texture":"#1"},"east":{"uv":[12.5,3.5,12,4],"rotation":90,"texture":"#1"},"south":{"uv":[12,3.5,12.5,4],"rotation":270,"texture":"#1"},"west":{"uv":[12.5,3.5,12,4],"rotation":90,"texture":"#1"},"up":{"uv":[12.5,3.5,12,4],"rotation":270,"texture":"#1"},"down":{"uv":[12.5,3.5,12,4],"rotation":270,"texture":"#1"}}},{"from":[8.1167,13.81035,10.76173],"to":[8.67029,14.14391,11.1923],"rotation":{"angle":0,"axis":"z","origin":[8.39349,13.97713,10.97701]},"faces":{"north":{"uv":[12.5,3.5,12,4],"rotation":90,"texture":"#1"},"east":{"uv":[12,3.5,12.5,4],"rotation":270,"texture":"#1"},"south":{"uv":[12.5,3.5,12,4],"rotation":90,"texture":"#1"},"west":{"uv":[12,3.5,12.5,4],"rotation":270,"texture":"#1"},"up":{"uv":[12,3.5,12.5,4],"rotation":90,"texture":"#1"},"down":{"uv":[12,3.5,12.5,4],"rotation":90,"texture":"#1"}}},{"from":[8.1167,13.70697,11.01132],"to":[8.67029,14.04052,11.44189],"rotation":{"angle":45,"axis":"x","origin":[8.39349,13.87375,11.2266]},"faces":{"north":{"uv":[12.5,3.5,12,4],"rotation":90,"texture":"#1"},"east":{"uv":[12,3.5,12.5,4],"rotation":270,"texture":"#1"},"south":{"uv":[12.5,3.5,12,4],"rotation":90,"texture":"#1"},"west":{"uv":[12,3.5,12.5,4],"rotation":270,"texture":"#1"},"up":{"uv":[12,3.5,12.5,4],"rotation":90,"texture":"#1"},"down":{"uv":[12,3.5,12.5,4],"rotation":90,"texture":"#1"}}},{"from":[8.1167,13.40887,11.16321],"to":[8.67029,13.83944,11.49677],"rotation":{"angle":0,"axis":"z","origin":[8.39349,13.62416,11.32999]},"faces":{"north":{"uv":[12,3.5,12.5,4],"rotation":270,"texture":"#1"},"east":{"uv":[12,3.5,12.5,4],"rotation":180,"texture":"#1"},"south":{"uv":[12,3.5,12.5,4],"rotation":90,"texture":"#1"},"west":{"uv":[12,3.5,12.5,4],"texture":"#1"},"up":{"uv":[12.5,3.5,12,4],"rotation":270,"texture":"#1"},"down":{"uv":[12.5,3.5,12,4],"rotation":90,"texture":"#1"}}},{"from":[8.1167,13.15928,11.05983],"to":[8.67029,13.58985,11.39338],"rotation":{"angle":45,"axis":"x","origin":[8.39349,13.37456,11.2266]},"faces":{"north":{"uv":[12,3.5,12.5,4],"rotation":270,"texture":"#1"},"east":{"uv":[12,3.5,12.5,4],"rotation":180,"texture":"#1"},"south":{"uv":[12,3.5,12.5,4],"rotation":90,"texture":"#1"},"west":{"uv":[12,3.5,12.5,4],"texture":"#1"},"up":{"uv":[12.5,3.5,12,4],"rotation":270,"texture":"#1"},"down":{"uv":[12.5,3.5,12,4],"rotation":90,"texture":"#1"}}},{"from":[8.1167,13.1044,10.76173],"to":[8.67029,13.43796,11.1923],"rotation":{"angle":0,"axis":"z","origin":[8.39349,13.27118,10.97701]},"faces":{"north":{"uv":[12.5,3.5,12,4],"rotation":270,"texture":"#1"},"east":{"uv":[12,3.5,12.5,4],"rotation":90,"texture":"#1"},"south":{"uv":[12.5,3.5,12,4],"rotation":270,"texture":"#1"},"west":{"uv":[12,3.5,12.5,4],"rotation":90,"texture":"#1"},"up":{"uv":[12,3.5,12.5,4],"rotation":90,"texture":"#1"},"down":{"uv":[12,3.5,12.5,4],"rotation":90,"texture":"#1"}}},{"from":[8.1167,13.15928,10.56064],"to":[8.67029,13.58985,10.8942],"rotation":{"angle":-45,"axis":"x","origin":[8.39349,13.37456,10.72742]},"faces":{"north":{"uv":[12,3.5,12.5,4],"rotation":270,"texture":"#1"},"east":{"uv":[12,3.5,12.5,4],"texture":"#1"},"south":{"uv":[12,3.5,12.5,4],"rotation":90,"texture":"#1"},"west":{"uv":[12,3.5,12.5,4],"rotation":180,"texture":"#1"},"up":{"uv":[12.5,3.5,12,4],"rotation":90,"texture":"#1"},"down":{"uv":[12.5,3.5,12,4],"rotation":270,"texture":"#1"}}},{"from":[8.1167,13.40887,10.45726],"to":[8.67029,13.83944,10.79082],"rotation":{"angle":0,"axis":"z","origin":[8.39349,13.62416,10.62404]},"faces":{"north":{"uv":[12,3.5,12.5,4],"rotation":270,"texture":"#1"},"east":{"uv":[12,3.5,12.5,4],"texture":"#1"},"south":{"uv":[12,3.5,12.5,4],"rotation":90,"texture":"#1"},"west":{"uv":[12,3.5,12.5,4],"rotation":180,"texture":"#1"},"up":{"uv":[12.5,3.5,12,4],"rotation":90,"texture":"#1"},"down":{"uv":[12.5,3.5,12,4],"rotation":270,"texture":"#1"}}},{"from":[8.1167,13.70697,10.51213],"to":[8.67029,14.04052,10.94271],"rotation":{"angle":-45,"axis":"x","origin":[8.39349,13.87375,10.72742]},"faces":{"north":{"uv":[12.5,3.5,12,4],"rotation":90,"texture":"#1"},"east":{"uv":[12,3.5,12.5,4],"rotation":270,"texture":"#1"},"south":{"uv":[12.5,3.5,12,4],"rotation":90,"texture":"#1"},"west":{"uv":[12,3.5,12.5,4],"rotation":270,"texture":"#1"},"up":{"uv":[12,3.5,12.5,4],"rotation":90,"texture":"#1"},"down":{"uv":[12,3.5,12.5,4],"rotation":90,"texture":"#1"}}},{"from":[7.3943,13.38126,10.66352],"to":[8.60541,13.97275,11.2905],"rotation":{"angle":0,"axis":"z","origin":[7.99985,13.67701,10.97701]},"faces":{"north":{"uv":[12,3.5,12.5,4],"rotation":270,"texture":"#1"},"east":{"uv":[15,3.5,15.5,4],"rotation":270,"texture":"#1"},"south":{"uv":[12,3.5,12.5,4],"rotation":270,"texture":"#1"},"west":{"uv":[15,3.5,15.5,4],"rotation":270,"texture":"#1"},"up":{"uv":[12.5,3.5,12,4],"rotation":270,"texture":"#1"},"down":{"uv":[12.5,3.5,12,4],"rotation":270,"texture":"#1"}}},{"from":[7.63672,6.60696,11.43625],"to":[8.36298,7.52398,13.06925],"rotation":{"angle":-22.5,"axis":"x","origin":[7.99985,7.06547,12.05771]},"faces":{"north":{"uv":[12,3.5,12.5,4],"rotation":270,"texture":"#1"},"east":{"uv":[12.5,3.5,12,4],"rotation":90,"texture":"#1"},"south":{"uv":[12,3.5,12.5,4],"rotation":270,"texture":"#1"},"west":{"uv":[12.5,3.5,12,4],"rotation":90,"texture":"#1"},"up":{"uv":[12.5,3.5,12,4],"rotation":270,"texture":"#1"},"down":{"uv":[12.5,3.5,12,4],"rotation":270,"texture":"#1"}}},{"from":[7.71635,1.851,12.85009],"to":[8.28335,6.47029,14.2779],"rotation":{"angle":-22.5,"axis":"x","origin":[7.99985,4.16064,13.39347]},"faces":{"north":{"uv":[12,3.5,12.5,4],"rotation":270,"texture":"#1"},"east":{"uv":[12.5,3.5,12,4],"rotation":90,"texture":"#1"},"south":{"uv":[12,3.5,12.5,4],"rotation":270,"texture":"#1"},"west":{"uv":[12.5,3.5,12,4],"rotation":90,"texture":"#1"},"up":{"uv":[12.5,3.5,12,4],"rotation":270,"texture":"#1"},"down":{"uv":[12.5,3.5,12,4],"rotation":270,"texture":"#1"}}},{"from":[7.71857,13.62682,7.94208],"to":[8.28113,13.95432,10.80673],"rotation":{"angle":0,"axis":"z","origin":[7.99985,13.79057,9.44674]},"faces":{"north":{"uv":[12,3.5,12.5,4],"rotation":270,"texture":"#1"},"east":{"uv":[12.5,3.5,12,4],"rotation":90,"texture":"#1"},"south":{"uv":[12,3.5,12.5,4],"rotation":270,"texture":"#1"},"west":{"uv":[12.5,3.5,12,4],"rotation":90,"texture":"#1"},"up":{"uv":[12.5,3.5,12,4],"rotation":270,"texture":"#1"},"down":{"uv":[12.5,3.5,12,4],"rotation":270,"texture":"#1"}}},{"from":[8.0557,13.88994,8.36209],"to":[8.28113,14.08405,8.55249],"rotation":{"angle":0,"axis":"z","origin":[8.16842,13.98699,8.45729]},"faces":{"north":{"uv":[12.5,3.5,12,4],"rotation":90,"texture":"#1"},"east":{"uv":[12,3.5,12.5,4],"rotation":270,"texture":"#1"},"south":{"uv":[12.5,3.5,12,4],"rotation":90,"texture":"#1"},"west":{"uv":[12,3.5,12.5,4],"rotation":270,"texture":"#1"},"up":{"uv":[12,3.5,12.5,4],"rotation":90,"texture":"#1"},"down":{"uv":[12,3.5,12.5,4],"rotation":90,"texture":"#1"}}},{"from":[8.0557,13.82845,8.25622],"to":[8.28113,14.01191,8.53625],"rotation":{"angle":45,"axis":"x","origin":[8.16842,13.92018,8.39623]},"faces":{"north":{"uv":[12.5,3.5,12,4],"rotation":90,"texture":"#1"},"east":{"uv":[12,3.5,12.5,4],"rotation":270,"texture":"#1"},"south":{"uv":[12.5,3.5,12,4],"rotation":90,"texture":"#1"},"west":{"uv":[12,3.5,12.5,4],"rotation":270,"texture":"#1"},"up":{"uv":[12,3.5,12.5,4],"rotation":90,"texture":"#1"},"down":{"uv":[12,3.5,12.5,4],"rotation":90,"texture":"#1"}}},{"from":[8.0557,13.82845,8.37833],"to":[8.28113,14.01191,8.65836],"rotation":{"angle":-45,"axis":"x","origin":[8.16842,13.92018,8.51834]},"faces":{"north":{"uv":[12.5,3.5,12,4],"rotation":90,"texture":"#1"},"east":{"uv":[12,3.5,12.5,4],"rotation":270,"texture":"#1"},"south":{"uv":[12.5,3.5,12,4],"rotation":90,"texture":"#1"},"west":{"uv":[12,3.5,12.5,4],"rotation":270,"texture":"#1"},"up":{"uv":[12,3.5,12.5,4],"rotation":90,"texture":"#1"},"down":{"uv":[12,3.5,12.5,4],"rotation":90,"texture":"#1"}}},{"from":[7.71857,13.88994,8.36209],"to":[7.944,14.08405,8.55249],"rotation":{"angle":0,"axis":"z","origin":[7.83129,13.98699,8.45729]},"faces":{"north":{"uv":[12.5,3.5,12,4],"rotation":90,"texture":"#1"},"east":{"uv":[12,3.5,12.5,4],"rotation":270,"texture":"#1"},"south":{"uv":[12.5,3.5,12,4],"rotation":90,"texture":"#1"},"west":{"uv":[12,3.5,12.5,4],"rotation":270,"texture":"#1"},"up":{"uv":[12,3.5,12.5,4],"rotation":90,"texture":"#1"},"down":{"uv":[12,3.5,12.5,4],"rotation":90,"texture":"#1"}}},{"from":[7.71857,13.82845,8.25622],"to":[7.944,14.01191,8.53625],"rotation":{"angle":45,"axis":"x","origin":[7.83129,13.92018,8.39623]},"faces":{"north":{"uv":[12.5,3.5,12,4],"rotation":90,"texture":"#1"},"east":{"uv":[12,3.5,12.5,4],"rotation":270,"texture":"#1"},"south":{"uv":[12.5,3.5,12,4],"rotation":90,"texture":"#1"},"west":{"uv":[12,3.5,12.5,4],"rotation":270,"texture":"#1"},"up":{"uv":[12,3.5,12.5,4],"rotation":90,"texture":"#1"},"down":{"uv":[12,3.5,12.5,4],"rotation":90,"texture":"#1"}}},{"from":[7.71857,13.82845,8.37833],"to":[7.94401,14.01191,8.65836],"rotation":{"angle":-45,"axis":"x","origin":[7.83129,13.92018,8.51834]},"faces":{"north":{"uv":[12.5,3.5,12,4],"rotation":90,"texture":"#1"},"east":{"uv":[12,3.5,12.5,4],"rotation":270,"texture":"#1"},"south":{"uv":[12.5,3.5,12,4],"rotation":90,"texture":"#1"},"west":{"uv":[12,3.5,12.5,4],"rotation":270,"texture":"#1"},"up":{"uv":[12,3.5,12.5,4],"rotation":90,"texture":"#1"},"down":{"uv":[12,3.5,12.5,4],"rotation":90,"texture":"#1"}}}],"display":{"thirdperson_righthand":{"rotation":[-12.46,-20.23,-62.96],"translation":[0,-0.25,-0.75],"scale":[0.7,0.7,0.7]},"thirdperson_lefthand":{"translation":[0,-0.75,-0.75],"scale":[0.7,0.7,0.7]},"firstperson_righthand":{"rotation":[0,0,-60.5],"translation":[-1.5,2.75,-4.25]},"firstperson_lefthand":{"translation":[0,0,-3.25]},"ground":{"rotation":[0,0,90]},"gui":{"rotation":[66.54,-63.25,74.21],"translation":[1.75,0,0],"scale":[1.3,1.3,1.3]},"head":{"rotation":[-77,0,0],"translation":[8.5,-28,1.5]},"fixed":{"rotation":[0,90,0],"translation":[-0.75,0,-1.25],"scale":[2,2,2]}},"groups":[{"name":"body","origin":[0,0,0],"color":0,"children":[0,1,2,3,4,5,6,7,8]},{"name":"fin","origin":[0,0,0],"color":0,"children":[9,10]},{"name":"btn","origin":[0,0,0],"color":0,"children":[11,12,13]},{"name":"trigger","origin":[0,0,0],"color":0,"children":[14,15,16,17,18,19,20,21]},{"name":"barrel_mid","origin":[0,0,0],"color":0,"children":[22,23,24,25,26,27,28,29,30,31,32,33,34,35,36,37,38]},{"name":"handle_screw_bottom","origin":[0,0,0],"color":0,"children":[39]},{"name":"magazine_release","origin":[0,0,0],"color":0,"children":[40,41,42,43]},{"name":"body_main","origin":[0,0,0],"color":0,"children":[44,45,46,47,48,49,50,51,52,53,54,55]},{"name":"handle","origin":[0,0,0],"color":0,"children":[56,57,58,59,60,61,62,63,64]},{"name":"handle_metal","origin":[0,0,0],"color":0,"children":[65,66,67,68,69,70]},{"name":"RELOAD","origin":[0,0,0],"color":0,"children":[71,72,73,74,75,76,77,78,79,80,81,82,83,84,85,86,87,88,89,90,91,92,93,94,95,96]}]}