{"textures":{"1":"item/gun/xeth_pistol1"},"elements":[{"from":[7.76209,9.6452,6.34845],"to":[8.23762,10.56477,7.73071],"rotation":{"angle":0,"axis":"z","origin":[7.99985,10.10498,7.03958]},"faces":{"north":{"uv":[12,3.5,12.5,4],"rotation":270,"texture":"#1"},"east":{"uv":[12.5,3.5,12,4],"rotation":90,"texture":"#1"},"south":{"uv":[12,3.5,12.5,4],"rotation":270,"texture":"#1"},"west":{"uv":[12.5,3.5,12,4],"rotation":90,"texture":"#1"},"up":{"uv":[12.5,3.5,12,4],"rotation":270,"texture":"#1"},"down":{"uv":[12.5,3.5,12,4],"rotation":270,"texture":"#1"}}},{"from":[7.76209,8.62362,8.92696],"to":[8.23762,10.0569,9.81347],"rotation":{"angle":-22.5,"axis":"x","origin":[7.99985,9.20324,9.40359]},"faces":{"north":{"uv":[12,3.5,12.5,4],"rotation":270,"texture":"#1"},"east":{"uv":[12.5,3.5,12,4],"rotation":90,"texture":"#1"},"south":{"uv":[12,3.5,12.5,4],"rotation":270,"texture":"#1"},"west":{"uv":[12.5,3.5,12,4],"rotation":90,"texture":"#1"},"up":{"uv":[12.5,3.5,12,4],"rotation":270,"texture":"#1"},"down":{"uv":[12.5,3.5,12,4],"rotation":270,"texture":"#1"}}},{"from":[7.61877,10.68021,11.96339],"to":[8.38094,11.79764,13.50504],"rotation":{"angle":0,"axis":"z","origin":[7.99985,11.23893,12.73421]},"faces":{"north":{"uv":[12,3.5,12.5,4],"rotation":270,"texture":"#1"},"east":{"uv":[12.5,3.5,12,4],"rotation":90,"texture":"#1"},"south":{"uv":[12,3.5,12.5,4],"rotation":270,"texture":"#1"},"west":{"uv":[12.5,3.5,12,4],"rotation":90,"texture":"#1"},"up":{"uv":[12.5,3.5,12,4],"rotation":270,"texture":"#1"},"down":{"uv":[12.5,3.5,12,4],"rotation":270,"texture":"#1"}}},{"from":[7.66584,10.16529,13.4471],"to":[8.33387,10.31027,14.17277],"rotation":{"angle":45,"axis":"x","origin":[7.99985,10.23778,13.80993]},"faces":{"north":{"uv":[12,3.5,12.5,4],"rotation":270,"texture":"#1"},"east":{"uv":[12.5,3.5,12,4],"rotation":90,"texture":"#1"},"south":{"uv":[12,3.5,12.5,4],"rotation":270,"texture":"#1"},"west":{"uv":[12.5,3.5,12,4],"rotation":90,"texture":"#1"},"up":{"uv":[12.5,3.5,12,4],"rotation":270,"texture":"#1"},"down":{"uv":[12.5,3.5,12,4],"rotation":270,"texture":"#1"}}},{"from":[7.65413,11.68681,13.79472],"to":[8.34557,11.75838,14.21172],"rotation":{"angle":45,"axis":"x","origin":[7.99985,11.7226,14.00322]},"faces":{"north":{"uv":[12,3.5,12.5,4],"rotation":270,"texture":"#1"},"east":{"uv":[12.5,3.5,12,4],"rotation":90,"texture":"#1"},"south":{"uv":[12,3.5,12.5,4],"rotation":270,"texture":"#1"},"west":{"uv":[12.5,3.5,12,4],"rotation":90,"texture":"#1"},"up":{"uv":[12.5,3.5,12,4],"rotation":270,"texture":"#1"},"down":{"uv":[12.5,3.5,12,4],"rotation":270,"texture":"#1"}}},{"from":[7.65413,11.82376,13.38146],"to":[8.34557,11.89533,13.8811],"rotation":{"angle":0,"axis":"z","origin":[7.99985,11.85955,13.63128]},"faces":{"north":{"uv":[12,3.5,12.5,4],"rotation":270,"texture":"#1"},"east":{"uv":[12.5,3.5,12,4],"rotation":90,"texture":"#1"},"south":{"uv":[12,3.5,12.5,4],"rotation":270,"texture":"#1"},"west":{"uv":[12.5,3.5,12,4],"rotation":90,"texture":"#1"},"up":{"uv":[12.5,3.5,12,4],"rotation":270,"texture":"#1"},"down":{"uv":[12.5,3.5,12,4],"rotation":270,"texture":"#1"}}},{"from":[7.65413,11.80867,13.53504],"to":[7.94709,11.92131,13.71579],"rotation":{"angle":45,"axis":"x","origin":[7.80061,11.86499,13.62541]},"faces":{"north":{"uv":[12,3.5,12.5,4],"rotation":270,"texture":"#1"},"east":{"uv":[12.5,3.5,12,4],"rotation":90,"texture":"#1"},"south":{"uv":[12,3.5,12.5,4],"rotation":270,"texture":"#1"},"west":{"uv":[12.5,3.5,12,4],"rotation":90,"texture":"#1"},"up":{"uv":[12.5,3.5,12,4],"rotation":270,"texture":"#1"},"down":{"uv":[12.5,3.5,12,4],"rotation":270,"texture":"#1"}}},{"from":[8.05261,11.80867,13.53504],"to":[8.34557,11.92131,13.71579],"rotation":{"angle":45,"axis":"x","origin":[8.19909,11.86499,13.62541]},"faces":{"north":{"uv":[12.5,3.5,12,4],"rotation":90,"texture":"#1"},"east":{"uv":[12,3.5,12.5,4],"rotation":270,"texture":"#1"},"south":{"uv":[12.5,3.5,12,4],"rotation":90,"texture":"#1"},"west":{"uv":[12,3.5,12.5,4],"rotation":270,"texture":"#1"},"up":{"uv":[12,3.5,12.5,4],"rotation":90,"texture":"#1"},"down":{"uv":[12,3.5,12.5,4],"rotation":90,"texture":"#1"}}},{"from":[7.40967,9.9082,7.48158],"to":[8.54794,11.25768,9.36962],"rotation":{"angle":0,"axis":"z","origin":[7.52023,10.50203,8.21066]},"faces":{"north":{"uv":[12,3.5,12.5,4],"rotation":270,"texture":"#1"},"east":{"uv":[12.5,3.5,12,4],"rotation":90,"texture":"#1"},"south":{"uv":[12,3.5,12.5,4],"rotation":270,"texture":"#1"},"west":{"uv":[12.5,3.5,12,4],"rotation":90,"texture":"#1"},"up":{"uv":[12.5,3.5,12,4],"rotation":270,"texture":"#1"},"down":{"uv":[12.5,3.5,12,4],"rotation":270,"texture":"#1"}}},{"from":[7.85996,11.34356,1.94667],"to":[8.13974,11.63717,2.45113],"rotation":{"angle":0,"axis":"z","origin":[7.99985,11.49036,2.1989]},"faces":{"north":{"uv":[12,3.5,12.5,4],"rotation":270,"texture":"#1"},"east":{"uv":[12.5,3.5,12,4],"rotation":90,"texture":"#1"},"south":{"uv":[12,3.5,12.5,4],"rotation":270,"texture":"#1"},"west":{"uv":[12.5,3.5,12,4],"rotation":90,"texture":"#1"},"up":{"uv":[12.5,3.5,12,4],"rotation":270,"texture":"#1"},"down":{"uv":[12.5,3.5,12,4],"rotation":270,"texture":"#1"}}},{"from":[7.96612,11.5754,2.06115],"to":[8.03358,11.85176,2.45113],"rotation":{"angle":0,"axis":"z","origin":[7.99985,11.71358,2.25614]},"faces":{"north":{"uv":[12,3.5,12.5,4],"rotation":270,"texture":"#1"},"east":{"uv":[12.5,3.5,12,4],"rotation":90,"texture":"#1"},"south":{"uv":[12,3.5,12.5,4],"rotation":270,"texture":"#1"},"west":{"uv":[12.5,3.5,12,4],"rotation":90,"texture":"#1"},"up":{"uv":[12.5,3.5,12,4],"rotation":270,"texture":"#1"},"down":{"uv":[12.5,3.5,12,4],"rotation":270,"texture":"#1"}}},{"from":[7.80103,8.30342,8.39496],"to":[8.19867,8.99431,8.63862],"rotation":{"angle":22.5,"axis":"x","origin":[7.99985,8.8713,8.55256]},"faces":{"north":{"uv":[11,2,10.5,2.5],"rotation":90,"texture":"#1"},"east":{"uv":[10.5,2,11,2.5],"rotation":270,"texture":"#1"},"south":{"uv":[11,2,10.5,2.5],"rotation":90,"texture":"#1"},"west":{"uv":[10.5,2,11,2.5],"rotation":270,"texture":"#1"},"up":{"uv":[10.5,2,11,2.5],"rotation":270,"texture":"#1"},"down":{"uv":[10.5,2,11,2.5],"rotation":270,"texture":"#1"}}},{"from":[7.80103,8.95201,8.42574],"to":[8.19867,9.71342,8.67914],"rotation":{"angle":0,"axis":"z","origin":[7.99985,9.33271,8.58471]},"faces":{"north":{"uv":[11,2,10.5,2.5],"rotation":90,"texture":"#1"},"east":{"uv":[10.5,2,11,2.5],"rotation":270,"texture":"#1"},"south":{"uv":[11,2,10.5,2.5],"rotation":90,"texture":"#1"},"west":{"uv":[10.5,2,11,2.5],"rotation":270,"texture":"#1"},"up":{"uv":[10.5,2,11,2.5],"rotation":270,"texture":"#1"},"down":{"uv":[10.5,2,11,2.5],"rotation":270,"texture":"#1"}}},{"from":[7.80103,9.47152,8.06414],"to":[8.19867,9.72461,8.68747],"rotation":{"angle":45,"axis":"x","origin":[7.99985,9.59806,8.32157]},"faces":{"north":{"uv":[11,2,10.5,2.5],"rotation":90,"texture":"#1"},"east":{"uv":[10.5,2,11,2.5],"rotation":270,"texture":"#1"},"south":{"uv":[11,2,10.5,2.5],"rotation":90,"texture":"#1"},"west":{"uv":[10.5,2,11,2.5],"rotation":270,"texture":"#1"},"up":{"uv":[10.5,2,11,2.5],"rotation":270,"texture":"#1"},"down":{"uv":[10.5,2,11,2.5],"rotation":270,"texture":"#1"}}},{"from":[7.76209,8.47794,7.12383],"to":[8.23762,8.95442,7.27067],"rotation":{"angle":-22.5,"axis":"x","origin":[7.99985,8.71618,7.19725]},"faces":{"north":{"uv":[12.5,3.5,12,4],"rotation":90,"texture":"#1"},"east":{"uv":[12,3.5,12.5,4],"rotation":270,"texture":"#1"},"south":{"uv":[12.5,3.5,12,4],"rotation":90,"texture":"#1"},"west":{"uv":[12,3.5,12.5,4],"rotation":270,"texture":"#1"},"up":{"uv":[12,3.5,12.5,4],"rotation":270,"texture":"#1"},"down":{"uv":[12,3.5,12.5,4],"rotation":270,"texture":"#1"}}},{"from":[7.76209,8.10652,7.58205],"to":[8.23762,8.28268,8.56443],"rotation":{"angle":0,"axis":"z","origin":[7.99985,8.16123,8.04163]},"faces":{"north":{"uv":[12,3.5,12.5,4],"rotation":90,"texture":"#1"},"east":{"uv":[12,3.5,12.5,4],"rotation":180,"texture":"#1"},"south":{"uv":[12,3.5,12.5,4],"rotation":270,"texture":"#1"},"west":{"uv":[12,3.5,12.5,4],"texture":"#1"},"up":{"uv":[12.5,3.5,12,4],"rotation":270,"texture":"#1"},"down":{"uv":[12.5,3.5,12,4],"rotation":90,"texture":"#1"}}},{"from":[7.76209,8.90818,7.03825],"to":[8.23762,9.4176,7.17945],"rotation":{"angle":0,"axis":"z","origin":[7.99985,9.16289,7.10885]},"faces":{"north":{"uv":[12.5,3.5,12,4],"rotation":90,"texture":"#1"},"east":{"uv":[12,3.5,12.5,4],"rotation":270,"texture":"#1"},"south":{"uv":[12.5,3.5,12,4],"rotation":90,"texture":"#1"},"west":{"uv":[12,3.5,12.5,4],"rotation":270,"texture":"#1"},"up":{"uv":[12,3.5,12.5,4],"rotation":270,"texture":"#1"},"down":{"uv":[12,3.5,12.5,4],"rotation":270,"texture":"#1"}}},{"from":[7.76209,8.08358,7.37982],"to":[8.23762,8.59475,7.52665],"rotation":{"angle":-45,"axis":"x","origin":[7.99985,8.33917,7.45323]},"faces":{"north":{"uv":[12.5,3.5,12,4],"rotation":90,"texture":"#1"},"east":{"uv":[12,3.5,12.5,4],"rotation":270,"texture":"#1"},"south":{"uv":[12.5,3.5,12,4],"rotation":90,"texture":"#1"},"west":{"uv":[12,3.5,12.5,4],"rotation":270,"texture":"#1"},"up":{"uv":[12,3.5,12.5,4],"rotation":270,"texture":"#1"},"down":{"uv":[12,3.5,12.5,4],"rotation":270,"texture":"#1"}}},{"from":[7.76209,8.08208,8.55671],"to":[8.23762,8.46512,8.71297],"rotation":{"angle":45,"axis":"x","origin":[7.99985,8.2736,8.66821]},"faces":{"north":{"uv":[12.5,3.5,12,4],"rotation":90,"texture":"#1"},"east":{"uv":[12,3.5,12.5,4],"rotation":270,"texture":"#1"},"south":{"uv":[12.5,3.5,12,4],"rotation":90,"texture":"#1"},"west":{"uv":[12,3.5,12.5,4],"rotation":270,"texture":"#1"},"up":{"uv":[12,3.5,12.5,4],"rotation":270,"texture":"#1"},"down":{"uv":[12,3.5,12.5,4],"rotation":270,"texture":"#1"}}},{"from":[7.76209,9.37345,6.81324],"to":[8.23762,10.1272,7.5458],"rotation":{"angle":45,"axis":"x","origin":[7.99985,9.75032,7.17952]},"faces":{"north":{"uv":[12.5,3.5,12,4],"rotation":90,"texture":"#1"},"east":{"uv":[12,3.5,12.5,4],"rotation":270,"texture":"#1"},"south":{"uv":[12.5,3.5,12,4],"rotation":90,"texture":"#1"},"west":{"uv":[12,3.5,12.5,4],"rotation":270,"texture":"#1"},"up":{"uv":[12,3.5,12.5,4],"rotation":270,"texture":"#1"},"down":{"uv":[12,3.5,12.5,4],"rotation":270,"texture":"#1"}}},{"from":[7.76209,8.3636,8.83781],"to":[8.23762,9.19798,8.99852],"rotation":{"angle":22.5,"axis":"x","origin":[7.99985,8.78079,8.95154]},"faces":{"north":{"uv":[12.5,3.5,12,4],"rotation":90,"texture":"#1"},"east":{"uv":[12,3.5,12.5,4],"rotation":270,"texture":"#1"},"south":{"uv":[12.5,3.5,12,4],"rotation":90,"texture":"#1"},"west":{"uv":[12,3.5,12.5,4],"rotation":270,"texture":"#1"},"up":{"uv":[12,3.5,12.5,4],"rotation":270,"texture":"#1"},"down":{"uv":[12,3.5,12.5,4],"rotation":270,"texture":"#1"}}},{"from":[7.76209,8.38948,8.82366],"to":[8.23762,8.71462,9.94998],"rotation":{"angle":0,"axis":"z","origin":[7.99985,8.55205,9.38682]},"faces":{"north":{"uv":[12,3.5,12.5,4],"rotation":90,"texture":"#1"},"east":{"uv":[12,3.5,12.5,4],"rotation":180,"texture":"#1"},"south":{"uv":[12,3.5,12.5,4],"rotation":270,"texture":"#1"},"west":{"uv":[12,3.5,12.5,4],"texture":"#1"},"up":{"uv":[12.5,3.5,12,4],"rotation":270,"texture":"#1"},"down":{"uv":[12.5,3.5,12,4],"rotation":90,"texture":"#1"}}},{"from":[7.83209,10.64284,4.9227],"to":[8.16761,11.45286,5.79243],"rotation":{"angle":0,"axis":"z","origin":[7.99985,11.04785,5.35757]},"faces":{"north":{"uv":[12.5,3.5,12,4],"rotation":90,"texture":"#1"},"east":{"uv":[12,3.5,12.5,4],"rotation":270,"texture":"#1"},"south":{"uv":[12.5,3.5,12,4],"rotation":90,"texture":"#1"},"west":{"uv":[12,3.5,12.5,4],"rotation":270,"texture":"#1"},"up":{"uv":[12.5,3.5,12,4],"rotation":180,"texture":"#1"},"down":{"uv":[12.5,3.5,12,4],"texture":"#1"}}},{"from":[7.59484,10.88009,4.9227],"to":[8.40486,11.21561,5.79243],"rotation":{"angle":0,"axis":"z","origin":[7.99985,11.04785,5.35757]},"faces":{"north":{"uv":[12.5,3.5,12,4],"rotation":90,"texture":"#1"},"east":{"uv":[12,3.5,12.5,4],"rotation":270,"texture":"#1"},"south":{"uv":[12.5,3.5,12,4],"rotation":90,"texture":"#1"},"west":{"uv":[12,3.5,12.5,4],"rotation":270,"texture":"#1"},"up":{"uv":[12.5,3.5,12,4],"rotation":180,"texture":"#1"},"down":{"uv":[12.5,3.5,12,4],"texture":"#1"}}},{"from":[7.83209,10.64284,4.9227],"to":[8.16761,11.45286,5.79243],"rotation":{"angle":-45,"axis":"z","origin":[7.99985,11.04785,5.35757]},"faces":{"north":{"uv":[12.5,3.5,12,4],"rotation":90,"texture":"#1"},"east":{"uv":[12,3.5,12.5,4],"rotation":270,"texture":"#1"},"south":{"uv":[12.5,3.5,12,4],"rotation":90,"texture":"#1"},"west":{"uv":[12,3.5,12.5,4],"rotation":270,"texture":"#1"},"up":{"uv":[12.5,3.5,12,4],"rotation":180,"texture":"#1"},"down":{"uv":[12.5,3.5,12,4],"texture":"#1"}}},{"from":[7.83209,10.64284,4.9227],"to":[8.16761,11.45286,5.79243],"rotation":{"angle":45,"axis":"z","origin":[7.99985,11.04785,5.35757]},"faces":{"north":{"uv":[12.5,3.5,12,4],"rotation":90,"texture":"#1"},"east":{"uv":[12,3.5,12.5,4],"rotation":270,"texture":"#1"},"south":{"uv":[12.5,3.5,12,4],"rotation":90,"texture":"#1"},"west":{"uv":[12,3.5,12.5,4],"rotation":270,"texture":"#1"},"up":{"uv":[12.5,3.5,12,4],"rotation":180,"texture":"#1"},"down":{"uv":[12.5,3.5,12,4],"texture":"#1"}}},{"from":[7.75108,10.49545,6.28016],"to":[8.24862,11.60026,12.03106],"rotation":{"angle":0,"axis":"z","origin":[7.99985,11.04785,9.15561]},"faces":{"north":{"uv":[12.5,3.5,12,4],"rotation":90,"texture":"#1"},"east":{"uv":[12,3.5,12.5,4],"rotation":270,"texture":"#1"},"south":{"uv":[12.5,3.5,12,4],"rotation":90,"texture":"#1"},"west":{"uv":[12,3.5,12.5,4],"rotation":270,"texture":"#1"},"up":{"uv":[12.5,3.5,12,4],"rotation":180,"texture":"#1"},"down":{"uv":[12.5,3.5,12,4],"texture":"#1"}}},{"from":[8.04184,11.10103,6.28016],"to":[8.3322,11.56564,12.03106],"rotation":{"angle":-45,"axis":"z","origin":[8.18702,11.33334,9.15561]},"faces":{"north":{"uv":[12.5,3.5,12,4],"rotation":90,"texture":"#1"},"east":{"uv":[12,3.5,12.5,4],"rotation":270,"texture":"#1"},"south":{"uv":[12.5,3.5,12,4],"rotation":90,"texture":"#1"},"west":{"uv":[12,3.5,12.5,4],"rotation":270,"texture":"#1"},"up":{"uv":[12.5,3.5,12,4],"rotation":180,"texture":"#1"},"down":{"uv":[12.5,3.5,12,4],"texture":"#1"}}},{"from":[7.6675,11.10103,6.28016],"to":[7.95787,11.56564,12.03106],"rotation":{"angle":45,"axis":"z","origin":[7.81269,11.33334,9.15561]},"faces":{"north":{"uv":[12.5,3.5,12,4],"rotation":90,"texture":"#1"},"east":{"uv":[12,3.5,12.5,4],"rotation":270,"texture":"#1"},"south":{"uv":[12.5,3.5,12,4],"rotation":90,"texture":"#1"},"west":{"uv":[12,3.5,12.5,4],"rotation":270,"texture":"#1"},"up":{"uv":[12.5,3.5,12,4],"rotation":180,"texture":"#1"},"down":{"uv":[12.5,3.5,12,4],"texture":"#1"}}},{"from":[7.81176,10.59376,5.61811],"to":[8.18794,11.50194,6.35394],"rotation":{"angle":0,"axis":"z","origin":[7.99985,11.04785,5.98602]},"faces":{"north":{"uv":[12.5,3.5,12,4],"rotation":90,"texture":"#1"},"east":{"uv":[12,3.5,12.5,4],"rotation":270,"texture":"#1"},"south":{"uv":[12.5,3.5,12,4],"rotation":90,"texture":"#1"},"west":{"uv":[12,3.5,12.5,4],"rotation":270,"texture":"#1"},"up":{"uv":[12.5,3.5,12,4],"rotation":180,"texture":"#1"},"down":{"uv":[12.5,3.5,12,4],"texture":"#1"}}},{"from":[7.54576,10.85976,5.61811],"to":[8.45394,11.23594,6.35394],"rotation":{"angle":0,"axis":"z","origin":[7.99985,11.04785,5.98602]},"faces":{"north":{"uv":[12.5,3.5,12,4],"rotation":90,"texture":"#1"},"east":{"uv":[12,3.5,12.5,4],"rotation":270,"texture":"#1"},"south":{"uv":[12.5,3.5,12,4],"rotation":90,"texture":"#1"},"west":{"uv":[12,3.5,12.5,4],"rotation":270,"texture":"#1"},"up":{"uv":[12.5,3.5,12,4],"rotation":180,"texture":"#1"},"down":{"uv":[12.5,3.5,12,4],"texture":"#1"}}},{"from":[7.81176,10.59376,5.61811],"to":[8.18794,11.50194,6.35394],"rotation":{"angle":-45,"axis":"z","origin":[7.99985,11.04785,5.98602]},"faces":{"north":{"uv":[12.5,3.5,12,4],"rotation":90,"texture":"#1"},"east":{"uv":[12,3.5,12.5,4],"rotation":270,"texture":"#1"},"south":{"uv":[12.5,3.5,12,4],"rotation":90,"texture":"#1"},"west":{"uv":[12,3.5,12.5,4],"rotation":270,"texture":"#1"},"up":{"uv":[12.5,3.5,12,4],"rotation":180,"texture":"#1"},"down":{"uv":[12.5,3.5,12,4],"texture":"#1"}}},{"from":[7.81176,10.59376,5.61811],"to":[8.18794,11.50194,6.35394],"rotation":{"angle":45,"axis":"z","origin":[7.99985,11.04785,5.98602]},"faces":{"north":{"uv":[12.5,3.5,12,4],"rotation":90,"texture":"#1"},"east":{"uv":[12,3.5,12.5,4],"rotation":270,"texture":"#1"},"south":{"uv":[12.5,3.5,12,4],"rotation":90,"texture":"#1"},"west":{"uv":[12,3.5,12.5,4],"rotation":270,"texture":"#1"},"up":{"uv":[12.5,3.5,12,4],"rotation":180,"texture":"#1"},"down":{"uv":[12.5,3.5,12,4],"texture":"#1"}}},{"from":[7.54576,10.41127,6.28016],"to":[8.45394,11.39494,12.0321],"rotation":{"angle":0,"axis":"z","origin":[7.99985,10.9031,9.15613]},"faces":{"north":{"uv":[12.5,3.5,12,4],"rotation":90,"texture":"#1"},"east":{"uv":[12,3.5,12.5,4],"rotation":270,"texture":"#1"},"south":{"uv":[12.5,3.5,12,4],"rotation":90,"texture":"#1"},"west":{"uv":[12,3.5,12.5,4],"rotation":270,"texture":"#1"},"up":{"uv":[12.5,3.5,12,4],"rotation":180,"texture":"#1"},"down":{"uv":[12.5,3.5,12,4],"texture":"#1"}}},{"from":[7.83209,10.64284,1.73128],"to":[8.16761,11.45286,2.60102],"rotation":{"angle":0,"axis":"z","origin":[7.99985,11.04785,2.16615]},"faces":{"north":{"uv":[12.5,3.5,12,4],"rotation":90,"texture":"#1"},"east":{"uv":[12,3.5,12.5,4],"rotation":270,"texture":"#1"},"south":{"uv":[12.5,3.5,12,4],"rotation":90,"texture":"#1"},"west":{"uv":[12,3.5,12.5,4],"rotation":270,"texture":"#1"},"up":{"uv":[12.5,3.5,12,4],"rotation":180,"texture":"#1"},"down":{"uv":[12.5,3.5,12,4],"texture":"#1"}}},{"from":[7.59484,10.8801,1.73128],"to":[8.40486,11.21562,2.60102],"rotation":{"angle":0,"axis":"z","origin":[7.99985,11.04786,2.16615]},"faces":{"north":{"uv":[12.5,3.5,12,4],"rotation":90,"texture":"#1"},"east":{"uv":[12,3.5,12.5,4],"rotation":270,"texture":"#1"},"south":{"uv":[12.5,3.5,12,4],"rotation":90,"texture":"#1"},"west":{"uv":[12,3.5,12.5,4],"rotation":270,"texture":"#1"},"up":{"uv":[12.5,3.5,12,4],"rotation":180,"texture":"#1"},"down":{"uv":[12.5,3.5,12,4],"texture":"#1"}}},{"from":[7.83209,10.64284,1.73128],"to":[8.16761,11.45286,2.60102],"rotation":{"angle":-45,"axis":"z","origin":[7.99985,11.04785,2.16615]},"faces":{"north":{"uv":[12.5,3.5,12,4],"rotation":90,"texture":"#1"},"east":{"uv":[12,3.5,12.5,4],"rotation":270,"texture":"#1"},"south":{"uv":[12.5,3.5,12,4],"rotation":90,"texture":"#1"},"west":{"uv":[12,3.5,12.5,4],"rotation":270,"texture":"#1"},"up":{"uv":[12.5,3.5,12,4],"rotation":180,"texture":"#1"},"down":{"uv":[12.5,3.5,12,4],"texture":"#1"}}},{"from":[7.83209,10.64284,1.73128],"to":[8.16761,11.45286,2.60102],"rotation":{"angle":45,"axis":"z","origin":[7.99985,11.04785,2.16615]},"faces":{"north":{"uv":[12.5,3.5,12,4],"rotation":90,"texture":"#1"},"east":{"uv":[12,3.5,12.5,4],"rotation":270,"texture":"#1"},"south":{"uv":[12.5,3.5,12,4],"rotation":90,"texture":"#1"},"west":{"uv":[12,3.5,12.5,4],"rotation":270,"texture":"#1"},"up":{"uv":[12.5,3.5,12,4],"rotation":180,"texture":"#1"},"down":{"uv":[12.5,3.5,12,4],"texture":"#1"}}},{"from":[7.73247,10.78047,2.54274],"to":[8.26724,11.31524,4.96406],"rotation":{"angle":0,"axis":"z","origin":[7.99985,11.04786,3.7534]},"faces":{"north":{"uv":[12.5,3.5,12,4],"rotation":90,"texture":"#1"},"east":{"uv":[12,3.5,12.5,4],"rotation":270,"texture":"#1"},"south":{"uv":[12.5,3.5,12,4],"rotation":90,"texture":"#1"},"west":{"uv":[12,3.5,12.5,4],"rotation":270,"texture":"#1"},"up":{"uv":[12,3.5,12.5,4],"rotation":90,"texture":"#1"},"down":{"uv":[12,3.5,12.5,4],"rotation":90,"texture":"#1"}}},{"from":[7.42239,4.70844,12.833],"to":[8.57731,5.25945,13.41042],"rotation":{"angle":45,"axis":"x","origin":[7.99985,4.98394,13.12171]},"faces":{"north":{"uv":[12,3.5,12.5,4],"rotation":270,"texture":"#1"},"east":{"uv":[12.5,3.5,12,4],"rotation":90,"texture":"#1"},"south":{"uv":[12,3.5,12.5,4],"rotation":270,"texture":"#1"},"west":{"uv":[12.5,3.5,12,4],"rotation":90,"texture":"#1"},"up":{"uv":[12.5,3.5,12,4],"rotation":270,"texture":"#1"},"down":{"uv":[12.5,3.5,12,4],"rotation":270,"texture":"#1"}}},{"from":[7.44272,8.48596,9.14535],"to":[8.55698,9.09176,9.39628],"rotation":{"angle":0,"axis":"z","origin":[7.99985,8.78886,9.27082]},"faces":{"north":{"uv":[13.5,5,14,5.5],"rotation":270,"texture":"#1"},"east":{"uv":[14,5,13.5,5.5],"rotation":90,"texture":"#1"},"south":{"uv":[13.5,5,14,5.5],"rotation":270,"texture":"#1"},"west":{"uv":[14,5,13.5,5.5],"rotation":90,"texture":"#1"},"up":{"uv":[14,5,13.5,5.5],"rotation":270,"texture":"#1"},"down":{"uv":[14,5,13.5,5.5],"rotation":270,"texture":"#1"}}},{"from":[7.44272,8.66339,8.96791],"to":[8.55698,8.91433,9.57372],"rotation":{"angle":0,"axis":"z","origin":[7.99985,8.78886,9.27082]},"faces":{"north":{"uv":[13.5,5,14,5.5],"rotation":270,"texture":"#1"},"east":{"uv":[14,5,13.5,5.5],"rotation":90,"texture":"#1"},"south":{"uv":[13.5,5,14,5.5],"rotation":270,"texture":"#1"},"west":{"uv":[14,5,13.5,5.5],"rotation":90,"texture":"#1"},"up":{"uv":[14,5,13.5,5.5],"rotation":270,"texture":"#1"},"down":{"uv":[14,5,13.5,5.5],"rotation":270,"texture":"#1"}}},{"from":[7.44272,8.48596,9.14535],"to":[8.55698,9.09176,9.39628],"rotation":{"angle":45,"axis":"x","origin":[7.99985,8.78886,9.27082]},"faces":{"north":{"uv":[13.5,5,14,5.5],"rotation":270,"texture":"#1"},"east":{"uv":[14,5,13.5,5.5],"rotation":90,"texture":"#1"},"south":{"uv":[13.5,5,14,5.5],"rotation":270,"texture":"#1"},"west":{"uv":[14,5,13.5,5.5],"rotation":90,"texture":"#1"},"up":{"uv":[14,5,13.5,5.5],"rotation":270,"texture":"#1"},"down":{"uv":[14,5,13.5,5.5],"rotation":270,"texture":"#1"}}},{"from":[7.44272,8.48596,9.14535],"to":[8.55698,9.09176,9.39628],"rotation":{"angle":-45,"axis":"x","origin":[7.99985,8.78886,9.27082]},"faces":{"north":{"uv":[13.5,5,14,5.5],"rotation":270,"texture":"#1"},"east":{"uv":[14,5,13.5,5.5],"rotation":90,"texture":"#1"},"south":{"uv":[13.5,5,14,5.5],"rotation":270,"texture":"#1"},"west":{"uv":[14,5,13.5,5.5],"rotation":90,"texture":"#1"},"up":{"uv":[14,5,13.5,5.5],"rotation":270,"texture":"#1"},"down":{"uv":[14,5,13.5,5.5],"rotation":270,"texture":"#1"}}},{"from":[7.49082,10.98079,13.64823],"to":[8.50888,11.35456,14.0935],"rotation":{"angle":22.5,"axis":"x","origin":[7.99985,11.16767,13.87087]},"faces":{"north":{"uv":[12,3.5,12.5,4],"rotation":270,"texture":"#1"},"east":{"uv":[12.5,3.5,12,4],"rotation":90,"texture":"#1"},"south":{"uv":[12,3.5,12.5,4],"rotation":270,"texture":"#1"},"west":{"uv":[12.5,3.5,12,4],"rotation":90,"texture":"#1"},"up":{"uv":[12.5,3.5,12,4],"rotation":270,"texture":"#1"},"down":{"uv":[12.5,3.5,12,4],"rotation":270,"texture":"#1"}}},{"from":[7.49082,11.25513,13.68352],"to":[8.50888,11.49371,14.14807],"rotation":{"angle":0,"axis":"z","origin":[7.99985,11.37442,13.58277]},"faces":{"north":{"uv":[12,3.5,12.5,4],"rotation":270,"texture":"#1"},"east":{"uv":[12.5,3.5,12,4],"rotation":90,"texture":"#1"},"south":{"uv":[12,3.5,12.5,4],"rotation":270,"texture":"#1"},"west":{"uv":[12.5,3.5,12,4],"rotation":90,"texture":"#1"},"up":{"uv":[12.5,3.5,12,4],"rotation":270,"texture":"#1"},"down":{"uv":[12.5,3.5,12,4],"rotation":270,"texture":"#1"}}},{"from":[7.49082,11.13743,13.57519],"to":[8.50888,11.86738,13.86412],"rotation":{"angle":45,"axis":"x","origin":[7.99985,11.5024,13.71966]},"faces":{"north":{"uv":[12,3.5,12.5,4],"rotation":270,"texture":"#1"},"east":{"uv":[12.5,3.5,12,4],"rotation":90,"texture":"#1"},"south":{"uv":[12,3.5,12.5,4],"rotation":270,"texture":"#1"},"west":{"uv":[12.5,3.5,12,4],"rotation":90,"texture":"#1"},"up":{"uv":[12.5,3.5,12,4],"rotation":270,"texture":"#1"},"down":{"uv":[12.5,3.5,12,4],"rotation":270,"texture":"#1"}}},{"from":[7.49082,9.62994,7.59379],"to":[8.50888,10.73815,12.88693],"rotation":{"angle":0,"axis":"z","origin":[7.99985,10.30811,10.24036]},"faces":{"north":{"uv":[12,3.5,12.5,4],"rotation":270,"texture":"#1"},"east":{"uv":[12.5,3.5,12,4],"rotation":90,"texture":"#1"},"south":{"uv":[12,3.5,12.5,4],"rotation":270,"texture":"#1"},"west":{"uv":[12.5,3.5,12,4],"rotation":90,"texture":"#1"},"up":{"uv":[12.5,3.5,12,4],"rotation":270,"texture":"#1"},"down":{"uv":[12.5,3.5,12,4],"rotation":270,"texture":"#1"}}},{"from":[7.49082,11.05716,13.19094],"to":[8.50888,11.86263,13.87558],"rotation":{"angle":0,"axis":"z","origin":[7.99985,11.45989,13.53326]},"faces":{"north":{"uv":[12,3.5,12.5,4],"rotation":270,"texture":"#1"},"east":{"uv":[12.5,3.5,12,4],"rotation":90,"texture":"#1"},"south":{"uv":[12,3.5,12.5,4],"rotation":270,"texture":"#1"},"west":{"uv":[12.5,3.5,12,4],"rotation":90,"texture":"#1"},"up":{"uv":[12.5,3.5,12,4],"rotation":270,"texture":"#1"},"down":{"uv":[12.5,3.5,12,4],"rotation":270,"texture":"#1"}}},{"from":[7.49082,10.32794,13.22581],"to":[8.50888,11.13341,14.10025],"rotation":{"angle":0,"axis":"z","origin":[7.99985,10.73068,13.66303]},"faces":{"north":{"uv":[12,3.5,12.5,4],"rotation":270,"texture":"#1"},"east":{"uv":[12.5,3.5,12,4],"rotation":90,"texture":"#1"},"south":{"uv":[12,3.5,12.5,4],"rotation":270,"texture":"#1"},"west":{"uv":[12.5,3.5,12,4],"rotation":90,"texture":"#1"},"up":{"uv":[12.5,3.5,12,4],"rotation":270,"texture":"#1"},"down":{"uv":[12.5,3.5,12,4],"rotation":270,"texture":"#1"}}},{"from":[7.49082,9.97881,12.99854],"to":[8.50888,10.78429,13.95564],"rotation":{"angle":45,"axis":"x","origin":[7.99985,10.38155,13.47709]},"faces":{"north":{"uv":[12,3.5,12.5,4],"rotation":270,"texture":"#1"},"east":{"uv":[12.5,3.5,12,4],"rotation":90,"texture":"#1"},"south":{"uv":[12,3.5,12.5,4],"rotation":270,"texture":"#1"},"west":{"uv":[12.5,3.5,12,4],"rotation":90,"texture":"#1"},"up":{"uv":[12.5,3.5,12,4],"rotation":270,"texture":"#1"},"down":{"uv":[12.5,3.5,12,4],"rotation":270,"texture":"#1"}}},{"from":[7.49082,9.42504,11.85488],"to":[8.50888,10.23052,13.43679],"rotation":{"angle":-22.5,"axis":"x","origin":[7.99985,9.82778,12.64583]},"faces":{"north":{"uv":[12,3.5,12.5,4],"rotation":270,"texture":"#1"},"east":{"uv":[12.5,3.5,12,4],"rotation":90,"texture":"#1"},"south":{"uv":[12,3.5,12.5,4],"rotation":270,"texture":"#1"},"west":{"uv":[12.5,3.5,12,4],"rotation":90,"texture":"#1"},"up":{"uv":[12.5,3.5,12,4],"rotation":270,"texture":"#1"},"down":{"uv":[12.5,3.5,12,4],"rotation":270,"texture":"#1"}}},{"from":[7.49082,11.3361,13.3557],"to":[8.50888,11.51428,14.14398],"rotation":{"angle":-22.5,"axis":"x","origin":[7.99985,11.42519,13.74984]},"faces":{"north":{"uv":[12,3.5,12.5,4],"rotation":270,"texture":"#1"},"east":{"uv":[12.5,3.5,12,4],"rotation":90,"texture":"#1"},"south":{"uv":[12,3.5,12.5,4],"rotation":270,"texture":"#1"},"west":{"uv":[12.5,3.5,12,4],"rotation":90,"texture":"#1"},"up":{"uv":[12.5,3.5,12,4],"rotation":270,"texture":"#1"},"down":{"uv":[12.5,3.5,12,4],"rotation":270,"texture":"#1"}}},{"from":[7.49082,10.88295,12.94279],"to":[8.50888,11.75787,13.71761],"rotation":{"angle":22.5,"axis":"x","origin":[7.99985,11.18648,13.3302]},"faces":{"north":{"uv":[12,3.5,12.5,4],"rotation":270,"texture":"#1"},"east":{"uv":[12.5,3.5,12,4],"rotation":90,"texture":"#1"},"south":{"uv":[12,3.5,12.5,4],"rotation":270,"texture":"#1"},"west":{"uv":[12.5,3.5,12,4],"rotation":90,"texture":"#1"},"up":{"uv":[12.5,3.5,12,4],"rotation":270,"texture":"#1"},"down":{"uv":[12.5,3.5,12,4],"rotation":270,"texture":"#1"}}},{"from":[7.49082,10.26247,12.56202],"to":[8.50888,11.13025,13.33683],"rotation":{"angle":45,"axis":"x","origin":[7.99985,10.69636,12.94943]},"faces":{"north":{"uv":[12,3.5,12.5,4],"rotation":270,"texture":"#1"},"east":{"uv":[12.5,3.5,12,4],"rotation":90,"texture":"#1"},"south":{"uv":[12,3.5,12.5,4],"rotation":270,"texture":"#1"},"west":{"uv":[12.5,3.5,12,4],"rotation":90,"texture":"#1"},"up":{"uv":[12.5,3.5,12,4],"rotation":270,"texture":"#1"},"down":{"uv":[12.5,3.5,12,4],"rotation":270,"texture":"#1"}}},{"from":[7.40729,9.94689,12.0024],"to":[7.71556,10.2552,13.42621],"rotation":{"angle":-22.5,"axis":"x","origin":[7.56143,10.10104,12.71431]},"faces":{"north":{"uv":[12,3.5,12.5,4],"rotation":270,"texture":"#1"},"east":{"uv":[12.5,3.5,12,4],"rotation":90,"texture":"#1"},"south":{"uv":[12,3.5,12.5,4],"rotation":270,"texture":"#1"},"west":{"uv":[12.5,3.5,12,4],"rotation":90,"texture":"#1"},"up":{"uv":[12.5,3.5,12,4],"rotation":270,"texture":"#1"},"down":{"uv":[12.5,3.5,12,4],"rotation":270,"texture":"#1"}}},{"from":[7.47341,5.68243,11.86457],"to":[8.5263,7.90829,13.31254],"rotation":{"angle":-45,"axis":"x","origin":[7.99985,6.79536,12.58856]},"faces":{"north":{"uv":[0.5,15,1,15.5],"rotation":270,"texture":"#1"},"east":{"uv":[1,15,0.5,15.5],"rotation":90,"texture":"#1"},"south":{"uv":[0.5,15,1,15.5],"rotation":270,"texture":"#1"},"west":{"uv":[1,15,0.5,15.5],"rotation":90,"texture":"#1"},"up":{"uv":[1,15,0.5,15.5],"rotation":270,"texture":"#1"},"down":{"uv":[1,15,0.5,15.5],"rotation":270,"texture":"#1"}}},{"from":[7.47341,4.99705,13.51186],"to":[8.5263,5.83909,14.16963],"rotation":{"angle":0,"axis":"z","origin":[7.99985,5.56479,13.84074]},"faces":{"north":{"uv":[0.5,15,1,15.5],"rotation":270,"texture":"#1"},"east":{"uv":[1,15,0.5,15.5],"rotation":90,"texture":"#1"},"south":{"uv":[0.5,15,1,15.5],"rotation":270,"texture":"#1"},"west":{"uv":[1,15,0.5,15.5],"rotation":90,"texture":"#1"},"up":{"uv":[1,15,0.5,15.5],"rotation":270,"texture":"#1"},"down":{"uv":[1,15,0.5,15.5],"rotation":270,"texture":"#1"}}},{"from":[7.47341,4.75213,10.86348],"to":[8.5263,9.49802,13.05555],"rotation":{"angle":-22.5,"axis":"x","origin":[7.99985,7.12508,11.95951]},"faces":{"north":{"uv":[0.5,15,1,15.5],"rotation":270,"texture":"#1"},"east":{"uv":[1,15,0.5,15.5],"rotation":90,"texture":"#1"},"south":{"uv":[0.5,15,1,15.5],"rotation":270,"texture":"#1"},"west":{"uv":[1,15,0.5,15.5],"rotation":90,"texture":"#1"},"up":{"uv":[1,15,0.5,15.5],"rotation":270,"texture":"#1"},"down":{"uv":[1,15,0.5,15.5],"rotation":270,"texture":"#1"}}},{"from":[7.47341,4.33539,11.9882],"to":[8.5263,5.18302,12.74954],"rotation":{"angle":22.5,"axis":"x","origin":[7.99985,4.75921,12.36887]},"faces":{"north":{"uv":[0.5,15,1,15.5],"rotation":270,"texture":"#1"},"east":{"uv":[1,15,0.5,15.5],"rotation":90,"texture":"#1"},"south":{"uv":[0.5,15,1,15.5],"rotation":270,"texture":"#1"},"west":{"uv":[1,15,0.5,15.5],"rotation":90,"texture":"#1"},"up":{"uv":[1,15,0.5,15.5],"rotation":270,"texture":"#1"},"down":{"uv":[1,15,0.5,15.5],"rotation":270,"texture":"#1"}}},{"from":[7.47341,5.63178,13.12743],"to":[8.5263,6.36915,14.06419],"rotation":{"angle":-22.5,"axis":"x","origin":[7.99985,6.00047,13.59581]},"faces":{"north":{"uv":[0.5,15,1,15.5],"rotation":270,"texture":"#1"},"east":{"uv":[1,15,0.5,15.5],"rotation":90,"texture":"#1"},"south":{"uv":[0.5,15,1,15.5],"rotation":270,"texture":"#1"},"west":{"uv":[1,15,0.5,15.5],"rotation":90,"texture":"#1"},"up":{"uv":[1,15,0.5,15.5],"rotation":270,"texture":"#1"},"down":{"uv":[1,15,0.5,15.5],"rotation":270,"texture":"#1"}}},{"from":[7.47341,7.84879,9.95397],"to":[8.5263,9.3572,11.58651],"rotation":{"angle":45,"axis":"x","origin":[7.99985,8.603,10.77024]},"faces":{"north":{"uv":[0.5,15,1,15.5],"rotation":270,"texture":"#1"},"east":{"uv":[1,15,0.5,15.5],"rotation":90,"texture":"#1"},"south":{"uv":[0.5,15,1,15.5],"rotation":270,"texture":"#1"},"west":{"uv":[1,15,0.5,15.5],"rotation":90,"texture":"#1"},"up":{"uv":[1,15,0.5,15.5],"rotation":270,"texture":"#1"},"down":{"uv":[1,15,0.5,15.5],"rotation":270,"texture":"#1"}}},{"from":[7.47341,8.64688,9.1037],"to":[8.5263,9.9211,12.49621],"rotation":{"angle":0,"axis":"z","origin":[7.99985,9.28399,10.82567]},"faces":{"north":{"uv":[0.5,15,1,15.5],"rotation":270,"texture":"#1"},"east":{"uv":[1,15,0.5,15.5],"rotation":90,"texture":"#1"},"south":{"uv":[0.5,15,1,15.5],"rotation":270,"texture":"#1"},"west":{"uv":[1,15,0.5,15.5],"rotation":90,"texture":"#1"},"up":{"uv":[1,15,0.5,15.5],"rotation":270,"texture":"#1"},"down":{"uv":[1,15,0.5,15.5],"rotation":270,"texture":"#1"}}},{"from":[7.47341,9.06078,8.94629],"to":[8.5263,10.21753,9.41261],"rotation":{"angle":-22.5,"axis":"x","origin":[7.99985,9.52538,9.17945]},"faces":{"north":{"uv":[0.5,15,1,15.5],"rotation":270,"texture":"#1"},"east":{"uv":[1,15,0.5,15.5],"rotation":90,"texture":"#1"},"south":{"uv":[0.5,15,1,15.5],"rotation":270,"texture":"#1"},"west":{"uv":[1,15,0.5,15.5],"rotation":90,"texture":"#1"},"up":{"uv":[1,15,0.5,15.5],"rotation":270,"texture":"#1"},"down":{"uv":[1,15,0.5,15.5],"rotation":270,"texture":"#1"}}},{"from":[7.47341,4.84129,13.21724],"to":[8.5263,5.09748,14.13865],"rotation":{"angle":22.5,"axis":"x","origin":[7.99985,4.96938,13.9017]},"faces":{"north":{"uv":[0.5,15,1,15.5],"rotation":270,"texture":"#1"},"east":{"uv":[1,15,0.5,15.5],"rotation":90,"texture":"#1"},"south":{"uv":[0.5,15,1,15.5],"rotation":270,"texture":"#1"},"west":{"uv":[1,15,0.5,15.5],"rotation":90,"texture":"#1"},"up":{"uv":[1,15,0.5,15.5],"rotation":270,"texture":"#1"},"down":{"uv":[1,15,0.5,15.5],"rotation":270,"texture":"#1"}}},{"from":[7.63672,5.66758,11.83745],"to":[8.36298,8.0153,13.3647],"rotation":{"angle":-45,"axis":"x","origin":[7.99985,6.84144,12.60108]},"faces":{"north":{"uv":[12,3.5,12.5,4],"rotation":270,"texture":"#1"},"east":{"uv":[12.5,3.5,12,4],"rotation":90,"texture":"#1"},"south":{"uv":[12,3.5,12.5,4],"rotation":270,"texture":"#1"},"west":{"uv":[12.5,3.5,12,4],"rotation":90,"texture":"#1"},"up":{"uv":[12.5,3.5,12,4],"rotation":270,"texture":"#1"},"down":{"uv":[12.5,3.5,12,4],"rotation":270,"texture":"#1"}}},{"from":[7.63672,4.68635,10.78154],"to":[8.36298,9.69208,13.09364],"rotation":{"angle":-22.5,"axis":"x","origin":[7.99985,7.18921,11.93759]},"faces":{"north":{"uv":[12,3.5,12.5,4],"rotation":270,"texture":"#1"},"east":{"uv":[12.5,3.5,12,4],"rotation":90,"texture":"#1"},"south":{"uv":[12,3.5,12.5,4],"rotation":270,"texture":"#1"},"west":{"uv":[12.5,3.5,12,4],"rotation":90,"texture":"#1"},"up":{"uv":[12.5,3.5,12,4],"rotation":270,"texture":"#1"},"down":{"uv":[12.5,3.5,12,4],"rotation":270,"texture":"#1"}}},{"from":[7.63672,4.24679,11.96785],"to":[8.36298,5.14083,12.77088],"rotation":{"angle":22.5,"axis":"x","origin":[7.99985,4.69381,12.36936]},"faces":{"north":{"uv":[12,3.5,12.5,4],"rotation":270,"texture":"#1"},"east":{"uv":[12.5,3.5,12,4],"rotation":90,"texture":"#1"},"south":{"uv":[12,3.5,12.5,4],"rotation":270,"texture":"#1"},"west":{"uv":[12.5,3.5,12,4],"rotation":90,"texture":"#1"},"up":{"uv":[12.5,3.5,12,4],"rotation":270,"texture":"#1"},"down":{"uv":[12.5,3.5,12,4],"rotation":270,"texture":"#1"}}},{"from":[7.63672,4.76669,12.75919],"to":[8.36298,5.83282,14.26872],"rotation":{"angle":0,"axis":"z","origin":[7.99985,5.01043,13.51396]},"faces":{"north":{"uv":[12,3.5,12.5,4],"rotation":270,"texture":"#1"},"east":{"uv":[12.5,3.5,12,4],"rotation":90,"texture":"#1"},"south":{"uv":[12,3.5,12.5,4],"rotation":270,"texture":"#1"},"west":{"uv":[12.5,3.5,12,4],"rotation":90,"texture":"#1"},"up":{"uv":[12.5,3.5,12,4],"rotation":270,"texture":"#1"},"down":{"uv":[12.5,3.5,12,4],"rotation":270,"texture":"#1"}}},{"from":[7.63672,5.61416,13.16945],"to":[8.36298,6.3919,14.15751],"rotation":{"angle":-22.5,"axis":"x","origin":[7.99985,6.00303,13.66348]},"faces":{"north":{"uv":[12,3.5,12.5,4],"rotation":270,"texture":"#1"},"east":{"uv":[12.5,3.5,12,4],"rotation":90,"texture":"#1"},"south":{"uv":[12,3.5,12.5,4],"rotation":270,"texture":"#1"},"west":{"uv":[12.5,3.5,12,4],"rotation":90,"texture":"#1"},"up":{"uv":[12.5,3.5,12,4],"rotation":270,"texture":"#1"},"down":{"uv":[12.5,3.5,12,4],"rotation":270,"texture":"#1"}}},{"from":[7.63672,8.32531,11.9342],"to":[8.36298,9.47844,12.67526],"rotation":{"angle":0,"axis":"z","origin":[7.99985,9.31253,12.30473]},"faces":{"north":{"uv":[12,3.5,12.5,4],"rotation":270,"texture":"#1"},"east":{"uv":[12.5,3.5,12,4],"rotation":90,"texture":"#1"},"south":{"uv":[12,3.5,12.5,4],"rotation":270,"texture":"#1"},"west":{"uv":[12.5,3.5,12,4],"rotation":90,"texture":"#1"},"up":{"uv":[12.5,3.5,12,4],"rotation":270,"texture":"#1"},"down":{"uv":[12.5,3.5,12,4],"rotation":270,"texture":"#1"}}},{"from":[7.32971,11.59794,11.58745],"to":[7.8833,11.93149,12.01803],"rotation":{"angle":0,"axis":"z","origin":[7.60651,11.76472,11.80274]},"faces":{"north":{"uv":[12,3.5,12.5,4],"rotation":270,"texture":"#1"},"east":{"uv":[12.5,3.5,12,4],"rotation":90,"texture":"#1"},"south":{"uv":[12,3.5,12.5,4],"rotation":270,"texture":"#1"},"west":{"uv":[12.5,3.5,12,4],"rotation":90,"texture":"#1"},"up":{"uv":[12.5,3.5,12,4],"rotation":270,"texture":"#1"},"down":{"uv":[12.5,3.5,12,4],"rotation":270,"texture":"#1"}}},{"from":[7.32971,11.49455,11.83704],"to":[7.8833,11.82811,12.26762],"rotation":{"angle":45,"axis":"x","origin":[7.60651,11.66133,12.05233]},"faces":{"north":{"uv":[12,3.5,12.5,4],"rotation":270,"texture":"#1"},"east":{"uv":[12.5,3.5,12,4],"rotation":90,"texture":"#1"},"south":{"uv":[12,3.5,12.5,4],"rotation":270,"texture":"#1"},"west":{"uv":[12.5,3.5,12,4],"rotation":90,"texture":"#1"},"up":{"uv":[12.5,3.5,12,4],"rotation":270,"texture":"#1"},"down":{"uv":[12.5,3.5,12,4],"rotation":270,"texture":"#1"}}},{"from":[7.32971,11.19645,11.98894],"to":[7.8833,11.62703,12.32249],"rotation":{"angle":0,"axis":"z","origin":[7.60651,11.41174,12.15572]},"faces":{"north":{"uv":[12.5,3.5,12,4],"rotation":90,"texture":"#1"},"east":{"uv":[12.5,3.5,12,4],"texture":"#1"},"south":{"uv":[12.5,3.5,12,4],"rotation":270,"texture":"#1"},"west":{"uv":[12.5,3.5,12,4],"rotation":180,"texture":"#1"},"up":{"uv":[12,3.5,12.5,4],"rotation":90,"texture":"#1"},"down":{"uv":[12,3.5,12.5,4],"rotation":270,"texture":"#1"}}},{"from":[7.32971,10.94686,11.88555],"to":[7.8833,11.37744,12.21911],"rotation":{"angle":45,"axis":"x","origin":[7.60651,11.16215,12.05233]},"faces":{"north":{"uv":[12.5,3.5,12,4],"rotation":90,"texture":"#1"},"east":{"uv":[12.5,3.5,12,4],"texture":"#1"},"south":{"uv":[12.5,3.5,12,4],"rotation":270,"texture":"#1"},"west":{"uv":[12.5,3.5,12,4],"rotation":180,"texture":"#1"},"up":{"uv":[12,3.5,12.5,4],"rotation":90,"texture":"#1"},"down":{"uv":[12,3.5,12.5,4],"rotation":270,"texture":"#1"}}},{"from":[7.32971,10.89199,11.58745],"to":[7.8833,11.22555,12.01803],"rotation":{"angle":0,"axis":"z","origin":[7.60651,11.05877,11.80274]},"faces":{"north":{"uv":[12,3.5,12.5,4],"rotation":90,"texture":"#1"},"east":{"uv":[12.5,3.5,12,4],"rotation":270,"texture":"#1"},"south":{"uv":[12,3.5,12.5,4],"rotation":90,"texture":"#1"},"west":{"uv":[12.5,3.5,12,4],"rotation":270,"texture":"#1"},"up":{"uv":[12.5,3.5,12,4],"rotation":270,"texture":"#1"},"down":{"uv":[12.5,3.5,12,4],"rotation":270,"texture":"#1"}}},{"from":[7.32971,10.94686,11.38637],"to":[7.8833,11.37744,11.71993],"rotation":{"angle":-45,"axis":"x","origin":[7.60651,11.16215,11.55315]},"faces":{"north":{"uv":[12.5,3.5,12,4],"rotation":90,"texture":"#1"},"east":{"uv":[12.5,3.5,12,4],"rotation":180,"texture":"#1"},"south":{"uv":[12.5,3.5,12,4],"rotation":270,"texture":"#1"},"west":{"uv":[12.5,3.5,12,4],"texture":"#1"},"up":{"uv":[12,3.5,12.5,4],"rotation":270,"texture":"#1"},"down":{"uv":[12,3.5,12.5,4],"rotation":90,"texture":"#1"}}},{"from":[7.32971,11.19645,11.28299],"to":[7.8833,11.62703,11.61654],"rotation":{"angle":0,"axis":"z","origin":[7.60651,11.41174,11.44977]},"faces":{"north":{"uv":[12.5,3.5,12,4],"rotation":90,"texture":"#1"},"east":{"uv":[12.5,3.5,12,4],"rotation":180,"texture":"#1"},"south":{"uv":[12.5,3.5,12,4],"rotation":270,"texture":"#1"},"west":{"uv":[12.5,3.5,12,4],"texture":"#1"},"up":{"uv":[12,3.5,12.5,4],"rotation":270,"texture":"#1"},"down":{"uv":[12,3.5,12.5,4],"rotation":90,"texture":"#1"}}},{"from":[7.32971,11.49455,11.33786],"to":[7.8833,11.82811,11.76844],"rotation":{"angle":-45,"axis":"x","origin":[7.60651,11.66133,11.55315]},"faces":{"north":{"uv":[12,3.5,12.5,4],"rotation":270,"texture":"#1"},"east":{"uv":[12.5,3.5,12,4],"rotation":90,"texture":"#1"},"south":{"uv":[12,3.5,12.5,4],"rotation":270,"texture":"#1"},"west":{"uv":[12.5,3.5,12,4],"rotation":90,"texture":"#1"},"up":{"uv":[12.5,3.5,12,4],"rotation":270,"texture":"#1"},"down":{"uv":[12.5,3.5,12,4],"rotation":270,"texture":"#1"}}},{"from":[8.1167,11.59794,11.58745],"to":[8.67029,11.93149,12.01803],"rotation":{"angle":0,"axis":"z","origin":[8.39349,11.76472,11.80274]},"faces":{"north":{"uv":[12.5,3.5,12,4],"rotation":90,"texture":"#1"},"east":{"uv":[12,3.5,12.5,4],"rotation":270,"texture":"#1"},"south":{"uv":[12.5,3.5,12,4],"rotation":90,"texture":"#1"},"west":{"uv":[12,3.5,12.5,4],"rotation":270,"texture":"#1"},"up":{"uv":[12,3.5,12.5,4],"rotation":90,"texture":"#1"},"down":{"uv":[12,3.5,12.5,4],"rotation":90,"texture":"#1"}}},{"from":[8.1167,11.49455,11.83704],"to":[8.67029,11.82811,12.26762],"rotation":{"angle":45,"axis":"x","origin":[8.39349,11.66133,12.05233]},"faces":{"north":{"uv":[12.5,3.5,12,4],"rotation":90,"texture":"#1"},"east":{"uv":[12,3.5,12.5,4],"rotation":270,"texture":"#1"},"south":{"uv":[12.5,3.5,12,4],"rotation":90,"texture":"#1"},"west":{"uv":[12,3.5,12.5,4],"rotation":270,"texture":"#1"},"up":{"uv":[12,3.5,12.5,4],"rotation":90,"texture":"#1"},"down":{"uv":[12,3.5,12.5,4],"rotation":90,"texture":"#1"}}},{"from":[8.1167,11.19645,11.98894],"to":[8.67029,11.62703,12.32249],"rotation":{"angle":0,"axis":"z","origin":[8.39349,11.41174,12.15572]},"faces":{"north":{"uv":[12,3.5,12.5,4],"rotation":270,"texture":"#1"},"east":{"uv":[12,3.5,12.5,4],"rotation":180,"texture":"#1"},"south":{"uv":[12,3.5,12.5,4],"rotation":90,"texture":"#1"},"west":{"uv":[12,3.5,12.5,4],"texture":"#1"},"up":{"uv":[12.5,3.5,12,4],"rotation":270,"texture":"#1"},"down":{"uv":[12.5,3.5,12,4],"rotation":90,"texture":"#1"}}},{"from":[8.1167,10.94686,11.88555],"to":[8.67029,11.37744,12.21911],"rotation":{"angle":45,"axis":"x","origin":[8.39349,11.16215,12.05233]},"faces":{"north":{"uv":[12,3.5,12.5,4],"rotation":270,"texture":"#1"},"east":{"uv":[12,3.5,12.5,4],"rotation":180,"texture":"#1"},"south":{"uv":[12,3.5,12.5,4],"rotation":90,"texture":"#1"},"west":{"uv":[12,3.5,12.5,4],"texture":"#1"},"up":{"uv":[12.5,3.5,12,4],"rotation":270,"texture":"#1"},"down":{"uv":[12.5,3.5,12,4],"rotation":90,"texture":"#1"}}},{"from":[8.1167,10.89199,11.58745],"to":[8.67029,11.22555,12.01803],"rotation":{"angle":0,"axis":"z","origin":[8.39349,11.05877,11.80274]},"faces":{"north":{"uv":[12.5,3.5,12,4],"rotation":270,"texture":"#1"},"east":{"uv":[12,3.5,12.5,4],"rotation":90,"texture":"#1"},"south":{"uv":[12.5,3.5,12,4],"rotation":270,"texture":"#1"},"west":{"uv":[12,3.5,12.5,4],"rotation":90,"texture":"#1"},"up":{"uv":[12,3.5,12.5,4],"rotation":90,"texture":"#1"},"down":{"uv":[12,3.5,12.5,4],"rotation":90,"texture":"#1"}}},{"from":[8.1167,10.94686,11.38637],"to":[8.67029,11.37744,11.71993],"rotation":{"angle":-45,"axis":"x","origin":[8.39349,11.16215,11.55315]},"faces":{"north":{"uv":[12,3.5,12.5,4],"rotation":270,"texture":"#1"},"east":{"uv":[12,3.5,12.5,4],"texture":"#1"},"south":{"uv":[12,3.5,12.5,4],"rotation":90,"texture":"#1"},"west":{"uv":[12,3.5,12.5,4],"rotation":180,"texture":"#1"},"up":{"uv":[12.5,3.5,12,4],"rotation":90,"texture":"#1"},"down":{"uv":[12.5,3.5,12,4],"rotation":270,"texture":"#1"}}},{"from":[8.1167,11.19645,11.28299],"to":[8.67029,11.62703,11.61654],"rotation":{"angle":0,"axis":"z","origin":[8.39349,11.41174,11.44977]},"faces":{"north":{"uv":[12,3.5,12.5,4],"rotation":270,"texture":"#1"},"east":{"uv":[12,3.5,12.5,4],"texture":"#1"},"south":{"uv":[12,3.5,12.5,4],"rotation":90,"texture":"#1"},"west":{"uv":[12,3.5,12.5,4],"rotation":180,"texture":"#1"},"up":{"uv":[12.5,3.5,12,4],"rotation":90,"texture":"#1"},"down":{"uv":[12.5,3.5,12,4],"rotation":270,"texture":"#1"}}},{"from":[8.1167,11.49455,11.33786],"to":[8.67029,11.82811,11.76844],"rotation":{"angle":-45,"axis":"x","origin":[8.39349,11.66133,11.55315]},"faces":{"north":{"uv":[12.5,3.5,12,4],"rotation":90,"texture":"#1"},"east":{"uv":[12,3.5,12.5,4],"rotation":270,"texture":"#1"},"south":{"uv":[12.5,3.5,12,4],"rotation":90,"texture":"#1"},"west":{"uv":[12,3.5,12.5,4],"rotation":270,"texture":"#1"},"up":{"uv":[12,3.5,12.5,4],"rotation":90,"texture":"#1"},"down":{"uv":[12,3.5,12.5,4],"rotation":90,"texture":"#1"}}},{"from":[7.3943,11.16885,11.48925],"to":[8.60541,11.76034,12.11623],"rotation":{"angle":0,"axis":"z","origin":[7.99985,11.46459,11.80274]},"faces":{"north":{"uv":[12,3.5,12.5,4],"rotation":270,"texture":"#1"},"east":{"uv":[15,3.5,15.5,4],"rotation":270,"texture":"#1"},"south":{"uv":[12,3.5,12.5,4],"rotation":270,"texture":"#1"},"west":{"uv":[15,3.5,15.5,4],"rotation":270,"texture":"#1"},"up":{"uv":[12.5,3.5,12,4],"rotation":270,"texture":"#1"},"down":{"uv":[12.5,3.5,12,4],"rotation":270,"texture":"#1"}}},{"from":[7.43999,4.03128,12.97592],"to":[8.55971,4.73316,13.66744],"rotation":{"angle":0,"axis":"z","origin":[7.99985,4.38222,13.32168]},"faces":{"north":{"uv":[13.5,5,14,5.5],"rotation":270,"texture":"#1"},"east":{"uv":[14,5,13.5,5.5],"rotation":90,"texture":"#1"},"south":{"uv":[13.5,5,14,5.5],"rotation":270,"texture":"#1"},"west":{"uv":[14,5,13.5,5.5],"rotation":90,"texture":"#1"},"up":{"uv":[14,5,13.5,5.5],"rotation":270,"texture":"#1"},"down":{"uv":[14,5,13.5,5.5],"rotation":270,"texture":"#1"}}},{"from":[7.63672,4.12716,12.56925],"to":[8.36298,5.19329,13.59743],"rotation":{"angle":0,"axis":"z","origin":[7.99985,4.3709,13.32401]},"faces":{"north":{"uv":[12,3.5,12.5,4],"rotation":270,"texture":"#1"},"east":{"uv":[12.5,3.5,12,4],"rotation":90,"texture":"#1"},"south":{"uv":[12,3.5,12.5,4],"rotation":270,"texture":"#1"},"west":{"uv":[12.5,3.5,12,4],"rotation":90,"texture":"#1"},"up":{"uv":[12.5,3.5,12,4],"rotation":270,"texture":"#1"},"down":{"uv":[12.5,3.5,12,4],"rotation":270,"texture":"#1"}}},{"from":[7.63672,4.22447,12.7391],"to":[8.36298,5.2009,13.76729],"rotation":{"angle":45,"axis":"x","origin":[7.99985,4.37852,13.49386]},"faces":{"north":{"uv":[12,3.5,12.5,4],"rotation":270,"texture":"#1"},"east":{"uv":[12.5,3.5,12,4],"rotation":90,"texture":"#1"},"south":{"uv":[12,3.5,12.5,4],"rotation":270,"texture":"#1"},"west":{"uv":[12.5,3.5,12,4],"rotation":90,"texture":"#1"},"up":{"uv":[12.5,3.5,12,4],"rotation":270,"texture":"#1"},"down":{"uv":[12.5,3.5,12,4],"rotation":270,"texture":"#1"}}},{"from":[7.71857,11.41441,8.76781],"to":[8.28113,11.74191,11.63245],"rotation":{"angle":0,"axis":"z","origin":[7.99985,11.57816,10.27247]},"faces":{"north":{"uv":[12,3.5,12.5,4],"rotation":270,"texture":"#1"},"east":{"uv":[12.5,3.5,12,4],"rotation":90,"texture":"#1"},"south":{"uv":[12,3.5,12.5,4],"rotation":270,"texture":"#1"},"west":{"uv":[12.5,3.5,12,4],"rotation":90,"texture":"#1"},"up":{"uv":[12.5,3.5,12,4],"rotation":270,"texture":"#1"},"down":{"uv":[12.5,3.5,12,4],"rotation":270,"texture":"#1"}}},{"from":[8.0557,11.67752,9.18782],"to":[8.28113,11.87163,9.37821],"rotation":{"angle":0,"axis":"z","origin":[8.16842,11.77458,9.28302]},"faces":{"north":{"uv":[12.5,3.5,12,4],"rotation":90,"texture":"#1"},"east":{"uv":[12,3.5,12.5,4],"rotation":270,"texture":"#1"},"south":{"uv":[12.5,3.5,12,4],"rotation":90,"texture":"#1"},"west":{"uv":[12,3.5,12.5,4],"rotation":270,"texture":"#1"},"up":{"uv":[12,3.5,12.5,4],"rotation":90,"texture":"#1"},"down":{"uv":[12,3.5,12.5,4],"rotation":90,"texture":"#1"}}},{"from":[8.0557,11.61603,9.08195],"to":[8.28113,11.79949,9.36198],"rotation":{"angle":45,"axis":"x","origin":[8.16842,11.70776,9.22196]},"faces":{"north":{"uv":[12.5,3.5,12,4],"rotation":90,"texture":"#1"},"east":{"uv":[12,3.5,12.5,4],"rotation":270,"texture":"#1"},"south":{"uv":[12.5,3.5,12,4],"rotation":90,"texture":"#1"},"west":{"uv":[12,3.5,12.5,4],"rotation":270,"texture":"#1"},"up":{"uv":[12,3.5,12.5,4],"rotation":90,"texture":"#1"},"down":{"uv":[12,3.5,12.5,4],"rotation":90,"texture":"#1"}}},{"from":[8.0557,11.61603,9.20405],"to":[8.28113,11.79949,9.48408],"rotation":{"angle":-45,"axis":"x","origin":[8.16842,11.70776,9.34407]},"faces":{"north":{"uv":[12.5,3.5,12,4],"rotation":90,"texture":"#1"},"east":{"uv":[12,3.5,12.5,4],"rotation":270,"texture":"#1"},"south":{"uv":[12.5,3.5,12,4],"rotation":90,"texture":"#1"},"west":{"uv":[12,3.5,12.5,4],"rotation":270,"texture":"#1"},"up":{"uv":[12,3.5,12.5,4],"rotation":90,"texture":"#1"},"down":{"uv":[12,3.5,12.5,4],"rotation":90,"texture":"#1"}}},{"from":[7.71857,11.67752,9.18782],"to":[7.944,11.87163,9.37821],"rotation":{"angle":0,"axis":"z","origin":[7.83129,11.77458,9.28302]},"faces":{"north":{"uv":[12.5,3.5,12,4],"rotation":90,"texture":"#1"},"east":{"uv":[12,3.5,12.5,4],"rotation":270,"texture":"#1"},"south":{"uv":[12.5,3.5,12,4],"rotation":90,"texture":"#1"},"west":{"uv":[12,3.5,12.5,4],"rotation":270,"texture":"#1"},"up":{"uv":[12,3.5,12.5,4],"rotation":90,"texture":"#1"},"down":{"uv":[12,3.5,12.5,4],"rotation":90,"texture":"#1"}}},{"from":[7.71857,11.61603,9.08195],"to":[7.944,11.79949,9.36198],"rotation":{"angle":45,"axis":"x","origin":[7.83129,11.70776,9.22196]},"faces":{"north":{"uv":[12.5,3.5,12,4],"rotation":90,"texture":"#1"},"east":{"uv":[12,3.5,12.5,4],"rotation":270,"texture":"#1"},"south":{"uv":[12.5,3.5,12,4],"rotation":90,"texture":"#1"},"west":{"uv":[12,3.5,12.5,4],"rotation":270,"texture":"#1"},"up":{"uv":[12,3.5,12.5,4],"rotation":90,"texture":"#1"},"down":{"uv":[12,3.5,12.5,4],"rotation":90,"texture":"#1"}}},{"from":[7.71857,11.61603,9.20405],"to":[7.94401,11.79949,9.48408],"rotation":{"angle":-45,"axis":"x","origin":[7.83129,11.70776,9.34407]},"faces":{"north":{"uv":[12.5,3.5,12,4],"rotation":90,"texture":"#1"},"east":{"uv":[12,3.5,12.5,4],"rotation":270,"texture":"#1"},"south":{"uv":[12.5,3.5,12,4],"rotation":90,"texture":"#1"},"west":{"uv":[12,3.5,12.5,4],"rotation":270,"texture":"#1"},"up":{"uv":[12,3.5,12.5,4],"rotation":90,"texture":"#1"},"down":{"uv":[12,3.5,12.5,4],"rotation":90,"texture":"#1"}}}],"display":{"thirdperson_righthand":{"translation":[0,-1.25,-0.75],"scale":[0.7,0.7,0.7]},"thirdperson_lefthand":{"translation":[0,-0.75,-0.75],"scale":[0.7,0.7,0.7]},"firstperson_righthand":{"translation":[0,0.5,-2.75]},"firstperson_lefthand":{"translation":[0,0,-3.25]},"ground":{"rotation":[0,0,90]},"gui":{"rotation":[66.54,-63.25,74.21],"translation":[1.75,0,0],"scale":[1.3,1.3,1.3]},"head":{"rotation":[-77,0,0],"translation":[8.5,-28,1.5]},"fixed":{"rotation":[0,90,0],"translation":[-0.75,0,-1.25],"scale":[2,2,2]}},"groups":[{"name":"body","origin":[0,0,0],"color":0,"children":[0,1,2,3,4,5,6,7,8]},{"name":"fin","origin":[0,0,0],"color":0,"children":[9,10]},{"name":"btn","origin":[0,0,0],"color":0,"children":[11,12,13]},{"name":"trigger","origin":[0,0,0],"color":0,"children":[14,15,16,17,18,19,20,21]},{"name":"barrel_mid","origin":[0,0,0],"color":0,"children":[22,23,24,25,26,27,28,29,30,31,32,33,34,35,36,37,38]},{"name":"handle_screw_bottom","origin":[0,0,0],"color":0,"children":[39]},{"name":"magazine_release","origin":[0,0,0],"color":0,"children":[40,41,42,43]},{"name":"body_main","origin":[0,0,0],"color":0,"children":[44,45,46,47,48,49,50,51,52,53,54,55]},{"name":"handle","origin":[0,0,0],"color":0,"children":[56,57,58,59,60,61,62,63,64]},{"name":"handle_metal","origin":[0,0,0],"color":0,"children":[65,66,67,68,69,70]},{"name":"REGULAR","origin":[0,0,0],"color":0,"children":[71,72,73,74,75,76,77,78,79,80,81,82,83,84,85,86,87,88,89,90,91,92,93,94,95,96,97]}]}