{
	"credit": "Made with Blockbench",
	"texture_size": [32, 32],
	"textures": {
		"0": "item/gun/xeth_gun_diffuse",
		"particle": "item/gun/xeth_gun_diffuse"
	},
	"elements": [
		{
			"from": [7.59148, 8.50379, 11.15625],
			"to": [7.71458, 8.84754, 11.21875],
			"rotation": {"angle": -22.5, "axis": "z", "origin": [7.80928, 8.47254, 9.73438]},
			"faces": {
				"north": {"uv": [7, 0.5, 7.5, 1], "texture": "#0"},
				"east": {"uv": [7, 0.5, 7.5, 1], "texture": "#0"},
				"south": {"uv": [7, 0.5, 7.5, 1], "texture": "#0"},
				"west": {"uv": [7, 0.5, 7.5, 1], "texture": "#0"},
				"up": {"uv": [7, 0.5, 7.5, 1], "texture": "#0"},
				"down": {"uv": [7, 0.5, 7.5, 1], "texture": "#0"}
			}
		},
		{
			"from": [7.74694, 8.3529, 11.15625],
			"to": [7.88176, 8.69665, 11.21875],
			"rotation": {"angle": 22.5, "axis": "z", "origin": [7.96474, 8.32165, 9.73438]},
			"faces": {
				"north": {"uv": [7, 0.5, 7.5, 1], "texture": "#0"},
				"east": {"uv": [7, 0.5, 7.5, 1], "texture": "#0"},
				"south": {"uv": [7, 0.5, 7.5, 1], "texture": "#0"},
				"west": {"uv": [7, 0.5, 7.5, 1], "texture": "#0"},
				"up": {"uv": [7, 0.5, 7.5, 1], "texture": "#0"},
				"down": {"uv": [7, 0.5, 7.5, 1], "texture": "#0"}
			}
		},
		{
			"from": [7.75156, 8.26563, 11.15625],
			"to": [8.24966, 8.90234, 11.21875],
			"rotation": {"angle": 0, "axis": "y", "origin": [7.96936, 8.52734, 9.73438]},
			"faces": {
				"north": {"uv": [7, 0.5, 7.5, 1], "texture": "#0"},
				"east": {"uv": [7, 0.5, 7.5, 1], "texture": "#0"},
				"south": {"uv": [7, 0.5, 7.5, 1], "texture": "#0"},
				"west": {"uv": [7, 0.5, 7.5, 1], "texture": "#0"},
				"up": {"uv": [7, 0.5, 7.5, 1], "texture": "#0"},
				"down": {"uv": [7, 0.5, 7.5, 1], "texture": "#0"}
			}
		},
		{
			"from": [8.23728, 8.53671, 11.15625],
			"to": [8.3721, 8.88046, 11.21875],
			"rotation": {"angle": 22.5, "axis": "z", "origin": [8.25586, 8.58364, 11.1875]},
			"faces": {
				"north": {"uv": [7, 0.5, 7.5, 1], "rotation": 180, "texture": "#0"},
				"east": {"uv": [7, 0.5, 7.5, 1], "rotation": 180, "texture": "#0"},
				"south": {"uv": [7, 0.5, 7.5, 1], "rotation": 180, "texture": "#0"},
				"west": {"uv": [7, 0.5, 7.5, 1], "rotation": 180, "texture": "#0"},
				"up": {"uv": [7, 0.5, 7.5, 1], "rotation": 180, "texture": "#0"},
				"down": {"uv": [7, 0.5, 7.5, 1], "rotation": 180, "texture": "#0"}
			}
		},
		{
			"from": [8.24814, 8.28889, 11.15625],
			"to": [8.37124, 8.63264, 11.21875],
			"rotation": {"angle": -22.5, "axis": "z", "origin": [8.25586, 8.58364, 11.1875]},
			"faces": {
				"north": {"uv": [7, 0.5, 7.5, 1], "rotation": 180, "texture": "#0"},
				"east": {"uv": [7, 0.5, 7.5, 1], "rotation": 180, "texture": "#0"},
				"south": {"uv": [7, 0.5, 7.5, 1], "rotation": 180, "texture": "#0"},
				"west": {"uv": [7, 0.5, 7.5, 1], "rotation": 180, "texture": "#0"},
				"up": {"uv": [7, 0.5, 7.5, 1], "rotation": 180, "texture": "#0"},
				"down": {"uv": [7, 0.5, 7.5, 1], "rotation": 180, "texture": "#0"}
			}
		},
		{
			"from": [7.59148, 8.50379, 11.3125],
			"to": [7.71458, 8.84754, 11.375],
			"rotation": {"angle": -22.5, "axis": "z", "origin": [7.80928, 8.47254, 9.89063]},
			"faces": {
				"north": {"uv": [7, 0.5, 7.5, 1], "texture": "#0"},
				"east": {"uv": [7, 0.5, 7.5, 1], "texture": "#0"},
				"south": {"uv": [7, 0.5, 7.5, 1], "texture": "#0"},
				"west": {"uv": [7, 0.5, 7.5, 1], "texture": "#0"},
				"up": {"uv": [7, 0.5, 7.5, 1], "texture": "#0"},
				"down": {"uv": [7, 0.5, 7.5, 1], "texture": "#0"}
			}
		},
		{
			"from": [7.74694, 8.3529, 11.3125],
			"to": [7.88176, 8.69665, 11.375],
			"rotation": {"angle": 22.5, "axis": "z", "origin": [7.96474, 8.32165, 9.89063]},
			"faces": {
				"north": {"uv": [7, 0.5, 7.5, 1], "texture": "#0"},
				"east": {"uv": [7, 0.5, 7.5, 1], "texture": "#0"},
				"south": {"uv": [7, 0.5, 7.5, 1], "texture": "#0"},
				"west": {"uv": [7, 0.5, 7.5, 1], "texture": "#0"},
				"up": {"uv": [7, 0.5, 7.5, 1], "texture": "#0"},
				"down": {"uv": [7, 0.5, 7.5, 1], "texture": "#0"}
			}
		},
		{
			"from": [7.75156, 8.26563, 11.3125],
			"to": [8.24966, 8.90234, 11.375],
			"rotation": {"angle": 0, "axis": "y", "origin": [7.96936, 8.52734, 9.89063]},
			"faces": {
				"north": {"uv": [7, 0.5, 7.5, 1], "texture": "#0"},
				"east": {"uv": [7, 0.5, 7.5, 1], "texture": "#0"},
				"south": {"uv": [7, 0.5, 7.5, 1], "texture": "#0"},
				"west": {"uv": [7, 0.5, 7.5, 1], "texture": "#0"},
				"up": {"uv": [7, 0.5, 7.5, 1], "texture": "#0"},
				"down": {"uv": [7, 0.5, 7.5, 1], "texture": "#0"}
			}
		},
		{
			"from": [8.24814, 8.28889, 11.3125],
			"to": [8.37124, 8.63264, 11.375],
			"rotation": {"angle": -22.5, "axis": "z", "origin": [8.25586, 8.58364, 11.34375]},
			"faces": {
				"north": {"uv": [7, 0.5, 7.5, 1], "rotation": 180, "texture": "#0"},
				"east": {"uv": [7, 0.5, 7.5, 1], "rotation": 180, "texture": "#0"},
				"south": {"uv": [7, 0.5, 7.5, 1], "rotation": 180, "texture": "#0"},
				"west": {"uv": [7, 0.5, 7.5, 1], "rotation": 180, "texture": "#0"},
				"up": {"uv": [7, 0.5, 7.5, 1], "rotation": 180, "texture": "#0"},
				"down": {"uv": [7, 0.5, 7.5, 1], "rotation": 180, "texture": "#0"}
			}
		},
		{
			"from": [8.23728, 8.53671, 11.3125],
			"to": [8.3721, 8.88046, 11.375],
			"rotation": {"angle": 22.5, "axis": "z", "origin": [8.25586, 8.58364, 11.34375]},
			"faces": {
				"north": {"uv": [7, 0.5, 7.5, 1], "rotation": 180, "texture": "#0"},
				"east": {"uv": [7, 0.5, 7.5, 1], "rotation": 180, "texture": "#0"},
				"south": {"uv": [7, 0.5, 7.5, 1], "rotation": 180, "texture": "#0"},
				"west": {"uv": [7, 0.5, 7.5, 1], "rotation": 180, "texture": "#0"},
				"up": {"uv": [7, 0.5, 7.5, 1], "rotation": 180, "texture": "#0"},
				"down": {"uv": [7, 0.5, 7.5, 1], "rotation": 180, "texture": "#0"}
			}
		},
		{
			"from": [7.59148, 8.50379, 11.46875],
			"to": [7.71458, 8.84754, 11.53125],
			"rotation": {"angle": -22.5, "axis": "z", "origin": [7.80928, 8.47254, 10.04688]},
			"faces": {
				"north": {"uv": [7, 0.5, 7.5, 1], "texture": "#0"},
				"east": {"uv": [7, 0.5, 7.5, 1], "texture": "#0"},
				"south": {"uv": [7, 0.5, 7.5, 1], "texture": "#0"},
				"west": {"uv": [7, 0.5, 7.5, 1], "texture": "#0"},
				"up": {"uv": [7, 0.5, 7.5, 1], "texture": "#0"},
				"down": {"uv": [7, 0.5, 7.5, 1], "texture": "#0"}
			}
		},
		{
			"from": [7.74694, 8.3529, 11.46875],
			"to": [7.88176, 8.69665, 11.53125],
			"rotation": {"angle": 22.5, "axis": "z", "origin": [7.96474, 8.32165, 10.04688]},
			"faces": {
				"north": {"uv": [7, 0.5, 7.5, 1], "texture": "#0"},
				"east": {"uv": [7, 0.5, 7.5, 1], "texture": "#0"},
				"south": {"uv": [7, 0.5, 7.5, 1], "texture": "#0"},
				"west": {"uv": [7, 0.5, 7.5, 1], "texture": "#0"},
				"up": {"uv": [7, 0.5, 7.5, 1], "texture": "#0"},
				"down": {"uv": [7, 0.5, 7.5, 1], "texture": "#0"}
			}
		},
		{
			"from": [7.75156, 8.26563, 11.46875],
			"to": [8.24966, 8.90234, 11.53125],
			"rotation": {"angle": 0, "axis": "y", "origin": [7.96936, 8.52734, 10.04688]},
			"faces": {
				"north": {"uv": [7, 0.5, 7.5, 1], "texture": "#0"},
				"east": {"uv": [7, 0.5, 7.5, 1], "texture": "#0"},
				"south": {"uv": [7, 0.5, 7.5, 1], "texture": "#0"},
				"west": {"uv": [7, 0.5, 7.5, 1], "texture": "#0"},
				"up": {"uv": [7, 0.5, 7.5, 1], "texture": "#0"},
				"down": {"uv": [7, 0.5, 7.5, 1], "texture": "#0"}
			}
		},
		{
			"from": [7.84531, 8.42188, 11.46875],
			"to": [8.15591, 8.74609, 11.5625],
			"rotation": {"angle": 0, "axis": "y", "origin": [7.96936, 8.52734, 10.04688]},
			"faces": {
				"north": {"uv": [9, 0.5, 9.5, 1], "texture": "#0"},
				"east": {"uv": [9, 0.5, 9.5, 1], "texture": "#0"},
				"south": {"uv": [9, 0.5, 9.5, 1], "texture": "#0"},
				"west": {"uv": [9, 0.5, 9.5, 1], "texture": "#0"},
				"up": {"uv": [9, 0.5, 9.5, 1], "texture": "#0"},
				"down": {"uv": [9, 0.5, 9.5, 1], "texture": "#0"}
			}
		},
		{
			"from": [7.78281, 8.35938, 11.09375],
			"to": [8.21841, 8.80859, 11.46875],
			"rotation": {"angle": 0, "axis": "y", "origin": [7.96936, 8.52734, 10.04688]},
			"faces": {
				"north": {"uv": [9, 0.5, 9.5, 1], "texture": "#0"},
				"east": {"uv": [9, 0.5, 9.5, 1], "texture": "#0"},
				"south": {"uv": [9, 0.5, 9.5, 1], "texture": "#0"},
				"west": {"uv": [9, 0.5, 9.5, 1], "texture": "#0"},
				"up": {"uv": [9, 0.5, 9.5, 1], "texture": "#0"},
				"down": {"uv": [9, 0.5, 9.5, 1], "texture": "#0"}
			}
		},
		{
			"from": [7.97031, 8.55078, 11.5625],
			"to": [8.03091, 8.61719, 11.59375],
			"rotation": {"angle": -45, "axis": "z", "origin": [8.00061, 8.58398, 11.15625]},
			"faces": {
				"north": {"uv": [12, 0.5, 12.5, 1], "texture": "#0"},
				"east": {"uv": [12, 0.5, 12.5, 1], "texture": "#0"},
				"south": {"uv": [12, 0.5, 12.5, 1], "texture": "#0"},
				"west": {"uv": [12, 0.5, 12.5, 1], "texture": "#0"},
				"up": {"uv": [12, 0.5, 12.5, 1], "texture": "#0"},
				"down": {"uv": [12, 0.5, 12.5, 1], "texture": "#0"}
			}
		},
		{
			"from": [8.24814, 8.28889, 11.46875],
			"to": [8.37124, 8.63264, 11.53125],
			"rotation": {"angle": -22.5, "axis": "z", "origin": [8.25586, 8.58364, 11.5]},
			"faces": {
				"north": {"uv": [7, 0.5, 7.5, 1], "rotation": 180, "texture": "#0"},
				"east": {"uv": [7, 0.5, 7.5, 1], "rotation": 180, "texture": "#0"},
				"south": {"uv": [7, 0.5, 7.5, 1], "rotation": 180, "texture": "#0"},
				"west": {"uv": [7, 0.5, 7.5, 1], "rotation": 180, "texture": "#0"},
				"up": {"uv": [7, 0.5, 7.5, 1], "rotation": 180, "texture": "#0"},
				"down": {"uv": [7, 0.5, 7.5, 1], "rotation": 180, "texture": "#0"}
			}
		},
		{
			"from": [8.23728, 8.53671, 11.46875],
			"to": [8.3721, 8.88046, 11.53125],
			"rotation": {"angle": 22.5, "axis": "z", "origin": [8.25586, 8.58364, 11.5]},
			"faces": {
				"north": {"uv": [7, 0.5, 7.5, 1], "rotation": 180, "texture": "#0"},
				"east": {"uv": [7, 0.5, 7.5, 1], "rotation": 180, "texture": "#0"},
				"south": {"uv": [7, 0.5, 7.5, 1], "rotation": 180, "texture": "#0"},
				"west": {"uv": [7, 0.5, 7.5, 1], "rotation": 180, "texture": "#0"},
				"up": {"uv": [7, 0.5, 7.5, 1], "rotation": 180, "texture": "#0"},
				"down": {"uv": [7, 0.5, 7.5, 1], "rotation": 180, "texture": "#0"}
			}
		},
		{
			"from": [7.87266, 8.62891, 7.71875],
			"to": [8.12857, 8.87891, 8.28125],
			"rotation": {"angle": 0, "axis": "y", "origin": [8.00061, 8.50391, 9.17188]},
			"faces": {
				"north": {"uv": [7.5, 0.5, 8, 1], "texture": "#0"},
				"east": {"uv": [7.5, 0.5, 8, 1], "texture": "#0"},
				"south": {"uv": [7.5, 0.5, 8, 1], "texture": "#0"},
				"west": {"uv": [7, 0.5, 7.5, 1], "texture": "#0"},
				"up": {"uv": [7.5, 0.5, 8, 1], "texture": "#0"},
				"down": {"uv": [7.5, 0.5, 8, 1], "texture": "#0"}
			}
		},
		{
			"from": [7.92344, 8.39844, 4.8125],
			"to": [8.07874, 8.77344, 7.84375],
			"rotation": {"angle": 22.5, "axis": "z", "origin": [8.00109, 8.58594, 6.34375]},
			"faces": {
				"north": {"uv": [0, 0, 0.5, 0.5], "rotation": 90, "texture": "#0"},
				"east": {"uv": [8, 0.5, 8.5, 1], "texture": "#0"},
				"south": {"uv": [8, 0.5, 8.5, 1], "texture": "#0"},
				"west": {"uv": [8, 0.5, 8.5, 1], "texture": "#0"},
				"up": {"uv": [8, 0.5, 8.5, 1], "texture": "#0"},
				"down": {"uv": [8, 0.5, 8.5, 1], "texture": "#0"}
			}
		},
		{
			"from": [7.81359, 8.50829, 4.8125],
			"to": [8.18859, 8.66359, 7.84375],
			"rotation": {"angle": -22.5, "axis": "z", "origin": [8.00109, 8.58594, 6.34375]},
			"faces": {
				"north": {"uv": [0, 0, 0.5, 0.5], "rotation": 180, "texture": "#0"},
				"east": {"uv": [8, 0.5, 8.5, 1], "rotation": 270, "texture": "#0"},
				"south": {"uv": [8, 0.5, 8.5, 1], "rotation": 270, "texture": "#0"},
				"west": {"uv": [8, 0.5, 8.5, 1], "rotation": 270, "texture": "#0"},
				"up": {"uv": [8, 0.5, 8.5, 1], "rotation": 270, "texture": "#0"},
				"down": {"uv": [8, 0.5, 8.5, 1], "rotation": 270, "texture": "#0"}
			}
		},
		{
			"from": [7.81359, 8.50829, 4.8125],
			"to": [8.18859, 8.66359, 7.84375],
			"rotation": {"angle": 22.5, "axis": "z", "origin": [8.00109, 8.58594, 6.34375]},
			"faces": {
				"north": {"uv": [0, 0, 0.5, 0.5], "rotation": 90, "texture": "#0"},
				"east": {"uv": [8, 0.5, 8.5, 1], "rotation": 270, "texture": "#0"},
				"south": {"uv": [8, 0.5, 8.5, 1], "rotation": 270, "texture": "#0"},
				"west": {"uv": [8, 0.5, 8.5, 1], "rotation": 270, "texture": "#0"},
				"up": {"uv": [8, 0.5, 8.5, 1], "rotation": 270, "texture": "#0"},
				"down": {"uv": [8, 0.5, 8.5, 1], "rotation": 270, "texture": "#0"}
			}
		},
		{
			"from": [7.92344, 8.39844, 4.8125],
			"to": [8.07874, 8.77344, 7.84375],
			"rotation": {"angle": -22.5, "axis": "z", "origin": [8.00109, 8.58594, 6.34375]},
			"faces": {
				"north": {"uv": [0, 0, 0.5, 0.5], "rotation": 180, "texture": "#0"},
				"east": {"uv": [8, 0.5, 8.5, 1], "rotation": 180, "texture": "#0"},
				"south": {"uv": [8, 0.5, 8.5, 1], "rotation": 180, "texture": "#0"},
				"west": {"uv": [8, 0.5, 8.5, 1], "rotation": 180, "texture": "#0"},
				"up": {"uv": [8, 0.5, 8.5, 1], "rotation": 180, "texture": "#0"},
				"down": {"uv": [8, 0.5, 8.5, 1], "rotation": 180, "texture": "#0"}
			}
		},
		{
			"from": [7.81406, 8.59766, 7.71875],
			"to": [8.12466, 8.87891, 8.28125],
			"rotation": {"angle": -45, "axis": "z", "origin": [7.96936, 8.50391, 9.17188]},
			"faces": {
				"north": {"uv": [7.5, 0.5, 8, 1], "texture": "#0"},
				"east": {"uv": [7.5, 0.5, 8, 1], "texture": "#0"},
				"south": {"uv": [7.5, 0.5, 8, 1], "texture": "#0"},
				"west": {"uv": [7, 0.5, 7.5, 1], "texture": "#0"},
				"up": {"uv": [7.5, 0.5, 8, 1], "texture": "#0"},
				"down": {"uv": [7.5, 0.5, 8, 1], "texture": "#0"}
			}
		},
		{
			"from": [7.62561, 8.16111, 7.71875],
			"to": [8.37561, 8.65921, 10.59375],
			"rotation": {"angle": 0, "axis": "y", "origin": [8.00061, 8.50391, 9.17188]},
			"faces": {
				"north": {"uv": [8, 0.5, 8.5, 1], "rotation": 270, "texture": "#0"},
				"east": {"uv": [8, 0.5, 8.5, 1], "rotation": 90, "texture": "#0"},
				"south": {"uv": [8, 0.5, 8.5, 1], "rotation": 90, "texture": "#0"},
				"west": {"uv": [8, 0.5, 8.5, 1], "rotation": 90, "texture": "#0"},
				"up": {"uv": [8, 0.5, 8.5, 1], "rotation": 90, "texture": "#0"},
				"down": {"uv": [8, 0.5, 8.5, 1], "rotation": 90, "texture": "#0"}
			}
		},
		{
			"from": [7.62561, 8.16111, 10.59375],
			"to": [8.37561, 8.68264, 11.15625],
			"rotation": {"angle": 0, "axis": "y", "origin": [8.00061, 8.50391, 9.17188]},
			"faces": {
				"north": {"uv": [8, 0.5, 8.5, 1], "rotation": 270, "texture": "#0"},
				"east": {"uv": [8, 0.5, 8.5, 1], "rotation": 90, "texture": "#0"},
				"south": {"uv": [8, 0.5, 8.5, 1], "rotation": 90, "texture": "#0"},
				"west": {"uv": [8, 0.5, 8.5, 1], "rotation": 90, "texture": "#0"},
				"up": {"uv": [8, 0.5, 8.5, 1], "rotation": 90, "texture": "#0"},
				"down": {"uv": [8, 0.5, 8.5, 1], "rotation": 90, "texture": "#0"}
			}
		},
		{
			"from": [7.65686, 7.84861, 9.51953],
			"to": [8.34436, 8.15921, 11.08203],
			"rotation": {"angle": 0, "axis": "y", "origin": [8.00061, 8.50391, 9.17188]},
			"faces": {
				"north": {"uv": [7, 0.5, 7.5, 1], "rotation": 90, "texture": "#0"},
				"east": {"uv": [7, 0.5, 7.5, 1], "rotation": 90, "texture": "#0"},
				"south": {"uv": [7, 0.5, 7.5, 1], "rotation": 90, "texture": "#0"},
				"west": {"uv": [7, 0.5, 7.5, 1], "rotation": 90, "texture": "#0"},
				"up": {"uv": [7, 0.5, 7.5, 1], "rotation": 90, "texture": "#0"},
				"down": {"uv": [7, 0.5, 7.5, 1], "rotation": 90, "texture": "#0"}
			}
		},
		{
			"from": [7.71936, 7.76658, 7.76953],
			"to": [8.28186, 8.19046, 9.33203],
			"rotation": {"angle": 0, "axis": "y", "origin": [8.00061, 8.50391, 9.17188]},
			"faces": {
				"north": {"uv": [7, 0.5, 7.5, 1], "rotation": 90, "texture": "#0"},
				"east": {"uv": [7, 0.5, 7.5, 1], "rotation": 90, "texture": "#0"},
				"south": {"uv": [7, 0.5, 7.5, 1], "rotation": 90, "texture": "#0"},
				"west": {"uv": [7, 0.5, 7.5, 1], "rotation": 90, "texture": "#0"},
				"up": {"uv": [7, 0.5, 7.5, 1], "rotation": 90, "texture": "#0"},
				"down": {"uv": [7, 0.5, 7.5, 1], "rotation": 90, "texture": "#0"}
			}
		},
		{
			"from": [7.55558, 8.30037, 7.77344],
			"to": [8.08493, 8.83162, 11.07031],
			"rotation": {"angle": 45, "axis": "z", "origin": [8.39838, 8.58162, 9.12109]},
			"faces": {
				"north": {"uv": [7, 0.5, 7.5, 1], "texture": "#0"},
				"east": {"uv": [7, 0.5, 7.5, 1], "rotation": 180, "texture": "#0"},
				"south": {"uv": [7, 0.5, 7.5, 1], "rotation": 180, "texture": "#0"},
				"west": {"uv": [7, 0.5, 7.5, 1], "rotation": 180, "texture": "#0"},
				"up": {"uv": [7, 0.5, 7.5, 1], "rotation": 180, "texture": "#0"},
				"down": {"uv": [7, 0.5, 7.5, 1], "rotation": 180, "texture": "#0"}
			}
		},
		{
			"from": [7.81311, 7.66111, 7.64453],
			"to": [8.18811, 7.78421, 7.92578],
			"rotation": {"angle": 0, "axis": "y", "origin": [8.00061, 8.50391, 9.17188]},
			"faces": {
				"north": {"uv": [7, 0.5, 7.5, 1], "rotation": 90, "texture": "#0"},
				"east": {"uv": [7, 0.5, 7.5, 1], "rotation": 90, "texture": "#0"},
				"south": {"uv": [7, 0.5, 7.5, 1], "rotation": 90, "texture": "#0"},
				"west": {"uv": [7, 0.5, 7.5, 1], "rotation": 90, "texture": "#0"},
				"up": {"uv": [7, 0.5, 7.5, 1], "rotation": 90, "texture": "#0"},
				"down": {"uv": [7, 0.5, 7.5, 1], "rotation": 90, "texture": "#0"}
			}
		},
		{
			"from": [7.81311, 7.3245, 7.72594],
			"to": [8.18811, 7.91825, 7.8217],
			"rotation": {"angle": 45, "axis": "x", "origin": [8.00061, 7.84012, 7.78749]},
			"faces": {
				"north": {"uv": [7, 0.5, 7.5, 1], "rotation": 90, "texture": "#0"},
				"east": {"uv": [7, 0.5, 7.5, 1], "rotation": 90, "texture": "#0"},
				"south": {"uv": [7, 0.5, 7.5, 1], "rotation": 90, "texture": "#0"},
				"west": {"uv": [7, 0.5, 7.5, 1], "rotation": 90, "texture": "#0"},
				"up": {"uv": [7, 0.5, 7.5, 1], "rotation": 90, "texture": "#0"},
				"down": {"uv": [7, 0.5, 7.5, 1], "rotation": 90, "texture": "#0"}
			}
		},
		{
			"from": [7.81311, 7.20654, 7.37937],
			"to": [8.18811, 7.51904, 7.47512],
			"rotation": {"angle": 0, "axis": "y", "origin": [8.00061, 7.22217, 7.42724]},
			"faces": {
				"north": {"uv": [7, 0.5, 7.5, 1], "rotation": 90, "texture": "#0"},
				"east": {"uv": [7, 0.5, 7.5, 1], "rotation": 90, "texture": "#0"},
				"south": {"uv": [7, 0.5, 7.5, 1], "rotation": 90, "texture": "#0"},
				"west": {"uv": [7, 0.5, 7.5, 1], "rotation": 90, "texture": "#0"},
				"up": {"uv": [7, 0.5, 7.5, 1], "rotation": 90, "texture": "#0"},
				"down": {"uv": [7, 0.5, 7.5, 1], "rotation": 90, "texture": "#0"}
			}
		},
		{
			"from": [7.81311, 7.02871, 7.48933],
			"to": [8.18811, 7.24746, 7.58509],
			"rotation": {"angle": -22.5, "axis": "x", "origin": [8.00061, 6.95059, 7.53721]},
			"faces": {
				"north": {"uv": [7, 0.5, 7.5, 1], "rotation": 90, "texture": "#0"},
				"east": {"uv": [7, 0.5, 7.5, 1], "rotation": 90, "texture": "#0"},
				"south": {"uv": [7, 0.5, 7.5, 1], "rotation": 90, "texture": "#0"},
				"west": {"uv": [7, 0.5, 7.5, 1], "rotation": 90, "texture": "#0"},
				"up": {"uv": [7, 0.5, 7.5, 1], "rotation": 90, "texture": "#0"},
				"down": {"uv": [7, 0.5, 7.5, 1], "rotation": 90, "texture": "#0"}
			}
		},
		{
			"from": [7.81311, 9.01219, 10.0213],
			"to": [8.18811, 9.10795, 10.7088],
			"rotation": {"angle": 22.5, "axis": "x", "origin": [8.00061, 6.93507, 7.75568]},
			"faces": {
				"north": {"uv": [7, 0.5, 7.5, 1], "rotation": 90, "texture": "#0"},
				"east": {"uv": [7, 0.5, 7.5, 1], "rotation": 90, "texture": "#0"},
				"south": {"uv": [7, 0.5, 7.5, 1], "rotation": 90, "texture": "#0"},
				"west": {"uv": [7, 0.5, 7.5, 1], "rotation": 90, "texture": "#0"},
				"up": {"uv": [7, 0.5, 7.5, 1], "rotation": 90, "texture": "#0"},
				"down": {"uv": [7, 0.5, 7.5, 1], "rotation": 90, "texture": "#0"}
			}
		},
		{
			"from": [7.81311, 6.8897, 7.57119],
			"to": [8.18811, 6.98545, 8.25869],
			"rotation": {"angle": 22.5, "axis": "x", "origin": [8.00061, 7.21883, 7.80556]},
			"faces": {
				"north": {"uv": [7, 0.5, 7.5, 1], "rotation": 90, "texture": "#0"},
				"east": {"uv": [7, 0.5, 7.5, 1], "rotation": 90, "texture": "#0"},
				"south": {"uv": [7, 0.5, 7.5, 1], "rotation": 90, "texture": "#0"},
				"west": {"uv": [7, 0.5, 7.5, 1], "rotation": 90, "texture": "#0"},
				"up": {"uv": [7, 0.5, 7.5, 1], "rotation": 90, "texture": "#0"},
				"down": {"uv": [7, 0.5, 7.5, 1], "rotation": 90, "texture": "#0"}
			}
		},
		{
			"from": [7.81311, 6.74135, 8.09825],
			"to": [8.18811, 6.8371, 8.41075],
			"rotation": {"angle": 0, "axis": "y", "origin": [8.00061, 6.78923, 8.442]},
			"faces": {
				"north": {"uv": [7, 0.5, 7.5, 1], "rotation": 90, "texture": "#0"},
				"east": {"uv": [7, 0.5, 7.5, 1], "rotation": 90, "texture": "#0"},
				"south": {"uv": [7, 0.5, 7.5, 1], "rotation": 90, "texture": "#0"},
				"west": {"uv": [7, 0.5, 7.5, 1], "rotation": 90, "texture": "#0"},
				"up": {"uv": [7, 0.5, 7.5, 1], "rotation": 90, "texture": "#0"},
				"down": {"uv": [7, 0.5, 7.5, 1], "rotation": 90, "texture": "#0"}
			}
		},
		{
			"from": [7.81311, 6.97039, 8.27621],
			"to": [8.18811, 7.06615, 8.90121],
			"rotation": {"angle": -45, "axis": "x", "origin": [8.00061, 7.01827, 8.61996]},
			"faces": {
				"north": {"uv": [7, 0.5, 7.5, 1], "rotation": 90, "texture": "#0"},
				"east": {"uv": [7, 0.5, 7.5, 1], "rotation": 90, "texture": "#0"},
				"south": {"uv": [7, 0.5, 7.5, 1], "rotation": 90, "texture": "#0"},
				"west": {"uv": [7, 0.5, 7.5, 1], "rotation": 90, "texture": "#0"},
				"up": {"uv": [7, 0.5, 7.5, 1], "rotation": 90, "texture": "#0"},
				"down": {"uv": [7, 0.5, 7.5, 1], "rotation": 90, "texture": "#0"}
			}
		},
		{
			"from": [7.90686, 6.92452, 8.13458],
			"to": [8.09436, 7.20577, 8.32409],
			"rotation": {"angle": 22.5, "axis": "x", "origin": [8.00061, 7.01827, 8.49496]},
			"faces": {
				"north": {"uv": [8, 0.5, 8.5, 1], "rotation": 270, "texture": "#0"},
				"east": {"uv": [8, 0.5, 8.5, 1], "texture": "#0"},
				"south": {"uv": [8, 0.5, 8.5, 1], "rotation": 90, "texture": "#0"},
				"west": {"uv": [8, 0.5, 8.5, 1], "rotation": 180, "texture": "#0"},
				"up": {"uv": [8, 0.5, 8.5, 1], "rotation": 90, "texture": "#0"},
				"down": {"uv": [8, 0.5, 8.5, 1], "rotation": 90, "texture": "#0"}
			}
		},
		{
			"from": [7.90686, 7.25689, 8.21934],
			"to": [8.09436, 7.63189, 8.40885],
			"rotation": {"angle": 0, "axis": "y", "origin": [8.00061, 7.44439, 8.57972]},
			"faces": {
				"north": {"uv": [8, 0.5, 8.5, 1], "rotation": 270, "texture": "#0"},
				"east": {"uv": [8, 0.5, 8.5, 1], "texture": "#0"},
				"south": {"uv": [8, 0.5, 8.5, 1], "rotation": 90, "texture": "#0"},
				"west": {"uv": [8, 0.5, 8.5, 1], "rotation": 180, "texture": "#0"},
				"up": {"uv": [8, 0.5, 8.5, 1], "rotation": 90, "texture": "#0"},
				"down": {"uv": [8, 0.5, 8.5, 1], "rotation": 90, "texture": "#0"}
			}
		},
		{
			"from": [7.90686, 7.58135, 8.1548],
			"to": [8.09436, 7.95635, 8.34431],
			"rotation": {"angle": -22.5, "axis": "x", "origin": [8.00061, 7.76885, 8.24955]},
			"faces": {
				"north": {"uv": [8, 0.5, 8.5, 1], "rotation": 270, "texture": "#0"},
				"east": {"uv": [8, 0.5, 8.5, 1], "texture": "#0"},
				"south": {"uv": [8, 0.5, 8.5, 1], "rotation": 90, "texture": "#0"},
				"west": {"uv": [8, 0.5, 8.5, 1], "rotation": 180, "texture": "#0"},
				"up": {"uv": [8, 0.5, 8.5, 1], "rotation": 90, "texture": "#0"},
				"down": {"uv": [8, 0.5, 8.5, 1], "rotation": 90, "texture": "#0"}
			}
		},
		{
			"from": [7.81311, 7.66344, 7.85765],
			"to": [8.18811, 7.94469, 8.04325],
			"rotation": {"angle": 45, "axis": "x", "origin": [8.00061, 7.80407, 7.9817]},
			"faces": {
				"north": {"uv": [7, 0.5, 7.5, 1], "rotation": 90, "texture": "#0"},
				"east": {"uv": [7, 0.5, 7.5, 1], "rotation": 90, "texture": "#0"},
				"south": {"uv": [7, 0.5, 7.5, 1], "rotation": 90, "texture": "#0"},
				"west": {"uv": [7, 0.5, 7.5, 1], "rotation": 90, "texture": "#0"},
				"up": {"uv": [7, 0.5, 7.5, 1], "rotation": 90, "texture": "#0"},
				"down": {"uv": [7, 0.5, 7.5, 1], "rotation": 90, "texture": "#0"}
			}
		},
		{
			"from": [7.81311, 8.11752, 8.18482],
			"to": [8.18811, 8.30312, 8.99732],
			"rotation": {"angle": 45, "axis": "x", "origin": [8.00061, 7.80407, 7.9817]},
			"faces": {
				"north": {"uv": [7, 0.5, 7.5, 1], "rotation": 90, "texture": "#0"},
				"east": {"uv": [7, 0.5, 7.5, 1], "rotation": 90, "texture": "#0"},
				"south": {"uv": [7, 0.5, 7.5, 1], "rotation": 90, "texture": "#0"},
				"west": {"uv": [7, 0.5, 7.5, 1], "rotation": 90, "texture": "#0"},
				"up": {"uv": [7, 0.5, 7.5, 1], "rotation": 90, "texture": "#0"},
				"down": {"uv": [7, 0.5, 7.5, 1], "rotation": 90, "texture": "#0"}
			}
		},
		{
			"from": [7.81311, 7.10094, 8.73265],
			"to": [8.18811, 7.66344, 8.91825],
			"rotation": {"angle": 0, "axis": "y", "origin": [8.00061, 7.80407, 7.9817]},
			"faces": {
				"north": {"uv": [7, 0.5, 7.5, 1], "rotation": 90, "texture": "#0"},
				"east": {"uv": [7, 0.5, 7.5, 1], "rotation": 90, "texture": "#0"},
				"south": {"uv": [7, 0.5, 7.5, 1], "rotation": 90, "texture": "#0"},
				"west": {"uv": [7, 0.5, 7.5, 1], "rotation": 90, "texture": "#0"},
				"up": {"uv": [7, 0.5, 7.5, 1], "rotation": 90, "texture": "#0"},
				"down": {"uv": [7, 0.5, 7.5, 1], "rotation": 90, "texture": "#0"}
			}
		},
		{
			"from": [7.65686, 7.69393, 9.55235],
			"to": [8.34436, 7.87953, 10.92735],
			"rotation": {"angle": 0, "axis": "y", "origin": [8.00061, 8.53673, 9.23595]},
			"faces": {
				"north": {"uv": [7, 0.5, 7.5, 1], "rotation": 90, "texture": "#0"},
				"east": {"uv": [7, 0.5, 7.5, 1], "rotation": 90, "texture": "#0"},
				"south": {"uv": [7, 0.5, 7.5, 1], "rotation": 90, "texture": "#0"},
				"west": {"uv": [7, 0.5, 7.5, 1], "rotation": 90, "texture": "#0"},
				"up": {"uv": [7, 0.5, 7.5, 1], "rotation": 90, "texture": "#0"},
				"down": {"uv": [7, 0.5, 7.5, 1], "rotation": 90, "texture": "#0"}
			}
		},
		{
			"from": [7.65686, 7.50643, 9.55235],
			"to": [8.34436, 7.87953, 10.92735],
			"rotation": {"angle": -45, "axis": "x", "origin": [8.00061, 7.78673, 10.23985]},
			"faces": {
				"north": {"uv": [7, 0.5, 7.5, 1], "rotation": 90, "texture": "#0"},
				"east": {"uv": [7, 0.5, 7.5, 1], "rotation": 90, "texture": "#0"},
				"south": {"uv": [7, 0.5, 7.5, 1], "rotation": 90, "texture": "#0"},
				"west": {"uv": [7, 0.5, 7.5, 1], "rotation": 90, "texture": "#0"},
				"up": {"uv": [7, 0.5, 7.5, 1], "rotation": 90, "texture": "#0"},
				"down": {"uv": [7, 0.5, 7.5, 1], "rotation": 90, "texture": "#0"}
			}
		},
		{
			"from": [7.65686, 7.09923, 9.95955],
			"to": [8.34436, 7.63048, 10.30921],
			"rotation": {"angle": 0, "axis": "y", "origin": [8.00061, 7.78673, 10.23985]},
			"faces": {
				"north": {"uv": [7, 0.5, 7.5, 1], "rotation": 90, "texture": "#0"},
				"east": {"uv": [7, 0.5, 7.5, 1], "rotation": 90, "texture": "#0"},
				"south": {"uv": [7, 0.5, 7.5, 1], "rotation": 90, "texture": "#0"},
				"west": {"uv": [7, 0.5, 7.5, 1], "rotation": 90, "texture": "#0"},
				"up": {"uv": [7, 0.5, 7.5, 1], "rotation": 90, "texture": "#0"},
				"down": {"uv": [7, 0.5, 7.5, 1], "rotation": 90, "texture": "#0"}
			}
		},
		{
			"from": [7.66858, 4.54814, 10.21453],
			"to": [8.33264, 4.95439, 10.65013],
			"rotation": {"angle": 22.5, "axis": "x", "origin": [8.00061, 4.72001, 10.46358]},
			"faces": {
				"north": {"uv": [15, 0.5, 15.5, 1], "rotation": 180, "texture": "#0"},
				"east": {"uv": [15, 0.5, 15.5, 1], "rotation": 180, "texture": "#0"},
				"south": {"uv": [15, 0.5, 15.5, 1], "rotation": 180, "texture": "#0"},
				"west": {"uv": [15, 0.5, 15.5, 1], "rotation": 180, "texture": "#0"},
				"up": {"uv": [15, 0.5, 15.5, 1], "rotation": 180, "texture": "#0"},
				"down": {"uv": [15, 0.5, 15.5, 1], "rotation": 180, "texture": "#0"}
			}
		},
		{
			"from": [7.66858, 4.73922, 10.05218],
			"to": [8.33264, 5.17482, 11.17528],
			"rotation": {"angle": -22.5, "axis": "x", "origin": [8.00061, 4.98827, 10.31781]},
			"faces": {
				"north": {"uv": [15, 0.5, 15.5, 1], "rotation": 90, "texture": "#0"},
				"east": {"uv": [15, 0.5, 15.5, 1], "rotation": 90, "texture": "#0"},
				"south": {"uv": [15, 0.5, 15.5, 1], "rotation": 90, "texture": "#0"},
				"west": {"uv": [15, 0.5, 15.5, 1], "rotation": 90, "texture": "#0"},
				"up": {"uv": [15, 0.5, 15.5, 1], "rotation": 90, "texture": "#0"},
				"down": {"uv": [15, 0.5, 15.5, 1], "rotation": 90, "texture": "#0"}
			}
		},
		{
			"from": [7.66858, 4.73069, 10.70951],
			"to": [8.33264, 5.16629, 11.14701],
			"rotation": {"angle": 22.5, "axis": "x", "origin": [8.00061, 4.97974, 10.97514]},
			"faces": {
				"north": {"uv": [15, 0.5, 15.5, 1], "rotation": 90, "texture": "#0"},
				"east": {"uv": [15, 0.5, 15.5, 1], "rotation": 90, "texture": "#0"},
				"south": {"uv": [15, 0.5, 15.5, 1], "rotation": 90, "texture": "#0"},
				"west": {"uv": [15, 0.5, 15.5, 1], "rotation": 90, "texture": "#0"},
				"up": {"uv": [15, 0.5, 15.5, 1], "rotation": 90, "texture": "#0"},
				"down": {"uv": [15, 0.5, 15.5, 1], "rotation": 90, "texture": "#0"}
			}
		},
		{
			"from": [7.66858, 4.57206, 10.48542],
			"to": [8.33264, 5.00956, 10.99524],
			"rotation": {"angle": -22.5, "axis": "x", "origin": [8.00061, 4.74393, 10.73447]},
			"faces": {
				"north": {"uv": [15, 0.5, 15.5, 1], "rotation": 180, "texture": "#0"},
				"east": {"uv": [15, 0.5, 15.5, 1], "rotation": 180, "texture": "#0"},
				"south": {"uv": [15, 0.5, 15.5, 1], "rotation": 180, "texture": "#0"},
				"west": {"uv": [15, 0.5, 15.5, 1], "rotation": 180, "texture": "#0"},
				"up": {"uv": [15, 0.5, 15.5, 1], "rotation": 180, "texture": "#0"},
				"down": {"uv": [15, 0.5, 15.5, 1], "rotation": 180, "texture": "#0"}
			}
		},
		{
			"from": [7.60608, 4.93754, 10.53133],
			"to": [8.39514, 5.14864, 11.04115],
			"rotation": {"angle": -22.5, "axis": "x", "origin": [8.00061, 4.57817, 10.78038]},
			"faces": {
				"north": {"uv": [2, 1.5, 2.5, 2], "rotation": 180, "texture": "#0"},
				"east": {"uv": [2, 1.5, 2.5, 2], "rotation": 180, "texture": "#0"},
				"south": {"uv": [2, 1.5, 2.5, 2], "rotation": 180, "texture": "#0"},
				"west": {"uv": [2, 1.5, 2.5, 2], "rotation": 180, "texture": "#0"},
				"up": {"uv": [2, 1.5, 2.5, 2], "rotation": 180, "texture": "#0"},
				"down": {"uv": [2, 1.5, 2.5, 2], "rotation": 180, "texture": "#0"}
			}
		},
		{
			"from": [7.60608, 4.90439, 10.35297],
			"to": [8.39514, 5.11549, 10.86279],
			"rotation": {"angle": 22.5, "axis": "x", "origin": [8.00061, 5.00994, 10.60788]},
			"faces": {
				"north": {"uv": [2, 1.5, 2.5, 2], "rotation": 180, "texture": "#0"},
				"east": {"uv": [2, 1.5, 2.5, 2], "rotation": 180, "texture": "#0"},
				"south": {"uv": [2, 1.5, 2.5, 2], "rotation": 180, "texture": "#0"},
				"west": {"uv": [2, 1.5, 2.5, 2], "rotation": 180, "texture": "#0"},
				"up": {"uv": [2, 1.5, 2.5, 2], "rotation": 180, "texture": "#0"},
				"down": {"uv": [2, 1.5, 2.5, 2], "rotation": 180, "texture": "#0"}
			}
		},
		{
			"from": [7.60608, 4.75503, 10.50233],
			"to": [8.39514, 5.26485, 10.71343],
			"rotation": {"angle": -22.5, "axis": "x", "origin": [8.00061, 5.00994, 10.60788]},
			"faces": {
				"north": {"uv": [2, 1.5, 2.5, 2], "rotation": 270, "texture": "#0"},
				"east": {"uv": [2, 1.5, 2.5, 2], "rotation": 270, "texture": "#0"},
				"south": {"uv": [2, 1.5, 2.5, 2], "rotation": 270, "texture": "#0"},
				"west": {"uv": [2, 1.5, 2.5, 2], "rotation": 270, "texture": "#0"},
				"up": {"uv": [2, 1.5, 2.5, 2], "rotation": 270, "texture": "#0"},
				"down": {"uv": [2, 1.5, 2.5, 2], "rotation": 270, "texture": "#0"}
			}
		},
		{
			"from": [7.60608, 7.19872, 9.02832],
			"to": [8.39514, 7.40982, 9.23942],
			"rotation": {"angle": 0, "axis": "y", "origin": [8.00061, 7.21052, 9.69637]},
			"faces": {
				"north": {"uv": [10, 0.5, 10.5, 1], "rotation": 270, "texture": "#0"},
				"east": {"uv": [10, 0.5, 10.5, 1], "rotation": 270, "texture": "#0"},
				"south": {"uv": [10, 0.5, 10.5, 1], "rotation": 270, "texture": "#0"},
				"west": {"uv": [10, 0.5, 10.5, 1], "rotation": 270, "texture": "#0"},
				"up": {"uv": [10, 0.5, 10.5, 1], "rotation": 270, "texture": "#0"},
				"down": {"uv": [10, 0.5, 10.5, 1], "rotation": 270, "texture": "#0"}
			}
		},
		{
			"from": [7.60608, 5.29247, 10.15332],
			"to": [8.39514, 5.50357, 10.36442],
			"rotation": {"angle": -22.5, "axis": "x", "origin": [8.00061, 5.49177, 10.41512]},
			"faces": {
				"north": {"uv": [10, 0.5, 10.5, 1], "rotation": 270, "texture": "#0"},
				"east": {"uv": [10, 0.5, 10.5, 1], "rotation": 270, "texture": "#0"},
				"south": {"uv": [10, 0.5, 10.5, 1], "rotation": 270, "texture": "#0"},
				"west": {"uv": [10, 0.5, 10.5, 1], "rotation": 270, "texture": "#0"},
				"up": {"uv": [10, 0.5, 10.5, 1], "rotation": 270, "texture": "#0"},
				"down": {"uv": [10, 0.5, 10.5, 1], "rotation": 270, "texture": "#0"}
			}
		},
		{
			"from": [7.57483, 8.32372, 7.84082],
			"to": [7.77014, 8.50357, 8.70817],
			"rotation": {"angle": 0, "axis": "y", "origin": [8.00061, 7.21052, 9.69637]},
			"faces": {
				"north": {"uv": [10, 0.5, 10.5, 1], "rotation": 270, "texture": "#0"},
				"east": {"uv": [10, 0.5, 10.5, 1], "rotation": 270, "texture": "#0"},
				"south": {"uv": [10, 0.5, 10.5, 1], "rotation": 270, "texture": "#0"},
				"west": {"uv": [10, 0.5, 10.5, 1], "rotation": 270, "texture": "#0"},
				"up": {"uv": [10, 0.5, 10.5, 1], "rotation": 270, "texture": "#0"},
				"down": {"uv": [10, 0.5, 10.5, 1], "rotation": 270, "texture": "#0"}
			}
		},
		{
			"from": [7.50043, 8.33805, 7.84082],
			"to": [7.6256, 8.46305, 8.23942],
			"rotation": {"angle": 45, "axis": "z", "origin": [7.5513, 8.42203, 8.04012]},
			"faces": {
				"north": {"uv": [10, 0.5, 10.5, 1], "rotation": 180, "texture": "#0"},
				"east": {"uv": [10, 0.5, 10.5, 1], "texture": "#0"},
				"south": {"uv": [10, 0.5, 10.5, 1], "texture": "#0"},
				"west": {"uv": [10, 0.5, 10.5, 1], "texture": "#0"},
				"up": {"uv": [10, 0.5, 10.5, 1], "texture": "#0"},
				"down": {"uv": [10, 0.5, 10.5, 1], "texture": "#0"}
			}
		},
		{
			"from": [7.60608, 4.75503, 10.50233],
			"to": [8.39514, 5.26485, 10.71343],
			"rotation": {"angle": 22.5, "axis": "x", "origin": [8.00061, 5.00994, 10.60788]},
			"faces": {
				"north": {"uv": [2, 1.5, 2.5, 2], "rotation": 270, "texture": "#0"},
				"east": {"uv": [2, 1.5, 2.5, 2], "rotation": 270, "texture": "#0"},
				"south": {"uv": [2, 1.5, 2.5, 2], "rotation": 270, "texture": "#0"},
				"west": {"uv": [2, 1.5, 2.5, 2], "rotation": 270, "texture": "#0"},
				"up": {"uv": [2, 1.5, 2.5, 2], "rotation": 270, "texture": "#0"},
				"down": {"uv": [2, 1.5, 2.5, 2], "rotation": 270, "texture": "#0"}
			}
		},
		{
			"from": [7.64905, 4.72032, 8.59627],
			"to": [8.35217, 8.43907, 9.74671],
			"rotation": {"angle": -22.5, "axis": "x", "origin": [8.00061, 8.53673, 9.23595]},
			"faces": {
				"north": {"uv": [7, 0.5, 7.5, 1], "rotation": 90, "texture": "#0"},
				"east": {"uv": [7, 6, 7.5, 6.5], "rotation": 180, "texture": "#0"},
				"south": {"uv": [7, 0.5, 7.5, 1], "rotation": 90, "texture": "#0"},
				"west": {"uv": [7, 6, 7.5, 6.5], "rotation": 180, "texture": "#0"},
				"up": {"uv": [7, 6, 7.5, 6.5], "rotation": 180, "texture": "#0"},
				"down": {"uv": [7, 0.5, 7.5, 1], "rotation": 90, "texture": "#0"}
			}
		},
		{
			"from": [7.64905, 7.31407, 8.39315],
			"to": [8.35217, 8.50157, 8.64125],
			"rotation": {"angle": -22.5, "axis": "x", "origin": [8.00061, 8.53673, 9.23595]},
			"faces": {
				"north": {"uv": [7, 0.5, 7.5, 1], "rotation": 90, "texture": "#0"},
				"east": {"uv": [7, 6, 7.5, 6.5], "rotation": 180, "texture": "#0"},
				"south": {"uv": [7, 6, 7.5, 6.5], "rotation": 180, "texture": "#0"},
				"west": {"uv": [7, 6, 7.5, 6.5], "rotation": 180, "texture": "#0"},
				"up": {"uv": [7, 6, 7.5, 6.5], "rotation": 180, "texture": "#0"},
				"down": {"uv": [7, 6, 7.5, 6.5], "rotation": 180, "texture": "#0"}
			}
		},
		{
			"from": [7.64905, 7.08461, 8.92519],
			"to": [8.35217, 7.33271, 9.26894],
			"rotation": {"angle": 0, "axis": "y", "origin": [8.00061, 7.92741, 8.89003]},
			"faces": {
				"north": {"uv": [7, 6, 7.5, 6.5], "texture": "#0"},
				"east": {"uv": [7, 6, 7.5, 6.5], "rotation": 270, "texture": "#0"},
				"south": {"uv": [7, 6, 7.5, 6.5], "rotation": 180, "texture": "#0"},
				"west": {"uv": [7, 6, 7.5, 6.5], "rotation": 90, "texture": "#0"},
				"up": {"uv": [7, 6, 7.5, 6.5], "rotation": 180, "texture": "#0"},
				"down": {"uv": [7, 0.5, 7.5, 1], "rotation": 90, "texture": "#0"}
			}
		},
		{
			"from": [7.65686, 6.40575, 10.76273],
			"to": [8.34436, 6.59135, 10.98148],
			"rotation": {"angle": -45, "axis": "x", "origin": [8.00061, 7.24855, 9.29008]},
			"faces": {
				"north": {"uv": [7, 0.5, 7.5, 1], "rotation": 90, "texture": "#0"},
				"east": {"uv": [7, 0.5, 7.5, 1], "rotation": 90, "texture": "#0"},
				"south": {"uv": [7, 0.5, 7.5, 1], "rotation": 90, "texture": "#0"},
				"west": {"uv": [7, 0.5, 7.5, 1], "rotation": 90, "texture": "#0"},
				"up": {"uv": [7, 0.5, 7.5, 1], "rotation": 90, "texture": "#0"},
				"down": {"uv": [7, 0.5, 7.5, 1], "rotation": 90, "texture": "#0"}
			}
		},
		{
			"from": [7.65686, 8.34861, 7.71875],
			"to": [7.90686, 8.65921, 8.28125],
			"rotation": {"angle": -45, "axis": "z", "origin": [8.03186, 8.50391, 9.17188]},
			"faces": {
				"north": {"uv": [7.5, 0.5, 8, 1], "rotation": 90, "texture": "#0"},
				"east": {"uv": [7.5, 0.5, 8, 1], "rotation": 90, "texture": "#0"},
				"south": {"uv": [7.5, 0.5, 8, 1], "rotation": 90, "texture": "#0"},
				"west": {"uv": [7, 0.5, 7.5, 1], "rotation": 90, "texture": "#0"},
				"up": {"uv": [7.5, 0.5, 8, 1], "rotation": 90, "texture": "#0"},
				"down": {"uv": [7.5, 0.5, 8, 1], "rotation": 90, "texture": "#0"}
			}
		},
		{
			"from": [7.65686, 8.34861, 9.375],
			"to": [7.90686, 8.65921, 10.59375],
			"rotation": {"angle": -45, "axis": "z", "origin": [8.03186, 8.50391, 9.17188]},
			"faces": {
				"north": {"uv": [7.5, 0.5, 8, 1], "rotation": 90, "texture": "#0"},
				"east": {"uv": [7.5, 0.5, 8, 1], "rotation": 90, "texture": "#0"},
				"south": {"uv": [7.5, 0.5, 8, 1], "rotation": 90, "texture": "#0"},
				"west": {"uv": [7, 0.5, 7.5, 1], "rotation": 90, "texture": "#0"},
				"up": {"uv": [7.5, 0.5, 8, 1], "rotation": 90, "texture": "#0"},
				"down": {"uv": [7.5, 0.5, 8, 1], "rotation": 90, "texture": "#0"}
			}
		},
		{
			"from": [7.81406, 8.59766, 9.375],
			"to": [8.12466, 8.87891, 10.59375],
			"rotation": {"angle": -45, "axis": "z", "origin": [7.96936, 8.50391, 9.17188]},
			"faces": {
				"north": {"uv": [7.5, 0.5, 8, 1], "texture": "#0"},
				"east": {"uv": [7.5, 0.5, 8, 1], "texture": "#0"},
				"south": {"uv": [7.5, 0.5, 8, 1], "texture": "#0"},
				"west": {"uv": [7, 0.5, 7.5, 1], "texture": "#0"},
				"up": {"uv": [7.5, 0.5, 8, 1], "texture": "#0"},
				"down": {"uv": [7.5, 0.5, 8, 1], "texture": "#0"}
			}
		},
		{
			"from": [7.87266, 8.62891, 9.375],
			"to": [8.12857, 8.87891, 10.59375],
			"rotation": {"angle": 0, "axis": "y", "origin": [8.00061, 8.50391, 9.17188]},
			"faces": {
				"north": {"uv": [7.5, 0.5, 8, 1], "texture": "#0"},
				"east": {"uv": [7.5, 0.5, 8, 1], "texture": "#0"},
				"south": {"uv": [7.5, 0.5, 8, 1], "texture": "#0"},
				"west": {"uv": [7, 0.5, 7.5, 1], "texture": "#0"},
				"up": {"uv": [7.5, 0.5, 8, 1], "texture": "#0"},
				"down": {"uv": [7.5, 0.5, 8, 1], "texture": "#0"}
			}
		},
		{
			"from": [7.87656, 8.59766, 8.21875],
			"to": [8.12466, 8.87891, 9.4375],
			"rotation": {"angle": -45, "axis": "z", "origin": [7.96936, 8.50391, 8.01563]},
			"faces": {
				"north": {"uv": [7.5, 0.5, 8, 1], "texture": "#0"},
				"east": {"uv": [7.5, 0.5, 8, 1], "texture": "#0"},
				"south": {"uv": [7.5, 0.5, 8, 1], "texture": "#0"},
				"west": {"uv": [7, 0.5, 7.5, 1], "texture": "#0"},
				"up": {"uv": [7.5, 0.5, 8, 1], "texture": "#0"},
				"down": {"uv": [7.5, 0.5, 8, 1], "texture": "#0"}
			}
		},
		{
			"from": [7.65686, 8.34861, 8.21875],
			"to": [7.90686, 8.59671, 9.4375],
			"rotation": {"angle": -45, "axis": "z", "origin": [8.03186, 8.50391, 8.01563]},
			"faces": {
				"north": {"uv": [7.5, 0.5, 8, 1], "rotation": 90, "texture": "#0"},
				"east": {"uv": [7.5, 0.5, 8, 1], "rotation": 90, "texture": "#0"},
				"south": {"uv": [7.5, 0.5, 8, 1], "rotation": 90, "texture": "#0"},
				"west": {"uv": [7, 0.5, 7.5, 1], "rotation": 90, "texture": "#0"},
				"up": {"uv": [7.5, 0.5, 8, 1], "rotation": 90, "texture": "#0"},
				"down": {"uv": [7.5, 0.5, 8, 1], "rotation": 90, "texture": "#0"}
			}
		},
		{
			"from": [7.83359, 8.62891, 8.21875],
			"to": [8.16763, 8.83594, 9.4375],
			"rotation": {"angle": 0, "axis": "y", "origin": [8.00061, 8.50391, 8.01563]},
			"faces": {
				"north": {"uv": [15.5, 0, 16, 0.5], "texture": "#0"},
				"east": {"uv": [15.5, 0, 16, 0.5], "texture": "#0"},
				"south": {"uv": [15.5, 0, 16, 0.5], "texture": "#0"},
				"west": {"uv": [15.5, 0, 16, 0.5], "texture": "#0"},
				"up": {"uv": [15.5, 0, 16, 0.5], "texture": "#0"},
				"down": {"uv": [15.5, 0, 16, 0.5], "texture": "#0"}
			}
		},
		{
			"from": [7.84531, 8.62109, 10.59375],
			"to": [8.15591, 8.90234, 11.15625],
			"rotation": {"angle": -45, "axis": "z", "origin": [8.00061, 8.52734, 9.73438]},
			"faces": {
				"north": {"uv": [8, 0.5, 8.5, 1], "texture": "#0"},
				"east": {"uv": [8, 0.5, 8.5, 1], "texture": "#0"},
				"south": {"uv": [8, 0.5, 8.5, 1], "texture": "#0"},
				"west": {"uv": [8, 0.5, 8.5, 1], "texture": "#0"},
				"up": {"uv": [8, 0.5, 8.5, 1], "texture": "#0"},
				"down": {"uv": [8, 0.5, 8.5, 1], "texture": "#0"}
			}
		},
		{
			"from": [7.62561, 8.37204, 10.59375],
			"to": [7.87561, 8.68264, 11.15625],
			"rotation": {"angle": -45, "axis": "z", "origin": [8.00061, 8.52734, 9.73438]},
			"faces": {
				"north": {"uv": [8, 0.5, 8.5, 1], "rotation": 270, "texture": "#0"},
				"east": {"uv": [8, 0.5, 8.5, 1], "rotation": 90, "texture": "#0"},
				"south": {"uv": [8, 0.5, 8.5, 1], "rotation": 90, "texture": "#0"},
				"west": {"uv": [8, 0.5, 8.5, 1], "rotation": 90, "texture": "#0"},
				"up": {"uv": [8, 0.5, 8.5, 1], "rotation": 90, "texture": "#0"},
				"down": {"uv": [8, 0.5, 8.5, 1], "rotation": 90, "texture": "#0"}
			}
		},
		{
			"from": [7.84531, 8.65234, 10.59375],
			"to": [8.15591, 8.90234, 11.15625],
			"rotation": {"angle": 0, "axis": "y", "origin": [8.00061, 8.52734, 9.73438]},
			"faces": {
				"north": {"uv": [8, 0.5, 8.5, 1], "texture": "#0"},
				"east": {"uv": [8, 0.5, 8.5, 1], "texture": "#0"},
				"south": {"uv": [8, 0.5, 8.5, 1], "texture": "#0"},
				"west": {"uv": [8, 0.5, 8.5, 1], "texture": "#0"},
				"up": {"uv": [8, 0.5, 8.5, 1], "texture": "#0"},
				"down": {"uv": [8, 0.5, 8.5, 1], "texture": "#0"}
			}
		},
		{
			"from": [7.93516, 8.59766, 4.96875],
			"to": [8.06896, 8.88406, 5.3125],
			"rotation": {"angle": 0, "axis": "y", "origin": [8.00206, 8.58461, 6.35938]},
			"faces": {
				"north": {"uv": [8, 0.5, 8.5, 1], "texture": "#0"},
				"east": {"uv": [8, 0.5, 8.5, 1], "texture": "#0"},
				"south": {"uv": [8, 0.5, 8.5, 1], "texture": "#0"},
				"west": {"uv": [8, 0.5, 8.5, 1], "texture": "#0"},
				"up": {"uv": [8, 0.5, 8.5, 1], "texture": "#0"},
				"down": {"uv": [8, 0.5, 8.5, 1], "texture": "#0"}
			}
		},
		{
			"from": [7.98984, 8.76172, 5.03125],
			"to": [8.01427, 8.99297, 5.2625],
			"rotation": {"angle": -45, "axis": "x", "origin": [8.00206, 8.86, 5.14063]},
			"faces": {
				"north": {"uv": [8, 0.5, 8.5, 1], "texture": "#0"},
				"east": {"uv": [8, 0.5, 8.5, 1], "texture": "#0"},
				"south": {"uv": [8, 0.5, 8.5, 1], "texture": "#0"},
				"west": {"uv": [8, 0.5, 8.5, 1], "texture": "#0"},
				"up": {"uv": [8, 0.5, 8.5, 1], "texture": "#0"},
				"down": {"uv": [8, 0.5, 8.5, 1], "texture": "#0"}
			}
		},
		{
			"from": [7.8375, 8.84375, 10.625],
			"to": [8.1625, 8.96875, 11.0625],
			"rotation": {"angle": 0, "axis": "y", "origin": [8, 7.43596, 6.49926]},
			"faces": {
				"north": {"uv": [8, 0.5, 8.5, 1], "texture": "#0"},
				"east": {"uv": [8, 0.5, 8.5, 1], "texture": "#0"},
				"south": {"uv": [8, 0.5, 8.5, 1], "texture": "#0"},
				"west": {"uv": [8, 0.5, 8.5, 1], "texture": "#0"},
				"up": {"uv": [8, 0.5, 8.5, 1], "texture": "#0"},
				"down": {"uv": [8, 0.5, 8.5, 1], "texture": "#0"}
			}
		},
		{
			"from": [7.8375, 8.96875, 10.78125],
			"to": [7.94375, 9.03125, 11.0625],
			"rotation": {"angle": 0, "axis": "y", "origin": [8, 7.43596, 6.49926]},
			"faces": {
				"north": {"uv": [8, 0.5, 8.5, 1], "texture": "#0"},
				"east": {"uv": [8, 0.5, 8.5, 1], "texture": "#0"},
				"south": {"uv": [8, 0.5, 8.5, 1], "texture": "#0"},
				"west": {"uv": [8, 0.5, 8.5, 1], "texture": "#0"},
				"up": {"uv": [8, 0.5, 8.5, 1], "texture": "#0"},
				"down": {"uv": [8, 0.5, 8.5, 1], "texture": "#0"}
			}
		},
		{
			"from": [8.05625, 8.96875, 10.78125],
			"to": [8.1625, 9.03125, 11.0625],
			"rotation": {"angle": 0, "axis": "y", "origin": [8, 7.43596, 6.49926]},
			"faces": {
				"north": {"uv": [8, 0.5, 8.5, 1], "texture": "#0"},
				"east": {"uv": [8, 0.5, 8.5, 1], "texture": "#0"},
				"south": {"uv": [8, 0.5, 8.5, 1], "texture": "#0"},
				"west": {"uv": [8, 0.5, 8.5, 1], "texture": "#0"},
				"up": {"uv": [8, 0.5, 8.5, 1], "texture": "#0"},
				"down": {"uv": [8, 0.5, 8.5, 1], "texture": "#0"}
			}
		}
	],
	"display": {
		"thirdperson_righthand": {
			"translation": [0.25, 0.5, -0.5],
			"scale": [1.1, 1.1, 1.1]
		},
		"thirdperson_lefthand": {
			"translation": [0.25, 0.5, -0.5],
			"scale": [1.1, 1.1, 1.1]
		},
		"firstperson_righthand": {
			"rotation": [-28.5, 0, 0],
			"translation": [-5.25, 5, 6.5],
			"scale": [1, 1, 0.6]
		},
		"firstperson_lefthand": {
			"translation": [-5.75, 5.75, 6.5],
			"scale": [1, 1, 0.6]
		},
		"ground": {
			"rotation": [0, 0, 90],
			"translation": [-1.25, -1.5, -0.25],
			"scale": [1.2, 1.2, 1.2]
		},
		"gui": {
			"rotation": [90, -51, 90],
			"translation": [0.5, 2, 4],
			"scale": [2.1, 2.1, 2.1]
		},
		"head": {
			"rotation": [90, -135, 90],
			"translation": [0, -13.5, 5],
			"scale": [1.6, 1.6, 1.6]
		},
		"fixed": {
			"rotation": [0, 90, 0],
			"translation": [-1.25, 1.9, -1.86],
			"scale": [2, 2, 2]
		}
	},
	"groups": [
		{
			"name": "slide rack",
			"origin": [8.25586, 8.5602, 11.1875],
			"color": 0,
			"children": [0, 1, 2, 3, 4, 5, 6, 7, 8, 9, 10, 11, 12, 13, 14, 15, 16, 17]
		},
		{
			"name": "main",
			"origin": [8, 7.43596, 6.49926],
			"color": 0,
			"children": [
				18,
				19,
				20,
				21,
				22,
				23,
				24,
				25,
				26,
				27,
				28,
				29,
				30,
				31,
				32,
				33,
				34,
				35,
				36,
				37,
				38,
				39,
				40,
				41,
				42,
				43,
				44,
				45,
				46,
				47,
				48,
				49,
				50,
				51,
				52,
				53,
				54,
				55,
				56,
				57,
				58,
				59,
				60,
				61,
				62,
				63,
				64,
				65,
				66,
				67,
				68,
				69,
				70,
				71
			]
		},
		{
			"name": "sights",
			"origin": [8, 7.43596, 6.49926],
			"color": 0,
			"children": [72, 73, 74, 75, 76]
		}
	]
}