{
	"credit": "made by xeth",
	"textures": {
		"2": "item/xeth_ww1_guns_diffuse"
	},
	"elements": [
		{
			"from": [6.91042, 3.98552, 18.01044],
			"to": [9.08958, 7.56943, 18.62655],
			"rotation": {"angle": 22.5, "axis": "x", "origin": [8, 5.77747, 18.3185]},
			"faces": {
				"north": {"uv": [7, 5, 6.5, 5.5], "rotation": 90, "texture": "#2"},
				"east": {"uv": [6.5, 5, 7, 5.5], "rotation": 270, "texture": "#2"},
				"south": {"uv": [7, 5, 6.5, 5.5], "rotation": 90, "texture": "#2"},
				"west": {"uv": [6.5, 5, 7, 5.5], "rotation": 270, "texture": "#2"},
				"up": {"uv": [6.5, 5, 7, 5.5], "rotation": 270, "texture": "#2"},
				"down": {"uv": [6.5, 5, 7, 5.5], "rotation": 270, "texture": "#2"}
			}
		},
		{
			"from": [7.00236, 4.04584, 9.32202],
			"to": [8.99764, 6.04509, 9.93813],
			"rotation": {"angle": -22.5, "axis": "x", "origin": [8, 5.04546, 9.63008]},
			"faces": {
				"north": {"uv": [7, 5, 6.5, 5.5], "rotation": 90, "texture": "#2"},
				"east": {"uv": [6.5, 5, 7, 5.5], "rotation": 270, "texture": "#2"},
				"south": {"uv": [7, 5, 6.5, 5.5], "rotation": 90, "texture": "#2"},
				"west": {"uv": [6.5, 5, 7, 5.5], "rotation": 270, "texture": "#2"},
				"up": {"uv": [6.5, 5, 7, 5.5], "rotation": 270, "texture": "#2"},
				"down": {"uv": [6.5, 5, 7, 5.5], "rotation": 270, "texture": "#2"}
			}
		},
		{
			"from": [7.00236, 2.48741, 11.24464],
			"to": [8.99764, 3.10352, 16.40072],
			"rotation": {"angle": 0, "axis": "z", "origin": [8, 2.79546, 13.82268]},
			"faces": {
				"north": {"uv": [6.5, 5, 7, 5.5], "rotation": 90, "texture": "#2"},
				"east": {"uv": [6.5, 5, 7, 5.5], "rotation": 180, "texture": "#2"},
				"south": {"uv": [6.5, 5, 7, 5.5], "rotation": 270, "texture": "#2"},
				"west": {"uv": [6.5, 5, 7, 5.5], "texture": "#2"},
				"up": {"uv": [7, 5, 6.5, 5.5], "rotation": 270, "texture": "#2"},
				"down": {"uv": [7, 5, 6.5, 5.5], "rotation": 90, "texture": "#2"}
			}
		},
		{
			"from": [7.00236, 5.8511, 8.96293],
			"to": [8.99764, 7.98856, 9.55538],
			"rotation": {"angle": 0, "axis": "z", "origin": [8, 6.91983, 9.25916]},
			"faces": {
				"north": {"uv": [7, 5, 6.5, 5.5], "rotation": 90, "texture": "#2"},
				"east": {"uv": [6.5, 5, 7, 5.5], "rotation": 270, "texture": "#2"},
				"south": {"uv": [7, 5, 6.5, 5.5], "rotation": 90, "texture": "#2"},
				"west": {"uv": [6.5, 5, 7, 5.5], "rotation": 270, "texture": "#2"},
				"up": {"uv": [6.5, 5, 7, 5.5], "rotation": 270, "texture": "#2"},
				"down": {"uv": [6.5, 5, 7, 5.5], "rotation": 270, "texture": "#2"}
			}
		},
		{
			"from": [7.00236, 5.90925, 17.50191],
			"to": [8.99764, 8.44774, 18.24166],
			"rotation": {"angle": -22.5, "axis": "x", "origin": [8, 7.1785, 17.87178]},
			"faces": {
				"north": {"uv": [7, 5, 6.5, 5.5], "rotation": 90, "texture": "#2"},
				"east": {"uv": [6.5, 5, 7, 5.5], "rotation": 270, "texture": "#2"},
				"south": {"uv": [7, 5, 6.5, 5.5], "rotation": 90, "texture": "#2"},
				"west": {"uv": [6.5, 5, 7, 5.5], "rotation": 270, "texture": "#2"},
				"up": {"uv": [6.5, 5, 7, 5.5], "rotation": 270, "texture": "#2"},
				"down": {"uv": [6.5, 5, 7, 5.5], "rotation": 270, "texture": "#2"}
			}
		},
		{
			"from": [7.16577, 6.75989, 13.38597],
			"to": [8.83423, 8.7594, 15.63763],
			"rotation": {"angle": -22.5, "axis": "x", "origin": [8, 7.60965, 14.5118]},
			"faces": {
				"north": {"uv": [8.5, 5, 8, 5.5], "rotation": 90, "texture": "#2"},
				"east": {"uv": [8, 5, 8.5, 5.5], "rotation": 270, "texture": "#2"},
				"south": {"uv": [8.5, 5, 8, 5.5], "rotation": 90, "texture": "#2"},
				"west": {"uv": [8, 5, 8.5, 5.5], "rotation": 270, "texture": "#2"},
				"up": {"uv": [8, 5, 8.5, 5.5], "rotation": 270, "texture": "#2"},
				"down": {"uv": [8, 5, 8.5, 5.5], "rotation": 270, "texture": "#2"}
			}
		},
		{
			"from": [7.00236, 2.39113, 10.3961],
			"to": [8.99764, 4.53597, 11.01221],
			"rotation": {"angle": -45, "axis": "x", "origin": [8, 3.46355, 10.70415]},
			"faces": {
				"north": {"uv": [7, 5, 6.5, 5.5], "rotation": 90, "texture": "#2"},
				"east": {"uv": [6.5, 5, 7, 5.5], "rotation": 270, "texture": "#2"},
				"south": {"uv": [7, 5, 6.5, 5.5], "rotation": 90, "texture": "#2"},
				"west": {"uv": [6.5, 5, 7, 5.5], "rotation": 270, "texture": "#2"},
				"up": {"uv": [6.5, 5, 7, 5.5], "rotation": 270, "texture": "#2"},
				"down": {"uv": [6.5, 5, 7, 5.5], "rotation": 270, "texture": "#2"}
			}
		},
		{
			"from": [6.96385, 2.39113, 16.63315],
			"to": [9.03615, 4.53597, 17.24927],
			"rotation": {"angle": 45, "axis": "x", "origin": [8, 3.46355, 16.94121]},
			"faces": {
				"north": {"uv": [7, 5, 6.5, 5.5], "rotation": 90, "texture": "#2"},
				"east": {"uv": [6.5, 5, 7, 5.5], "rotation": 270, "texture": "#2"},
				"south": {"uv": [7, 5, 6.5, 5.5], "rotation": 90, "texture": "#2"},
				"west": {"uv": [6.5, 5, 7, 5.5], "rotation": 270, "texture": "#2"},
				"up": {"uv": [6.5, 5, 7, 5.5], "rotation": 270, "texture": "#2"},
				"down": {"uv": [6.5, 5, 7, 5.5], "rotation": 270, "texture": "#2"}
			}
		},
		{
			"from": [7.16577, 4.85976, 13.75895],
			"to": [8.83423, 6.71614, 14.25686],
			"rotation": {"angle": 0, "axis": "z", "origin": [8, 5.78795, 14.00791]},
			"faces": {
				"north": {"uv": [8.5, 5, 8, 5.5], "rotation": 90, "texture": "#2"},
				"east": {"uv": [8, 5, 8.5, 5.5], "rotation": 270, "texture": "#2"},
				"south": {"uv": [8.5, 5, 8, 5.5], "rotation": 90, "texture": "#2"},
				"west": {"uv": [8, 5, 8.5, 5.5], "rotation": 270, "texture": "#2"},
				"up": {"uv": [8, 5, 8.5, 5.5], "rotation": 270, "texture": "#2"},
				"down": {"uv": [8, 5, 8.5, 5.5], "rotation": 270, "texture": "#2"}
			}
		},
		{
			"from": [7.16577, 3.66232, 13.26296],
			"to": [8.83423, 5.27144, 13.76087],
			"rotation": {"angle": 45, "axis": "x", "origin": [8, 4.46688, 13.51191]},
			"faces": {
				"north": {"uv": [8.5, 5, 8, 5.5], "rotation": 90, "texture": "#2"},
				"east": {"uv": [8, 5, 8.5, 5.5], "rotation": 270, "texture": "#2"},
				"south": {"uv": [8.5, 5, 8, 5.5], "rotation": 90, "texture": "#2"},
				"west": {"uv": [8, 5, 8.5, 5.5], "rotation": 270, "texture": "#2"},
				"up": {"uv": [8, 5, 8.5, 5.5], "rotation": 270, "texture": "#2"},
				"down": {"uv": [8, 5, 8.5, 5.5], "rotation": 270, "texture": "#2"}
			}
		},
		{
			"from": [7.16577, 7.64174, 14.94445],
			"to": [8.83423, 8.75255, 16.49725],
			"rotation": {"angle": 45, "axis": "x", "origin": [8, 8.19714, 15.72085]},
			"faces": {
				"north": {"uv": [8.5, 5, 8, 5.5], "rotation": 90, "texture": "#2"},
				"east": {"uv": [8, 5, 8.5, 5.5], "rotation": 270, "texture": "#2"},
				"south": {"uv": [8.5, 5, 8, 5.5], "rotation": 90, "texture": "#2"},
				"west": {"uv": [8, 5, 8.5, 5.5], "rotation": 270, "texture": "#2"},
				"up": {"uv": [8, 5, 8.5, 5.5], "rotation": 270, "texture": "#2"},
				"down": {"uv": [8, 5, 8.5, 5.5], "rotation": 270, "texture": "#2"}
			}
		},
		{
			"from": [7.16577, 5.81343, 14.15398],
			"to": [8.83423, 6.84569, 14.65189],
			"rotation": {"angle": 0, "axis": "z", "origin": [8, 6.32956, 14.40293]},
			"faces": {
				"north": {"uv": [8.5, 5, 8, 5.5], "rotation": 90, "texture": "#2"},
				"east": {"uv": [8, 5, 8.5, 5.5], "rotation": 270, "texture": "#2"},
				"south": {"uv": [8.5, 5, 8, 5.5], "rotation": 90, "texture": "#2"},
				"west": {"uv": [8, 5, 8.5, 5.5], "rotation": 270, "texture": "#2"},
				"up": {"uv": [8, 5, 8.5, 5.5], "rotation": 270, "texture": "#2"},
				"down": {"uv": [8, 5, 8.5, 5.5], "rotation": 270, "texture": "#2"}
			}
		},
		{
			"from": [7.16577, 4.91574, 13.97542],
			"to": [8.83423, 5.94799, 14.47332],
			"rotation": {"angle": 22.5, "axis": "x", "origin": [8, 5.43187, 14.22437]},
			"faces": {
				"north": {"uv": [8.5, 5, 8, 5.5], "rotation": 90, "texture": "#2"},
				"east": {"uv": [8, 5, 8.5, 5.5], "rotation": 270, "texture": "#2"},
				"south": {"uv": [8.5, 5, 8, 5.5], "rotation": 90, "texture": "#2"},
				"west": {"uv": [8, 5, 8.5, 5.5], "rotation": 270, "texture": "#2"},
				"up": {"uv": [8, 5, 8.5, 5.5], "rotation": 270, "texture": "#2"},
				"down": {"uv": [8, 5, 8.5, 5.5], "rotation": 270, "texture": "#2"}
			}
		},
		{
			"from": [7.00236, 8.11309, 7.93889],
			"to": [8.99764, 10.65055, 16.86147],
			"rotation": {"angle": 0, "axis": "z", "origin": [8, 9.18182, 12.40018]},
			"faces": {
				"north": {"uv": [7, 5, 6.5, 5.5], "rotation": 90, "texture": "#2"},
				"east": {"uv": [6.5, 5, 7, 5.5], "rotation": 270, "texture": "#2"},
				"south": {"uv": [7, 5, 6.5, 5.5], "rotation": 90, "texture": "#2"},
				"west": {"uv": [6.5, 5, 7, 5.5], "rotation": 270, "texture": "#2"},
				"up": {"uv": [6.5, 5, 7, 5.5], "rotation": 270, "texture": "#2"},
				"down": {"uv": [6.5, 5, 7, 5.5], "rotation": 270, "texture": "#2"}
			}
		},
		{
			"from": [7.00236, 7.0034, 8.43539],
			"to": [8.99764, 9.31175, 10.61793],
			"rotation": {"angle": 45, "axis": "x", "origin": [8, 8.15758, 9.52666]},
			"faces": {
				"north": {"uv": [7, 5, 6.5, 5.5], "rotation": 90, "texture": "#2"},
				"east": {"uv": [6.5, 5, 7, 5.5], "rotation": 270, "texture": "#2"},
				"south": {"uv": [7, 5, 6.5, 5.5], "rotation": 90, "texture": "#2"},
				"west": {"uv": [6.5, 5, 7, 5.5], "rotation": 270, "texture": "#2"},
				"up": {"uv": [6.5, 5, 7, 5.5], "rotation": 270, "texture": "#2"},
				"down": {"uv": [6.5, 5, 7, 5.5], "rotation": 270, "texture": "#2"}
			}
		},
		{
			"from": [7.34832, 18.00927, -16],
			"to": [8.65168, 18.48126, 8.29213],
			"rotation": {"angle": 0, "axis": "z", "origin": [8, 18.24527, -3.85393]},
			"faces": {
				"north": {"uv": [7, 5, 6.5, 5.5], "rotation": 90, "texture": "#2"},
				"east": {"uv": [6.5, 5, 7, 5.5], "rotation": 270, "texture": "#2"},
				"south": {"uv": [7, 5, 6.5, 5.5], "rotation": 90, "texture": "#2"},
				"west": {"uv": [6.5, 5, 7, 5.5], "rotation": 270, "texture": "#2"},
				"up": {"uv": [7, 5, 6.5, 5.5], "rotation": 180, "texture": "#2"},
				"down": {"uv": [7, 5, 6.5, 5.5], "texture": "#2"}
			}
		},
		{
			"from": [8.29393, 17.61759, -16],
			"to": [9.59729, 18.08958, 8.29213],
			"rotation": {"angle": -45, "axis": "z", "origin": [8.94561, 17.85358, -3.85393]},
			"faces": {
				"north": {"uv": [7, 5, 6.5, 5.5], "rotation": 90, "texture": "#2"},
				"east": {"uv": [6.5, 5, 7, 5.5], "rotation": 270, "texture": "#2"},
				"south": {"uv": [7, 5, 6.5, 5.5], "rotation": 90, "texture": "#2"},
				"west": {"uv": [6.5, 5, 7, 5.5], "rotation": 270, "texture": "#2"},
				"up": {"uv": [7, 5, 6.5, 5.5], "rotation": 180, "texture": "#2"},
				"down": {"uv": [7, 5, 6.5, 5.5], "texture": "#2"}
			}
		},
		{
			"from": [9.10131, 16.25629, -16],
			"to": [9.57329, 17.55965, 8.29213],
			"rotation": {"angle": 0, "axis": "z", "origin": [9.3373, 16.90797, -3.85393]},
			"faces": {
				"north": {"uv": [7, 5, 6.5, 5.5], "texture": "#2"},
				"east": {"uv": [7, 5, 6.5, 5.5], "rotation": 270, "texture": "#2"},
				"south": {"uv": [7, 5, 6.5, 5.5], "rotation": 180, "texture": "#2"},
				"west": {"uv": [7, 5, 6.5, 5.5], "rotation": 90, "texture": "#2"},
				"up": {"uv": [6.5, 5, 7, 5.5], "texture": "#2"},
				"down": {"uv": [6.5, 5, 7, 5.5], "texture": "#2"}
			}
		},
		{
			"from": [8.70962, 15.31068, -16],
			"to": [9.18161, 16.61403, 8.29213],
			"rotation": {"angle": -45, "axis": "z", "origin": [8.94561, 15.96236, -3.85393]},
			"faces": {
				"north": {"uv": [7, 5, 6.5, 5.5], "texture": "#2"},
				"east": {"uv": [7, 5, 6.5, 5.5], "rotation": 270, "texture": "#2"},
				"south": {"uv": [7, 5, 6.5, 5.5], "rotation": 180, "texture": "#2"},
				"west": {"uv": [7, 5, 6.5, 5.5], "rotation": 90, "texture": "#2"},
				"up": {"uv": [6.5, 5, 7, 5.5], "texture": "#2"},
				"down": {"uv": [6.5, 5, 7, 5.5], "texture": "#2"}
			}
		},
		{
			"from": [7.34832, 15.33468, -16],
			"to": [8.65168, 15.80666, 8.29213],
			"rotation": {"angle": 0, "axis": "z", "origin": [8, 15.57067, -3.85393]},
			"faces": {
				"north": {"uv": [7, 5, 6.5, 5.5], "rotation": 270, "texture": "#2"},
				"east": {"uv": [6.5, 5, 7, 5.5], "rotation": 90, "texture": "#2"},
				"south": {"uv": [7, 5, 6.5, 5.5], "rotation": 270, "texture": "#2"},
				"west": {"uv": [6.5, 5, 7, 5.5], "rotation": 90, "texture": "#2"},
				"up": {"uv": [7, 5, 6.5, 5.5], "rotation": 180, "texture": "#2"},
				"down": {"uv": [7, 5, 6.5, 5.5], "texture": "#2"}
			}
		},
		{
			"from": [6.81839, 15.31068, -16],
			"to": [7.29038, 16.61403, 8.29213],
			"rotation": {"angle": 45, "axis": "z", "origin": [7.05439, 15.96236, -3.85393]},
			"faces": {
				"north": {"uv": [7, 5, 6.5, 5.5], "rotation": 180, "texture": "#2"},
				"east": {"uv": [7, 5, 6.5, 5.5], "rotation": 270, "texture": "#2"},
				"south": {"uv": [7, 5, 6.5, 5.5], "texture": "#2"},
				"west": {"uv": [7, 5, 6.5, 5.5], "rotation": 90, "texture": "#2"},
				"up": {"uv": [6.5, 5, 7, 5.5], "rotation": 180, "texture": "#2"},
				"down": {"uv": [6.5, 5, 7, 5.5], "rotation": 180, "texture": "#2"}
			}
		},
		{
			"from": [6.42671, 16.25629, -16],
			"to": [6.89869, 17.55965, 8.29213],
			"rotation": {"angle": 0, "axis": "z", "origin": [6.6627, 16.90797, -3.85393]},
			"faces": {
				"north": {"uv": [7, 5, 6.5, 5.5], "rotation": 180, "texture": "#2"},
				"east": {"uv": [7, 5, 6.5, 5.5], "rotation": 270, "texture": "#2"},
				"south": {"uv": [7, 5, 6.5, 5.5], "texture": "#2"},
				"west": {"uv": [7, 5, 6.5, 5.5], "rotation": 90, "texture": "#2"},
				"up": {"uv": [6.5, 5, 7, 5.5], "rotation": 180, "texture": "#2"},
				"down": {"uv": [6.5, 5, 7, 5.5], "rotation": 180, "texture": "#2"}
			}
		},
		{
			"from": [6.40271, 17.61759, -16],
			"to": [7.70607, 18.08958, 8.29213],
			"rotation": {"angle": 45, "axis": "z", "origin": [7.05439, 17.85358, -3.85393]},
			"faces": {
				"north": {"uv": [7, 5, 6.5, 5.5], "rotation": 90, "texture": "#2"},
				"east": {"uv": [6.5, 5, 7, 5.5], "rotation": 270, "texture": "#2"},
				"south": {"uv": [7, 5, 6.5, 5.5], "rotation": 90, "texture": "#2"},
				"west": {"uv": [6.5, 5, 7, 5.5], "rotation": 270, "texture": "#2"},
				"up": {"uv": [7, 5, 6.5, 5.5], "rotation": 180, "texture": "#2"},
				"down": {"uv": [7, 5, 6.5, 5.5], "texture": "#2"}
			}
		},
		{
			"from": [7.88263, 18.31445, -13.40104],
			"to": [8.11738, 20.21955, -12.12663],
			"rotation": {"angle": 0, "axis": "z", "origin": [8, 19.267, -12.76383]},
			"faces": {
				"north": {"uv": [7, 5, 6.5, 5.5], "rotation": 90, "texture": "#2"},
				"east": {"uv": [6.5, 5, 7, 5.5], "rotation": 270, "texture": "#2"},
				"south": {"uv": [7, 5, 6.5, 5.5], "rotation": 90, "texture": "#2"},
				"west": {"uv": [6.5, 5, 7, 5.5], "rotation": 270, "texture": "#2"},
				"up": {"uv": [7, 5, 6.5, 5.5], "rotation": 180, "texture": "#2"},
				"down": {"uv": [7, 5, 6.5, 5.5], "texture": "#2"}
			}
		},
		{
			"from": [7.88263, 17.27062, -14.20831],
			"to": [8.11738, 20.04363, -12.97632],
			"rotation": {"angle": 45, "axis": "x", "origin": [8, 19.15712, -13.59231]},
			"faces": {
				"north": {"uv": [7, 5, 6.5, 5.5], "rotation": 90, "texture": "#2"},
				"east": {"uv": [6.5, 5, 7, 5.5], "rotation": 270, "texture": "#2"},
				"south": {"uv": [7, 5, 6.5, 5.5], "rotation": 90, "texture": "#2"},
				"west": {"uv": [6.5, 5, 7, 5.5], "rotation": 270, "texture": "#2"},
				"up": {"uv": [7, 5, 6.5, 5.5], "rotation": 180, "texture": "#2"},
				"down": {"uv": [7, 5, 6.5, 5.5], "texture": "#2"}
			}
		},
		{
			"from": [7.6335, 8.00526, 5.28348],
			"to": [8.3665, 8.86484, 8.40215],
			"rotation": {"angle": 0, "axis": "z", "origin": [8, 8.43505, 6.84281]},
			"faces": {
				"north": {"uv": [6.5, 5, 7, 5.5], "rotation": 270, "texture": "#2"},
				"east": {"uv": [7, 5, 6.5, 5.5], "rotation": 90, "texture": "#2"},
				"south": {"uv": [6.5, 5, 7, 5.5], "rotation": 270, "texture": "#2"},
				"west": {"uv": [7, 5, 6.5, 5.5], "rotation": 90, "texture": "#2"},
				"up": {"uv": [7, 5, 6.5, 5.5], "rotation": 270, "texture": "#2"},
				"down": {"uv": [7, 5, 6.5, 5.5], "rotation": 270, "texture": "#2"}
			}
		},
		{
			"from": [0.96456, 5.80418, 8.19581],
			"to": [4.03544, 13.21792, 15.60955],
			"rotation": {"angle": 0, "axis": "z", "origin": [2.5, 9.51105, 11.90268]},
			"faces": {
				"north": {"uv": [7, 5, 6.5, 5.5], "rotation": 90, "texture": "#2"},
				"east": {"uv": [6.5, 5, 7, 5.5], "rotation": 270, "texture": "#2"},
				"south": {"uv": [7, 5, 6.5, 5.5], "rotation": 90, "texture": "#2"},
				"west": {"uv": [6.5, 5, 7, 5.5], "rotation": 270, "texture": "#2"},
				"up": {"uv": [7, 5, 6.5, 5.5], "rotation": 180, "texture": "#2"},
				"down": {"uv": [7, 5, 6.5, 5.5], "texture": "#2"}
			}
		},
		{
			"from": [-1.20687, 7.97561, 8.19581],
			"to": [6.20687, 8.86587, 15.60955],
			"rotation": {"angle": 0, "axis": "z", "origin": [2.5, 8.42074, 11.90268]},
			"faces": {
				"north": {"uv": [7, 5, 6.5, 5.5], "rotation": 90, "texture": "#2"},
				"east": {"uv": [6.5, 5, 7, 5.5], "rotation": 270, "texture": "#2"},
				"south": {"uv": [7, 5, 6.5, 5.5], "rotation": 90, "texture": "#2"},
				"west": {"uv": [6.5, 5, 7, 5.5], "rotation": 270, "texture": "#2"},
				"up": {"uv": [7, 5, 6.5, 5.5], "rotation": 180, "texture": "#2"},
				"down": {"uv": [7, 5, 6.5, 5.5], "texture": "#2"}
			}
		},
		{
			"from": [2.58786, 5.13178, 8.19581],
			"to": [3.75692, 12.54552, 15.60955],
			"rotation": {"angle": -45, "axis": "z", "origin": [3.17239, 8.83865, 11.90268]},
			"faces": {
				"north": {"uv": [7, 5, 6.5, 5.5], "rotation": 90, "texture": "#2"},
				"east": {"uv": [6.5, 5, 7, 5.5], "rotation": 270, "texture": "#2"},
				"south": {"uv": [7, 5, 6.5, 5.5], "rotation": 90, "texture": "#2"},
				"west": {"uv": [6.5, 5, 7, 5.5], "rotation": 270, "texture": "#2"},
				"up": {"uv": [7, 5, 6.5, 5.5], "rotation": 180, "texture": "#2"},
				"down": {"uv": [7, 5, 6.5, 5.5], "texture": "#2"}
			}
		},
		{
			"from": [1.24308, 5.13178, 8.19581],
			"to": [2.41214, 12.54552, 15.60955],
			"rotation": {"angle": 45, "axis": "z", "origin": [1.82761, 8.83865, 11.90268]},
			"faces": {
				"north": {"uv": [7, 5, 6.5, 5.5], "rotation": 90, "texture": "#2"},
				"east": {"uv": [6.5, 5, 7, 5.5], "rotation": 270, "texture": "#2"},
				"south": {"uv": [7, 5, 6.5, 5.5], "rotation": 90, "texture": "#2"},
				"west": {"uv": [6.5, 5, 7, 5.5], "rotation": 270, "texture": "#2"},
				"up": {"uv": [7, 5, 6.5, 5.5], "rotation": 180, "texture": "#2"},
				"down": {"uv": [7, 5, 6.5, 5.5], "texture": "#2"}
			}
		},
		{
			"from": [-1.20687, 10.15622, 8.19581],
			"to": [6.20687, 11.04648, 15.60955],
			"rotation": {"angle": 0, "axis": "z", "origin": [2.5, 10.60135, 11.90268]},
			"faces": {
				"north": {"uv": [7, 5, 6.5, 5.5], "rotation": 90, "texture": "#2"},
				"east": {"uv": [6.5, 5, 7, 5.5], "rotation": 270, "texture": "#2"},
				"south": {"uv": [7, 5, 6.5, 5.5], "rotation": 90, "texture": "#2"},
				"west": {"uv": [6.5, 5, 7, 5.5], "rotation": 270, "texture": "#2"},
				"up": {"uv": [7, 5, 6.5, 5.5], "rotation": 180, "texture": "#2"},
				"down": {"uv": [7, 5, 6.5, 5.5], "texture": "#2"}
			}
		},
		{
			"from": [-1.20687, 8.86587, 12.04493],
			"to": [6.20687, 10.15622, 15.60955],
			"rotation": {"angle": 0, "axis": "z", "origin": [2.5, 9.51105, 13.82724]},
			"faces": {
				"north": {"uv": [7, 5, 6.5, 5.5], "rotation": 90, "texture": "#2"},
				"east": {"uv": [6.5, 5, 7, 5.5], "rotation": 270, "texture": "#2"},
				"south": {"uv": [7, 5, 6.5, 5.5], "rotation": 90, "texture": "#2"},
				"west": {"uv": [6.5, 5, 7, 5.5], "rotation": 270, "texture": "#2"},
				"up": {"uv": [7, 5, 6.5, 5.5], "rotation": 180, "texture": "#2"},
				"down": {"uv": [7, 5, 6.5, 5.5], "texture": "#2"}
			}
		},
		{
			"from": [-0.81319, 8.86587, 8.19581],
			"to": [5.81319, 10.15622, 12.04493],
			"rotation": {"angle": 0, "axis": "z", "origin": [2.5, 9.51105, 10.12037]},
			"faces": {
				"north": {"uv": [7, 5, 6.5, 5.5], "rotation": 90, "texture": "#2"},
				"east": {"uv": [6.5, 5, 7, 5.5], "rotation": 270, "texture": "#2"},
				"south": {"uv": [7, 5, 6.5, 5.5], "rotation": 90, "texture": "#2"},
				"west": {"uv": [6.5, 5, 7, 5.5], "rotation": 270, "texture": "#2"},
				"up": {"uv": [7, 5, 6.5, 5.5], "rotation": 180, "texture": "#2"},
				"down": {"uv": [7, 5, 6.5, 5.5], "texture": "#2"}
			}
		},
		{
			"from": [2.7814, 6.55674, 8.19581],
			"to": [3.72372, 13.97048, 15.60955],
			"rotation": {"angle": 45, "axis": "z", "origin": [3.25256, 10.26361, 11.90268]},
			"faces": {
				"north": {"uv": [7, 5, 6.5, 5.5], "rotation": 90, "texture": "#2"},
				"east": {"uv": [6.5, 5, 7, 5.5], "rotation": 270, "texture": "#2"},
				"south": {"uv": [7, 5, 6.5, 5.5], "rotation": 90, "texture": "#2"},
				"west": {"uv": [6.5, 5, 7, 5.5], "rotation": 270, "texture": "#2"},
				"up": {"uv": [7, 5, 6.5, 5.5], "rotation": 180, "texture": "#2"},
				"down": {"uv": [7, 5, 6.5, 5.5], "texture": "#2"}
			}
		},
		{
			"from": [1.27628, 6.55674, 8.19581],
			"to": [2.2186, 13.97048, 15.60955],
			"rotation": {"angle": -45, "axis": "z", "origin": [1.74744, 10.26361, 11.90268]},
			"faces": {
				"north": {"uv": [7, 5, 6.5, 5.5], "rotation": 90, "texture": "#2"},
				"east": {"uv": [6.5, 5, 7, 5.5], "rotation": 270, "texture": "#2"},
				"south": {"uv": [7, 5, 6.5, 5.5], "rotation": 90, "texture": "#2"},
				"west": {"uv": [6.5, 5, 7, 5.5], "rotation": 270, "texture": "#2"},
				"up": {"uv": [7, 5, 6.5, 5.5], "rotation": 180, "texture": "#2"},
				"down": {"uv": [7, 5, 6.5, 5.5], "texture": "#2"}
			}
		},
		{
			"from": [2.05556, 6.36723, 8.19581],
			"to": [3.06762, 12.77804, 15.60955],
			"rotation": {"angle": 45, "axis": "z", "origin": [2.56159, 9.57263, 11.90268]},
			"faces": {
				"north": {"uv": [7, 5, 6.5, 5.5], "rotation": 90, "texture": "#2"},
				"east": {"uv": [6.5, 5, 7, 5.5], "rotation": 270, "texture": "#2"},
				"south": {"uv": [7, 5, 6.5, 5.5], "rotation": 90, "texture": "#2"},
				"west": {"uv": [6.5, 5, 7, 5.5], "rotation": 270, "texture": "#2"},
				"up": {"uv": [7, 5, 6.5, 5.5], "rotation": 180, "texture": "#2"},
				"down": {"uv": [7, 5, 6.5, 5.5], "texture": "#2"}
			}
		},
		{
			"from": [1.93238, 6.36723, 8.19581],
			"to": [2.94444, 12.77804, 15.60955],
			"rotation": {"angle": -45, "axis": "z", "origin": [2.43841, 9.57263, 11.90268]},
			"faces": {
				"north": {"uv": [7, 5, 6.5, 5.5], "rotation": 90, "texture": "#2"},
				"east": {"uv": [6.5, 5, 7, 5.5], "rotation": 270, "texture": "#2"},
				"south": {"uv": [7, 5, 6.5, 5.5], "rotation": 90, "texture": "#2"},
				"west": {"uv": [6.5, 5, 7, 5.5], "rotation": 270, "texture": "#2"},
				"up": {"uv": [7, 5, 6.5, 5.5], "rotation": 180, "texture": "#2"},
				"down": {"uv": [7, 5, 6.5, 5.5], "texture": "#2"}
			}
		},
		{
			"from": [2.10042, 5.88434, 12.04493],
			"to": [3.05992, 13.29808, 15.60955],
			"rotation": {"angle": 45, "axis": "z", "origin": [2.58017, 9.59121, 13.82724]},
			"faces": {
				"north": {"uv": [7, 5, 6.5, 5.5], "rotation": 90, "texture": "#2"},
				"east": {"uv": [6.5, 5, 7, 5.5], "rotation": 270, "texture": "#2"},
				"south": {"uv": [7, 5, 6.5, 5.5], "rotation": 90, "texture": "#2"},
				"west": {"uv": [6.5, 5, 7, 5.5], "rotation": 270, "texture": "#2"},
				"up": {"uv": [7, 5, 6.5, 5.5], "rotation": 180, "texture": "#2"},
				"down": {"uv": [7, 5, 6.5, 5.5], "texture": "#2"}
			}
		},
		{
			"from": [1.94008, 5.88434, 12.04493],
			"to": [2.89958, 13.29808, 15.60955],
			"rotation": {"angle": -45, "axis": "z", "origin": [2.41983, 9.59121, 13.82724]},
			"faces": {
				"north": {"uv": [7, 5, 6.5, 5.5], "rotation": 90, "texture": "#2"},
				"east": {"uv": [6.5, 5, 7, 5.5], "rotation": 270, "texture": "#2"},
				"south": {"uv": [7, 5, 6.5, 5.5], "rotation": 90, "texture": "#2"},
				"west": {"uv": [6.5, 5, 7, 5.5], "rotation": 270, "texture": "#2"},
				"up": {"uv": [7, 5, 6.5, 5.5], "rotation": 180, "texture": "#2"},
				"down": {"uv": [7, 5, 6.5, 5.5], "texture": "#2"}
			}
		},
		{
			"from": [6.444, -4.21955, 23.73994],
			"to": [9.556, 4.43539, 26.94442],
			"rotation": {"angle": 0, "axis": "z", "origin": [8, 0.10792, 25.34218]},
			"faces": {
				"north": {"uv": [6.5, 6.5, 7, 7], "rotation": 270, "texture": "#2"},
				"east": {"uv": [7, 6.5, 6.5, 7], "rotation": 90, "texture": "#2"},
				"south": {"uv": [6.5, 6.5, 7, 7], "rotation": 270, "texture": "#2"},
				"west": {"uv": [7, 6.5, 6.5, 7], "rotation": 90, "texture": "#2"},
				"up": {"uv": [7, 6.5, 6.5, 7], "rotation": 270, "texture": "#2"},
				"down": {"uv": [7, 6.5, 6.5, 7], "rotation": 270, "texture": "#2"}
			}
		},
		{
			"from": [6.444, -0.5064, 25.20455],
			"to": [9.556, 7.84644, 30.60739],
			"rotation": {"angle": -22.5, "axis": "x", "origin": [8, 3.67002, 27.90597]},
			"faces": {
				"north": {"uv": [6.5, 6.5, 7, 7], "rotation": 270, "texture": "#2"},
				"east": {"uv": [7, 6.5, 6.5, 7], "rotation": 90, "texture": "#2"},
				"south": {"uv": [6.5, 6.5, 7, 7], "rotation": 270, "texture": "#2"},
				"west": {"uv": [7, 6.5, 6.5, 7], "rotation": 90, "texture": "#2"},
				"up": {"uv": [7, 6.5, 6.5, 7], "rotation": 270, "texture": "#2"},
				"down": {"uv": [7, 6.5, 6.5, 7], "rotation": 270, "texture": "#2"}
			}
		},
		{
			"from": [6.444, 9.19175, 23.38266],
			"to": [9.556, 11.31634, 26.04949],
			"rotation": {"angle": 0, "axis": "z", "origin": [8, 10.25404, 24.71607]},
			"faces": {
				"north": {"uv": [6.5, 6.5, 7, 7], "rotation": 270, "texture": "#2"},
				"east": {"uv": [7, 6.5, 6.5, 7], "rotation": 90, "texture": "#2"},
				"south": {"uv": [6.5, 6.5, 7, 7], "rotation": 270, "texture": "#2"},
				"west": {"uv": [7, 6.5, 6.5, 7], "rotation": 90, "texture": "#2"},
				"up": {"uv": [7, 6.5, 6.5, 7], "rotation": 270, "texture": "#2"},
				"down": {"uv": [7, 6.5, 6.5, 7], "rotation": 270, "texture": "#2"}
			}
		},
		{
			"from": [6.444, 8.10057, 22.05064],
			"to": [9.556, 10.2961, 25.84573],
			"rotation": {"angle": 45, "axis": "x", "origin": [8, 9.19833, 23.94819]},
			"faces": {
				"north": {"uv": [6.5, 6.5, 7, 7], "rotation": 270, "texture": "#2"},
				"east": {"uv": [7, 6.5, 6.5, 7], "rotation": 90, "texture": "#2"},
				"south": {"uv": [6.5, 6.5, 7, 7], "rotation": 270, "texture": "#2"},
				"west": {"uv": [7, 6.5, 6.5, 7], "rotation": 90, "texture": "#2"},
				"up": {"uv": [7, 6.5, 6.5, 7], "rotation": 270, "texture": "#2"},
				"down": {"uv": [7, 6.5, 6.5, 7], "rotation": 270, "texture": "#2"}
			}
		},
		{
			"from": [6.444, 7.11394, 21.83019],
			"to": [9.556, 9.76386, 25.62528],
			"rotation": {"angle": 0, "axis": "z", "origin": [8, 8.4389, 23.72773]},
			"faces": {
				"north": {"uv": [6.5, 6.5, 7, 7], "rotation": 270, "texture": "#2"},
				"east": {"uv": [7, 6.5, 6.5, 7], "rotation": 90, "texture": "#2"},
				"south": {"uv": [6.5, 6.5, 7, 7], "rotation": 270, "texture": "#2"},
				"west": {"uv": [7, 6.5, 6.5, 7], "rotation": 90, "texture": "#2"},
				"up": {"uv": [7, 6.5, 6.5, 7], "rotation": 270, "texture": "#2"},
				"down": {"uv": [7, 6.5, 6.5, 7], "rotation": 270, "texture": "#2"}
			}
		},
		{
			"from": [6.444, 4.85638, 23.37369],
			"to": [9.556, 10.81142, 27.26846],
			"rotation": {"angle": 45, "axis": "x", "origin": [8, 7.8339, 25.32107]},
			"faces": {
				"north": {"uv": [6.5, 6.5, 7, 7], "rotation": 270, "texture": "#2"},
				"east": {"uv": [7, 6.5, 6.5, 7], "rotation": 90, "texture": "#2"},
				"south": {"uv": [6.5, 6.5, 7, 7], "rotation": 270, "texture": "#2"},
				"west": {"uv": [7, 6.5, 6.5, 7], "rotation": 90, "texture": "#2"},
				"up": {"uv": [7, 6.5, 6.5, 7], "rotation": 270, "texture": "#2"},
				"down": {"uv": [7, 6.5, 6.5, 7], "rotation": 270, "texture": "#2"}
			}
		},
		{
			"from": [6.444, -4.21955, 26.59716],
			"to": [9.556, 0.8453, 32],
			"rotation": {"angle": 0, "axis": "z", "origin": [8, -1.68713, 29.29858]},
			"faces": {
				"north": {"uv": [6.5, 6.5, 7, 7], "rotation": 270, "texture": "#2"},
				"east": {"uv": [7, 6.5, 6.5, 7], "rotation": 90, "texture": "#2"},
				"south": {"uv": [6.5, 6.5, 7, 7], "rotation": 270, "texture": "#2"},
				"west": {"uv": [7, 6.5, 6.5, 7], "rotation": 90, "texture": "#2"},
				"up": {"uv": [7, 6.5, 6.5, 7], "rotation": 270, "texture": "#2"},
				"down": {"uv": [7, 6.5, 6.5, 7], "rotation": 270, "texture": "#2"}
			}
		},
		{
			"from": [6.444, -4.15143, 23.52663],
			"to": [9.556, 4.17617, 25.57701],
			"rotation": {"angle": 22.5, "axis": "x", "origin": [8, 0.11237, 24.55182]},
			"faces": {
				"north": {"uv": [6.5, 6.5, 7, 7], "rotation": 270, "texture": "#2"},
				"east": {"uv": [7, 6.5, 6.5, 7], "rotation": 90, "texture": "#2"},
				"south": {"uv": [6.5, 6.5, 7, 7], "rotation": 270, "texture": "#2"},
				"west": {"uv": [7, 6.5, 6.5, 7], "rotation": 90, "texture": "#2"},
				"up": {"uv": [7, 6.5, 6.5, 7], "rotation": 270, "texture": "#2"},
				"down": {"uv": [7, 6.5, 6.5, 7], "rotation": 270, "texture": "#2"}
			}
		},
		{
			"from": [6.444, -0.15777, 23.82539],
			"to": [9.556, 8.34125, 25.87578],
			"rotation": {"angle": -22.5, "axis": "x", "origin": [8, 4.09174, 24.85059]},
			"faces": {
				"north": {"uv": [6.5, 6.5, 7, 7], "rotation": 270, "texture": "#2"},
				"east": {"uv": [7, 6.5, 6.5, 7], "rotation": 90, "texture": "#2"},
				"south": {"uv": [6.5, 6.5, 7, 7], "rotation": 270, "texture": "#2"},
				"west": {"uv": [7, 6.5, 6.5, 7], "rotation": 90, "texture": "#2"},
				"up": {"uv": [7, 6.5, 6.5, 7], "rotation": 270, "texture": "#2"},
				"down": {"uv": [7, 6.5, 6.5, 7], "rotation": 270, "texture": "#2"}
			}
		},
		{
			"from": [6.91042, 10.98068, 23.43696],
			"to": [9.08958, 13.10526, 26.10378],
			"rotation": {"angle": 0, "axis": "z", "origin": [8, 12.04297, 24.77037]},
			"faces": {
				"north": {"uv": [6.5, 5, 7, 5.5], "rotation": 270, "texture": "#2"},
				"east": {"uv": [7, 5, 6.5, 5.5], "rotation": 90, "texture": "#2"},
				"south": {"uv": [6.5, 5, 7, 5.5], "rotation": 270, "texture": "#2"},
				"west": {"uv": [7, 5, 6.5, 5.5], "rotation": 90, "texture": "#2"},
				"up": {"uv": [7, 5, 6.5, 5.5], "rotation": 270, "texture": "#2"},
				"down": {"uv": [7, 5, 6.5, 5.5], "rotation": 270, "texture": "#2"}
			}
		},
		{
			"from": [6.91042, 13.23964, 17.17644],
			"to": [9.08958, 18.42662, 19.05032],
			"rotation": {"angle": -22.5, "axis": "x", "origin": [8, 15.83313, 18.11338]},
			"faces": {
				"north": {"uv": [6.5, 5, 7, 5.5], "rotation": 270, "texture": "#2"},
				"east": {"uv": [7, 5, 6.5, 5.5], "rotation": 90, "texture": "#2"},
				"south": {"uv": [6.5, 5, 7, 5.5], "rotation": 270, "texture": "#2"},
				"west": {"uv": [7, 5, 6.5, 5.5], "rotation": 90, "texture": "#2"},
				"up": {"uv": [7, 5, 6.5, 5.5], "rotation": 270, "texture": "#2"},
				"down": {"uv": [7, 5, 6.5, 5.5], "rotation": 270, "texture": "#2"}
			}
		},
		{
			"from": [6.91042, 18.29997, 5.99111],
			"to": [9.08958, 18.88437, 17.37673],
			"rotation": {"angle": 0, "axis": "z", "origin": [8, 18.59217, 11.68392]},
			"faces": {
				"north": {"uv": [6.5, 5, 7, 5.5], "rotation": 270, "texture": "#2"},
				"east": {"uv": [7, 5, 6.5, 5.5], "rotation": 90, "texture": "#2"},
				"south": {"uv": [6.5, 5, 7, 5.5], "rotation": 270, "texture": "#2"},
				"west": {"uv": [7, 5, 6.5, 5.5], "rotation": 90, "texture": "#2"},
				"up": {"uv": [7, 5, 6.5, 5.5], "rotation": 270, "texture": "#2"},
				"down": {"uv": [7, 5, 6.5, 5.5], "rotation": 270, "texture": "#2"}
			}
		},
		{
			"from": [7.27426, 18.45284, 5.99111],
			"to": [8.72574, 19.24821, 17.37673],
			"rotation": {"angle": 0, "axis": "z", "origin": [8, 18.85053, 11.68392]},
			"faces": {
				"north": {"uv": [6.5, 5, 7, 5.5], "rotation": 270, "texture": "#2"},
				"east": {"uv": [7, 5, 6.5, 5.5], "rotation": 90, "texture": "#2"},
				"south": {"uv": [6.5, 5, 7, 5.5], "rotation": 270, "texture": "#2"},
				"west": {"uv": [7, 5, 6.5, 5.5], "rotation": 90, "texture": "#2"},
				"up": {"uv": [7, 5, 6.5, 5.5], "rotation": 270, "texture": "#2"},
				"down": {"uv": [7, 5, 6.5, 5.5], "rotation": 270, "texture": "#2"}
			}
		},
		{
			"from": [6.91042, 8.10975, 15.9309],
			"to": [9.08958, 18.58775, 17.98652],
			"rotation": {"angle": 0, "axis": "z", "origin": [8, 13.34875, 16.95871]},
			"faces": {
				"north": {"uv": [6.5, 5, 7, 5.5], "rotation": 270, "texture": "#2"},
				"east": {"uv": [7, 5, 6.5, 5.5], "rotation": 90, "texture": "#2"},
				"south": {"uv": [6.5, 5, 7, 5.5], "rotation": 270, "texture": "#2"},
				"west": {"uv": [7, 5, 6.5, 5.5], "rotation": 90, "texture": "#2"},
				"up": {"uv": [7, 5, 6.5, 5.5], "rotation": 270, "texture": "#2"},
				"down": {"uv": [7, 5, 6.5, 5.5], "rotation": 270, "texture": "#2"}
			}
		},
		{
			"from": [6.91042, 13.39786, 17.35765],
			"to": [9.08958, 16.12323, 20.04804],
			"rotation": {"angle": 45, "axis": "x", "origin": [8, 14.76055, 18.70284]},
			"faces": {
				"north": {"uv": [6.5, 5, 7, 5.5], "rotation": 270, "texture": "#2"},
				"east": {"uv": [7, 5, 6.5, 5.5], "rotation": 90, "texture": "#2"},
				"south": {"uv": [6.5, 5, 7, 5.5], "rotation": 270, "texture": "#2"},
				"west": {"uv": [7, 5, 6.5, 5.5], "rotation": 90, "texture": "#2"},
				"up": {"uv": [7, 5, 6.5, 5.5], "rotation": 270, "texture": "#2"},
				"down": {"uv": [7, 5, 6.5, 5.5], "rotation": 270, "texture": "#2"}
			}
		},
		{
			"from": [6.91042, 12.28731, 19.55545],
			"to": [9.08958, 14.63292, 21.88916],
			"rotation": {"angle": 22.5, "axis": "x", "origin": [8, 13.46011, 20.72231]},
			"faces": {
				"north": {"uv": [6.5, 5, 7, 5.5], "rotation": 270, "texture": "#2"},
				"east": {"uv": [7, 5, 6.5, 5.5], "rotation": 90, "texture": "#2"},
				"south": {"uv": [6.5, 5, 7, 5.5], "rotation": 270, "texture": "#2"},
				"west": {"uv": [7, 5, 6.5, 5.5], "rotation": 90, "texture": "#2"},
				"up": {"uv": [7, 5, 6.5, 5.5], "rotation": 270, "texture": "#2"},
				"down": {"uv": [7, 5, 6.5, 5.5], "rotation": 270, "texture": "#2"}
			}
		},
		{
			"from": [6.91042, 7.94769, 17.94331],
			"to": [9.08958, 14.0971, 25.11194],
			"rotation": {"angle": 0, "axis": "z", "origin": [8, 11.02239, 21.52763]},
			"faces": {
				"north": {"uv": [6.5, 5, 7, 5.5], "rotation": 270, "texture": "#2"},
				"east": {"uv": [7, 5, 6.5, 5.5], "rotation": 90, "texture": "#2"},
				"south": {"uv": [6.5, 5, 7, 5.5], "rotation": 270, "texture": "#2"},
				"west": {"uv": [7, 5, 6.5, 5.5], "rotation": 90, "texture": "#2"},
				"up": {"uv": [7, 5, 6.5, 5.5], "rotation": 270, "texture": "#2"},
				"down": {"uv": [7, 5, 6.5, 5.5], "rotation": 270, "texture": "#2"}
			}
		},
		{
			"from": [6.91042, 12.23117, 24.33905],
			"to": [9.08958, 13.83624, 25.74172],
			"rotation": {"angle": 45, "axis": "x", "origin": [8, 13.0337, 25.04039]},
			"faces": {
				"north": {"uv": [6.5, 5, 7, 5.5], "rotation": 270, "texture": "#2"},
				"east": {"uv": [7, 5, 6.5, 5.5], "rotation": 90, "texture": "#2"},
				"south": {"uv": [6.5, 5, 7, 5.5], "rotation": 270, "texture": "#2"},
				"west": {"uv": [7, 5, 6.5, 5.5], "rotation": 90, "texture": "#2"},
				"up": {"uv": [7, 5, 6.5, 5.5], "rotation": 270, "texture": "#2"},
				"down": {"uv": [7, 5, 6.5, 5.5], "rotation": 270, "texture": "#2"}
			}
		},
		{
			"from": [6.54674, 8.10975, 15.78132],
			"to": [9.45326, 10.26796, 16.17251],
			"rotation": {"angle": 0, "axis": "z", "origin": [8, 9.18886, 15.97691]},
			"faces": {
				"north": {"uv": [6.5, 5, 7, 5.5], "rotation": 270, "texture": "#2"},
				"east": {"uv": [7, 5, 6.5, 5.5], "rotation": 90, "texture": "#2"},
				"south": {"uv": [6.5, 5, 7, 5.5], "rotation": 270, "texture": "#2"},
				"west": {"uv": [7, 5, 6.5, 5.5], "rotation": 90, "texture": "#2"},
				"up": {"uv": [7, 5, 6.5, 5.5], "rotation": 270, "texture": "#2"},
				"down": {"uv": [7, 5, 6.5, 5.5], "rotation": 270, "texture": "#2"}
			}
		},
		{
			"from": [6.91042, 6.72315, 16.72656],
			"to": [9.08958, 9.51502, 19.49203],
			"rotation": {"angle": 45, "axis": "x", "origin": [8, 8.11908, 18.10929]},
			"faces": {
				"north": {"uv": [6.5, 5, 7, 5.5], "rotation": 270, "texture": "#2"},
				"east": {"uv": [7, 5, 6.5, 5.5], "rotation": 90, "texture": "#2"},
				"south": {"uv": [6.5, 5, 7, 5.5], "rotation": 270, "texture": "#2"},
				"west": {"uv": [7, 5, 6.5, 5.5], "rotation": 90, "texture": "#2"},
				"up": {"uv": [7, 5, 6.5, 5.5], "rotation": 270, "texture": "#2"},
				"down": {"uv": [7, 5, 6.5, 5.5], "rotation": 270, "texture": "#2"}
			}
		},
		{
			"from": [6.85058, 11.63609, 15.78641],
			"to": [9.14942, 17.186, 16.18298],
			"rotation": {"angle": 0, "axis": "z", "origin": [8, 14.41105, 15.9847]},
			"faces": {
				"north": {"uv": [7, 5, 6.5, 5.5], "rotation": 90, "texture": "#2"},
				"east": {"uv": [6.5, 5, 7, 5.5], "rotation": 270, "texture": "#2"},
				"south": {"uv": [7, 5, 6.5, 5.5], "rotation": 90, "texture": "#2"},
				"west": {"uv": [6.5, 5, 7, 5.5], "rotation": 270, "texture": "#2"},
				"up": {"uv": [7, 5, 6.5, 5.5], "rotation": 180, "texture": "#2"},
				"down": {"uv": [7, 5, 6.5, 5.5], "texture": "#2"}
			}
		},
		{
			"from": [5.22505, 13.26162, 15.78641],
			"to": [10.77495, 15.56047, 16.28298],
			"rotation": {"angle": 0, "axis": "z", "origin": [8, 14.41105, 15.9847]},
			"faces": {
				"north": {"uv": [7, 5, 6.5, 5.5], "rotation": 90, "texture": "#2"},
				"east": {"uv": [6.5, 5, 7, 5.5], "rotation": 270, "texture": "#2"},
				"south": {"uv": [7, 5, 6.5, 5.5], "rotation": 90, "texture": "#2"},
				"west": {"uv": [6.5, 5, 7, 5.5], "rotation": 270, "texture": "#2"},
				"up": {"uv": [7, 5, 6.5, 5.5], "rotation": 180, "texture": "#2"},
				"down": {"uv": [7, 5, 6.5, 5.5], "texture": "#2"}
			}
		},
		{
			"from": [6.85058, 11.63609, 15.78641],
			"to": [9.14942, 17.186, 16.28298],
			"rotation": {"angle": -45, "axis": "z", "origin": [8, 14.41105, 15.9847]},
			"faces": {
				"north": {"uv": [7, 5, 6.5, 5.5], "rotation": 90, "texture": "#2"},
				"east": {"uv": [6.5, 5, 7, 5.5], "rotation": 270, "texture": "#2"},
				"south": {"uv": [7, 5, 6.5, 5.5], "rotation": 90, "texture": "#2"},
				"west": {"uv": [6.5, 5, 7, 5.5], "rotation": 270, "texture": "#2"},
				"up": {"uv": [7, 5, 6.5, 5.5], "rotation": 180, "texture": "#2"},
				"down": {"uv": [7, 5, 6.5, 5.5], "texture": "#2"}
			}
		},
		{
			"from": [6.85058, 11.63609, 15.78641],
			"to": [9.14942, 17.186, 16.28298],
			"rotation": {"angle": 45, "axis": "z", "origin": [8, 14.41105, 15.9847]},
			"faces": {
				"north": {"uv": [7, 5, 6.5, 5.5], "rotation": 90, "texture": "#2"},
				"east": {"uv": [6.5, 5, 7, 5.5], "rotation": 270, "texture": "#2"},
				"south": {"uv": [7, 5, 6.5, 5.5], "rotation": 90, "texture": "#2"},
				"west": {"uv": [6.5, 5, 7, 5.5], "rotation": 270, "texture": "#2"},
				"up": {"uv": [7, 5, 6.5, 5.5], "rotation": 180, "texture": "#2"},
				"down": {"uv": [7, 5, 6.5, 5.5], "texture": "#2"}
			}
		},
		{
			"from": [6.97933, 11.94692, 15.96344],
			"to": [9.02067, 16.87517, 16.49965],
			"rotation": {"angle": 0, "axis": "z", "origin": [8, 14.41105, 16.23154]},
			"faces": {
				"north": {"uv": [7, 5, 6.5, 5.5], "rotation": 90, "texture": "#2"},
				"east": {"uv": [6.5, 5, 7, 5.5], "rotation": 270, "texture": "#2"},
				"south": {"uv": [7, 5, 6.5, 5.5], "rotation": 90, "texture": "#2"},
				"west": {"uv": [6.5, 5, 7, 5.5], "rotation": 270, "texture": "#2"},
				"up": {"uv": [7, 5, 6.5, 5.5], "rotation": 180, "texture": "#2"},
				"down": {"uv": [7, 5, 6.5, 5.5], "texture": "#2"}
			}
		},
		{
			"from": [6.60959, 13.69257, 16.42763],
			"to": [9.39041, 15.12953, 19.01027],
			"rotation": {"angle": 0, "axis": "z", "origin": [8, 14.41105, 17.71895]},
			"faces": {
				"north": {"uv": [7, 5, 6.5, 5.5], "rotation": 90, "texture": "#2"},
				"east": {"uv": [6.5, 5, 7, 5.5], "rotation": 270, "texture": "#2"},
				"south": {"uv": [7, 5, 6.5, 5.5], "rotation": 90, "texture": "#2"},
				"west": {"uv": [6.5, 5, 7, 5.5], "rotation": 270, "texture": "#2"},
				"up": {"uv": [7, 5, 6.5, 5.5], "rotation": 180, "texture": "#2"},
				"down": {"uv": [7, 5, 6.5, 5.5], "texture": "#2"}
			}
		},
		{
			"from": [6.09249, 13.69257, 18.60436],
			"to": [9.90751, 15.12953, 19.01027],
			"rotation": {"angle": 0, "axis": "z", "origin": [8, 14.41105, 18.80732]},
			"faces": {
				"north": {"uv": [7, 5, 6.5, 5.5], "rotation": 90, "texture": "#2"},
				"east": {"uv": [6.5, 5, 7, 5.5], "rotation": 270, "texture": "#2"},
				"south": {"uv": [7, 5, 6.5, 5.5], "rotation": 90, "texture": "#2"},
				"west": {"uv": [6.5, 5, 7, 5.5], "rotation": 270, "texture": "#2"},
				"up": {"uv": [7, 5, 6.5, 5.5], "rotation": 180, "texture": "#2"},
				"down": {"uv": [7, 5, 6.5, 5.5], "texture": "#2"}
			}
		},
		{
			"from": [2.29765, 9.19877, -1.13788],
			"to": [2.70235, 9.69294, 15.8835],
			"rotation": {"angle": 0, "axis": "z", "origin": [2.5, 9.44586, 7.87281]},
			"faces": {
				"north": {"uv": [5.5, 6.5, 5, 7], "rotation": 90, "texture": "#2"},
				"east": {"uv": [5, 6.5, 5.5, 7], "rotation": 270, "texture": "#2"},
				"south": {"uv": [5.5, 6.5, 5, 7], "rotation": 90, "texture": "#2"},
				"west": {"uv": [5, 6.5, 5.5, 7], "rotation": 270, "texture": "#2"},
				"up": {"uv": [5.5, 6.5, 5, 7], "rotation": 180, "texture": "#2"},
				"down": {"uv": [5.5, 6.5, 5, 7], "texture": "#2"}
			}
		},
		{
			"from": [2.26738, 8.88426, -1.61376],
			"to": [2.73262, 10.00745, 0.62357],
			"rotation": {"angle": 0, "axis": "z", "origin": [2.5, 9.44586, -0.4951]},
			"faces": {
				"north": {"uv": [5.5, 6.5, 5, 7], "rotation": 90, "texture": "#2"},
				"east": {"uv": [5, 6.5, 5.5, 7], "rotation": 270, "texture": "#2"},
				"south": {"uv": [5.5, 6.5, 5, 7], "rotation": 90, "texture": "#2"},
				"west": {"uv": [5, 6.5, 5.5, 7], "rotation": 270, "texture": "#2"},
				"up": {"uv": [5.5, 6.5, 5, 7], "rotation": 180, "texture": "#2"},
				"down": {"uv": [5.5, 6.5, 5, 7], "texture": "#2"}
			}
		},
		{
			"from": [1.9384, 9.21323, -1.61376],
			"to": [3.0616, 9.67848, 0.62357],
			"rotation": {"angle": 0, "axis": "z", "origin": [2.5, 9.44586, -0.4951]},
			"faces": {
				"north": {"uv": [5.5, 6.5, 5, 7], "rotation": 90, "texture": "#2"},
				"east": {"uv": [5, 6.5, 5.5, 7], "rotation": 270, "texture": "#2"},
				"south": {"uv": [5.5, 6.5, 5, 7], "rotation": 90, "texture": "#2"},
				"west": {"uv": [5, 6.5, 5.5, 7], "rotation": 270, "texture": "#2"},
				"up": {"uv": [5.5, 6.5, 5, 7], "rotation": 180, "texture": "#2"},
				"down": {"uv": [5.5, 6.5, 5, 7], "texture": "#2"}
			}
		},
		{
			"from": [2.26738, 8.88426, -1.61376],
			"to": [2.73262, 10.00745, 0.62357],
			"rotation": {"angle": -45, "axis": "z", "origin": [2.5, 9.44586, -0.4951]},
			"faces": {
				"north": {"uv": [5.5, 6.5, 5, 7], "rotation": 90, "texture": "#2"},
				"east": {"uv": [5, 6.5, 5.5, 7], "rotation": 270, "texture": "#2"},
				"south": {"uv": [5.5, 6.5, 5, 7], "rotation": 90, "texture": "#2"},
				"west": {"uv": [5, 6.5, 5.5, 7], "rotation": 270, "texture": "#2"},
				"up": {"uv": [5.5, 6.5, 5, 7], "rotation": 180, "texture": "#2"},
				"down": {"uv": [5.5, 6.5, 5, 7], "texture": "#2"}
			}
		},
		{
			"from": [2.26738, 8.88426, -1.61376],
			"to": [2.73262, 10.00745, 0.62357],
			"rotation": {"angle": 45, "axis": "z", "origin": [2.5, 9.44586, -0.4951]},
			"faces": {
				"north": {"uv": [5.5, 6.5, 5, 7], "rotation": 90, "texture": "#2"},
				"east": {"uv": [5, 6.5, 5.5, 7], "rotation": 270, "texture": "#2"},
				"south": {"uv": [5.5, 6.5, 5, 7], "rotation": 90, "texture": "#2"},
				"west": {"uv": [5, 6.5, 5.5, 7], "rotation": 270, "texture": "#2"},
				"up": {"uv": [5.5, 6.5, 5, 7], "rotation": 180, "texture": "#2"},
				"down": {"uv": [5.5, 6.5, 5, 7], "texture": "#2"}
			}
		},
		{
			"from": [7.40488, 12.56733, 4.51905],
			"to": [8.59512, 15.44081, 7.71057],
			"rotation": {"angle": 0, "axis": "z", "origin": [8, 14.00407, 6.11481]},
			"faces": {
				"north": {"uv": [7, 5, 6.5, 5.5], "rotation": 90, "texture": "#2"},
				"east": {"uv": [6.5, 5, 7, 5.5], "rotation": 270, "texture": "#2"},
				"south": {"uv": [7, 5, 6.5, 5.5], "rotation": 90, "texture": "#2"},
				"west": {"uv": [6.5, 5, 7, 5.5], "rotation": 270, "texture": "#2"},
				"up": {"uv": [7, 5, 6.5, 5.5], "rotation": 180, "texture": "#2"},
				"down": {"uv": [7, 5, 6.5, 5.5], "texture": "#2"}
			}
		},
		{
			"from": [6.56326, 13.40895, 4.51905],
			"to": [9.43674, 14.59919, 7.71057],
			"rotation": {"angle": 0, "axis": "z", "origin": [8, 14.00407, 6.11481]},
			"faces": {
				"north": {"uv": [7, 5, 6.5, 5.5], "rotation": 90, "texture": "#2"},
				"east": {"uv": [6.5, 5, 7, 5.5], "rotation": 270, "texture": "#2"},
				"south": {"uv": [7, 5, 6.5, 5.5], "rotation": 90, "texture": "#2"},
				"west": {"uv": [6.5, 5, 7, 5.5], "rotation": 270, "texture": "#2"},
				"up": {"uv": [7, 5, 6.5, 5.5], "rotation": 180, "texture": "#2"},
				"down": {"uv": [7, 5, 6.5, 5.5], "texture": "#2"}
			}
		},
		{
			"from": [7.40488, 12.56733, 4.51905],
			"to": [8.59512, 15.44081, 7.71057],
			"rotation": {"angle": -45, "axis": "z", "origin": [8, 14.00407, 6.11481]},
			"faces": {
				"north": {"uv": [7, 5, 6.5, 5.5], "rotation": 90, "texture": "#2"},
				"east": {"uv": [6.5, 5, 7, 5.5], "rotation": 270, "texture": "#2"},
				"south": {"uv": [7, 5, 6.5, 5.5], "rotation": 90, "texture": "#2"},
				"west": {"uv": [6.5, 5, 7, 5.5], "rotation": 270, "texture": "#2"},
				"up": {"uv": [7, 5, 6.5, 5.5], "rotation": 180, "texture": "#2"},
				"down": {"uv": [7, 5, 6.5, 5.5], "texture": "#2"}
			}
		},
		{
			"from": [7.40488, 12.56733, 4.51905],
			"to": [8.59512, 15.44081, 7.71057],
			"rotation": {"angle": 45, "axis": "z", "origin": [8, 14.00407, 6.11481]},
			"faces": {
				"north": {"uv": [7, 5, 6.5, 5.5], "rotation": 90, "texture": "#2"},
				"east": {"uv": [6.5, 5, 7, 5.5], "rotation": 270, "texture": "#2"},
				"south": {"uv": [7, 5, 6.5, 5.5], "rotation": 90, "texture": "#2"},
				"west": {"uv": [6.5, 5, 7, 5.5], "rotation": 270, "texture": "#2"},
				"up": {"uv": [7, 5, 6.5, 5.5], "rotation": 180, "texture": "#2"},
				"down": {"uv": [7, 5, 6.5, 5.5], "texture": "#2"}
			}
		},
		{
			"from": [7.35658, 8.82589, 5.32236],
			"to": [8.64342, 10.72549, 7.92839],
			"rotation": {"angle": 0, "axis": "z", "origin": [8, 9.77569, 6.62538]},
			"faces": {
				"north": {"uv": [7, 5, 6.5, 5.5], "rotation": 90, "texture": "#2"},
				"east": {"uv": [6.5, 5, 7, 5.5], "rotation": 270, "texture": "#2"},
				"south": {"uv": [7, 5, 6.5, 5.5], "rotation": 90, "texture": "#2"},
				"west": {"uv": [6.5, 5, 7, 5.5], "rotation": 270, "texture": "#2"},
				"up": {"uv": [7, 5, 6.5, 5.5], "rotation": 180, "texture": "#2"},
				"down": {"uv": [7, 5, 6.5, 5.5], "texture": "#2"}
			}
		},
		{
			"from": [7.40488, 10.20921, 4.98811],
			"to": [8.59512, 13.08269, 7.10998],
			"rotation": {"angle": -22.5, "axis": "x", "origin": [8, 11.64595, 6.04905]},
			"faces": {
				"north": {"uv": [7, 5, 6.5, 5.5], "rotation": 90, "texture": "#2"},
				"east": {"uv": [6.5, 5, 7, 5.5], "rotation": 270, "texture": "#2"},
				"south": {"uv": [7, 5, 6.5, 5.5], "rotation": 90, "texture": "#2"},
				"west": {"uv": [6.5, 5, 7, 5.5], "rotation": 270, "texture": "#2"},
				"up": {"uv": [7, 5, 6.5, 5.5], "rotation": 180, "texture": "#2"},
				"down": {"uv": [7, 5, 6.5, 5.5], "texture": "#2"}
			}
		},
		{
			"from": [7.40488, 10.57983, 6.64709],
			"to": [8.59512, 13.45331, 7.69763],
			"rotation": {"angle": 0, "axis": "z", "origin": [8, 12.01657, 7.17236]},
			"faces": {
				"north": {"uv": [7, 5, 6.5, 5.5], "rotation": 90, "texture": "#2"},
				"east": {"uv": [6.5, 5, 7, 5.5], "rotation": 270, "texture": "#2"},
				"south": {"uv": [7, 5, 6.5, 5.5], "rotation": 90, "texture": "#2"},
				"west": {"uv": [6.5, 5, 7, 5.5], "rotation": 270, "texture": "#2"},
				"up": {"uv": [7, 5, 6.5, 5.5], "rotation": 180, "texture": "#2"},
				"down": {"uv": [7, 5, 6.5, 5.5], "texture": "#2"}
			}
		},
		{
			"from": [7.47822, 13.20878, 18.55563],
			"to": [8.52178, 18.39577, 20.36666],
			"rotation": {"angle": -22.5, "axis": "x", "origin": [8, 15.80227, 19.27364]},
			"faces": {
				"north": {"uv": [5, 6.5, 5.5, 7], "rotation": 270, "texture": "#2"},
				"east": {"uv": [5.5, 6.5, 5, 7], "rotation": 90, "texture": "#2"},
				"south": {"uv": [5, 6.5, 5.5, 7], "rotation": 270, "texture": "#2"},
				"west": {"uv": [5.5, 6.5, 5, 7], "rotation": 90, "texture": "#2"},
				"up": {"uv": [5.5, 6.5, 5, 7], "rotation": 270, "texture": "#2"},
				"down": {"uv": [5.5, 6.5, 5, 7], "rotation": 270, "texture": "#2"}
			}
		},
		{
			"from": [7.47822, 17.39141, 20.32588],
			"to": [8.52178, 17.98133, 22.57842],
			"rotation": {"angle": -22.5, "axis": "x", "origin": [8, 17.68637, 21.45215]},
			"faces": {
				"north": {"uv": [5, 6.5, 5.5, 7], "rotation": 270, "texture": "#2"},
				"east": {"uv": [5.5, 6.5, 5, 7], "rotation": 90, "texture": "#2"},
				"south": {"uv": [5, 6.5, 5.5, 7], "rotation": 270, "texture": "#2"},
				"west": {"uv": [5.5, 6.5, 5, 7], "rotation": 90, "texture": "#2"},
				"up": {"uv": [5.5, 6.5, 5, 7], "rotation": 270, "texture": "#2"},
				"down": {"uv": [5.5, 6.5, 5, 7], "rotation": 270, "texture": "#2"}
			}
		},
		{
			"from": [7.47822, 15.40964, 20.7814],
			"to": [8.52178, 18.45122, 21.34978],
			"rotation": {"angle": 45, "axis": "x", "origin": [8, 16.93043, 21.06559]},
			"faces": {
				"north": {"uv": [5, 6.5, 5.5, 7], "rotation": 270, "texture": "#2"},
				"east": {"uv": [5.5, 6.5, 5, 7], "rotation": 90, "texture": "#2"},
				"south": {"uv": [5, 6.5, 5.5, 7], "rotation": 270, "texture": "#2"},
				"west": {"uv": [5.5, 6.5, 5, 7], "rotation": 90, "texture": "#2"},
				"up": {"uv": [5.5, 6.5, 5, 7], "rotation": 270, "texture": "#2"},
				"down": {"uv": [5.5, 6.5, 5, 7], "rotation": 270, "texture": "#2"}
			}
		},
		{
			"from": [7.47822, 14.43832, 19.77772],
			"to": [8.52178, 15.36026, 22.11289],
			"rotation": {"angle": 22.5, "axis": "x", "origin": [8, 14.89929, 20.94531]},
			"faces": {
				"north": {"uv": [5, 6.5, 5.5, 7], "rotation": 270, "texture": "#2"},
				"east": {"uv": [5.5, 6.5, 5, 7], "rotation": 90, "texture": "#2"},
				"south": {"uv": [5, 6.5, 5.5, 7], "rotation": 270, "texture": "#2"},
				"west": {"uv": [5.5, 6.5, 5, 7], "rotation": 90, "texture": "#2"},
				"up": {"uv": [5.5, 6.5, 5, 7], "rotation": 270, "texture": "#2"},
				"down": {"uv": [5.5, 6.5, 5, 7], "rotation": 270, "texture": "#2"}
			}
		},
		{
			"from": [7.47822, 13.63423, 21.68509],
			"to": [8.52178, 14.5342, 23.0313],
			"rotation": {"angle": 45, "axis": "x", "origin": [8, 14.08421, 22.35819]},
			"faces": {
				"north": {"uv": [5, 6.5, 5.5, 7], "rotation": 270, "texture": "#2"},
				"east": {"uv": [5.5, 6.5, 5, 7], "rotation": 90, "texture": "#2"},
				"south": {"uv": [5, 6.5, 5.5, 7], "rotation": 270, "texture": "#2"},
				"west": {"uv": [5.5, 6.5, 5, 7], "rotation": 90, "texture": "#2"},
				"up": {"uv": [5.5, 6.5, 5, 7], "rotation": 270, "texture": "#2"},
				"down": {"uv": [5.5, 6.5, 5, 7], "rotation": 270, "texture": "#2"}
			}
		},
		{
			"from": [7.47822, 16.26877, 19.33579],
			"to": [8.52178, 17.6985, 20.76836],
			"rotation": {"angle": 22.5, "axis": "x", "origin": [8, 17.03364, 19.72708]},
			"faces": {
				"north": {"uv": [5, 6.5, 5.5, 7], "rotation": 270, "texture": "#2"},
				"east": {"uv": [5.5, 6.5, 5, 7], "rotation": 90, "texture": "#2"},
				"south": {"uv": [5, 6.5, 5.5, 7], "rotation": 270, "texture": "#2"},
				"west": {"uv": [5.5, 6.5, 5, 7], "rotation": 90, "texture": "#2"},
				"up": {"uv": [5.5, 6.5, 5, 7], "rotation": 270, "texture": "#2"},
				"down": {"uv": [5.5, 6.5, 5, 7], "rotation": 270, "texture": "#2"}
			}
		},
		{
			"from": [7.47822, 17.97518, 22.24262],
			"to": [8.52178, 18.39836, 22.78718],
			"rotation": {"angle": 22.5, "axis": "x", "origin": [8, 18.04927, 22.2899]},
			"faces": {
				"north": {"uv": [5, 6.5, 5.5, 7], "rotation": 270, "texture": "#2"},
				"east": {"uv": [5.5, 6.5, 5, 7], "rotation": 90, "texture": "#2"},
				"south": {"uv": [5, 6.5, 5.5, 7], "rotation": 270, "texture": "#2"},
				"west": {"uv": [5.5, 6.5, 5, 7], "rotation": 90, "texture": "#2"},
				"up": {"uv": [5.5, 6.5, 5, 7], "rotation": 270, "texture": "#2"},
				"down": {"uv": [5.5, 6.5, 5, 7], "rotation": 270, "texture": "#2"}
			}
		},
		{
			"from": [2.09628, 10.95272, 15.3176],
			"to": [2.90372, 12.90203, 15.63491],
			"rotation": {"angle": 0, "axis": "z", "origin": [2.5, 11.92737, 15.47626]},
			"faces": {
				"north": {"uv": [5.5, 5, 5, 5.5], "rotation": 90, "texture": "#2"},
				"east": {"uv": [5, 5, 5.5, 5.5], "rotation": 270, "texture": "#2"},
				"south": {"uv": [5.5, 5, 5, 5.5], "rotation": 90, "texture": "#2"},
				"west": {"uv": [5, 5, 5.5, 5.5], "rotation": 270, "texture": "#2"},
				"up": {"uv": [5.5, 5, 5, 5.5], "rotation": 180, "texture": "#2"},
				"down": {"uv": [5.5, 5, 5, 5.5], "texture": "#2"}
			}
		},
		{
			"from": [1.52534, 11.52366, 15.3176],
			"to": [3.47466, 12.33109, 15.63491],
			"rotation": {"angle": 0, "axis": "z", "origin": [2.5, 11.92737, 15.47626]},
			"faces": {
				"north": {"uv": [5.5, 5, 5, 5.5], "rotation": 90, "texture": "#2"},
				"east": {"uv": [5, 5, 5.5, 5.5], "rotation": 270, "texture": "#2"},
				"south": {"uv": [5.5, 5, 5, 5.5], "rotation": 90, "texture": "#2"},
				"west": {"uv": [5, 5, 5.5, 5.5], "rotation": 270, "texture": "#2"},
				"up": {"uv": [5.5, 5, 5, 5.5], "rotation": 180, "texture": "#2"},
				"down": {"uv": [5.5, 5, 5, 5.5], "texture": "#2"}
			}
		},
		{
			"from": [2.09628, 10.95272, 15.3176],
			"to": [2.90372, 12.90203, 15.63491],
			"rotation": {"angle": -45, "axis": "z", "origin": [2.5, 11.92737, 15.47626]},
			"faces": {
				"north": {"uv": [5.5, 5, 5, 5.5], "rotation": 90, "texture": "#2"},
				"east": {"uv": [5, 5, 5.5, 5.5], "rotation": 270, "texture": "#2"},
				"south": {"uv": [5.5, 5, 5, 5.5], "rotation": 90, "texture": "#2"},
				"west": {"uv": [5, 5, 5.5, 5.5], "rotation": 270, "texture": "#2"},
				"up": {"uv": [5.5, 5, 5, 5.5], "rotation": 180, "texture": "#2"},
				"down": {"uv": [5.5, 5, 5, 5.5], "texture": "#2"}
			}
		},
		{
			"from": [2.09628, 10.95272, 15.3176],
			"to": [2.90372, 12.90203, 15.63491],
			"rotation": {"angle": 45, "axis": "z", "origin": [2.5, 11.92737, 15.47626]},
			"faces": {
				"north": {"uv": [5.5, 5, 5, 5.5], "rotation": 90, "texture": "#2"},
				"east": {"uv": [5, 5, 5.5, 5.5], "rotation": 270, "texture": "#2"},
				"south": {"uv": [5.5, 5, 5, 5.5], "rotation": 90, "texture": "#2"},
				"west": {"uv": [5, 5, 5.5, 5.5], "rotation": 270, "texture": "#2"},
				"up": {"uv": [5.5, 5, 5, 5.5], "rotation": 180, "texture": "#2"},
				"down": {"uv": [5.5, 5, 5, 5.5], "texture": "#2"}
			}
		},
		{
			"from": [-0.0393, 9.71083, 15.3176],
			"to": [0.76813, 11.66015, 15.63491],
			"rotation": {"angle": 0, "axis": "z", "origin": [0.36441, 10.68549, 15.47626]},
			"faces": {
				"north": {"uv": [5.5, 5, 5, 5.5], "rotation": 90, "texture": "#2"},
				"east": {"uv": [5, 5, 5.5, 5.5], "rotation": 270, "texture": "#2"},
				"south": {"uv": [5.5, 5, 5, 5.5], "rotation": 90, "texture": "#2"},
				"west": {"uv": [5, 5, 5.5, 5.5], "rotation": 270, "texture": "#2"},
				"up": {"uv": [5.5, 5, 5, 5.5], "rotation": 180, "texture": "#2"},
				"down": {"uv": [5.5, 5, 5, 5.5], "texture": "#2"}
			}
		},
		{
			"from": [-0.61024, 10.28177, 15.3176],
			"to": [1.33907, 11.08921, 15.63491],
			"rotation": {"angle": 0, "axis": "z", "origin": [0.36441, 10.68549, 15.47626]},
			"faces": {
				"north": {"uv": [5.5, 5, 5, 5.5], "rotation": 90, "texture": "#2"},
				"east": {"uv": [5, 5, 5.5, 5.5], "rotation": 270, "texture": "#2"},
				"south": {"uv": [5.5, 5, 5, 5.5], "rotation": 90, "texture": "#2"},
				"west": {"uv": [5, 5, 5.5, 5.5], "rotation": 270, "texture": "#2"},
				"up": {"uv": [5.5, 5, 5, 5.5], "rotation": 180, "texture": "#2"},
				"down": {"uv": [5.5, 5, 5, 5.5], "texture": "#2"}
			}
		},
		{
			"from": [-0.0393, 9.71083, 15.3176],
			"to": [0.76813, 11.66015, 15.63491],
			"rotation": {"angle": -45, "axis": "z", "origin": [0.36441, 10.68549, 15.47626]},
			"faces": {
				"north": {"uv": [5.5, 5, 5, 5.5], "rotation": 90, "texture": "#2"},
				"east": {"uv": [5, 5, 5.5, 5.5], "rotation": 270, "texture": "#2"},
				"south": {"uv": [5.5, 5, 5, 5.5], "rotation": 90, "texture": "#2"},
				"west": {"uv": [5, 5, 5.5, 5.5], "rotation": 270, "texture": "#2"},
				"up": {"uv": [5.5, 5, 5, 5.5], "rotation": 180, "texture": "#2"},
				"down": {"uv": [5.5, 5, 5, 5.5], "texture": "#2"}
			}
		},
		{
			"from": [-0.0393, 9.71083, 15.3176],
			"to": [0.76813, 11.66015, 15.63491],
			"rotation": {"angle": 45, "axis": "z", "origin": [0.36441, 10.68549, 15.47626]},
			"faces": {
				"north": {"uv": [5.5, 5, 5, 5.5], "rotation": 90, "texture": "#2"},
				"east": {"uv": [5, 5, 5.5, 5.5], "rotation": 270, "texture": "#2"},
				"south": {"uv": [5.5, 5, 5, 5.5], "rotation": 90, "texture": "#2"},
				"west": {"uv": [5, 5, 5.5, 5.5], "rotation": 270, "texture": "#2"},
				"up": {"uv": [5.5, 5, 5, 5.5], "rotation": 180, "texture": "#2"},
				"down": {"uv": [5.5, 5, 5, 5.5], "texture": "#2"}
			}
		},
		{
			"from": [-0.0393, 9.71083, 15.3176],
			"to": [0.76813, 11.66015, 20.63491],
			"rotation": {"angle": 0, "axis": "z", "origin": [0.36441, 10.68549, 15.47626]},
			"faces": {
				"north": {"uv": [11, 14, 10.5, 14.5], "rotation": 90, "texture": "#2"},
				"east": {"uv": [11, 14, 10.5, 14.5], "rotation": 90, "texture": "#2"},
				"south": {"uv": [11, 14, 10.5, 14.5], "rotation": 90, "texture": "#2"},
				"west": {"uv": [11, 14, 10.5, 14.5], "rotation": 90, "texture": "#2"},
				"up": {"uv": [11, 14, 10.5, 14.5], "rotation": 90, "texture": "#2"},
				"down": {"uv": [11, 14, 10.5, 14.5], "rotation": 90, "texture": "#2"}
			}
		},
		{
			"from": [-0.61024, 10.28177, 15.3176],
			"to": [1.33907, 11.08921, 20.63491],
			"rotation": {"angle": 0, "axis": "z", "origin": [0.36441, 10.68549, 15.47626]},
			"faces": {
				"north": {"uv": [11, 14, 10.5, 14.5], "rotation": 90, "texture": "#2"},
				"east": {"uv": [11, 14, 10.5, 14.5], "rotation": 90, "texture": "#2"},
				"south": {"uv": [11, 14, 10.5, 14.5], "rotation": 90, "texture": "#2"},
				"west": {"uv": [11, 14, 10.5, 14.5], "rotation": 90, "texture": "#2"},
				"up": {"uv": [11, 14, 10.5, 14.5], "rotation": 90, "texture": "#2"},
				"down": {"uv": [11, 14, 10.5, 14.5], "rotation": 90, "texture": "#2"}
			}
		},
		{
			"from": [-0.0393, 9.71083, 15.3176],
			"to": [0.76813, 11.66015, 20.63491],
			"rotation": {"angle": -45, "axis": "z", "origin": [0.36441, 10.68549, 15.47626]},
			"faces": {
				"north": {"uv": [11, 14, 10.5, 14.5], "rotation": 90, "texture": "#2"},
				"east": {"uv": [11, 14, 10.5, 14.5], "rotation": 90, "texture": "#2"},
				"south": {"uv": [11, 14, 10.5, 14.5], "rotation": 90, "texture": "#2"},
				"west": {"uv": [11, 14, 10.5, 14.5], "rotation": 90, "texture": "#2"},
				"up": {"uv": [11, 14, 10.5, 14.5], "rotation": 90, "texture": "#2"},
				"down": {"uv": [11, 14, 10.5, 14.5], "rotation": 90, "texture": "#2"}
			}
		},
		{
			"from": [-0.0393, 9.71083, 15.3176],
			"to": [0.76813, 11.66015, 20.63491],
			"rotation": {"angle": 45, "axis": "z", "origin": [0.36441, 10.68549, 15.47626]},
			"faces": {
				"north": {"uv": [11, 14, 10.5, 14.5], "rotation": 90, "texture": "#2"},
				"east": {"uv": [11, 14, 10.5, 14.5], "rotation": 90, "texture": "#2"},
				"south": {"uv": [11, 14, 10.5, 14.5], "rotation": 90, "texture": "#2"},
				"west": {"uv": [11, 14, 10.5, 14.5], "rotation": 90, "texture": "#2"},
				"up": {"uv": [11, 14, 10.5, 14.5], "rotation": 90, "texture": "#2"},
				"down": {"uv": [11, 14, 10.5, 14.5], "rotation": 90, "texture": "#2"}
			}
		},
		{
			"from": [2.09628, 6.12694, 15.3176],
			"to": [2.90372, 8.07625, 15.63491],
			"rotation": {"angle": 0, "axis": "z", "origin": [2.5, 7.10159, 15.47626]},
			"faces": {
				"north": {"uv": [5.5, 5, 5, 5.5], "rotation": 90, "texture": "#2"},
				"east": {"uv": [5, 5, 5.5, 5.5], "rotation": 270, "texture": "#2"},
				"south": {"uv": [5.5, 5, 5, 5.5], "rotation": 90, "texture": "#2"},
				"west": {"uv": [5, 5, 5.5, 5.5], "rotation": 270, "texture": "#2"},
				"up": {"uv": [5.5, 5, 5, 5.5], "rotation": 180, "texture": "#2"},
				"down": {"uv": [5.5, 5, 5, 5.5], "texture": "#2"}
			}
		},
		{
			"from": [1.52534, 6.69788, 15.3176],
			"to": [3.47466, 7.50531, 15.63491],
			"rotation": {"angle": 0, "axis": "z", "origin": [2.5, 7.10159, 15.47626]},
			"faces": {
				"north": {"uv": [5.5, 5, 5, 5.5], "rotation": 90, "texture": "#2"},
				"east": {"uv": [5, 5, 5.5, 5.5], "rotation": 270, "texture": "#2"},
				"south": {"uv": [5.5, 5, 5, 5.5], "rotation": 90, "texture": "#2"},
				"west": {"uv": [5, 5, 5.5, 5.5], "rotation": 270, "texture": "#2"},
				"up": {"uv": [5.5, 5, 5, 5.5], "rotation": 180, "texture": "#2"},
				"down": {"uv": [5.5, 5, 5, 5.5], "texture": "#2"}
			}
		},
		{
			"from": [2.09628, 6.12694, 15.3176],
			"to": [2.90372, 8.07625, 15.63491],
			"rotation": {"angle": -45, "axis": "z", "origin": [2.5, 7.10159, 15.47626]},
			"faces": {
				"north": {"uv": [5.5, 5, 5, 5.5], "rotation": 90, "texture": "#2"},
				"east": {"uv": [5, 5, 5.5, 5.5], "rotation": 270, "texture": "#2"},
				"south": {"uv": [5.5, 5, 5, 5.5], "rotation": 90, "texture": "#2"},
				"west": {"uv": [5, 5, 5.5, 5.5], "rotation": 270, "texture": "#2"},
				"up": {"uv": [5.5, 5, 5, 5.5], "rotation": 180, "texture": "#2"},
				"down": {"uv": [5.5, 5, 5, 5.5], "texture": "#2"}
			}
		},
		{
			"from": [2.09628, 6.12694, 15.3176],
			"to": [2.90372, 8.07625, 15.63491],
			"rotation": {"angle": 45, "axis": "z", "origin": [2.5, 7.10159, 15.47626]},
			"faces": {
				"north": {"uv": [5.5, 5, 5, 5.5], "rotation": 90, "texture": "#2"},
				"east": {"uv": [5, 5, 5.5, 5.5], "rotation": 270, "texture": "#2"},
				"south": {"uv": [5.5, 5, 5, 5.5], "rotation": 90, "texture": "#2"},
				"west": {"uv": [5, 5, 5.5, 5.5], "rotation": 270, "texture": "#2"},
				"up": {"uv": [5.5, 5, 5, 5.5], "rotation": 180, "texture": "#2"},
				"down": {"uv": [5.5, 5, 5, 5.5], "texture": "#2"}
			}
		},
		{
			"from": [-0.0393, 7.33153, 15.3176],
			"to": [0.76813, 9.28084, 15.63491],
			"rotation": {"angle": 0, "axis": "z", "origin": [0.36441, 8.30618, 15.47626]},
			"faces": {
				"north": {"uv": [5.5, 5, 5, 5.5], "rotation": 90, "texture": "#2"},
				"east": {"uv": [5, 5, 5.5, 5.5], "rotation": 270, "texture": "#2"},
				"south": {"uv": [5.5, 5, 5, 5.5], "rotation": 90, "texture": "#2"},
				"west": {"uv": [5, 5, 5.5, 5.5], "rotation": 270, "texture": "#2"},
				"up": {"uv": [5.5, 5, 5, 5.5], "rotation": 180, "texture": "#2"},
				"down": {"uv": [5.5, 5, 5, 5.5], "texture": "#2"}
			}
		},
		{
			"from": [-0.61024, 7.90247, 15.3176],
			"to": [1.33907, 8.7099, 15.63491],
			"rotation": {"angle": 0, "axis": "z", "origin": [0.36441, 8.30618, 15.47626]},
			"faces": {
				"north": {"uv": [5.5, 5, 5, 5.5], "rotation": 90, "texture": "#2"},
				"east": {"uv": [5, 5, 5.5, 5.5], "rotation": 270, "texture": "#2"},
				"south": {"uv": [5.5, 5, 5, 5.5], "rotation": 90, "texture": "#2"},
				"west": {"uv": [5, 5, 5.5, 5.5], "rotation": 270, "texture": "#2"},
				"up": {"uv": [5.5, 5, 5, 5.5], "rotation": 180, "texture": "#2"},
				"down": {"uv": [5.5, 5, 5, 5.5], "texture": "#2"}
			}
		},
		{
			"from": [-0.0393, 7.33153, 15.3176],
			"to": [0.76813, 9.28084, 15.63491],
			"rotation": {"angle": -45, "axis": "z", "origin": [0.36441, 8.30618, 15.47626]},
			"faces": {
				"north": {"uv": [5.5, 5, 5, 5.5], "rotation": 90, "texture": "#2"},
				"east": {"uv": [5, 5, 5.5, 5.5], "rotation": 270, "texture": "#2"},
				"south": {"uv": [5.5, 5, 5, 5.5], "rotation": 90, "texture": "#2"},
				"west": {"uv": [5, 5, 5.5, 5.5], "rotation": 270, "texture": "#2"},
				"up": {"uv": [5.5, 5, 5, 5.5], "rotation": 180, "texture": "#2"},
				"down": {"uv": [5.5, 5, 5, 5.5], "texture": "#2"}
			}
		},
		{
			"from": [-0.0393, 7.33153, 15.3176],
			"to": [0.76813, 9.28084, 15.63491],
			"rotation": {"angle": 45, "axis": "z", "origin": [0.36441, 8.30618, 15.47626]},
			"faces": {
				"north": {"uv": [5.5, 5, 5, 5.5], "rotation": 90, "texture": "#2"},
				"east": {"uv": [5, 5, 5.5, 5.5], "rotation": 270, "texture": "#2"},
				"south": {"uv": [5.5, 5, 5, 5.5], "rotation": 90, "texture": "#2"},
				"west": {"uv": [5, 5, 5.5, 5.5], "rotation": 270, "texture": "#2"},
				"up": {"uv": [5.5, 5, 5, 5.5], "rotation": 180, "texture": "#2"},
				"down": {"uv": [5.5, 5, 5, 5.5], "texture": "#2"}
			}
		},
		{
			"from": [4.23187, 9.71083, 15.3176],
			"to": [5.0393, 11.66015, 15.63491],
			"rotation": {"angle": 0, "axis": "z", "origin": [4.63559, 10.68549, 15.47626]},
			"faces": {
				"north": {"uv": [5, 5, 5.5, 5.5], "rotation": 270, "texture": "#2"},
				"east": {"uv": [5.5, 5, 5, 5.5], "rotation": 90, "texture": "#2"},
				"south": {"uv": [5, 5, 5.5, 5.5], "rotation": 270, "texture": "#2"},
				"west": {"uv": [5.5, 5, 5, 5.5], "rotation": 90, "texture": "#2"},
				"up": {"uv": [5, 5, 5.5, 5.5], "rotation": 180, "texture": "#2"},
				"down": {"uv": [5, 5, 5.5, 5.5], "texture": "#2"}
			}
		},
		{
			"from": [3.66093, 10.28177, 15.3176],
			"to": [5.61024, 11.08921, 15.63491],
			"rotation": {"angle": 0, "axis": "z", "origin": [4.63559, 10.68549, 15.47626]},
			"faces": {
				"north": {"uv": [5, 5, 5.5, 5.5], "rotation": 270, "texture": "#2"},
				"east": {"uv": [5.5, 5, 5, 5.5], "rotation": 90, "texture": "#2"},
				"south": {"uv": [5, 5, 5.5, 5.5], "rotation": 270, "texture": "#2"},
				"west": {"uv": [5.5, 5, 5, 5.5], "rotation": 90, "texture": "#2"},
				"up": {"uv": [5, 5, 5.5, 5.5], "rotation": 180, "texture": "#2"},
				"down": {"uv": [5, 5, 5.5, 5.5], "texture": "#2"}
			}
		},
		{
			"from": [4.23187, 9.71083, 15.3176],
			"to": [5.0393, 11.66015, 15.63491],
			"rotation": {"angle": -45, "axis": "z", "origin": [4.63559, 10.68549, 15.47626]},
			"faces": {
				"north": {"uv": [5, 5, 5.5, 5.5], "rotation": 270, "texture": "#2"},
				"east": {"uv": [5.5, 5, 5, 5.5], "rotation": 90, "texture": "#2"},
				"south": {"uv": [5, 5, 5.5, 5.5], "rotation": 270, "texture": "#2"},
				"west": {"uv": [5.5, 5, 5, 5.5], "rotation": 90, "texture": "#2"},
				"up": {"uv": [5, 5, 5.5, 5.5], "rotation": 180, "texture": "#2"},
				"down": {"uv": [5, 5, 5.5, 5.5], "texture": "#2"}
			}
		},
		{
			"from": [4.23187, 9.71083, 15.3176],
			"to": [5.0393, 11.66015, 15.63491],
			"rotation": {"angle": 45, "axis": "z", "origin": [4.63559, 10.68549, 15.47626]},
			"faces": {
				"north": {"uv": [5, 5, 5.5, 5.5], "rotation": 270, "texture": "#2"},
				"east": {"uv": [5.5, 5, 5, 5.5], "rotation": 90, "texture": "#2"},
				"south": {"uv": [5, 5, 5.5, 5.5], "rotation": 270, "texture": "#2"},
				"west": {"uv": [5.5, 5, 5, 5.5], "rotation": 90, "texture": "#2"},
				"up": {"uv": [5, 5, 5.5, 5.5], "rotation": 180, "texture": "#2"},
				"down": {"uv": [5, 5, 5.5, 5.5], "texture": "#2"}
			}
		},
		{
			"from": [4.23187, 7.33153, 15.3176],
			"to": [5.0393, 9.28084, 15.63491],
			"rotation": {"angle": 0, "axis": "z", "origin": [4.63559, 8.30618, 15.47626]},
			"faces": {
				"north": {"uv": [5, 5, 5.5, 5.5], "rotation": 270, "texture": "#2"},
				"east": {"uv": [5.5, 5, 5, 5.5], "rotation": 90, "texture": "#2"},
				"south": {"uv": [5, 5, 5.5, 5.5], "rotation": 270, "texture": "#2"},
				"west": {"uv": [5.5, 5, 5, 5.5], "rotation": 90, "texture": "#2"},
				"up": {"uv": [5, 5, 5.5, 5.5], "rotation": 180, "texture": "#2"},
				"down": {"uv": [5, 5, 5.5, 5.5], "texture": "#2"}
			}
		},
		{
			"from": [3.66093, 7.90247, 15.3176],
			"to": [5.61024, 8.7099, 15.63491],
			"rotation": {"angle": 0, "axis": "z", "origin": [4.63559, 8.30618, 15.47626]},
			"faces": {
				"north": {"uv": [5, 5, 5.5, 5.5], "rotation": 270, "texture": "#2"},
				"east": {"uv": [5.5, 5, 5, 5.5], "rotation": 90, "texture": "#2"},
				"south": {"uv": [5, 5, 5.5, 5.5], "rotation": 270, "texture": "#2"},
				"west": {"uv": [5.5, 5, 5, 5.5], "rotation": 90, "texture": "#2"},
				"up": {"uv": [5, 5, 5.5, 5.5], "rotation": 180, "texture": "#2"},
				"down": {"uv": [5, 5, 5.5, 5.5], "texture": "#2"}
			}
		},
		{
			"from": [4.23187, 7.33153, 15.3176],
			"to": [5.0393, 9.28084, 15.63491],
			"rotation": {"angle": -45, "axis": "z", "origin": [4.63559, 8.30618, 15.47626]},
			"faces": {
				"north": {"uv": [5, 5, 5.5, 5.5], "rotation": 270, "texture": "#2"},
				"east": {"uv": [5.5, 5, 5, 5.5], "rotation": 90, "texture": "#2"},
				"south": {"uv": [5, 5, 5.5, 5.5], "rotation": 270, "texture": "#2"},
				"west": {"uv": [5.5, 5, 5, 5.5], "rotation": 90, "texture": "#2"},
				"up": {"uv": [5, 5, 5.5, 5.5], "rotation": 180, "texture": "#2"},
				"down": {"uv": [5, 5, 5.5, 5.5], "texture": "#2"}
			}
		},
		{
			"from": [4.23187, 7.33153, 15.3176],
			"to": [5.0393, 9.28084, 15.63491],
			"rotation": {"angle": 45, "axis": "z", "origin": [4.63559, 8.30618, 15.47626]},
			"faces": {
				"north": {"uv": [5, 5, 5.5, 5.5], "rotation": 270, "texture": "#2"},
				"east": {"uv": [5.5, 5, 5, 5.5], "rotation": 90, "texture": "#2"},
				"south": {"uv": [5, 5, 5.5, 5.5], "rotation": 270, "texture": "#2"},
				"west": {"uv": [5.5, 5, 5, 5.5], "rotation": 90, "texture": "#2"},
				"up": {"uv": [5, 5, 5.5, 5.5], "rotation": 180, "texture": "#2"},
				"down": {"uv": [5, 5, 5.5, 5.5], "texture": "#2"}
			}
		},
		{
			"from": [6.38117, 1.49946, 26.98485],
			"to": [9.61883, 2.63212, 28.05401],
			"rotation": {"angle": 0, "axis": "z", "origin": [8, 2.06579, 27.21943]},
			"faces": {
				"north": {"uv": [6.5, 5, 7, 5.5], "rotation": 270, "texture": "#2"},
				"east": {"uv": [7, 5, 6.5, 5.5], "rotation": 90, "texture": "#2"},
				"south": {"uv": [6.5, 5, 7, 5.5], "rotation": 270, "texture": "#2"},
				"west": {"uv": [7, 5, 6.5, 5.5], "rotation": 90, "texture": "#2"},
				"up": {"uv": [7, 5, 6.5, 5.5], "rotation": 270, "texture": "#2"},
				"down": {"uv": [7, 5, 6.5, 5.5], "rotation": 270, "texture": "#2"}
			}
		}
	],
	"display": {
		"thirdperson_righthand": {
			"rotation": [0, 31, 0],
			"translation": [-1.5, 0, -2.25],
			"scale": [0.2, 0.2, 0.2]
		},
		"thirdperson_lefthand": {
			"rotation": [0, 31, 0],
			"translation": [-1.5, 0, -2.25],
			"scale": [0.2, 0.2, 0.2]
		},
		"firstperson_righthand": {
			"rotation": [-35, -3, 0],
			"translation": [3, -4.5, -7.25],
			"scale": [0.5, 0.5, 0.44]
		},
		"firstperson_lefthand": {
			"rotation": [-35, -3, 0],
			"translation": [3, -4.5, -7.25],
			"scale": [0.5, 0.5, 0.44]
		},
		"ground": {
			"rotation": [0, 0, 90],
			"translation": [0, -1, 0],
			"scale": [0.3, 0.3, 0.3]
		},
		"gui": {
			"rotation": [-85, -117, -88.5],
			"translation": [0.25, 0, 0],
			"scale": [0.35, 0.35, 0.35]
		},
		"head": {
			"rotation": [-118.5, 0, 0],
			"translation": [8.5, -27.5, 3],
			"scale": [0.37, 0.37, 0.34]
		},
		"fixed": {
			"rotation": [0, 90, 0],
			"translation": [0, -0.5, -2.75],
			"scale": [0.5, 0.5, 0.5]
		}
	},
	"groups": [
		{
			"name": "trigger",
			"origin": [0, 0, 0],
			"color": 0,
			"children": [0, 1, 2, 3, 4, 5, 6, 7, 8, 9, 10, 11, 12, 13, 14]
		},
		{
			"name": "barrel",
			"origin": [0, 0, 0],
			"color": 0,
			"children": [15, 16, 17, 18, 19, 20, 21, 22, 23, 24, 25]
		},
		{
			"name": "chamber",
			"origin": [0, 0, 0],
			"color": 0,
			"children": [26, 27, 28, 29, 30, 31, 32, 33, 34, 35, 36, 37, 38]
		},
		{
			"name": "hilt",
			"origin": [0, 0, 0],
			"color": 0,
			"children": [39, 40, 41, 42, 43, 44, 45, 46, 47]
		},
		{
			"name": "body",
			"origin": [0, 0, 0],
			"color": 0,
			"children": [48, 49, 50, 51, 52, 53, 54, 55, 56, 57, 58]
		},
		{
			"name": "body_bottom",
			"origin": [0, 0, 0],
			"color": 0,
			"children": []
		},
		{
			"name": "chamber_cover",
			"origin": [0, 0, 0],
			"color": 0,
			"children": [59, 60, 61, 62, 63, 64, 65]
		},
		{
			"name": "pin",
			"origin": [0, 0, 0],
			"color": 0,
			"children": [66, 67, 68, 69, 70]
		},
		{
			"name": "body_front",
			"origin": [0, 0, 0],
			"color": 0,
			"children": [71, 72, 73, 74, 75, 76, 77]
		},
		{
			"name": "safety",
			"origin": [0, 0, 0],
			"color": 0,
			"children": [78, 79, 80, 81, 82, 83, 84]
		},
		{
			"name": "bullets",
			"origin": [0, 0, 0],
			"color": 0,
			"children": [85, 86, 87, 88, 89, 90, 91, 92, 93, 94, 95, 96, 97, 98, 99, 100, 101, 102, 103, 104, 105, 106, 107, 108, 109, 110, 111, 112]
		},
		{
			"name": "screw_back",
			"origin": [0, 0, 0],
			"color": 0,
			"children": []
		},
		{
			"name": "metal_handle",
			"origin": [0, 0, 0],
			"color": 0,
			"children": [113]
		}
	]
}