{"credit":"Made with Blockbench","texture_size":[64,64],"textures":{"1":"item/gun/tomate_pistol1"},"elements":[{"from":[8.2285,9.3136,8.3664],"to":[8.9785,9.9386,10.9289],"rotation":{"angle":0,"axis":"y","origin":[0,0,16]},"faces":{"north":{"uv":[1.5,0,0,1],"texture":"#1"},"east":{"uv":[1.5,0,0,1],"texture":"#1"},"south":{"uv":[1.5,0,0,1],"texture":"#1"},"west":{"uv":[1.5,0,0,1],"texture":"#1"},"up":{"uv":[0,1,1.5,0],"texture":"#1"},"down":{"uv":[0,1,1.5,0],"texture":"#1"}}},{"from":[8.2285,9.1886,8.3664],"to":[9.1035,10.0011,9.2414],"rotation":{"angle":0,"axis":"y","origin":[0,0,16]},"faces":{"north":{"uv":[1.5,0,0,1],"texture":"#1"},"east":{"uv":[1.5,0,0,1],"texture":"#1"},"south":{"uv":[1.5,0,0,1],"texture":"#1"},"west":{"uv":[1.5,0,0,1],"texture":"#1"},"up":{"uv":[0,1,1.5,0],"texture":"#1"},"down":{"uv":[0,1,1.5,0],"texture":"#1"}}},{"from":[8.2285,9.3136,9.9289],"to":[9.2285,9.5011,10.9289],"rotation":{"angle":0,"axis":"y","origin":[0,0,16]},"faces":{"north":{"uv":[1.5,0,0,1],"texture":"#1"},"east":{"uv":[1.5,0,0,1],"texture":"#1"},"south":{"uv":[1.5,0,0,1],"texture":"#1"},"west":{"uv":[1.5,0,0,1],"texture":"#1"},"up":{"uv":[0,1,1.5,0],"texture":"#1"},"down":{"uv":[0,1,1.5,0],"texture":"#1"}}},{"from":[7.1878,9.3806,2.8125],"to":[8.8878,10.1306,16.0625],"rotation":{"angle":0,"axis":"y","origin":[0,0,16]},"faces":{"north":{"uv":[1.5,0,0,1],"texture":"#1"},"east":{"uv":[1.5,0,0,1],"texture":"#1"},"south":{"uv":[1.5,0,0,1],"texture":"#1"},"west":{"uv":[1.5,0,0,1],"texture":"#1"},"up":{"uv":[0,1,1.5,0],"texture":"#1"},"down":{"uv":[0,1,1.5,0],"texture":"#1"}}},{"from":[7.7105,8.858,2.8125],"to":[8.373,9.483,16.0625],"rotation":{"angle":0,"axis":"y","origin":[0,0,16]},"faces":{"north":{"uv":[1.5,0,0,1],"texture":"#1"},"east":{"uv":[1.5,0,0,1],"texture":"#1"},"south":{"uv":[1.5,0,0,1],"texture":"#1"},"west":{"uv":[1.5,0,0,1],"texture":"#1"},"up":{"uv":[0,1,1.5,0],"texture":"#1"},"down":{"uv":[0,1,1.5,0],"texture":"#1"}}},{"from":[6.7944,9.37,-0.8125],"to":[7.3944,9.97,12.4375],"rotation":{"angle":22.5,"axis":"z","origin":[7.23189,10.99505,5.8125]},"faces":{"north":{"uv":[1.5,0,0,1],"texture":"#1"},"east":{"uv":[1.5,0,0,1],"texture":"#1"},"south":{"uv":[1.5,0,0,1],"texture":"#1"},"west":{"uv":[1.5,0,0,1],"texture":"#1"},"up":{"uv":[0,1,1.5,0],"texture":"#1"},"down":{"uv":[0,1,1.5,0],"texture":"#1"}}},{"from":[7.8368,9.2365,-0.8125],"to":[8.4368,9.8365,12.4375],"rotation":{"angle":22.5,"axis":"z","origin":[8.27176,9.58651,5.8125]},"faces":{"north":{"uv":[1.5,0,0,1],"texture":"#1"},"east":{"uv":[1.5,0,0,1],"texture":"#1"},"south":{"uv":[1.5,0,0,1],"texture":"#1"},"west":{"uv":[1.5,0,0,1],"texture":"#1"},"up":{"uv":[0,1,1.5,0],"texture":"#1"},"down":{"uv":[0,1,1.5,0],"texture":"#1"}}},{"from":[7.5384,9.1933,-0.8125],"to":[8.1384,9.7933,12.4375],"rotation":{"angle":-22.5,"axis":"z","origin":[7.82839,9.48324,5.8125]},"faces":{"north":{"uv":[1.5,0,0,1],"texture":"#1"},"east":{"uv":[1.5,0,0,1],"texture":"#1"},"south":{"uv":[1.5,0,0,1],"texture":"#1"},"west":{"uv":[1.5,0,0,1],"texture":"#1"},"up":{"uv":[0,1,1.5,0],"texture":"#1"},"down":{"uv":[0,1,1.5,0],"texture":"#1"}}},{"from":[8.0419,9.4569,-0.8125],"to":[8.6419,10.0569,12.4375],"rotation":{"angle":-22.5,"axis":"z","origin":[8.27176,9.60189,5.8125]},"faces":{"north":{"uv":[1.5,0,0,1],"texture":"#1"},"east":{"uv":[1.5,0,0,1],"texture":"#1"},"south":{"uv":[1.5,0,0,1],"texture":"#1"},"west":{"uv":[1.5,0,0,1],"texture":"#1"},"up":{"uv":[0,1,1.5,0],"texture":"#1"},"down":{"uv":[0,1,1.5,0],"texture":"#1"}}},{"from":[8.3652,8.858,2.8125],"to":[8.7652,9.508,16.0625],"rotation":{"angle":22.5,"axis":"z","origin":[8.3652,8.858,16.0625]},"faces":{"north":{"uv":[1.5,0,0,1],"texture":"#1"},"east":{"uv":[1.5,0,0,1],"texture":"#1"},"south":{"uv":[1.5,0,0,1],"texture":"#1"},"west":{"uv":[1.5,0,0,1],"texture":"#1"},"up":{"uv":[0,1,1.5,0],"texture":"#1"},"down":{"uv":[0,1,1.5,0],"texture":"#1"}}},{"from":[8.3652,9.1642,2.8125],"to":[8.7652,9.5642,16.0625],"rotation":{"angle":-22.5,"axis":"z","origin":[8.3652,9.1642,16.0625]},"faces":{"north":{"uv":[1.5,0,0,1],"texture":"#1"},"east":{"uv":[1.5,0,0,1],"texture":"#1"},"south":{"uv":[1.5,0,0,1],"texture":"#1"},"west":{"uv":[1.5,0,0,1],"texture":"#1"},"up":{"uv":[0,1,1.5,0],"texture":"#1"},"down":{"uv":[0,1,1.5,0],"texture":"#1"}}},{"from":[7.1878,8.6306,7.1875],"to":[8.8878,9.3806,16.0625],"rotation":{"angle":0,"axis":"y","origin":[0,0,16]},"faces":{"north":{"uv":[1.5,0,0,1],"texture":"#1"},"east":{"uv":[1.5,0,0,1],"texture":"#1"},"south":{"uv":[1.5,0,0,1],"texture":"#1"},"west":{"uv":[1.5,0,0,1],"texture":"#1"},"up":{"uv":[0,1,1.5,0],"texture":"#1"},"down":{"uv":[0,1,1.5,0],"texture":"#1"}}},{"from":[7.1878,10.305,5.6449],"to":[8.8878,10.93,7.6449],"rotation":{"angle":22.5,"axis":"x","origin":[7.28782,10.61752,3.20737]},"faces":{"north":{"uv":[1.5,0,0,1],"texture":"#1"},"east":{"uv":[1.5,0,0,1],"texture":"#1"},"south":{"uv":[1.5,0,0,1],"texture":"#1"},"west":{"uv":[1.5,0,0,1],"texture":"#1"},"up":{"uv":[0,1,1.5,0],"texture":"#1"},"down":{"uv":[0,1,1.5,0],"texture":"#1"}}},{"from":[7.1878,-0.2443,10.9375],"to":[8.8878,9.3807,14.5625],"rotation":{"angle":-22.5,"axis":"x","origin":[7.28782,9.06815,11.625]},"faces":{"north":{"uv":[1.5,0,0,1],"texture":"#1"},"east":{"uv":[1.5,0,0,1],"texture":"#1"},"south":{"uv":[1.5,0,0,1],"texture":"#1"},"west":{"uv":[1.5,0,0,1],"texture":"#1"},"up":{"uv":[0,1,1.5,0],"texture":"#1"},"down":{"uv":[0,1,1.5,0],"texture":"#1"}}},{"from":[7.0628,-0.1194,11.3125],"to":[9.0128,8.8806,14.375],"rotation":{"angle":-22.5,"axis":"x","origin":[7.28782,9.06815,11.625]},"faces":{"north":{"uv":[5.25,9.5,5,9.75],"texture":"#1"},"east":{"uv":[5.25,9.5,5,9.75],"texture":"#1"},"south":{"uv":[5.25,9.5,5,9.75],"texture":"#1"},"west":{"uv":[5.25,9.5,5,9.75],"texture":"#1"},"up":{"uv":[5,9.75,5.25,9.5],"texture":"#1"},"down":{"uv":[5,9.75,5.25,9.5],"texture":"#1"}}},{"from":[7.0628,8.8806,11.3125],"to":[9.0128,9.3181,13.3125],"rotation":{"angle":-22.5,"axis":"x","origin":[7.28782,9.06815,11.625]},"faces":{"north":{"uv":[5.25,9.5,5,9.75],"texture":"#1"},"east":{"uv":[5.25,9.5,5,9.75],"texture":"#1"},"south":{"uv":[5.25,9.5,5,9.75],"texture":"#1"},"west":{"uv":[5.25,9.5,5,9.75],"texture":"#1"},"up":{"uv":[5,9.75,5.25,9.5],"texture":"#1"},"down":{"uv":[5,9.75,5.25,9.5],"texture":"#1"}}},{"from":[7.0628,9.2556,11.3125],"to":[9.0128,9.6931,12.3125],"rotation":{"angle":-22.5,"axis":"x","origin":[7.28782,9.06815,11.625]},"faces":{"north":{"uv":[5.25,9.5,5,9.75],"texture":"#1"},"east":{"uv":[5.25,9.5,5,9.75],"texture":"#1"},"south":{"uv":[5.25,9.5,5,9.75],"texture":"#1"},"west":{"uv":[5.25,9.5,5,9.75],"texture":"#1"},"up":{"uv":[5,9.75,5.25,9.5],"texture":"#1"},"down":{"uv":[5,9.75,5.25,9.5],"texture":"#1"}}},{"from":[7.0627,9.5256,11.0966],"to":[9.0127,9.9631,14.2216],"rotation":{"angle":0,"axis":"y","origin":[0,0,16]},"faces":{"north":{"uv":[5.25,9.5,5,9.75],"texture":"#1"},"east":{"uv":[5.25,9.5,5,9.75],"texture":"#1"},"south":{"uv":[5.25,9.5,5,9.75],"texture":"#1"},"west":{"uv":[5.25,9.5,5,9.75],"texture":"#1"},"up":{"uv":[5,9.75,5.25,9.5],"texture":"#1"},"down":{"uv":[5,9.75,5.25,9.5],"texture":"#1"}}},{"from":[7.0567,0.4666,14.8523],"to":[9.0067,1.6666,17.6898],"rotation":{"angle":0,"axis":"y","origin":[0,0,16]},"faces":{"north":{"uv":[5.25,9.5,5,9.75],"texture":"#1"},"east":{"uv":[5.25,9.5,5,9.75],"texture":"#1"},"south":{"uv":[5.25,9.5,5,9.75],"texture":"#1"},"west":{"uv":[5.25,9.5,5,9.75],"texture":"#1"},"up":{"uv":[5,9.75,5.25,9.5],"texture":"#1"},"down":{"uv":[5,9.75,5.25,9.5],"texture":"#1"}}},{"from":[7.1878,5.3806,14.75],"to":[8.8878,10.1306,16.25],"rotation":{"angle":0,"axis":"y","origin":[0,0,16]},"faces":{"north":{"uv":[1.5,0,0,1],"texture":"#1"},"east":{"uv":[1.5,0,0,1],"texture":"#1"},"south":{"uv":[1.5,0,0,1],"texture":"#1"},"west":{"uv":[1.5,0,0,1],"texture":"#1"},"up":{"uv":[0,1,1.5,0],"texture":"#1"},"down":{"uv":[0,1,1.5,0],"texture":"#1"}}},{"from":[7.1878,11.1306,14.5],"to":[8.8878,12.7556,16],"rotation":{"angle":45,"axis":"x","origin":[7.28782,9.06815,11.625]},"faces":{"north":{"uv":[1.5,0,0,1],"texture":"#1"},"east":{"uv":[1.5,0,0,1],"texture":"#1"},"south":{"uv":[1.5,0,0,1],"texture":"#1"},"west":{"uv":[1.5,0,0,1],"texture":"#1"},"up":{"uv":[0,1,1.5,0],"texture":"#1"},"down":{"uv":[0,1,1.5,0],"texture":"#1"}}},{"from":[7.1878,10.6306,16],"to":[8.8878,11.1931,17.25],"rotation":{"angle":22.5,"axis":"x","origin":[7.28782,9.06815,11.625]},"faces":{"north":{"uv":[1.5,0,0,1],"texture":"#1"},"east":{"uv":[1.5,0,0,1],"texture":"#1"},"south":{"uv":[1.5,0,0,1],"texture":"#1"},"west":{"uv":[1.5,0,0,1],"texture":"#1"},"up":{"uv":[0,1,1.5,0],"texture":"#1"},"down":{"uv":[0,1,1.5,0],"texture":"#1"}}},{"from":[7.1858,0.3416,14.6535],"to":[8.8858,1.5916,17.9035],"rotation":{"angle":0,"axis":"y","origin":[0,0,16]},"faces":{"north":{"uv":[1.5,0,0,1],"texture":"#1"},"east":{"uv":[1.5,0,0,1],"texture":"#1"},"south":{"uv":[1.5,0,0,1],"texture":"#1"},"west":{"uv":[1.5,0,0,1],"texture":"#1"},"up":{"uv":[0,1,1.5,0],"texture":"#1"},"down":{"uv":[0,1,1.5,0],"texture":"#1"}}},{"from":[7.5378,-0.2444,10.4375],"to":[8.5378,9.5056,14.9375],"rotation":{"angle":-22.5,"axis":"x","origin":[7.28782,9.06815,11.625]},"faces":{"north":{"uv":[1.5,0,0,1],"texture":"#1"},"east":{"uv":[1.5,0,0,1],"texture":"#1"},"south":{"uv":[1.5,0,0,1],"texture":"#1"},"west":{"uv":[1.5,0,0,1],"texture":"#1"},"up":{"uv":[0,1,1.5,0],"texture":"#1"},"down":{"uv":[0,1,1.5,0],"texture":"#1"}}},{"from":[7.4128,6.0681,14.0625],"to":[8.6628,6.7556,17],"rotation":{"angle":-22.5,"axis":"x","origin":[7.28782,9.06815,11.625]},"faces":{"north":{"uv":[1.5,0,0,1],"texture":"#1"},"east":{"uv":[1.5,0,0,1],"texture":"#1"},"south":{"uv":[1.5,0,0,1],"texture":"#1"},"west":{"uv":[1.5,0,0,1],"texture":"#1"},"up":{"uv":[0,1,1.5,0],"texture":"#1"},"down":{"uv":[0,1,1.5,0],"texture":"#1"}}},{"from":[7.4128,8.3181,15.4375],"to":[8.6628,8.7556,18.1875],"rotation":{"angle":0,"axis":"y","origin":[0,0,16]},"faces":{"north":{"uv":[1.5,0,0,1],"texture":"#1"},"east":{"uv":[1.5,0,0,1],"texture":"#1"},"south":{"uv":[1.5,0,0,1],"texture":"#1"},"west":{"uv":[1.5,0,0,1],"texture":"#1"},"up":{"uv":[0,1,1.5,0],"texture":"#1"},"down":{"uv":[0,1,1.5,0],"texture":"#1"}}},{"from":[7.4128,10.8057,16.0566],"to":[8.6628,11.2432,18.8066],"rotation":{"angle":22.5,"axis":"x","origin":[7.28782,11.55574,12.24414]},"faces":{"north":{"uv":[1.5,0,0,1],"texture":"#1"},"east":{"uv":[1.5,0,0,1],"texture":"#1"},"south":{"uv":[1.5,0,0,1],"texture":"#1"},"west":{"uv":[1.5,0,0,1],"texture":"#1"},"up":{"uv":[0,1,1.5,0],"texture":"#1"},"down":{"uv":[0,1,1.5,0],"texture":"#1"}}},{"from":[7.4113,11.8833,16.0141],"to":[8.6613,12.3208,17.5141],"rotation":{"angle":45,"axis":"x","origin":[7.28634,11.32083,13.32657]},"faces":{"north":{"uv":[1.5,0,0,1],"texture":"#1"},"east":{"uv":[1.5,0,0,1],"texture":"#1"},"south":{"uv":[1.5,0,0,1],"texture":"#1"},"west":{"uv":[1.5,0,0,1],"texture":"#1"},"up":{"uv":[0,1,1.5,0],"texture":"#1"},"down":{"uv":[0,1,1.5,0],"texture":"#1"}}},{"from":[7.4113,9.0083,15.8891],"to":[8.6613,10.1333,16.3266],"rotation":{"angle":0,"axis":"y","origin":[0,0,16]},"faces":{"north":{"uv":[1.5,0,0,1],"texture":"#1"},"east":{"uv":[1.5,0,0,1],"texture":"#1"},"south":{"uv":[1.5,0,0,1],"texture":"#1"},"west":{"uv":[1.5,0,0,1],"texture":"#1"},"up":{"uv":[0,1,1.5,0],"texture":"#1"},"down":{"uv":[0,1,1.5,0],"texture":"#1"}}},{"from":[7.4128,7.5384,15.7246],"to":[8.6628,8.6634,17.2246],"rotation":{"angle":-45,"axis":"x","origin":[7.27576,8.07564,16.15429]},"faces":{"north":{"uv":[1.5,0,0,1],"texture":"#1"},"east":{"uv":[1.5,0,0,1],"texture":"#1"},"south":{"uv":[1.5,0,0,1],"texture":"#1"},"west":{"uv":[1.5,0,0,1],"texture":"#1"},"up":{"uv":[0,1,1.5,0],"texture":"#1"},"down":{"uv":[0,1,1.5,0],"texture":"#1"}}},{"from":[7.5454,0.3566,14.2561],"to":[8.5454,1.7316,18.2561],"rotation":{"angle":0,"axis":"y","origin":[0,0,16]},"faces":{"north":{"uv":[1.5,0,0,1],"texture":"#1"},"east":{"uv":[1.5,0,0,1],"texture":"#1"},"south":{"uv":[1.5,0,0,1],"texture":"#1"},"west":{"uv":[1.5,0,0,1],"texture":"#1"},"up":{"uv":[0,1,1.5,0],"texture":"#1"},"down":{"uv":[0,1,1.5,0],"texture":"#1"}}},{"from":[7.5378,8.2237,6.8267],"to":[8.5378,9.3487,7.9517],"rotation":{"angle":45,"axis":"x","origin":[7.28782,8.53618,7.63925]},"faces":{"north":{"uv":[1.5,0,0,1],"texture":"#1"},"east":{"uv":[1.5,0,0,1],"texture":"#1"},"south":{"uv":[1.5,0,0,1],"texture":"#1"},"west":{"uv":[1.5,0,0,1],"texture":"#1"},"up":{"uv":[0,1,1.5,0],"texture":"#1"},"down":{"uv":[0,1,1.5,0],"texture":"#1"}}},{"from":[7.7253,4.4806,10.0262],"to":[8.3503,5.4056,10.5262],"rotation":{"angle":22.5,"axis":"x","origin":[7.35032,5.28951,15.02623]},"faces":{"north":{"uv":[1.5,0,0,1],"texture":"#1"},"east":{"uv":[1.5,0,0,1],"texture":"#1"},"south":{"uv":[1.5,0,0,1],"texture":"#1"},"west":{"uv":[1.5,0,0,1],"texture":"#1"},"up":{"uv":[0,1,1.5,0],"texture":"#1"},"down":{"uv":[0,1,1.5,0],"texture":"#1"}}},{"from":[7.7253,7.6827,10.1534],"to":[8.3503,8.7327,10.7784],"rotation":{"angle":-22.5,"axis":"x","origin":[7.35032,8.37018,10.27836]},"faces":{"north":{"uv":[1.5,0,0,1],"texture":"#1"},"east":{"uv":[1.5,0,0,1],"texture":"#1"},"south":{"uv":[1.5,0,0,1],"texture":"#1"},"west":{"uv":[1.5,0,0,1],"texture":"#1"},"up":{"uv":[0,1,1.5,0],"texture":"#1"},"down":{"uv":[0,1,1.5,0],"texture":"#1"}}},{"from":[7.7253,7.0181,10.3303],"to":[8.3503,7.9181,11.0803],"rotation":{"angle":0,"axis":"y","origin":[0,0,16]},"faces":{"north":{"uv":[1.5,0,0,1],"texture":"#1"},"east":{"uv":[1.5,0,0,1],"texture":"#1"},"south":{"uv":[1.5,0,0,1],"texture":"#1"},"west":{"uv":[1.5,0,0,1],"texture":"#1"},"up":{"uv":[0,1,1.5,0],"texture":"#1"},"down":{"uv":[0,1,1.5,0],"texture":"#1"}}},{"from":[7.5378,6.2439,8.5325],"to":[8.5378,6.4939,11.6575],"rotation":{"angle":0,"axis":"y","origin":[0,0,16]},"faces":{"north":{"uv":[1.5,0,0,1],"texture":"#1"},"east":{"uv":[1.5,0,0,1],"texture":"#1"},"south":{"uv":[1.5,0,0,1],"texture":"#1"},"west":{"uv":[1.5,0,0,1],"texture":"#1"},"up":{"uv":[0,1,1.5,0],"texture":"#1"},"down":{"uv":[0,1,1.5,0],"texture":"#1"}}},{"from":[7.5378,6.7366,7.8052],"to":[8.5378,6.9866,8.6802],"rotation":{"angle":22.5,"axis":"x","origin":[7.28782,6.86165,7.36773]},"faces":{"north":{"uv":[1.5,0,0,1],"texture":"#1"},"east":{"uv":[1.5,0,0,1],"texture":"#1"},"south":{"uv":[1.5,0,0,1],"texture":"#1"},"west":{"uv":[1.5,0,0,1],"texture":"#1"},"up":{"uv":[0,1,1.5,0],"texture":"#1"},"down":{"uv":[0,1,1.5,0],"texture":"#1"}}},{"from":[7.5378,6.5267,7.2123],"to":[8.5378,7.4017,7.4623],"rotation":{"angle":-22.5,"axis":"x","origin":[7.28782,7.83916,7.33731]},"faces":{"north":{"uv":[1.5,0,0,1],"texture":"#1"},"east":{"uv":[1.5,0,0,1],"texture":"#1"},"south":{"uv":[1.5,0,0,1],"texture":"#1"},"west":{"uv":[1.5,0,0,1],"texture":"#1"},"up":{"uv":[0,1,1.5,0],"texture":"#1"},"down":{"uv":[0,1,1.5,0],"texture":"#1"}}},{"from":[7.5378,7.3871,7.3892],"to":[8.5378,8.8871,7.6392],"rotation":{"angle":0,"axis":"y","origin":[0,0,16]},"faces":{"north":{"uv":[1.5,0,0,1],"texture":"#1"},"east":{"uv":[1.5,0,0,1],"texture":"#1"},"south":{"uv":[1.5,0,0,1],"texture":"#1"},"west":{"uv":[1.5,0,0,1],"texture":"#1"},"up":{"uv":[0,1,1.5,0],"texture":"#1"},"down":{"uv":[0,1,1.5,0],"texture":"#1"}}},{"from":[7.0378,10.6306,-0.8125],"to":[8.9753,11.5056,7.3125],"rotation":{"angle":0,"axis":"y","origin":[0,0,16]},"faces":{"north":{"uv":[1.5,0,0,1],"texture":"#1"},"east":{"uv":[1.5,0,0,1],"texture":"#1"},"south":{"uv":[1.5,0,0,1],"texture":"#1"},"west":{"uv":[1.5,0,0,1],"texture":"#1"},"up":{"uv":[0,1,1.5,0],"texture":"#1"},"down":{"uv":[0,1,1.5,0],"texture":"#1"}}},{"from":[8.3033,10.7404,-0.8125],"to":[8.9783,11.2904,10.1875],"rotation":{"angle":22.5,"axis":"z","origin":[7.05335,11.11544,3.25]},"faces":{"north":{"uv":[1.5,0,0,1],"texture":"#1"},"east":{"uv":[1.5,0,0,1],"texture":"#1"},"south":{"uv":[1.5,0,0,1],"texture":"#1"},"west":{"uv":[1.5,0,0,1],"texture":"#1"},"up":{"uv":[0,1,1.5,0],"texture":"#1"},"down":{"uv":[0,1,1.5,0],"texture":"#1"}}},{"from":[7.0475,10.7406,-0.8124],"to":[7.7225,11.2906,7.3126],"rotation":{"angle":-22.5,"axis":"z","origin":[8.97254,11.11557,3.25009]},"faces":{"north":{"uv":[1.5,0,0,1],"texture":"#1"},"east":{"uv":[1.5,0,0,1],"texture":"#1"},"south":{"uv":[1.5,0,0,1],"texture":"#1"},"west":{"uv":[1.5,0,0,1],"texture":"#1"},"up":{"uv":[0,1,1.5,0],"texture":"#1"},"down":{"uv":[0,1,1.5,0],"texture":"#1"}}},{"from":[7.032,10.7405,10.0626],"to":[7.707,11.2905,16.0001],"rotation":{"angle":-22.5,"axis":"z","origin":[8.95697,11.11547,14.12505]},"faces":{"north":{"uv":[1.5,0,0,1],"texture":"#1"},"east":{"uv":[1.5,0,0,1],"texture":"#1"},"south":{"uv":[1.5,0,0,1],"texture":"#1"},"west":{"uv":[1.5,0,0,1],"texture":"#1"},"up":{"uv":[0,1,1.5,0],"texture":"#1"},"down":{"uv":[0,1,1.5,0],"texture":"#1"}}},{"from":[8.3033,10.7404,10.0625],"to":[8.9783,11.2904,16],"rotation":{"angle":22.5,"axis":"z","origin":[7.05335,11.11544,14.125]},"faces":{"north":{"uv":[1.5,0,0,1],"texture":"#1"},"east":{"uv":[1.5,0,0,1],"texture":"#1"},"south":{"uv":[1.5,0,0,1],"texture":"#1"},"west":{"uv":[1.5,0,0,1],"texture":"#1"},"up":{"uv":[0,1,1.5,0],"texture":"#1"},"down":{"uv":[0,1,1.5,0],"texture":"#1"}}},{"from":[7.3776,11.4168,-0.8124],"to":[7.9276,12.0918,7.3126],"rotation":{"angle":22.5,"axis":"z","origin":[7.51515,11.75983,3.25011]},"faces":{"north":{"uv":[1.5,0,0,1],"texture":"#1"},"east":{"uv":[1.5,0,0,1],"texture":"#1"},"south":{"uv":[1.5,0,0,1],"texture":"#1"},"west":{"uv":[1.5,0,0,1],"texture":"#1"},"up":{"uv":[0,1,1.5,0],"texture":"#1"},"down":{"uv":[0,1,1.5,0],"texture":"#1"}}},{"from":[7.362,11.4168,10.0626],"to":[7.912,12.0918,16.0001],"rotation":{"angle":22.5,"axis":"z","origin":[7.49954,11.75983,14.12514]},"faces":{"north":{"uv":[1.5,0,0,1],"texture":"#1"},"east":{"uv":[1.5,0,0,1],"texture":"#1"},"south":{"uv":[1.5,0,0,1],"texture":"#1"},"west":{"uv":[1.5,0,0,1],"texture":"#1"},"up":{"uv":[0,1,1.5,0],"texture":"#1"},"down":{"uv":[0,1,1.5,0],"texture":"#1"}}},{"from":[7.7692,11.4243,-0.8125],"to":[8.2567,12.2243,7.3125],"rotation":{"angle":0,"axis":"y","origin":[0,0,16]},"faces":{"north":{"uv":[1.5,0,0,1],"texture":"#1"},"east":{"uv":[1.5,0,0,1],"texture":"#1"},"south":{"uv":[1.5,0,0,1],"texture":"#1"},"west":{"uv":[1.5,0,0,1],"texture":"#1"},"up":{"uv":[0,1,1.5,0],"texture":"#1"},"down":{"uv":[0,1,1.5,0],"texture":"#1"}}},{"from":[7.7536,11.4243,10.0625],"to":[8.25672,12.2243,16],"rotation":{"angle":0,"axis":"y","origin":[0,0,16]},"faces":{"north":{"uv":[1.5,0,0,1],"texture":"#1"},"east":{"uv":[1.5,0,0,1],"texture":"#1"},"south":{"uv":[1.5,0,0,1],"texture":"#1"},"west":{"uv":[1.5,0,0,1],"texture":"#1"},"up":{"uv":[0,1,1.5,0],"texture":"#1"},"down":{"uv":[0,1,1.5,0],"texture":"#1"}}},{"from":[7.3786,11.4243,15.0625],"to":[8.63172,12.3493,15.625],"rotation":{"angle":0,"axis":"y","origin":[0,0,16]},"faces":{"north":{"uv":[1.5,0,0,1],"texture":"#1"},"east":{"uv":[1.5,0,0,1],"texture":"#1"},"south":{"uv":[1.5,0,0,1],"texture":"#1"},"west":{"uv":[1.5,0,0,1],"texture":"#1"},"up":{"uv":[0,1,1.5,0],"texture":"#1"},"down":{"uv":[0,1,1.5,0],"texture":"#1"}}},{"from":[8.1911,11.4243,15.1875],"to":[8.56923,12.5368,15.5],"rotation":{"angle":0,"axis":"y","origin":[0,0,16]},"faces":{"north":{"uv":[1.5,0,0,1],"texture":"#1"},"east":{"uv":[1.5,0,0,1],"texture":"#1"},"south":{"uv":[1.5,0,0,1],"texture":"#1"},"west":{"uv":[1.5,0,0,1],"texture":"#1"},"up":{"uv":[0,1,1.5,0],"texture":"#1"},"down":{"uv":[0,1,1.5,0],"texture":"#1"}}},{"from":[7.4411,11.4243,15.1875],"to":[7.81923,12.5368,15.5],"rotation":{"angle":0,"axis":"y","origin":[0,0,16]},"faces":{"north":{"uv":[1.5,0,0,1],"texture":"#1"},"east":{"uv":[1.5,0,0,1],"texture":"#1"},"south":{"uv":[1.5,0,0,1],"texture":"#1"},"west":{"uv":[1.5,0,0,1],"texture":"#1"},"up":{"uv":[0,1,1.5,0],"texture":"#1"},"down":{"uv":[0,1,1.5,0],"texture":"#1"}}},{"from":[7.5817,10.8744,15.6569],"to":[8.3817,12.03065,16.1444],"rotation":{"angle":-22.5,"axis":"x","origin":[7.27638,11.79583,15.74257]},"faces":{"north":{"uv":[1.5,0,0,1],"texture":"#1"},"east":{"uv":[1.5,0,0,1],"texture":"#1"},"south":{"uv":[1.5,0,0,1],"texture":"#1"},"west":{"uv":[1.5,0,0,1],"texture":"#1"},"up":{"uv":[0,1,1.5,0],"texture":"#1"},"down":{"uv":[0,1,1.5,0],"texture":"#1"}}},{"from":[7.6911,11.1008,16.2099],"to":[8.3661,11.5696,17.3349],"rotation":{"angle":-45,"axis":"x","origin":[7.6911,11.1008,17.33485]},"faces":{"north":{"uv":[1.5,0,0,1],"texture":"#1"},"east":{"uv":[1.5,0,0,1],"texture":"#1"},"south":{"uv":[1.5,0,0,1],"texture":"#1"},"west":{"uv":[1.5,0,0,1],"texture":"#1"},"up":{"uv":[0,1,1.5,0],"texture":"#1"},"down":{"uv":[0,1,1.5,0],"texture":"#1"}}},{"from":[7.6921,8.9136,16.2112],"to":[8.3671,10.81985,16.7612],"rotation":{"angle":0,"axis":"y","origin":[0,0,16]},"faces":{"north":{"uv":[1.5,0,0,1],"texture":"#1"},"east":{"uv":[1.5,0,0,1],"texture":"#1"},"south":{"uv":[1.5,0,0,1],"texture":"#1"},"west":{"uv":[1.5,0,0,1],"texture":"#1"},"up":{"uv":[0,1,1.5,0],"texture":"#1"},"down":{"uv":[0,1,1.5,0],"texture":"#1"}}},{"from":[7.184,10.8836,15.6581],"to":[8.76525,11.8836,16.1456],"rotation":{"angle":-22.5,"axis":"x","origin":[7.78488,11.58625,15.74382]},"faces":{"north":{"uv":[1.5,0,0,1],"texture":"#1"},"east":{"uv":[1.5,0,0,1],"texture":"#1"},"south":{"uv":[1.5,0,0,1],"texture":"#1"},"west":{"uv":[1.5,0,0,1],"texture":"#1"},"up":{"uv":[0,1,1.5,0],"texture":"#1"},"down":{"uv":[0,1,1.5,0],"texture":"#1"}}},{"from":[8.099,11.6062,-0.8125],"to":[8.649,12.1562,10.1875],"rotation":{"angle":-22.5,"axis":"z","origin":[8.34896,11.79368,3.25]},"faces":{"north":{"uv":[1.5,0,0,1],"texture":"#1"},"east":{"uv":[1.5,0,0,1],"texture":"#1"},"south":{"uv":[1.5,0,0,1],"texture":"#1"},"west":{"uv":[1.5,0,0,1],"texture":"#1"},"up":{"uv":[0,1,1.5,0],"texture":"#1"},"down":{"uv":[0,1,1.5,0],"texture":"#1"}}},{"from":[8.099,11.6062,10.0625],"to":[8.649,12.1562,16],"rotation":{"angle":-22.5,"axis":"z","origin":[8.34896,11.79368,14.125]},"faces":{"north":{"uv":[1.5,0,0,1],"texture":"#1"},"east":{"uv":[1.5,0,0,1],"texture":"#1"},"south":{"uv":[1.5,0,0,1],"texture":"#1"},"west":{"uv":[1.5,0,0,1],"texture":"#1"},"up":{"uv":[0,1,1.5,0],"texture":"#1"},"down":{"uv":[0,1,1.5,0],"texture":"#1"}}},{"from":[7.0378,10.1306,2.5625],"to":[8.9753,10.6306,7.3125],"rotation":{"angle":0,"axis":"y","origin":[0,0,16]},"faces":{"north":{"uv":[1.5,0,0,1],"texture":"#1"},"east":{"uv":[1.5,0,0,1],"texture":"#1"},"south":{"uv":[1.5,0,0,1],"texture":"#1"},"west":{"uv":[1.5,0,0,1],"texture":"#1"},"up":{"uv":[0,1,1.5,0],"texture":"#1"},"down":{"uv":[0,1,1.5,0],"texture":"#1"}}},{"from":[7.1155,10.1306,1.5353],"to":[7.9905,10.6306,2.4103],"rotation":{"angle":22.5,"axis":"y","origin":[8.86546,10.38065,0.01078]},"faces":{"north":{"uv":[1.5,0,0,1],"texture":"#1"},"east":{"uv":[1.5,0,0,1],"texture":"#1"},"south":{"uv":[1.5,0,0,1],"texture":"#1"},"west":{"uv":[1.5,0,0,1],"texture":"#1"},"up":{"uv":[0,1,1.5,0],"texture":"#1"},"down":{"uv":[0,1,1.5,0],"texture":"#1"}}},{"from":[7.172,10.1308,1.8883],"to":[8.047,10.6308,2.7633],"rotation":{"angle":-22.5,"axis":"y","origin":[7.60945,10.38076,2.32584]},"faces":{"north":{"uv":[1.5,0,0,1],"texture":"#1"},"east":{"uv":[1.5,0,0,1],"texture":"#1"},"south":{"uv":[1.5,0,0,1],"texture":"#1"},"west":{"uv":[1.5,0,0,1],"texture":"#1"},"up":{"uv":[0,1,1.5,0],"texture":"#1"},"down":{"uv":[0,1,1.5,0],"texture":"#1"}}},{"from":[7.0378,11.3745,1.3845],"to":[8.9753,11.7495,2.8845],"rotation":{"angle":22.5,"axis":"x","origin":[7.22532,11.49955,-0.08902]},"faces":{"north":{"uv":[1.5,0,0,1],"texture":"#1"},"east":{"uv":[1.5,0,0,1],"texture":"#1"},"south":{"uv":[1.5,0,0,1],"texture":"#1"},"west":{"uv":[1.5,0,0,1],"texture":"#1"},"up":{"uv":[0,1,1.5,0],"texture":"#1"},"down":{"uv":[0,1,1.5,0],"texture":"#1"}}},{"from":[7.0378,10.1306,7.25],"to":[8.9753,11.1306,11.375],"rotation":{"angle":0,"axis":"y","origin":[0,0,16]},"faces":{"north":{"uv":[1.5,0,0,1],"texture":"#1"},"east":{"uv":[1.5,0,0,1],"texture":"#1"},"south":{"uv":[1.5,0,0,1],"texture":"#1"},"west":{"uv":[1.5,0,0,1],"texture":"#1"},"up":{"uv":[0,1,1.5,0],"texture":"#1"},"down":{"uv":[0,1,1.5,0],"texture":"#1"}}},{"from":[7.0378,10.1306,14.25005],"to":[8.9753,11.1306,16.4688],"rotation":{"angle":0,"axis":"y","origin":[0,0,16]},"faces":{"north":{"uv":[1.5,0,0,1],"texture":"#1"},"east":{"uv":[1.5,0,0,1],"texture":"#1"},"south":{"uv":[1.5,0,0,1],"texture":"#1"},"west":{"uv":[1.5,0,0,1],"texture":"#1"},"up":{"uv":[0,1,1.5,0],"texture":"#1"},"down":{"uv":[0,1,1.5,0],"texture":"#1"}}},{"from":[7.1003,10.1306,13.875],"to":[8.9753,11.5056,14],"rotation":{"angle":0,"axis":"y","origin":[0,0,16]},"faces":{"north":{"uv":[1.5,0,0,1],"texture":"#1"},"east":{"uv":[1.5,0,0,1],"texture":"#1"},"south":{"uv":[1.5,0,0,1],"texture":"#1"},"west":{"uv":[1.5,0,0,1],"texture":"#1"},"up":{"uv":[0,1,1.5,0],"texture":"#1"},"down":{"uv":[0,1,1.5,0],"texture":"#1"}}},{"from":[7.1003,10.1306,13.125],"to":[8.9753,11.5056,13.25],"rotation":{"angle":0,"axis":"y","origin":[0,0,16]},"faces":{"north":{"uv":[1.5,0,0,1],"texture":"#1"},"east":{"uv":[1.5,0,0,1],"texture":"#1"},"south":{"uv":[1.5,0,0,1],"texture":"#1"},"west":{"uv":[1.5,0,0,1],"texture":"#1"},"up":{"uv":[0,1,1.5,0],"texture":"#1"},"down":{"uv":[0,1,1.5,0],"texture":"#1"}}},{"from":[7.1003,10.1306,12.375],"to":[8.9753,11.5056,12.5],"rotation":{"angle":0,"axis":"y","origin":[0,0,16]},"faces":{"north":{"uv":[1.5,0,0,1],"texture":"#1"},"east":{"uv":[1.5,0,0,1],"texture":"#1"},"south":{"uv":[1.5,0,0,1],"texture":"#1"},"west":{"uv":[1.5,0,0,1],"texture":"#1"},"up":{"uv":[0,1,1.5,0],"texture":"#1"},"down":{"uv":[0,1,1.5,0],"texture":"#1"}}},{"from":[7.1003,10.1306,13.5],"to":[8.9753,11.5056,13.625],"rotation":{"angle":0,"axis":"y","origin":[0,0,16]},"faces":{"north":{"uv":[1.5,0,0,1],"texture":"#1"},"east":{"uv":[1.5,0,0,1],"texture":"#1"},"south":{"uv":[1.5,0,0,1],"texture":"#1"},"west":{"uv":[1.5,0,0,1],"texture":"#1"},"up":{"uv":[0,1,1.5,0],"texture":"#1"},"down":{"uv":[0,1,1.5,0],"texture":"#1"}}},{"from":[7.1003,10.1306,12.75],"to":[8.9753,11.5056,12.875],"rotation":{"angle":0,"axis":"y","origin":[0,0,16]},"faces":{"north":{"uv":[1.5,0,0,1],"texture":"#1"},"east":{"uv":[1.5,0,0,1],"texture":"#1"},"south":{"uv":[1.5,0,0,1],"texture":"#1"},"west":{"uv":[1.5,0,0,1],"texture":"#1"},"up":{"uv":[0,1,1.5,0],"texture":"#1"},"down":{"uv":[0,1,1.5,0],"texture":"#1"}}},{"from":[7.0378,10.1306,12],"to":[8.9753,11.5056,12.125],"rotation":{"angle":0,"axis":"y","origin":[0,0,16]},"faces":{"north":{"uv":[1.5,0,0,1],"texture":"#1"},"east":{"uv":[1.5,0,0,1],"texture":"#1"},"south":{"uv":[1.5,0,0,1],"texture":"#1"},"west":{"uv":[1.5,0,0,1],"texture":"#1"},"up":{"uv":[0,1,1.5,0],"texture":"#1"},"down":{"uv":[0,1,1.5,0],"texture":"#1"}}},{"from":[7.0378,10.1306,11.625],"to":[8.9753,11.5056,11.75],"rotation":{"angle":0,"axis":"y","origin":[0,0,16]},"faces":{"north":{"uv":[1.5,0,0,1],"texture":"#1"},"east":{"uv":[1.5,0,0,1],"texture":"#1"},"south":{"uv":[1.5,0,0,1],"texture":"#1"},"west":{"uv":[1.5,0,0,1],"texture":"#1"},"up":{"uv":[0,1,1.5,0],"texture":"#1"},"down":{"uv":[0,1,1.5,0],"texture":"#1"}}},{"from":[7.7567,10.1304,7.3124],"to":[8.2567,12.22415,10.0624],"rotation":{"angle":0,"axis":"y","origin":[0,0,16]},"faces":{"north":{"uv":[1.5,0,0,1],"texture":"#1"},"east":{"uv":[1.5,0,0,1],"texture":"#1"},"south":{"uv":[1.5,0,0,1],"texture":"#1"},"west":{"uv":[1.5,0,0,1],"texture":"#1"},"up":{"uv":[0,1,1.5,0],"texture":"#1"},"down":{"uv":[0,1,1.5,0],"texture":"#1"}}},{"from":[7.8816,10.0369,-0.5625],"to":[8.1316,12.25565,0.8125],"rotation":{"angle":0,"axis":"y","origin":[0,0,16]},"faces":{"north":{"uv":[1.5,0,0,1],"texture":"#1"},"east":{"uv":[1.5,0,0,1],"texture":"#1"},"south":{"uv":[1.5,0,0,1],"texture":"#1"},"west":{"uv":[1.5,0,0,1],"texture":"#1"},"up":{"uv":[0,1,1.5,0],"texture":"#1"},"down":{"uv":[0,1,1.5,0],"texture":"#1"}}},{"from":[7.8812,10.0528,-0.5774],"to":[8.1312,12.52155,0.5476],"rotation":{"angle":0,"axis":"y","origin":[0,0,16]},"faces":{"north":{"uv":[1.5,0,0,1],"texture":"#1"},"east":{"uv":[1.5,0,0,1],"texture":"#1"},"south":{"uv":[1.5,0,0,1],"texture":"#1"},"west":{"uv":[1.5,0,0,1],"texture":"#1"},"up":{"uv":[0,1,1.5,0],"texture":"#1"},"down":{"uv":[0,1,1.5,0],"texture":"#1"}}},{"from":[7.8812,11.4128,-0.5799],"to":[8.1312,12.06905,-0.2049],"rotation":{"angle":45,"axis":"x","origin":[8.01657,10.93422,0.53012]},"faces":{"north":{"uv":[1.5,0,0,1],"texture":"#1"},"east":{"uv":[1.5,0,0,1],"texture":"#1"},"south":{"uv":[1.5,0,0,1],"texture":"#1"},"west":{"uv":[1.5,0,0,1],"texture":"#1"},"up":{"uv":[0,1,1.5,0],"texture":"#1"},"down":{"uv":[0,1,1.5,0],"texture":"#1"}}},{"from":[7.1628,10.1306,11.375],"to":[8.9128,11.6306,14.25],"rotation":{"angle":0,"axis":"y","origin":[0,0,16]},"faces":{"north":{"uv":[1.5,0,0,1],"texture":"#1"},"east":{"uv":[1.5,0,0,1],"texture":"#1"},"south":{"uv":[1.5,0,0,1],"texture":"#1"},"west":{"uv":[1.5,0,0,1],"texture":"#1"},"up":{"uv":[0,1,1.5,0],"texture":"#1"},"down":{"uv":[0,1,1.5,0],"texture":"#1"}}},{"from":[7.5378,10.0681,7.3125],"to":[8.2878,12.03685,10.0625],"rotation":{"angle":0,"axis":"y","origin":[0,0,16]},"faces":{"north":{"uv":[12.5,5,12,5.65],"texture":"#1"},"east":{"uv":[12.5,5,12,5.65],"texture":"#1"},"south":{"uv":[12.5,5,12,5.65],"texture":"#1"},"west":{"uv":[12.5,5,12,5.65],"texture":"#1"},"up":{"uv":[12,5.65,12.5,5],"texture":"#1"},"down":{"uv":[12,5.65,12.5,5],"texture":"#1"}}},{"from":[7.0758,10.6106,7.3125],"to":[8.1383,11.70435,10.0625],"rotation":{"angle":-22.5,"axis":"z","origin":[8.14266,10.70953,8.67267]},"faces":{"north":{"uv":[12.5,5,12,5.65],"texture":"#1"},"east":{"uv":[12.5,5,12,5.65],"texture":"#1"},"south":{"uv":[12.5,5,12,5.65],"texture":"#1"},"west":{"uv":[12.5,5,12,5.65],"texture":"#1"},"up":{"uv":[12,5.65,12.5,5],"texture":"#1"},"down":{"uv":[12,5.65,12.5,5],"texture":"#1"}}},{"from":[7.0378,11.1306,10.0625],"to":[8.9753,11.5056,11.375],"rotation":{"angle":0,"axis":"y","origin":[0,0,16]},"faces":{"north":{"uv":[1.5,0,0,1],"texture":"#1"},"east":{"uv":[1.5,0,0,1],"texture":"#1"},"south":{"uv":[1.5,0,0,1],"texture":"#1"},"west":{"uv":[1.5,0,0,1],"texture":"#1"},"up":{"uv":[0,1,1.5,0],"texture":"#1"},"down":{"uv":[0,1,1.5,0],"texture":"#1"}}},{"from":[8.3503,11.1306,7.25],"to":[8.9753,11.5056,11.375],"rotation":{"angle":0,"axis":"y","origin":[0,0,16]},"faces":{"north":{"uv":[1.5,0,0,1],"texture":"#1"},"east":{"uv":[1.5,0,0,1],"texture":"#1"},"south":{"uv":[1.5,0,0,1],"texture":"#1"},"west":{"uv":[1.5,0,0,1],"texture":"#1"},"up":{"uv":[0,1,1.5,0],"texture":"#1"},"down":{"uv":[0,1,1.5,0],"texture":"#1"}}},{"from":[7.0378,11.1306,14.25],"to":[8.9753,11.5056,16],"rotation":{"angle":0,"axis":"y","origin":[0,0,16]},"faces":{"north":{"uv":[1.5,0,0,1],"texture":"#1"},"east":{"uv":[1.5,0,0,1],"texture":"#1"},"south":{"uv":[1.5,0,0,1],"texture":"#1"},"west":{"uv":[1.5,0,0,1],"texture":"#1"},"up":{"uv":[0,1,1.5,0],"texture":"#1"},"down":{"uv":[0,1,1.5,0],"texture":"#1"}}},{"from":[7.0381,10.617,15.8273],"to":[8.9756,11.1795,16.1398],"rotation":{"angle":-22.5,"axis":"x","origin":[7.27224,10.99269,15.24963]},"faces":{"north":{"uv":[1.5,0,0,1],"texture":"#1"},"east":{"uv":[1.5,0,0,1],"texture":"#1"},"south":{"uv":[1.5,0,0,1],"texture":"#1"},"west":{"uv":[1.5,0,0,1],"texture":"#1"},"up":{"uv":[0,1,1.5,0],"texture":"#1"},"down":{"uv":[0,1,1.5,0],"texture":"#1"}}},{"from":[7.5128,10.8968,-0.9875],"to":[8.4628,11.8468,-0.4875],"rotation":{"angle":0,"axis":"z","origin":[7.98782,11.25565,-0.9375]},"faces":{"north":{"uv":[3.5,3,0,6.5],"texture":"#1"},"east":{"uv":[1.5,0,0,1],"texture":"#1"},"south":{"uv":[1.5,0,0,1],"texture":"#1"},"west":{"uv":[1.5,0,0,1],"texture":"#1"},"up":{"uv":[0,1,1.5,0],"texture":"#1"},"down":{"uv":[0,1,1.5,0],"texture":"#1"}}},{"from":[7.6128,9.6968,-0.9875],"to":[8.3628,10.4468,-0.4875],"rotation":{"angle":0,"axis":"y","origin":[7.98782,11.25565,-0.9375]},"faces":{"north":{"uv":[3.5,0,0.5,1.5],"texture":"#1"},"east":{"uv":[1.5,0,0,1],"texture":"#1"},"south":{"uv":[1.5,0,0,1],"texture":"#1"},"west":{"uv":[1.5,0,0,1],"texture":"#1"},"up":{"uv":[0,1,1.5,0],"texture":"#1"},"down":{"uv":[0,1,1.5,0],"texture":"#1"}}},{"from":[7.2253,9.8806,-0.8125],"to":[8.7878,10.6269,3.0625],"rotation":{"angle":0,"axis":"y","origin":[0,0,16]},"faces":{"north":{"uv":[1.5,0,0,1],"texture":"#1"},"east":{"uv":[1.5,0,0,1],"texture":"#1"},"south":{"uv":[1.5,0,0,1],"texture":"#1"},"west":{"uv":[1.5,0,0,1],"texture":"#1"},"up":{"uv":[0,1,1.5,0],"texture":"#1"},"down":{"uv":[0,1,1.5,0],"texture":"#1"}}},{"from":[7.3105,8.858,2.8125],"to":[7.7105,9.508,16.0625],"rotation":{"angle":-22.5,"axis":"z","origin":[7.71051,8.858,16.0625]},"faces":{"north":{"uv":[1.5,0,0,1],"texture":"#1"},"east":{"uv":[1.5,0,0,1],"texture":"#1"},"south":{"uv":[1.5,0,0,1],"texture":"#1"},"west":{"uv":[1.5,0,0,1],"texture":"#1"},"up":{"uv":[0,1,1.5,0],"texture":"#1"},"down":{"uv":[0,1,1.5,0],"texture":"#1"}}},{"from":[7.1878,8.9807,2.8125],"to":[7.5878,9.3807,16.0625],"rotation":{"angle":22.5,"axis":"z","origin":[7.1878,9.3807,16.0625]},"faces":{"north":{"uv":[1.5,0,0,1],"texture":"#1"},"east":{"uv":[1.5,0,0,1],"texture":"#1"},"south":{"uv":[1.5,0,0,1],"texture":"#1"},"west":{"uv":[1.5,0,0,1],"texture":"#1"},"up":{"uv":[0,1,1.5,0],"texture":"#1"},"down":{"uv":[0,1,1.5,0],"texture":"#1"}}},{"from":[7.6911,11.4225,16.2625],"to":[8.3661,11.8913,18.1875],"rotation":{"angle":-22.5,"axis":"x","origin":[7.6911,11.4225,18.18755]},"faces":{"north":{"uv":[1.5,0,0,1],"texture":"#1"},"east":{"uv":[1.5,0,0,1],"texture":"#1"},"south":{"uv":[1.5,0,0,1],"texture":"#1"},"west":{"uv":[1.5,0,0,1],"texture":"#1"},"up":{"uv":[0,1,1.5,0],"texture":"#1"},"down":{"uv":[0,1,1.5,0],"texture":"#1"}}}],"display":{"thirdperson_righthand":{"translation":[0,-0.25,-0.75],"scale":[0.4,0.4,0.4]},"thirdperson_lefthand":{"rotation":[0,180,0],"translation":[-1.75,0,-0.75],"scale":[0,0,0]},"firstperson_righthand":{"rotation":[0,180,0],"translation":[-2.5,3.5,80],"scale":[0,0,0]},"firstperson_lefthand":{"translation":[-8.91,5.75,3.5],"scale":[0.46,0.46,0.46]},"ground":{"rotation":[0,0,-90],"scale":[0.4,0.4,0.4]},"gui":{"rotation":[52.96,-55,55.91],"translation":[1,1.5,0],"scale":[0.8,0.8,0.8]},"head":{"rotation":[0,180,0],"translation":[0,12,0],"scale":[0.6,0.6,0.6]},"fixed":{"rotation":[0,-90,0],"translation":[0,0,-1],"scale":[0.7,0.7,0.7]}}}