{
    "sources": [
        {
            "type": "single",
            "resource": "grimurrp:models/flags/banner_base"
        },
        {
            "type": "single",
            "resource": "grimurrp:models/flags/banner_surrender"
        },
        {
            "type": "single",
            "resource": "grimurrp:models/flags/base"
        },
        {
            "type": "single",
            "resource": "grimurrp:models/flags/flag_surrender"
        },
        {
            "type": "single",
            "resource": "grimurrp:models/flags/flag_csa"
        },
        {
            "type": "single",
            "resource": "grimurrp:models/flags/flag_usa"
        },
        {
            "type": "single",
            "resource": "grimurrp:models/hats/xeth_ww1_helmet"
        },
        {
            "type": "single",
            "resource": "grimurrp:models/hats/grp_divinghelmet"
        },
        {
            "type": "single",
            "resource": "grimurrp:models/hats/miedzhelmtexture"
        },
        {
            "type": "single",
            "resource": "grimurrp:models/hats/grp_powerhelmet"
        },
        {
            "type": "single",
            "resource": "grimurrp:models/misc/parachute"
        },
        {
            "type": "single",
            "resource": "grimurrp:models/tools/grp_pipes"
        },
        {
            "type": "single",
            "resource": "grimurrp:models/weapons/animatedcrystal1"
        },
        {
            "type": "single",
            "resource": "grimurrp:models/weapons/xeth_ww1_shotgun_m97_diffuse"
        },
        {
            "type": "single",
            "resource": "grimurrp:models/weapons/lightningtest"
        },
        {
            "type": "single",
            "resource": "grimurrp:models/weapons/greycrystal"
        },
        {
            "type": "single",
            "resource": "grimurrp:models/weapons/novarian_eagle"
        },
        {
            "type": "single",
            "resource": "grimurrp:models/weapons/xeth_ww1_flamethrower"
        }
    ]
}