{
	"credit": "Made with Blockbench",
	"texture_size": [384, 256],
	"textures": {
		"6": "grimurrp:models/hats/miedzhelmtexture"
	},
	"elements": [
		{
			"from": [6.5, 13.4, -0.2],
			"to": [9.5, 16.6, 0],
			"faces": {
				"north": {"uv": [10.66667, 0, 14.66667, 6.8125], "texture": "#6"},
				"east": {"uv": [10.66667, 1, 10.70833, 1.8125], "texture": "#6"},
				"south": {"uv": [11.16667, 0, 11.66667, 0.8125], "texture": "#6"},
				"west": {"uv": [10.83333, 1, 10.875, 1.8125], "texture": "#6"},
				"up": {"uv": [11.5, 1.0625, 11, 1], "texture": "#6"},
				"down": {"uv": [11.5, 1.25, 11, 1.3125], "texture": "#6"}
			}
		},
		{
			"from": [14.4, 6.6, 4.2],
			"to": [14.6, 13, 4.8],
			"faces": {
				"north": {"uv": [1.33333, 2, 1.66667, 5], "texture": "#6"},
				"east": {"uv": [1.66667, 2, 2, 5], "texture": "#6"},
				"south": {"uv": [2, 2, 2.33333, 5], "texture": "#6"},
				"west": {"uv": [2.33333, 2, 2.66667, 5], "texture": "#6"},
				"up": {"uv": [3, 4.5, 2.66667, 4], "texture": "#6"},
				"down": {"uv": [3.33333, 2, 3, 2.5], "texture": "#6"}
			}
		},
		{
			"from": [1.6, 6.6, 4.2],
			"to": [14.4, 6.7, 4.8],
			"faces": {
				"north": {"uv": [0, 0, 4.33333, 0.5], "texture": "#6"},
				"east": {"uv": [2.66667, 3, 3, 3.5], "texture": "#6"},
				"south": {"uv": [0, 0.5, 4.33333, 1], "texture": "#6"},
				"west": {"uv": [2.66667, 3.5, 3, 4], "texture": "#6"},
				"up": {"uv": [4.33333, 1.5, 0, 1], "texture": "#6"},
				"down": {"uv": [4.33333, 1.5, 0, 2], "texture": "#6"}
			}
		},
		{
			"from": [1.4, 6.6, 4.2],
			"to": [1.6, 13, 4.8],
			"faces": {
				"north": {"uv": [0, 2, 0.33333, 5], "texture": "#6"},
				"east": {"uv": [0.33333, 2, 0.66667, 5], "texture": "#6"},
				"south": {"uv": [0.66667, 2, 1, 5], "texture": "#6"},
				"west": {"uv": [1, 2, 1.33333, 5], "texture": "#6"},
				"up": {"uv": [3, 2.5, 2.66667, 2], "texture": "#6"},
				"down": {"uv": [3, 2.5, 2.66667, 3], "texture": "#6"}
			}
		},
		{
			"from": [1.3, 5.3, 15.725],
			"to": [14.8, 11.3, 15.725],
			"faces": {
				"north": {"uv": [0, 8, 2.33333, 9.5], "texture": "#6"},
				"east": {"uv": [0, 8, 0, 9.5], "texture": "#6"},
				"south": {"uv": [0, 9.5, 2.33333, 11], "texture": "#6"},
				"west": {"uv": [0, 8, 0, 9.5], "texture": "#6"},
				"up": {"uv": [2.33333, 8, 0, 8], "texture": "#6"},
				"down": {"uv": [2.33333, 8, 0, 8], "texture": "#6"}
			}
		},
		{
			"from": [11, 5.3, 10.1],
			"to": [12.1, 11.3, 10.1],
			"rotation": {"angle": -45, "axis": "y", "origin": [0, 0, 0]},
			"faces": {
				"north": {"uv": [0, 12.5, 0.16667, 14], "texture": "#6"},
				"east": {"uv": [0, 8, 0, 9.5], "texture": "#6"},
				"south": {"uv": [0.16667, 12.5, 0.33333, 14], "texture": "#6"},
				"west": {"uv": [0, 8, 0, 9.5], "texture": "#6"},
				"up": {"uv": [0.16667, 8, 0, 8], "texture": "#6"},
				"down": {"uv": [0.16667, 8, 0, 8], "texture": "#6"}
			}
		},
		{
			"from": [-0.675, 5.3, 21.575],
			"to": [0.275, 11.3, 21.575],
			"rotation": {"angle": 45, "axis": "y", "origin": [0, 0, 0]},
			"faces": {
				"north": {"uv": [2.66667, 11, 2.83333, 12.5], "texture": "#6"},
				"east": {"uv": [0, 8, 0, 9.5], "texture": "#6"},
				"south": {"uv": [2.83333, 11, 3, 12.5], "texture": "#6"},
				"west": {"uv": [0, 8, 0, 9.5], "texture": "#6"},
				"up": {"uv": [0.16667, 8, 0, 8], "texture": "#6"},
				"down": {"uv": [0.16667, 8, 0, 8], "texture": "#6"}
			}
		},
		{
			"from": [0.65, 5.3, 7.5],
			"to": [0.65, 11.3, 15],
			"faces": {
				"north": {"uv": [0, 8, 0, 9.5], "texture": "#6"},
				"east": {"uv": [2.33333, 8, 3.66667, 9.5], "texture": "#6"},
				"south": {"uv": [0, 8, 0, 9.5], "texture": "#6"},
				"west": {"uv": [2.33333, 9.5, 3.66667, 11], "texture": "#6"},
				"up": {"uv": [0, 10, 0, 8], "texture": "#6"},
				"down": {"uv": [0, 8, 0, 10], "texture": "#6"}
			}
		},
		{
			"from": [15.45, 5.3, 7.55],
			"to": [15.45, 11.3, 15.075],
			"faces": {
				"north": {"uv": [0, 8, 0, 9.5], "texture": "#6"},
				"east": {"uv": [0, 11, 1.33333, 12.5], "texture": "#6"},
				"south": {"uv": [0, 8, 0, 9.5], "texture": "#6"},
				"west": {"uv": [1.33333, 11, 2.66667, 12.5], "texture": "#6"},
				"up": {"uv": [0, 10, 0, 8], "texture": "#6"},
				"down": {"uv": [0, 8, 0, 10], "texture": "#6"}
			}
		},
		{
			"from": [13.2, 13.55, -0.1],
			"to": [15, 14.05, 1],
			"faces": {
				"north": {"uv": [11.95833, 11.8125, 12.04167, 11.875], "texture": "#6"},
				"east": {"uv": [12.91667, 10.1875, 12.95833, 10.25], "texture": "#6"},
				"south": {"uv": [12.45833, 11.875, 12.54167, 11.9375], "texture": "#6"},
				"west": {"uv": [12.29167, 12.5, 12.33333, 12.5625], "texture": "#6"},
				"up": {"uv": [12.16667, 12.5, 12.08333, 12.4375], "texture": "#6"},
				"down": {"uv": [13.70833, 10.8125, 13.625, 10.875], "texture": "#6"}
			}
		},
		{
			"from": [1, 12, 0],
			"to": [15, 17, 1],
			"faces": {
				"north": {"uv": [12.375, 9.25, 12.95833, 9.5625], "texture": "#6"},
				"east": {"uv": [12.58333, 11.1875, 12.625, 11.5], "texture": "#6"},
				"south": {"uv": [12.75, 8, 13.33333, 8.3125], "texture": "#6"},
				"west": {"uv": [12.91667, 9.875, 12.95833, 10.1875], "texture": "#6"},
				"up": {"uv": [13.875, 11, 13.29167, 10.9375], "texture": "#6"},
				"down": {"uv": [13.875, 11, 13.29167, 11.0625], "texture": "#6"}
			}
		},
		{
			"from": [2.8, 13.25, -0.1],
			"to": [4.6, 13.75, 1],
			"faces": {
				"north": {"uv": [12.58333, 12.4375, 12.66667, 12.5], "texture": "#6"},
				"east": {"uv": [13.75, 10.25, 13.79167, 10.3125], "texture": "#6"},
				"south": {"uv": [12.66667, 12.4375, 12.75, 12.5], "texture": "#6"},
				"west": {"uv": [13.75, 10.3125, 13.79167, 10.375], "texture": "#6"},
				"up": {"uv": [13.25, 12.5, 13.16667, 12.4375], "texture": "#6"},
				"down": {"uv": [13.33333, 12.4375, 13.25, 12.5], "texture": "#6"}
			}
		},
		{
			"from": [11.4, 13.25, -0.1],
			"to": [13.2, 13.75, 1],
			"faces": {
				"north": {"uv": [13.33333, 12.4375, 13.41667, 12.5], "texture": "#6"},
				"east": {"uv": [12.25, 12.625, 12.29167, 12.6875], "texture": "#6"},
				"south": {"uv": [13.58333, 12.4375, 13.66667, 12.5], "texture": "#6"},
				"west": {"uv": [13.75, 10.375, 13.79167, 10.4375], "texture": "#6"},
				"up": {"uv": [10.75, 12.5625, 10.66667, 12.5], "texture": "#6"},
				"down": {"uv": [10.83333, 12.5, 10.75, 12.5625], "texture": "#6"}
			}
		},
		{
			"from": [10.275, 13, -0.3],
			"to": [12.075, 13.5, 0.8],
			"faces": {
				"north": {"uv": [10.83333, 12.5, 10.91667, 12.5625], "texture": "#6"},
				"east": {"uv": [12.29167, 12.625, 12.33333, 12.6875], "texture": "#6"},
				"south": {"uv": [10.91667, 12.5, 11, 12.5625], "texture": "#6"},
				"west": {"uv": [13.75, 10.4375, 13.79167, 10.5], "texture": "#6"},
				"up": {"uv": [11.08333, 12.5625, 11, 12.5], "texture": "#6"},
				"down": {"uv": [11.16667, 12.5, 11.08333, 12.5625], "texture": "#6"}
			}
		},
		{
			"from": [3.925, 13, -0.3],
			"to": [5.725, 13.5, 0.8],
			"faces": {
				"north": {"uv": [13.66667, 9.25, 13.75, 9.3125], "texture": "#6"},
				"east": {"uv": [12.33333, 12.625, 12.375, 12.6875], "texture": "#6"},
				"south": {"uv": [13.66667, 9.3125, 13.75, 9.375], "texture": "#6"},
				"west": {"uv": [13.75, 10.5, 13.79167, 10.5625], "texture": "#6"},
				"up": {"uv": [13.75, 9.4375, 13.66667, 9.375], "texture": "#6"},
				"down": {"uv": [13.75, 9.4375, 13.66667, 9.5], "texture": "#6"}
			}
		},
		{
			"from": [5.725, 12.75, -0.3],
			"to": [10.275, 13.25, 0.8],
			"faces": {
				"north": {"uv": [13.5, 12.1875, 13.70833, 12.25], "texture": "#6"},
				"east": {"uv": [12.375, 12.625, 12.41667, 12.6875], "texture": "#6"},
				"south": {"uv": [13.5, 12.25, 13.70833, 12.3125], "texture": "#6"},
				"west": {"uv": [13.75, 10.5625, 13.79167, 10.625], "texture": "#6"},
				"up": {"uv": [13.75, 9, 13.54167, 8.9375], "texture": "#6"},
				"down": {"uv": [13.75, 9, 13.54167, 9.0625], "texture": "#6"}
			}
		},
		{
			"from": [1, 13.55, -0.1],
			"to": [2.8, 14.05, 1],
			"faces": {
				"north": {"uv": [13.66667, 9.8125, 13.75, 9.875], "texture": "#6"},
				"east": {"uv": [12.41667, 12.625, 12.45833, 12.6875], "texture": "#6"},
				"south": {"uv": [13.66667, 9.875, 13.75, 9.9375], "texture": "#6"},
				"west": {"uv": [13.75, 10.625, 13.79167, 10.6875], "texture": "#6"},
				"up": {"uv": [12.04167, 12.5625, 11.95833, 12.5], "texture": "#6"},
				"down": {"uv": [13.75, 9.9375, 13.66667, 10], "texture": "#6"}
			}
		},
		{
			"from": [3.8, 11.5, -0.15],
			"to": [12, 16.9, 1.025],
			"faces": {
				"north": {"uv": [12.95833, 9.25, 13.29167, 9.5625], "texture": "#6"},
				"east": {"uv": [12.125, 12.0625, 12.16667, 12.375], "texture": "#6"},
				"south": {"uv": [12.95833, 10.875, 13.29167, 11.1875], "texture": "#6"},
				"west": {"uv": [11.83333, 12.1875, 11.875, 12.5], "texture": "#6"},
				"up": {"uv": [13.66667, 9.875, 13.33333, 9.8125], "texture": "#6"},
				"down": {"uv": [13.5, 12.0625, 13.16667, 12.125], "texture": "#6"}
			}
		},
		{
			"from": [4, 11.5, 14.45],
			"to": [12, 16.9, 15.6],
			"faces": {
				"north": {"uv": [12.95833, 11.1875, 13.29167, 11.5], "texture": "#6"},
				"east": {"uv": [11.66667, 12.25, 11.70833, 12.5625], "texture": "#6"},
				"south": {"uv": [10.95833, 11.5, 11.29167, 11.8125], "texture": "#6"},
				"west": {"uv": [11.70833, 12.25, 11.75, 12.5625], "texture": "#6"},
				"up": {"uv": [13.75, 9.1875, 13.41667, 9.125], "texture": "#6"},
				"down": {"uv": [13.75, 9.1875, 13.41667, 9.25], "texture": "#6"}
			}
		},
		{
			"from": [5.25, 11, -0.15],
			"to": [10.5, 11.5, 1],
			"faces": {
				"north": {"uv": [13.54167, 9.75, 13.75, 9.8125], "texture": "#6"},
				"east": {"uv": [11.95833, 12.6875, 12, 12.75], "texture": "#6"},
				"south": {"uv": [13.54167, 11.875, 13.75, 11.9375], "texture": "#6"},
				"west": {"uv": [12, 12.6875, 12.04167, 12.75], "texture": "#6"},
				"up": {"uv": [13.75, 12, 13.54167, 11.9375], "texture": "#6"},
				"down": {"uv": [13.75, 12, 13.54167, 12.0625], "texture": "#6"}
			}
		},
		{
			"from": [9.6, 11.975, 10.6],
			"to": [10.6, 17.025, 12.025],
			"rotation": {"angle": 45, "axis": "y", "origin": [0, 0, 0]},
			"faces": {
				"north": {"uv": [12.33333, 12.25, 12.375, 12.5625], "texture": "#6"},
				"east": {"uv": [12.375, 12.25, 12.41667, 12.5625], "texture": "#6"},
				"south": {"uv": [12.41667, 12.25, 12.45833, 12.5625], "texture": "#6"},
				"west": {"uv": [11.41667, 12.3125, 11.45833, 12.625], "texture": "#6"},
				"up": {"uv": [12.5, 12.6875, 12.45833, 12.625], "texture": "#6"},
				"down": {"uv": [13.79167, 10.6875, 13.75, 10.75], "texture": "#6"}
			}
		},
		{
			"from": [9.7, 13.825, 10.6],
			"to": [10.725, 14.275, 12.175],
			"rotation": {"angle": 45, "axis": "y", "origin": [0, 0, 0]},
			"faces": {
				"north": {"uv": [12.5, 12.625, 12.54167, 12.6875], "texture": "#6"},
				"east": {"uv": [13.66667, 10, 13.75, 10.0625], "texture": "#6"},
				"south": {"uv": [13.75, 10.75, 13.79167, 10.8125], "texture": "#6"},
				"west": {"uv": [12.04167, 12.5, 12.125, 12.5625], "texture": "#6"},
				"up": {"uv": [13.20833, 12.0625, 13.16667, 11.9375], "texture": "#6"},
				"down": {"uv": [12.79167, 12.4375, 12.75, 12.5625], "texture": "#6"}
			}
		},
		{
			"from": [-10.075, 11.725, 10.125],
			"to": [-9.1, 17.025, 11.55],
			"rotation": {"angle": 45, "axis": "y", "origin": [0, 0, 0]},
			"faces": {
				"north": {"uv": [11.45833, 12.3125, 11.5, 12.625], "texture": "#6"},
				"east": {"uv": [11.5, 12.3125, 11.54167, 12.625], "texture": "#6"},
				"south": {"uv": [11.54167, 12.3125, 11.58333, 12.625], "texture": "#6"},
				"west": {"uv": [11.58333, 12.3125, 11.625, 12.625], "texture": "#6"},
				"up": {"uv": [12.58333, 12.6875, 12.54167, 12.625], "texture": "#6"},
				"down": {"uv": [12.625, 12.625, 12.58333, 12.6875], "texture": "#6"}
			}
		},
		{
			"from": [-10.075, 10.725, 10.125],
			"to": [-9.1, 11.625, 11.55],
			"rotation": {"angle": 45, "axis": "y", "origin": [0, 0, 0]},
			"faces": {
				"north": {"uv": [9.5, 12.5, 9.66667, 12.75], "texture": "#6"},
				"east": {"uv": [8.5, 14.25, 8.66667, 14.5], "texture": "#6"},
				"south": {"uv": [9.5, 12.75, 9.66667, 13], "texture": "#6"},
				"west": {"uv": [8.66667, 14.25, 8.83333, 14.5], "texture": "#6"},
				"up": {"uv": [9, 14.5, 8.83333, 14.25], "texture": "#6"},
				"down": {"uv": [9.16667, 14.25, 9, 14.5], "texture": "#6"}
			}
		},
		{
			"from": [0, 11.95, 1],
			"to": [1, 17, 14.3],
			"faces": {
				"north": {"uv": [11.625, 12.3125, 11.66667, 12.625], "texture": "#6"},
				"east": {"uv": [12.75, 8.9375, 13.29167, 9.25], "texture": "#6"},
				"south": {"uv": [12.45833, 12.3125, 12.5, 12.625], "texture": "#6"},
				"west": {"uv": [11.125, 11.1875, 11.66667, 11.5], "texture": "#6"},
				"up": {"uv": [12.95833, 12.75, 12.91667, 11.9375], "texture": "#6"},
				"down": {"uv": [13, 11.9375, 12.95833, 12.75], "texture": "#6"}
			}
		},
		{
			"from": [15, 12, 1],
			"to": [16, 17, 14.3],
			"faces": {
				"north": {"uv": [12.5, 12.3125, 12.54167, 12.625], "texture": "#6"},
				"east": {"uv": [11.66667, 11.1875, 12.20833, 11.5], "texture": "#6"},
				"south": {"uv": [12.54167, 12.3125, 12.58333, 12.625], "texture": "#6"},
				"west": {"uv": [12.79167, 9.5625, 13.33333, 9.875], "texture": "#6"},
				"up": {"uv": [13.04167, 12.75, 13, 11.9375], "texture": "#6"},
				"down": {"uv": [13.08333, 11.9375, 13.04167, 12.75], "texture": "#6"}
			}
		},
		{
			"from": [15, 13.6, 1.5],
			"to": [16.45, 14.6, 2.5],
			"faces": {
				"north": {"uv": [12.625, 12.625, 12.66667, 12.6875], "texture": "#6"},
				"east": {"uv": [12.66667, 12.625, 12.70833, 12.6875], "texture": "#6"},
				"south": {"uv": [12.70833, 12.625, 12.75, 12.6875], "texture": "#6"},
				"west": {"uv": [12.75, 12.625, 12.79167, 12.6875], "texture": "#6"},
				"up": {"uv": [12.83333, 12.6875, 12.79167, 12.625], "texture": "#6"},
				"down": {"uv": [12.875, 12.625, 12.83333, 12.6875], "texture": "#6"}
			}
		},
		{
			"from": [15, 13.9, 0.9],
			"to": [16.4, 14.4, 1.5],
			"faces": {
				"north": {"uv": [12.875, 12.625, 12.91667, 12.6875], "texture": "#6"},
				"east": {"uv": [13.75, 11.5, 13.79167, 11.5625], "texture": "#6"},
				"south": {"uv": [13.75, 11.5625, 13.79167, 11.625], "texture": "#6"},
				"west": {"uv": [13.08333, 12.625, 13.125, 12.6875], "texture": "#6"},
				"up": {"uv": [13.79167, 11.6875, 13.75, 11.625], "texture": "#6"},
				"down": {"uv": [13.16667, 12.625, 13.125, 12.6875], "texture": "#6"}
			}
		},
		{
			"from": [-0.4, 13.9, 0.9],
			"to": [1, 14.4, 1.5],
			"faces": {
				"north": {"uv": [13.75, 11.6875, 13.79167, 11.75], "texture": "#6"},
				"east": {"uv": [13.16667, 12.625, 13.20833, 12.6875], "texture": "#6"},
				"south": {"uv": [13.75, 11.75, 13.79167, 11.8125], "texture": "#6"},
				"west": {"uv": [13.20833, 12.625, 13.25, 12.6875], "texture": "#6"},
				"up": {"uv": [13.29167, 12.6875, 13.25, 12.625], "texture": "#6"},
				"down": {"uv": [13.79167, 11.875, 13.75, 11.9375], "texture": "#6"}
			}
		},
		{
			"from": [-0.4, 13.6, 1.5],
			"to": [1, 14.6, 2.5],
			"faces": {
				"north": {"uv": [13.29167, 12.625, 13.33333, 12.6875], "texture": "#6"},
				"east": {"uv": [13.75, 11.9375, 13.79167, 12], "texture": "#6"},
				"south": {"uv": [13.33333, 12.625, 13.375, 12.6875], "texture": "#6"},
				"west": {"uv": [13.75, 12, 13.79167, 12.0625], "texture": "#6"},
				"up": {"uv": [13.41667, 12.6875, 13.375, 12.625], "texture": "#6"},
				"down": {"uv": [13.79167, 12.0625, 13.75, 12.125], "texture": "#6"}
			}
		},
		{
			"from": [15, 11.75, 5],
			"to": [16, 12, 14.3],
			"faces": {
				"north": {"uv": [5.83333, 14.25, 6, 14.5], "texture": "#6"},
				"east": {"uv": [5.33333, 10.5, 6.83333, 10.75], "texture": "#6"},
				"south": {"uv": [6, 14.25, 6.16667, 14.5], "texture": "#6"},
				"west": {"uv": [7, 10, 8.5, 10.25], "texture": "#6"},
				"up": {"uv": [7, 12.75, 6.83333, 10.5], "texture": "#6"},
				"down": {"uv": [7.16667, 10.25, 7, 12.5], "texture": "#6"}
			}
		},
		{
			"from": [-0.025, 11.75, 5],
			"to": [1, 12, 14.3],
			"faces": {
				"north": {"uv": [7.66667, 14.25, 7.83333, 14.5], "texture": "#6"},
				"east": {"uv": [5.33333, 10.75, 6.83333, 11], "texture": "#6"},
				"south": {"uv": [7.83333, 14.25, 8, 14.5], "texture": "#6"},
				"west": {"uv": [7.16667, 9, 8.66667, 9.25], "texture": "#6"},
				"up": {"uv": [7.33333, 12.5, 7.16667, 10.25], "texture": "#6"},
				"down": {"uv": [5.5, 11, 5.33333, 13.25], "texture": "#6"}
			}
		},
		{
			"from": [15, 11.5, 6.5],
			"to": [16, 11.75, 14.3],
			"faces": {
				"north": {"uv": [9.5, 9, 9.66667, 9.25], "texture": "#6"},
				"east": {"uv": [7.33333, 11, 8.66667, 11.25], "texture": "#6"},
				"south": {"uv": [6.16667, 14.25, 6.33333, 14.5], "texture": "#6"},
				"west": {"uv": [7.33333, 11.25, 8.66667, 11.5], "texture": "#6"},
				"up": {"uv": [6.33333, 13, 6.16667, 11], "texture": "#6"},
				"down": {"uv": [6.5, 11, 6.33333, 13], "texture": "#6"}
			}
		},
		{
			"from": [0, 11.5, 6.5],
			"to": [1, 11.75, 14.3],
			"faces": {
				"north": {"uv": [9.5, 11.75, 9.66667, 12], "texture": "#6"},
				"east": {"uv": [7.83333, 9.25, 9.16667, 9.5], "texture": "#6"},
				"south": {"uv": [8, 14.25, 8.16667, 14.5], "texture": "#6"},
				"west": {"uv": [7.83333, 9.5, 9.16667, 9.75], "texture": "#6"},
				"up": {"uv": [6.66667, 13, 6.5, 11], "texture": "#6"},
				"down": {"uv": [6.83333, 11, 6.66667, 13], "texture": "#6"}
			}
		},
		{
			"from": [15, 11.25, 7.5],
			"to": [16, 11.5, 14.3],
			"faces": {
				"north": {"uv": [6.33333, 14.25, 6.5, 14.5], "texture": "#6"},
				"east": {"uv": [8, 8, 9.16667, 8.25], "texture": "#6"},
				"south": {"uv": [6.83333, 14.25, 7, 14.5], "texture": "#6"},
				"west": {"uv": [8, 8.25, 9.16667, 8.5], "texture": "#6"},
				"up": {"uv": [5.66667, 13.75, 5.5, 12], "texture": "#6"},
				"down": {"uv": [5.83333, 12, 5.66667, 13.75], "texture": "#6"}
			}
		},
		{
			"from": [0, 11.25, 7.5],
			"to": [1, 11.5, 14.3],
			"faces": {
				"north": {"uv": [9.5, 12, 9.66667, 12.25], "texture": "#6"},
				"east": {"uv": [8, 8.5, 9.16667, 8.75], "texture": "#6"},
				"south": {"uv": [8.16667, 14.25, 8.33333, 14.5], "texture": "#6"},
				"west": {"uv": [8, 8.75, 9.16667, 9], "texture": "#6"},
				"up": {"uv": [6, 13.75, 5.83333, 12], "texture": "#6"},
				"down": {"uv": [6.16667, 12, 6, 13.75], "texture": "#6"}
			}
		},
		{
			"from": [15, 10.75, 8.75],
			"to": [16, 11.25, 14.3],
			"faces": {
				"north": {"uv": [5.33333, 14.5, 5.5, 14.75], "texture": "#6"},
				"east": {"uv": [8.33333, 12, 9.33333, 12.25], "texture": "#6"},
				"south": {"uv": [9.66667, 8, 9.83333, 8.25], "texture": "#6"},
				"west": {"uv": [8.33333, 12.25, 9.33333, 12.5], "texture": "#6"},
				"up": {"uv": [7.16667, 14, 7, 12.5], "texture": "#6"},
				"down": {"uv": [7.33333, 12.5, 7.16667, 14], "texture": "#6"}
			}
		},
		{
			"from": [0, 10.75, 8.75],
			"to": [1, 11.25, 14.3],
			"faces": {
				"north": {"uv": [9.5, 12.25, 9.66667, 12.5], "texture": "#6"},
				"east": {"uv": [8.16667, 11.5, 9.16667, 11.75], "texture": "#6"},
				"south": {"uv": [8.33333, 14.25, 8.5, 14.5], "texture": "#6"},
				"west": {"uv": [8.16667, 11.75, 9.16667, 12], "texture": "#6"},
				"up": {"uv": [8, 13.5, 7.83333, 12], "texture": "#6"},
				"down": {"uv": [8.33333, 12, 8.16667, 13.5], "texture": "#6"}
			}
		},
		{
			"from": [1, 11.55, 14.325],
			"to": [15, 17, 15.4],
			"faces": {
				"north": {"uv": [12.75, 8.3125, 13.33333, 8.625], "texture": "#6"},
				"east": {"uv": [12.83333, 12.3125, 12.875, 12.625], "texture": "#6"},
				"south": {"uv": [12.75, 8.625, 13.33333, 8.9375], "texture": "#6"},
				"west": {"uv": [12.875, 12.3125, 12.91667, 12.625], "texture": "#6"},
				"up": {"uv": [13.875, 11.125, 13.29167, 11.0625], "texture": "#6"},
				"down": {"uv": [13.875, 11.125, 13.29167, 11.1875], "texture": "#6"}
			}
		},
		{
			"from": [1, 11.15, 14.35],
			"to": [15, 11.8, 16.05],
			"faces": {
				"north": {"uv": [13.29167, 11.1875, 13.875, 11.25], "texture": "#6"},
				"east": {"uv": [13.66667, 10.0625, 13.75, 10.125], "texture": "#6"},
				"south": {"uv": [13.29167, 11.25, 13.875, 11.3125], "texture": "#6"},
				"west": {"uv": [13.66667, 10.125, 13.75, 10.1875], "texture": "#6"},
				"up": {"uv": [11.875, 11.625, 11.29167, 11.5], "texture": "#6"},
				"down": {"uv": [13.08333, 11.5, 12.5, 11.625], "texture": "#6"}
			}
		},
		{
			"from": [1, 11.8, 14.35],
			"to": [15, 12.2, 15.8],
			"faces": {
				"north": {"uv": [13.29167, 11.3125, 13.875, 11.375], "texture": "#6"},
				"east": {"uv": [13.41667, 12.625, 13.45833, 12.6875], "texture": "#6"},
				"south": {"uv": [13.29167, 11.375, 13.875, 11.4375], "texture": "#6"},
				"west": {"uv": [13.75, 12.125, 13.79167, 12.1875], "texture": "#6"},
				"up": {"uv": [13.875, 11.5, 13.29167, 11.4375], "texture": "#6"},
				"down": {"uv": [13.91667, 8, 13.33333, 8.0625], "texture": "#6"}
			}
		},
		{
			"from": [0.75, 17, 0.6],
			"to": [15.25, 17.25, 14.95],
			"faces": {
				"north": {"uv": [13.29167, 9.5, 13.91667, 9.5625], "texture": "#6"},
				"east": {"uv": [13.33333, 8.0625, 13.91667, 8.125], "texture": "#6"},
				"south": {"uv": [13.29167, 10.875, 13.91667, 10.9375], "texture": "#6"},
				"west": {"uv": [13.33333, 8.125, 13.91667, 8.1875], "texture": "#6"},
				"up": {"uv": [11.29167, 8.875, 10.66667, 8], "texture": "#6"},
				"down": {"uv": [11.29167, 8.875, 10.66667, 9.75], "texture": "#6"}
			}
		},
		{
			"from": [1.25, 17, 1.35],
			"to": [14.75, 17.5, 14.3],
			"faces": {
				"north": {"uv": [13.33333, 8.1875, 13.91667, 8.25], "texture": "#6"},
				"east": {"uv": [13.33333, 8.3125, 13.875, 8.375], "texture": "#6"},
				"south": {"uv": [13.33333, 8.25, 13.91667, 8.3125], "texture": "#6"},
				"west": {"uv": [13.33333, 8.375, 13.875, 8.4375], "texture": "#6"},
				"up": {"uv": [11.875, 8.8125, 11.29167, 8], "texture": "#6"},
				"down": {"uv": [11.875, 8.8125, 11.29167, 9.625], "texture": "#6"}
			}
		},
		{
			"from": [1.5, 17, 1.6],
			"to": [14.5, 17.9, 14.9],
			"faces": {
				"north": {"uv": [13.33333, 8.4375, 13.875, 8.5], "texture": "#6"},
				"east": {"uv": [13.33333, 8.5, 13.875, 8.5625], "texture": "#6"},
				"south": {"uv": [13.33333, 8.5625, 13.875, 8.625], "texture": "#6"},
				"west": {"uv": [13.33333, 8.625, 13.875, 8.6875], "texture": "#6"},
				"up": {"uv": [11.83333, 10.4375, 11.29167, 9.625], "texture": "#6"},
				"down": {"uv": [11.20833, 9.75, 10.66667, 10.5625], "texture": "#6"}
			}
		},
		{
			"from": [1.8, 16.9, 1.9],
			"to": [14.1, 18.1, 14.8],
			"faces": {
				"north": {"uv": [13.33333, 8.8125, 13.83333, 8.875], "texture": "#6"},
				"east": {"uv": [13.33333, 8.6875, 13.875, 8.75], "texture": "#6"},
				"south": {"uv": [13.33333, 8.875, 13.83333, 8.9375], "texture": "#6"},
				"west": {"uv": [13.33333, 8.75, 13.875, 8.8125], "texture": "#6"},
				"up": {"uv": [12.33333, 10.4375, 11.83333, 9.625], "texture": "#6"},
				"down": {"uv": [12.375, 8, 11.875, 8.8125], "texture": "#6"}
			}
		},
		{
			"from": [2.05, 17, 2.35],
			"to": [13.85, 18.55, 13.95],
			"faces": {
				"north": {"uv": [12.5, 11.625, 13, 11.75], "texture": "#6"},
				"east": {"uv": [13, 11.625, 13.5, 11.75], "texture": "#6"},
				"south": {"uv": [13.08333, 11.5, 13.58333, 11.625], "texture": "#6"},
				"west": {"uv": [12.04167, 11.75, 12.54167, 11.875], "texture": "#6"},
				"up": {"uv": [12.375, 9.5625, 11.875, 8.8125], "texture": "#6"},
				"down": {"uv": [11.70833, 10.4375, 11.20833, 11.1875], "texture": "#6"}
			}
		},
		{
			"from": [2.55, 17, 2.85],
			"to": [13.35, 18.8, 13.7],
			"faces": {
				"north": {"uv": [13.20833, 9.875, 13.66667, 10], "texture": "#6"},
				"east": {"uv": [13.20833, 10, 13.66667, 10.125], "texture": "#6"},
				"south": {"uv": [13.20833, 10.125, 13.66667, 10.25], "texture": "#6"},
				"west": {"uv": [13.20833, 10.25, 13.66667, 10.375], "texture": "#6"},
				"up": {"uv": [12.79167, 10.25, 12.33333, 9.5625], "texture": "#6"},
				"down": {"uv": [11.125, 10.5625, 10.66667, 11.25], "texture": "#6"}
			}
		},
		{
			"from": [3.3, 17, 3.1],
			"to": [12.6, 19.05, 13.45],
			"faces": {
				"north": {"uv": [13.20833, 11.75, 13.58333, 11.875], "texture": "#6"},
				"east": {"uv": [13.20833, 10.375, 13.625, 10.5], "texture": "#6"},
				"south": {"uv": [11.95833, 11.875, 12.33333, 12], "texture": "#6"},
				"west": {"uv": [13.20833, 10.5, 13.625, 10.625], "texture": "#6"},
				"up": {"uv": [12.75, 8.625, 12.375, 8], "texture": "#6"},
				"down": {"uv": [12.75, 8.625, 12.375, 9.25], "texture": "#6"}
			}
		},
		{
			"from": [3.8, 17, 3.35],
			"to": [12.1, 19.3, 12.95],
			"faces": {
				"north": {"uv": [11.875, 11.5, 12.20833, 11.625], "texture": "#6"},
				"east": {"uv": [13.20833, 10.625, 13.625, 10.75], "texture": "#6"},
				"south": {"uv": [12.58333, 11.9375, 12.91667, 12.0625], "texture": "#6"},
				"west": {"uv": [13.20833, 10.75, 13.625, 10.875], "texture": "#6"},
				"up": {"uv": [12.95833, 10.875, 12.625, 10.25], "texture": "#6"},
				"down": {"uv": [12.95833, 10.875, 12.625, 11.5], "texture": "#6"}
			}
		},
		{
			"from": [4.3, 17, 3.85],
			"to": [11.6, 19.55, 12.7],
			"faces": {
				"north": {"uv": [12.33333, 10.25, 12.625, 10.4375], "texture": "#6"},
				"east": {"uv": [11.29167, 11.625, 11.66667, 11.8125], "texture": "#6"},
				"south": {"uv": [11.66667, 11.8125, 11.95833, 12], "texture": "#6"},
				"west": {"uv": [11.66667, 11.625, 12.04167, 11.8125], "texture": "#6"},
				"up": {"uv": [12.5, 11.75, 12.20833, 11.1875], "texture": "#6"},
				"down": {"uv": [10.95833, 11.25, 10.66667, 11.8125], "texture": "#6"}
			}
		},
		{
			"from": [4.8, 17, 4.35],
			"to": [11.1, 19.8, 12.45],
			"faces": {
				"north": {"uv": [13.20833, 11.875, 13.45833, 12.0625], "texture": "#6"},
				"east": {"uv": [12.54167, 11.75, 12.875, 11.9375], "texture": "#6"},
				"south": {"uv": [13.29167, 8.9375, 13.54167, 9.125], "texture": "#6"},
				"west": {"uv": [12.875, 11.75, 13.20833, 11.9375], "texture": "#6"},
				"up": {"uv": [13.20833, 10.375, 12.95833, 9.875], "texture": "#6"},
				"down": {"uv": [13.20833, 10.375, 12.95833, 10.875], "texture": "#6"}
			}
		},
		{
			"from": [7.05, 17, 7.6],
			"to": [9.1, 20.15, 9.45],
			"faces": {
				"north": {"uv": [5.33333, 0, 6, 1.5], "texture": "#6"},
				"east": {"uv": [6, 0, 6.66667, 1.5], "texture": "#6"},
				"south": {"uv": [5.33333, 1.5, 6, 3], "texture": "#6"},
				"west": {"uv": [6, 1.5, 6.66667, 3], "texture": "#6"},
				"up": {"uv": [7.33333, 1, 6.66667, 0], "texture": "#6"},
				"down": {"uv": [7.33333, 1, 6.66667, 2], "texture": "#6"}
			}
		},
		{
			"from": [7.95, 17, 8.1],
			"to": [8.2, 22.95, 8.95],
			"faces": {
				"north": {"uv": [7.33333, 12, 7.5, 13.5], "texture": "#6"},
				"east": {"uv": [7.5, 12, 7.66667, 13.5], "texture": "#6"},
				"south": {"uv": [7.66667, 12, 7.83333, 13.5], "texture": "#6"},
				"west": {"uv": [8, 11.5, 8.16667, 13], "texture": "#6"},
				"up": {"uv": [7, 13, 6.83333, 12.75], "texture": "#6"},
				"down": {"uv": [9.5, 11.75, 9.33333, 12], "texture": "#6"}
			}
		},
		{
			"from": [7.65, 17, 8],
			"to": [8.4, 21.05, 9.05],
			"faces": {
				"north": {"uv": [8, 13, 8.16667, 14], "texture": "#6"},
				"east": {"uv": [5.33333, 13.25, 5.5, 14.25], "texture": "#6"},
				"south": {"uv": [6.16667, 13.25, 6.33333, 14.25], "texture": "#6"},
				"west": {"uv": [6.33333, 13.25, 6.5, 14.25], "texture": "#6"},
				"up": {"uv": [9.5, 13, 9.33333, 12.75], "texture": "#6"},
				"down": {"uv": [9, 14, 8.83333, 14.25], "texture": "#6"}
			}
		},
		{
			"from": [7.9, 19.925, -9.4],
			"to": [8.25, 21.425, -7.85],
			"rotation": {"angle": 45, "axis": "x", "origin": [0, 0, 0]},
			"faces": {
				"north": {"uv": [9.16667, 11.5, 9.33333, 12], "texture": "#6"},
				"east": {"uv": [8.33333, 13, 8.66667, 13.5], "texture": "#6"},
				"south": {"uv": [9.16667, 12.5, 9.33333, 13], "texture": "#6"},
				"west": {"uv": [8.66667, 13, 9, 13.5], "texture": "#6"},
				"up": {"uv": [8.66667, 14.25, 8.5, 13.75], "texture": "#6"},
				"down": {"uv": [8.83333, 13.75, 8.66667, 14.25], "texture": "#6"}
			}
		},
		{
			"from": [7.975, 21.95, -10.5],
			"to": [8.175, 22.55, -9.9],
			"rotation": {"angle": 45, "axis": "x", "origin": [0, 0, 0]},
			"faces": {
				"north": {"uv": [8, 14, 8.16667, 14.25], "texture": "#6"},
				"east": {"uv": [9.33333, 12, 9.5, 12.25], "texture": "#6"},
				"south": {"uv": [8.16667, 14, 8.33333, 14.25], "texture": "#6"},
				"west": {"uv": [9.33333, 12.25, 9.5, 12.5], "texture": "#6"},
				"up": {"uv": [8.5, 14.25, 8.33333, 14], "texture": "#6"},
				"down": {"uv": [9.5, 12.5, 9.33333, 12.75], "texture": "#6"}
			}
		},
		{
			"from": [2.55, 17, 2.15],
			"to": [13.35, 18.35, 14.15],
			"faces": {
				"north": {"uv": [11.875, 9.5625, 12.33333, 9.625], "texture": "#6"},
				"east": {"uv": [11.66667, 12, 12.16667, 12.0625], "texture": "#6"},
				"south": {"uv": [13.33333, 9.625, 13.79167, 9.6875], "texture": "#6"},
				"west": {"uv": [13.33333, 9.5625, 13.83333, 9.625], "texture": "#6"},
				"up": {"uv": [12.16667, 11.1875, 11.70833, 10.4375], "texture": "#6"},
				"down": {"uv": [12.625, 10.4375, 12.16667, 11.1875], "texture": "#6"}
			}
		},
		{
			"from": [-0.225, 11.725, 20.575],
			"to": [1.2, 17.025, 21.425],
			"rotation": {"angle": 45, "axis": "y", "origin": [0, 0, 0]},
			"faces": {
				"north": {"uv": [13.08333, 12.3125, 13.125, 12.625], "texture": "#6"},
				"east": {"uv": [13.125, 12.3125, 13.16667, 12.625], "texture": "#6"},
				"south": {"uv": [13.5, 12.3125, 13.54167, 12.625], "texture": "#6"},
				"west": {"uv": [13.54167, 12.3125, 13.58333, 12.625], "texture": "#6"},
				"up": {"uv": [13.5, 12.6875, 13.45833, 12.625], "texture": "#6"},
				"down": {"uv": [13.54167, 12.625, 13.5, 12.6875], "texture": "#6"}
			}
		},
		{
			"from": [-0.225, 10.725, 20.575],
			"to": [1.2, 11.625, 21.425],
			"rotation": {"angle": 45, "axis": "y", "origin": [0, 0, 0]},
			"faces": {
				"north": {"uv": [9.5, 13.5, 9.66667, 13.75], "texture": "#6"},
				"east": {"uv": [9.16667, 14.25, 9.33333, 14.5], "texture": "#6"},
				"south": {"uv": [9.5, 13.75, 9.66667, 14], "texture": "#6"},
				"west": {"uv": [9.33333, 14.25, 9.5, 14.5], "texture": "#6"},
				"up": {"uv": [9.66667, 14.25, 9.5, 14], "texture": "#6"},
				"down": {"uv": [9.66667, 14.25, 9.5, 14.5], "texture": "#6"}
			}
		},
		{
			"from": [-0.775, 11.225, 20.575],
			"to": [1.8, 11.775, 22.025],
			"rotation": {"angle": 45, "axis": "y", "origin": [0, 0, 0]},
			"faces": {
				"north": {"uv": [13.58333, 11.8125, 13.70833, 11.875], "texture": "#6"},
				"east": {"uv": [13.54167, 12.625, 13.58333, 12.6875], "texture": "#6"},
				"south": {"uv": [13.33333, 12.375, 13.45833, 12.4375], "texture": "#6"},
				"west": {"uv": [13.58333, 12.625, 13.625, 12.6875], "texture": "#6"},
				"up": {"uv": [13.70833, 12.375, 13.58333, 12.3125], "texture": "#6"},
				"down": {"uv": [13.70833, 12.375, 13.58333, 12.4375], "texture": "#6"}
			}
		},
		{
			"from": [9.525, 11.225, 9.225],
			"to": [12.05, 11.775, 10.675],
			"rotation": {"angle": -45, "axis": "y", "origin": [0, 0, 0]},
			"faces": {
				"north": {"uv": [10.66667, 12.4375, 10.79167, 12.5], "texture": "#6"},
				"east": {"uv": [13.625, 12.625, 13.66667, 12.6875], "texture": "#6"},
				"south": {"uv": [10.79167, 12.4375, 10.91667, 12.5], "texture": "#6"},
				"west": {"uv": [13.75, 12.4375, 13.79167, 12.5], "texture": "#6"},
				"up": {"uv": [11.04167, 12.5, 10.91667, 12.4375], "texture": "#6"},
				"down": {"uv": [11.16667, 12.4375, 11.04167, 12.5], "texture": "#6"}
			}
		},
		{
			"from": [-0.575, 11.725, 20.575],
			"to": [1.65, 12.15, 21.775],
			"rotation": {"angle": 45, "axis": "y", "origin": [0, 0, 0]},
			"faces": {
				"north": {"uv": [12.125, 12.5, 12.20833, 12.5625], "texture": "#6"},
				"east": {"uv": [13.66667, 12.625, 13.70833, 12.6875], "texture": "#6"},
				"south": {"uv": [13.66667, 10.1875, 13.75, 10.25], "texture": "#6"},
				"west": {"uv": [13.75, 12.5, 13.79167, 12.5625], "texture": "#6"},
				"up": {"uv": [13.75, 10.3125, 13.66667, 10.25], "texture": "#6"},
				"down": {"uv": [12.29167, 12.5, 12.20833, 12.5625], "texture": "#6"}
			}
		},
		{
			"from": [9.675, 11.725, 9.225],
			"to": [11.875, 12.15, 10.425],
			"rotation": {"angle": -45, "axis": "y", "origin": [0, 0, 0]},
			"faces": {
				"north": {"uv": [13.66667, 10.3125, 13.75, 10.375], "texture": "#6"},
				"east": {"uv": [13.70833, 12.625, 13.75, 12.6875], "texture": "#6"},
				"south": {"uv": [12.58333, 12.5, 12.66667, 12.5625], "texture": "#6"},
				"west": {"uv": [13.75, 12.5625, 13.79167, 12.625], "texture": "#6"},
				"up": {"uv": [12.75, 12.5625, 12.66667, 12.5], "texture": "#6"},
				"down": {"uv": [13.25, 12.5, 13.16667, 12.5625], "texture": "#6"}
			}
		},
		{
			"from": [-0.725, 11.975, 0.725],
			"to": [0.7, 17.025, 1.575],
			"rotation": {"angle": 45, "axis": "y", "origin": [0, 0, 0]},
			"faces": {
				"north": {"uv": [11.75, 12.375, 11.79167, 12.6875], "texture": "#6"},
				"east": {"uv": [11.79167, 12.375, 11.83333, 12.6875], "texture": "#6"},
				"south": {"uv": [11.875, 12.375, 11.91667, 12.6875], "texture": "#6"},
				"west": {"uv": [11.91667, 12.375, 11.95833, 12.6875], "texture": "#6"},
				"up": {"uv": [13.79167, 12.6875, 13.75, 12.625], "texture": "#6"},
				"down": {"uv": [10.70833, 12.6875, 10.66667, 12.75], "texture": "#6"}
			}
		},
		{
			"from": [-0.85, 13.875, 0.575],
			"to": [0.7, 14.225, 1.375],
			"rotation": {"angle": 45, "axis": "y", "origin": [0, 0, 0]},
			"faces": {
				"north": {"uv": [13.25, 12.5, 13.33333, 12.5625], "texture": "#6"},
				"east": {"uv": [10.70833, 12.6875, 10.75, 12.75], "texture": "#6"},
				"south": {"uv": [13.33333, 12.5, 13.41667, 12.5625], "texture": "#6"},
				"west": {"uv": [10.75, 12.6875, 10.79167, 12.75], "texture": "#6"},
				"up": {"uv": [13.75, 12.1875, 13.66667, 12.125], "texture": "#6"},
				"down": {"uv": [13.66667, 12.5, 13.58333, 12.5625], "texture": "#6"}
			}
		},
		{
			"from": [0.125, 11.5, 0],
			"to": [15.75, 11.975, 1.05],
			"faces": {
				"north": {"uv": [5.33333, 8, 8, 8.25], "texture": "#6"},
				"east": {"uv": [9, 14, 9.16667, 14.25], "texture": "#6"},
				"south": {"uv": [5.33333, 8.25, 8, 8.5], "texture": "#6"},
				"west": {"uv": [9.16667, 14, 9.33333, 14.25], "texture": "#6"},
				"up": {"uv": [8, 8.75, 5.33333, 8.5], "texture": "#6"},
				"down": {"uv": [8, 8.75, 5.33333, 9], "texture": "#6"}
			}
		},
		{
			"from": [14.65, 12.1, 0.9],
			"to": [16.75, 12.5, 6.5],
			"faces": {
				"north": {"uv": [13.66667, 12.4375, 13.75, 12.5], "texture": "#6"},
				"east": {"uv": [13.41667, 9.25, 13.66667, 9.3125], "texture": "#6"},
				"south": {"uv": [13.66667, 12.5, 13.75, 12.5625], "texture": "#6"},
				"west": {"uv": [13.41667, 9.3125, 13.66667, 9.375], "texture": "#6"},
				"up": {"uv": [11.29167, 10.125, 11.20833, 9.75], "texture": "#6"},
				"down": {"uv": [11.20833, 10.5625, 11.125, 10.9375], "texture": "#6"}
			}
		},
		{
			"from": [-0.85, 12.025, 0.9],
			"to": [1.25, 12.5, 6.5],
			"faces": {
				"north": {"uv": [10.66667, 12.5625, 10.75, 12.625], "texture": "#6"},
				"east": {"uv": [13.41667, 9.375, 13.66667, 9.4375], "texture": "#6"},
				"south": {"uv": [10.75, 12.5625, 10.83333, 12.625], "texture": "#6"},
				"west": {"uv": [13.41667, 9.4375, 13.66667, 9.5], "texture": "#6"},
				"up": {"uv": [13.16667, 12.3125, 13.08333, 11.9375], "texture": "#6"},
				"down": {"uv": [12.25, 12, 12.16667, 12.375], "texture": "#6"}
			}
		},
		{
			"from": [14.65, 12.15, 1],
			"to": [16.65, 13.1, 6.5],
			"faces": {
				"north": {"uv": [10.83333, 12.5625, 10.91667, 12.625], "texture": "#6"},
				"east": {"uv": [13.16667, 12.125, 13.41667, 12.1875], "texture": "#6"},
				"south": {"uv": [10.91667, 12.5625, 11, 12.625], "texture": "#6"},
				"west": {"uv": [13.41667, 12.125, 13.66667, 12.1875], "texture": "#6"},
				"up": {"uv": [12.33333, 12.375, 12.25, 12], "texture": "#6"},
				"down": {"uv": [10.75, 12.0625, 10.66667, 12.4375], "texture": "#6"}
			}
		},
		{
			"from": [14.6, 12.05, 0.975],
			"to": [16.25, 15.6, 6.5],
			"faces": {
				"north": {"uv": [11.125, 10.9375, 11.20833, 11.1875], "texture": "#6"},
				"east": {"uv": [10.66667, 11.8125, 10.91667, 12.0625], "texture": "#6"},
				"south": {"uv": [10.95833, 11.25, 11.04167, 11.5], "texture": "#6"},
				"west": {"uv": [10.91667, 11.8125, 11.16667, 12.0625], "texture": "#6"},
				"up": {"uv": [10.83333, 12.4375, 10.75, 12.0625], "texture": "#6"},
				"down": {"uv": [10.91667, 12.0625, 10.83333, 12.4375], "texture": "#6"}
			}
		},
		{
			"from": [-0.225, 12.05, 0.975],
			"to": [1.375, 15.6, 6.5],
			"faces": {
				"north": {"uv": [11.04167, 11.25, 11.125, 11.5], "texture": "#6"},
				"east": {"uv": [11.16667, 11.8125, 11.41667, 12.0625], "texture": "#6"},
				"south": {"uv": [12.83333, 12.0625, 12.91667, 12.3125], "texture": "#6"},
				"west": {"uv": [11.41667, 11.8125, 11.66667, 12.0625], "texture": "#6"},
				"up": {"uv": [11, 12.4375, 10.91667, 12.0625], "texture": "#6"},
				"down": {"uv": [11.08333, 12.0625, 11, 12.4375], "texture": "#6"}
			}
		},
		{
			"from": [-0.75, 12.05, 1],
			"to": [1.25, 13.1, 6.5],
			"faces": {
				"north": {"uv": [11, 12.5625, 11.08333, 12.625], "texture": "#6"},
				"east": {"uv": [11.25, 12.1875, 11.5, 12.25], "texture": "#6"},
				"south": {"uv": [11.08333, 12.5625, 11.16667, 12.625], "texture": "#6"},
				"west": {"uv": [11.5, 12.1875, 11.75, 12.25], "texture": "#6"},
				"up": {"uv": [11.16667, 12.4375, 11.08333, 12.0625], "texture": "#6"},
				"down": {"uv": [11.25, 12.0625, 11.16667, 12.4375], "texture": "#6"}
			}
		},
		{
			"from": [14.65, 11.825, 6.6],
			"to": [16.85, 12.25, 7.5],
			"faces": {
				"north": {"uv": [11.66667, 12.5625, 11.75, 12.625], "texture": "#6"},
				"east": {"uv": [10.79167, 12.6875, 10.83333, 12.75], "texture": "#6"},
				"south": {"uv": [11.95833, 12.5625, 12.04167, 12.625], "texture": "#6"},
				"west": {"uv": [10.83333, 12.6875, 10.875, 12.75], "texture": "#6"},
				"up": {"uv": [12.125, 12.625, 12.04167, 12.5625], "texture": "#6"},
				"down": {"uv": [12.20833, 12.5625, 12.125, 12.625], "texture": "#6"}
			}
		},
		{
			"from": [-1.05, 11.825, 6.575],
			"to": [1.15, 12.275, 7.5],
			"faces": {
				"north": {"uv": [12.20833, 12.5625, 12.29167, 12.625], "texture": "#6"},
				"east": {"uv": [10.875, 12.6875, 10.91667, 12.75], "texture": "#6"},
				"south": {"uv": [12.29167, 12.5625, 12.375, 12.625], "texture": "#6"},
				"west": {"uv": [10.91667, 12.6875, 10.95833, 12.75], "texture": "#6"},
				"up": {"uv": [12.45833, 12.625, 12.375, 12.5625], "texture": "#6"},
				"down": {"uv": [13.79167, 10.8125, 13.70833, 10.875], "texture": "#6"}
			}
		},
		{
			"from": [14.65, 11.8, 6.525],
			"to": [16.75, 12.75, 7.5],
			"faces": {
				"north": {"uv": [12.58333, 12.5625, 12.66667, 12.625], "texture": "#6"},
				"east": {"uv": [10.95833, 12.6875, 11, 12.75], "texture": "#6"},
				"south": {"uv": [12.66667, 12.5625, 12.75, 12.625], "texture": "#6"},
				"west": {"uv": [11, 12.6875, 11.04167, 12.75], "texture": "#6"},
				"up": {"uv": [12.83333, 12.625, 12.75, 12.5625], "texture": "#6"},
				"down": {"uv": [13.25, 12.5625, 13.16667, 12.625], "texture": "#6"}
			}
		},
		{
			"from": [14.65, 11.825, 6.5],
			"to": [16.35, 14.975, 7.5],
			"faces": {
				"north": {"uv": [11.75, 12.1875, 11.83333, 12.375], "texture": "#6"},
				"east": {"uv": [12.79167, 12.375, 12.83333, 12.5625], "texture": "#6"},
				"south": {"uv": [13.16667, 12.1875, 13.25, 12.375], "texture": "#6"},
				"west": {"uv": [13.45833, 12.375, 13.5, 12.5625], "texture": "#6"},
				"up": {"uv": [13.79167, 11.875, 13.70833, 11.8125], "texture": "#6"},
				"down": {"uv": [13.33333, 12.5625, 13.25, 12.625], "texture": "#6"}
			}
		},
		{
			"from": [-0.35, 11.8, 6.5],
			"to": [1.35, 14.95, 7.5],
			"faces": {
				"north": {"uv": [13.25, 12.1875, 13.33333, 12.375], "texture": "#6"},
				"east": {"uv": [11.16667, 12.4375, 11.20833, 12.625], "texture": "#6"},
				"south": {"uv": [13.45833, 11.875, 13.54167, 12.0625], "texture": "#6"},
				"west": {"uv": [11.20833, 12.4375, 11.25, 12.625], "texture": "#6"},
				"up": {"uv": [13.41667, 12.625, 13.33333, 12.5625], "texture": "#6"},
				"down": {"uv": [13.5, 12.5625, 13.41667, 12.625], "texture": "#6"}
			}
		},
		{
			"from": [-0.95, 11.85, 6.55],
			"to": [1.15, 12.8, 7.5],
			"faces": {
				"north": {"uv": [13.70833, 12.1875, 13.79167, 12.25], "texture": "#6"},
				"east": {"uv": [11.04167, 12.6875, 11.08333, 12.75], "texture": "#6"},
				"south": {"uv": [13.70833, 12.25, 13.79167, 12.3125], "texture": "#6"},
				"west": {"uv": [11.08333, 12.6875, 11.125, 12.75], "texture": "#6"},
				"up": {"uv": [13.79167, 12.375, 13.70833, 12.3125], "texture": "#6"},
				"down": {"uv": [13.66667, 12.5625, 13.58333, 12.625], "texture": "#6"}
			}
		},
		{
			"from": [14.65, 11.55, 7.5],
			"to": [17.05, 12, 8.75],
			"faces": {
				"north": {"uv": [13.70833, 12.375, 13.79167, 12.4375], "texture": "#6"},
				"east": {"uv": [11.125, 12.6875, 11.16667, 12.75], "texture": "#6"},
				"south": {"uv": [13.66667, 12.5625, 13.75, 12.625], "texture": "#6"},
				"west": {"uv": [11.16667, 12.6875, 11.20833, 12.75], "texture": "#6"},
				"up": {"uv": [10.75, 12.6875, 10.66667, 12.625], "texture": "#6"},
				"down": {"uv": [10.83333, 12.625, 10.75, 12.6875], "texture": "#6"}
			}
		},
		{
			"from": [-1.25, 11.55, 7.5],
			"to": [1.15, 12, 8.75],
			"faces": {
				"north": {"uv": [10.83333, 12.625, 10.91667, 12.6875], "texture": "#6"},
				"east": {"uv": [11.20833, 12.6875, 11.25, 12.75], "texture": "#6"},
				"south": {"uv": [10.91667, 12.625, 11, 12.6875], "texture": "#6"},
				"west": {"uv": [11.25, 12.6875, 11.29167, 12.75], "texture": "#6"},
				"up": {"uv": [11.08333, 12.6875, 11, 12.625], "texture": "#6"},
				"down": {"uv": [11.16667, 12.625, 11.08333, 12.6875], "texture": "#6"}
			}
		},
		{
			"from": [14.65, 11.575, 7.525],
			"to": [16.85, 12.5, 8.75],
			"faces": {
				"north": {"uv": [11.16667, 12.625, 11.25, 12.6875], "texture": "#6"},
				"east": {"uv": [11.29167, 12.6875, 11.33333, 12.75], "texture": "#6"},
				"south": {"uv": [11.25, 12.625, 11.33333, 12.6875], "texture": "#6"},
				"west": {"uv": [11.33333, 12.6875, 11.375, 12.75], "texture": "#6"},
				"up": {"uv": [13.83333, 9, 13.75, 8.9375], "texture": "#6"},
				"down": {"uv": [11.41667, 12.625, 11.33333, 12.6875], "texture": "#6"}
			}
		},
		{
			"from": [14.65, 11.65, 7.525],
			"to": [16.45, 14.4, 8.75],
			"faces": {
				"north": {"uv": [13.33333, 12.1875, 13.41667, 12.375], "texture": "#6"},
				"east": {"uv": [11.25, 12.4375, 11.29167, 12.625], "texture": "#6"},
				"south": {"uv": [13.41667, 12.1875, 13.5, 12.375], "texture": "#6"},
				"west": {"uv": [11.29167, 12.4375, 11.33333, 12.625], "texture": "#6"},
				"up": {"uv": [13.83333, 9.0625, 13.75, 9], "texture": "#6"},
				"down": {"uv": [13.83333, 9.0625, 13.75, 9.125], "texture": "#6"}
			}
		},
		{
			"from": [-0.45, 11.65, 7.525],
			"to": [1.35, 14.4, 8.75],
			"faces": {
				"north": {"uv": [11.25, 12.25, 11.33333, 12.4375], "texture": "#6"},
				"east": {"uv": [11.33333, 12.4375, 11.375, 12.625], "texture": "#6"},
				"south": {"uv": [11.33333, 12.25, 11.41667, 12.4375], "texture": "#6"},
				"west": {"uv": [11.375, 12.4375, 11.41667, 12.625], "texture": "#6"},
				"up": {"uv": [11.5, 12.6875, 11.41667, 12.625], "texture": "#6"},
				"down": {"uv": [13.83333, 9.125, 13.75, 9.1875], "texture": "#6"}
			}
		},
		{
			"from": [-1.05, 11.575, 7.525],
			"to": [1.15, 12.525, 8.75],
			"faces": {
				"north": {"uv": [13.75, 9.1875, 13.83333, 9.25], "texture": "#6"},
				"east": {"uv": [11.375, 12.6875, 11.41667, 12.75], "texture": "#6"},
				"south": {"uv": [11.5, 12.625, 11.58333, 12.6875], "texture": "#6"},
				"west": {"uv": [11.41667, 12.6875, 11.45833, 12.75], "texture": "#6"},
				"up": {"uv": [13.83333, 9.3125, 13.75, 9.25], "texture": "#6"},
				"down": {"uv": [13.83333, 9.3125, 13.75, 9.375], "texture": "#6"}
			}
		},
		{
			"from": [14.65, 11.3, 8.775],
			"to": [17.25, 11.75, 14.3],
			"faces": {
				"north": {"uv": [11.95833, 12.4375, 12.08333, 12.5], "texture": "#6"},
				"east": {"uv": [11.41667, 12.25, 11.66667, 12.3125], "texture": "#6"},
				"south": {"uv": [13.625, 10.375, 13.75, 10.4375], "texture": "#6"},
				"west": {"uv": [13.5, 11.625, 13.75, 11.6875], "texture": "#6"},
				"up": {"uv": [12.91667, 10.25, 12.79167, 9.875], "texture": "#6"},
				"down": {"uv": [12.45833, 11.875, 12.33333, 12.25], "texture": "#6"}
			}
		},
		{
			"from": [-1.45, 11.3, 8.75],
			"to": [1.15, 11.75, 14.3],
			"faces": {
				"north": {"uv": [13.625, 10.4375, 13.75, 10.5], "texture": "#6"},
				"east": {"uv": [13.5, 11.6875, 13.75, 11.75], "texture": "#6"},
				"south": {"uv": [13.625, 10.5, 13.75, 10.5625], "texture": "#6"},
				"west": {"uv": [13.5, 12.0625, 13.75, 12.125], "texture": "#6"},
				"up": {"uv": [13.41667, 9.5, 13.29167, 9.125], "texture": "#6"},
				"down": {"uv": [12.58333, 11.9375, 12.45833, 12.3125], "texture": "#6"}
			}
		},
		{
			"from": [14.65, 11.4, 8.75],
			"to": [16.95, 12.175, 14.225],
			"faces": {
				"north": {"uv": [13.75, 10.1875, 13.83333, 10.25], "texture": "#6"},
				"east": {"uv": [11.95833, 12.375, 12.16667, 12.4375], "texture": "#6"},
				"south": {"uv": [12.16667, 12.625, 12.25, 12.6875], "texture": "#6"},
				"west": {"uv": [12.58333, 12.375, 12.79167, 12.4375], "texture": "#6"},
				"up": {"uv": [12.75, 12.375, 12.66667, 12.0625], "texture": "#6"},
				"down": {"uv": [12.83333, 12.0625, 12.75, 12.375], "texture": "#6"}
			}
		},
		{
			"from": [14.6, 11.5, 8.75],
			"to": [16.45, 13.575, 14.225],
			"faces": {
				"north": {"uv": [12.04167, 11.625, 12.125, 11.75], "texture": "#6"},
				"east": {"uv": [13.33333, 9.6875, 13.54167, 9.8125], "texture": "#6"},
				"south": {"uv": [12.125, 11.625, 12.20833, 11.75], "texture": "#6"},
				"west": {"uv": [11.25, 12.0625, 11.45833, 12.1875], "texture": "#6"},
				"up": {"uv": [11.29167, 10.4375, 11.20833, 10.125], "texture": "#6"},
				"down": {"uv": [12.58333, 11.1875, 12.5, 11.5], "texture": "#6"}
			}
		},
		{
			"from": [-0.45, 11.5, 8.75],
			"to": [1.35, 13.575, 14.225],
			"faces": {
				"north": {"uv": [12.16667, 12.375, 12.25, 12.5], "texture": "#6"},
				"east": {"uv": [11.45833, 12.0625, 11.66667, 12.1875], "texture": "#6"},
				"south": {"uv": [12.25, 12.375, 12.33333, 12.5], "texture": "#6"},
				"west": {"uv": [11.66667, 12.0625, 11.875, 12.1875], "texture": "#6"},
				"up": {"uv": [11.95833, 12.375, 11.875, 12.0625], "texture": "#6"},
				"down": {"uv": [12.04167, 12.0625, 11.95833, 12.375], "texture": "#6"}
			}
		},
		{
			"from": [-1.15, 11.4, 8.75],
			"to": [1.15, 12.175, 14.225],
			"faces": {
				"north": {"uv": [11.58333, 12.625, 11.66667, 12.6875], "texture": "#6"},
				"east": {"uv": [13.54167, 9.0625, 13.75, 9.125], "texture": "#6"},
				"south": {"uv": [13.75, 9.375, 13.83333, 9.4375], "texture": "#6"},
				"west": {"uv": [13.54167, 9.6875, 13.75, 9.75], "texture": "#6"},
				"up": {"uv": [12.125, 12.375, 12.04167, 12.0625], "texture": "#6"},
				"down": {"uv": [12.66667, 12.0625, 12.58333, 12.375], "texture": "#6"}
			}
		},
		{
			"from": [2.5, 11, 0],
			"to": [13.25, 11.5, 1.025],
			"faces": {
				"north": {"uv": [5.33333, 9, 7.16667, 9.25], "texture": "#6"},
				"east": {"uv": [9.5, 10.75, 9.66667, 11], "texture": "#6"},
				"south": {"uv": [5.33333, 9.25, 7.16667, 9.5], "texture": "#6"},
				"west": {"uv": [7.33333, 14.25, 7.5, 14.5], "texture": "#6"},
				"up": {"uv": [7.16667, 9.75, 5.33333, 9.5], "texture": "#6"},
				"down": {"uv": [7.16667, 9.75, 5.33333, 10], "texture": "#6"}
			}
		},
		{
			"from": [3.75, 10.5, 0],
			"to": [12, 11, 1.025],
			"faces": {
				"north": {"uv": [7.16667, 9.75, 8.5, 10], "texture": "#6"},
				"east": {"uv": [9.33333, 14, 9.5, 14.25], "texture": "#6"},
				"south": {"uv": [7.33333, 10.25, 8.66667, 10.5], "texture": "#6"},
				"west": {"uv": [5.33333, 14.25, 5.5, 14.5], "texture": "#6"},
				"up": {"uv": [8.66667, 10.75, 7.33333, 10.5], "texture": "#6"},
				"down": {"uv": [8.66667, 10.75, 7.33333, 11], "texture": "#6"}
			}
		},
		{
			"from": [3.775, 11, -0.35],
			"to": [5.3, 11.5, 1],
			"faces": {
				"north": {"uv": [13.75, 9.4375, 13.83333, 9.5], "texture": "#6"},
				"east": {"uv": [11.45833, 12.6875, 11.5, 12.75], "texture": "#6"},
				"south": {"uv": [11.66667, 12.625, 11.75, 12.6875], "texture": "#6"},
				"west": {"uv": [11.5, 12.6875, 11.54167, 12.75], "texture": "#6"},
				"up": {"uv": [13.83333, 9.75, 13.75, 9.6875], "texture": "#6"},
				"down": {"uv": [13.83333, 9.75, 13.75, 9.8125], "texture": "#6"}
			}
		},
		{
			"from": [0.525, 11.5, -0.25],
			"to": [3.8, 12, 1.025],
			"faces": {
				"north": {"uv": [13.625, 10.5625, 13.75, 10.625], "texture": "#6"},
				"east": {"uv": [11.54167, 12.6875, 11.58333, 12.75], "texture": "#6"},
				"south": {"uv": [13.625, 10.625, 13.75, 10.6875], "texture": "#6"},
				"west": {"uv": [11.58333, 12.6875, 11.625, 12.75], "texture": "#6"},
				"up": {"uv": [13.75, 10.75, 13.625, 10.6875], "texture": "#6"},
				"down": {"uv": [13.75, 10.75, 13.625, 10.8125], "texture": "#6"}
			}
		},
		{
			"from": [11.925, 11.5, -0.25],
			"to": [15.5, 12, 1],
			"faces": {
				"north": {"uv": [13.58333, 11.5, 13.75, 11.5625], "texture": "#6"},
				"east": {"uv": [11.625, 12.6875, 11.66667, 12.75], "texture": "#6"},
				"south": {"uv": [13.58333, 11.5625, 13.75, 11.625], "texture": "#6"},
				"west": {"uv": [11.66667, 12.6875, 11.70833, 12.75], "texture": "#6"},
				"up": {"uv": [13.33333, 12.4375, 13.16667, 12.375], "texture": "#6"},
				"down": {"uv": [13.75, 11.75, 13.58333, 11.8125], "texture": "#6"}
			}
		},
		{
			"from": [11.95, 11.275, -0.65],
			"to": [15.575, 11.7, 1],
			"faces": {
				"north": {"uv": [8.66667, 11.25, 9.33333, 11.5], "texture": "#6"},
				"east": {"uv": [8.83333, 13.75, 9.16667, 14], "texture": "#6"},
				"south": {"uv": [7.33333, 13.5, 8, 13.75], "texture": "#6"},
				"west": {"uv": [9.16667, 13.5, 9.5, 13.75], "texture": "#6"},
				"up": {"uv": [7.83333, 9.75, 7.16667, 9.25], "texture": "#6"},
				"down": {"uv": [6.16667, 11, 5.5, 11.5], "texture": "#6"}
			}
		},
		{
			"from": [0.25, 11.275, -0.65],
			"to": [3.775, 11.7, 1],
			"faces": {
				"north": {"uv": [9, 13.25, 9.66667, 13.5], "texture": "#6"},
				"east": {"uv": [7.66667, 14, 8, 14.25], "texture": "#6"},
				"south": {"uv": [9.16667, 9.25, 9.83333, 9.5], "texture": "#6"},
				"west": {"uv": [9.33333, 11.5, 9.66667, 11.75], "texture": "#6"},
				"up": {"uv": [6.16667, 12, 5.5, 11.5], "texture": "#6"},
				"down": {"uv": [8, 11.5, 7.33333, 12], "texture": "#6"}
			}
		},
		{
			"from": [10.425, 11, -0.35],
			"to": [11.95, 11.5, 1],
			"faces": {
				"north": {"uv": [13.75, 9.8125, 13.83333, 9.875], "texture": "#6"},
				"east": {"uv": [11.70833, 12.6875, 11.75, 12.75], "texture": "#6"},
				"south": {"uv": [13.75, 9.875, 13.83333, 9.9375], "texture": "#6"},
				"west": {"uv": [11.75, 12.6875, 11.79167, 12.75], "texture": "#6"},
				"up": {"uv": [12.04167, 12.6875, 11.95833, 12.625], "texture": "#6"},
				"down": {"uv": [13.83333, 9.9375, 13.75, 10], "texture": "#6"}
			}
		},
		{
			"from": [5.25, 10.25, 0],
			"to": [10.5, 10.5, 1],
			"faces": {
				"north": {"uv": [8.33333, 12.5, 9.16667, 12.75], "texture": "#6"},
				"east": {"uv": [9.5, 10.25, 9.66667, 10.5], "texture": "#6"},
				"south": {"uv": [8.5, 9.75, 9.33333, 10], "texture": "#6"},
				"west": {"uv": [7, 14.25, 7.16667, 14.5], "texture": "#6"},
				"up": {"uv": [9.33333, 10.25, 8.5, 10], "texture": "#6"},
				"down": {"uv": [9.16667, 12.75, 8.33333, 13], "texture": "#6"}
			}
		},
		{
			"from": [5.275, 10.45, -0.45],
			"to": [10.45, 11, 0.85],
			"faces": {
				"north": {"uv": [8.66667, 9, 9.5, 9.25], "texture": "#6"},
				"east": {"uv": [9.5, 10.5, 9.66667, 10.75], "texture": "#6"},
				"south": {"uv": [6.16667, 13, 7, 13.25], "texture": "#6"},
				"west": {"uv": [7.16667, 14.25, 7.33333, 14.5], "texture": "#6"},
				"up": {"uv": [9.5, 10.5, 8.66667, 10.25], "texture": "#6"},
				"down": {"uv": [9.5, 10.5, 8.66667, 10.75], "texture": "#6"}
			}
		},
		{
			"from": [5.3, 10.55, -0.85],
			"to": [10.425, 10.8, 0.85],
			"faces": {
				"north": {"uv": [8.66667, 10.75, 9.5, 11], "texture": "#6"},
				"east": {"uv": [9.33333, 8.75, 9.66667, 9], "texture": "#6"},
				"south": {"uv": [8.66667, 11, 9.5, 11.25], "texture": "#6"},
				"west": {"uv": [9.33333, 9.75, 9.66667, 10], "texture": "#6"},
				"up": {"uv": [6.16667, 10.5, 5.33333, 10], "texture": "#6"},
				"down": {"uv": [7, 10, 6.16667, 10.5], "texture": "#6"}
			}
		},
		{
			"from": [15.025, 11.95, 0.95],
			"to": [15.95, 12.6, 5.1],
			"faces": {
				"north": {"uv": [5.5, 14.25, 5.66667, 14.5], "texture": "#6"},
				"east": {"uv": [8.5, 13.5, 9.16667, 13.75], "texture": "#6"},
				"south": {"uv": [5.66667, 14.25, 5.83333, 14.5], "texture": "#6"},
				"west": {"uv": [9, 13, 9.66667, 13.25], "texture": "#6"},
				"up": {"uv": [7, 14.25, 6.83333, 13.25], "texture": "#6"},
				"down": {"uv": [9.33333, 8, 9.16667, 9], "texture": "#6"}
			}
		},
		{
			"from": [0.025, 11.925, 0.95],
			"to": [0.95, 12.575, 5.1],
			"faces": {
				"north": {"uv": [9.5, 11, 9.66667, 11.25], "texture": "#6"},
				"east": {"uv": [9.16667, 9.5, 9.83333, 9.75], "texture": "#6"},
				"south": {"uv": [7.5, 14.25, 7.66667, 14.5], "texture": "#6"},
				"west": {"uv": [7.33333, 13.75, 8, 14], "texture": "#6"},
				"up": {"uv": [6.66667, 14.75, 6.5, 13.75], "texture": "#6"},
				"down": {"uv": [6.83333, 13.75, 6.66667, 14.75], "texture": "#6"}
			}
		},
		{
			"from": [3.725, 10.75, -0.75],
			"to": [5.275, 11.3, 1],
			"faces": {
				"north": {"uv": [9.33333, 10, 9.66667, 10.25], "texture": "#6"},
				"east": {"uv": [7, 14, 7.33333, 14.25], "texture": "#6"},
				"south": {"uv": [7.33333, 14, 7.66667, 14.25], "texture": "#6"},
				"west": {"uv": [9.33333, 11.25, 9.66667, 11.5], "texture": "#6"},
				"up": {"uv": [5.83333, 14.25, 5.5, 13.75], "texture": "#6"},
				"down": {"uv": [6.16667, 13.75, 5.83333, 14.25], "texture": "#6"}
			}
		},
		{
			"from": [10.45, 10.75, -0.75],
			"to": [11.975, 11.3, 1],
			"faces": {
				"north": {"uv": [9.16667, 13.75, 9.5, 14], "texture": "#6"},
				"east": {"uv": [9.33333, 8, 9.66667, 8.25], "texture": "#6"},
				"south": {"uv": [9.33333, 8.25, 9.66667, 8.5], "texture": "#6"},
				"west": {"uv": [9.33333, 8.5, 9.66667, 8.75], "texture": "#6"},
				"up": {"uv": [6.83333, 13.75, 6.5, 13.25], "texture": "#6"},
				"down": {"uv": [8.5, 13.5, 8.16667, 14], "texture": "#6"}
			}
		}
	],
	"display": {
		"thirdperson_righthand": {
			"rotation": [69, 37, 8],
			"translation": [0, 0, -6.5],
			"scale": [0.6, 0.98, 0.6]
		},
		"thirdperson_lefthand": {
			"rotation": [69, 37, 8],
			"translation": [-0.5, 0, -5.75],
			"scale": [0.6, 0.98, 0.6]
		},
		"firstperson_righthand": {
			"rotation": [-180, 85.75, -180],
			"translation": [0, -3.25, 0],
			"scale": [0.6, 0.98, 0.6]
		},
		"firstperson_lefthand": {
			"rotation": [-180, 88, 179],
			"translation": [0, -4, 0],
			"scale": [0.6, 0.98, 0.6]
		},
		"ground": {
			"rotation": [1, 1, 0],
			"translation": [0, 0.75, 0],
			"scale": [0.6, 0.98, 0.6]
		},
		"gui": {
			"rotation": [-176.24, 1.12, 179.62],
			"translation": [0.5, -5.75, 0],
			"scale": [0.6, 1, 0.6]
		},
		"head": {
			"rotation": [5.25, 0, 0],
			"translation": [0, -5, -0.5],
			"scale": [1, 1.38, 1]
		},
		"fixed": {
			"rotation": [-82, 0, 0],
			"translation": [0, 0, 8.25],
			"scale": [1.2, 2, 1.2]
		}
	},
	"groups": [
		{
			"name": "emblem",
			"origin": [8, 8, 8],
			"color": 0,
			"children": [0]
		},
		{
			"name": "helmet",
			"origin": [0, 0, 0],
			"color": 0,
			"children": [
				{
					"name": "headdress",
					"origin": [8, 8, 8],
					"color": 0,
					"children": [1, 2, 3, 4, 5, 6, 7, 8]
				},
				9,
				10,
				11,
				12,
				13,
				14,
				15,
				16,
				17,
				18,
				19,
				20,
				21,
				22,
				23,
				24,
				25,
				26,
				27,
				28,
				29,
				30,
				31,
				32,
				33,
				34,
				35,
				36,
				37,
				38,
				39,
				40,
				41,
				42,
				43,
				44,
				45,
				46,
				47,
				48,
				49,
				50,
				51,
				52,
				53,
				54,
				55,
				56,
				57,
				58,
				59,
				60,
				61,
				62,
				63,
				64,
				65,
				66,
				67,
				68,
				69,
				70,
				71,
				72,
				73,
				74,
				75,
				76,
				77,
				78,
				79,
				80,
				81,
				82,
				83,
				84,
				85,
				86,
				87,
				88,
				89,
				90,
				91,
				92,
				93,
				94,
				95,
				96,
				97,
				98,
				99,
				100,
				101,
				102
			]
		},
		103,
		104
	]
}