{
	"credit": "Made with Blockbench",
	"texture_size": [64, 64],
	"textures": {
		"0": "grimurrp:models/hats/grp_powerhelmet",
		"particle": "grimurrp:models/hats/grp_powerhelmet"
	},
	"elements": [
		{
			"from": [7, 3.5, 1.25],
			"to": [9, 9, 3.85],
			"rotation": {"angle": 22.5, "axis": "x", "origin": [0, 1, 0]},
			"faces": {
				"north": {"uv": [9.5, 1.25, 10.5, 4], "texture": "#0"},
				"east": {"uv": [9.5, 1.25, 10.5, 4], "texture": "#0"},
				"south": {"uv": [9.5, 1.25, 10.5, 4], "texture": "#0"},
				"west": {"uv": [9.5, 1.25, 10.5, 4], "texture": "#0"},
				"up": {"uv": [9.5, 1.25, 10.5, 4], "texture": "#0"},
				"down": {"uv": [9.5, 1.25, 10.5, 4], "texture": "#0"}
			}
		},
		{
			"from": [4.75, -0.75, 2],
			"to": [11.25, 3, 7],
			"rotation": {"angle": 0, "axis": "y", "origin": [0, 1, 0]},
			"faces": {
				"north": {"uv": [8.375, 2, 11.625, 3.875], "texture": "#0"},
				"east": {"uv": [8.375, 2, 11.625, 3.875], "texture": "#0"},
				"south": {"uv": [8.375, 2, 11.625, 3.875], "texture": "#0"},
				"west": {"uv": [8.375, 2, 11.625, 3.875], "texture": "#0"},
				"up": {"uv": [8.375, 2, 11.625, 3.875], "texture": "#0"},
				"down": {"uv": [8.375, 2, 11.625, 3.875], "texture": "#0"}
			}
		},
		{
			"from": [4.75, -4.80728, 0.39731],
			"to": [11.25, -0.80728, 2.14731],
			"rotation": {"angle": 22.5, "axis": "x", "origin": [0, -6.80728, 11.39731]},
			"faces": {
				"north": {"uv": [8.375, 3, 11.625, 3.875], "rotation": 180, "texture": "#0"},
				"east": {"uv": [8.375, 3, 11.625, 3.875], "rotation": 180, "texture": "#0"},
				"south": {"uv": [8.375, 3, 11.625, 3.875], "rotation": 180, "texture": "#0"},
				"west": {"uv": [8.375, 3, 11.625, 3.875], "rotation": 180, "texture": "#0"},
				"up": {"uv": [8.375, 3, 11.625, 3.875], "rotation": 180, "texture": "#0"},
				"down": {"uv": [8.375, 3, 11.625, 3.875], "rotation": 180, "texture": "#0"}
			}
		},
		{
			"from": [4.75, -1.4197, 3.61679],
			"to": [11.25, 2.5803, 6.36679],
			"rotation": {"angle": 0, "axis": "y", "origin": [0, -3.4197, 14.61679]},
			"faces": {
				"north": {"uv": [8.375, 2.5, 11.625, 3.875], "rotation": 180, "texture": "#0"},
				"east": {"uv": [8.375, 2.5, 11.625, 3.875], "rotation": 180, "texture": "#0"},
				"south": {"uv": [8.375, 2.5, 11.625, 3.875], "rotation": 180, "texture": "#0"},
				"west": {"uv": [8.375, 2.5, 11.625, 3.875], "rotation": 180, "texture": "#0"},
				"up": {"uv": [8.375, 2.5, 11.625, 3.875], "rotation": 180, "texture": "#0"},
				"down": {"uv": [8.375, 2.5, 11.625, 3.875], "rotation": 180, "texture": "#0"}
			}
		},
		{
			"from": [4.13084, -0.75, 10.54074],
			"to": [6.63084, 3, 14.54074],
			"rotation": {"angle": 45, "axis": "y", "origin": [-4.61916, 1, 8.54074]},
			"faces": {
				"north": {"uv": [10.5, 2, 11.75, 3.875], "texture": "#0"},
				"east": {"uv": [10.5, 2, 11.75, 3.875], "texture": "#0"},
				"south": {"uv": [10.5, 2, 11.75, 3.875], "texture": "#0"},
				"west": {"uv": [10.5, 2, 11.75, 3.875], "texture": "#0"},
				"up": {"uv": [10.5, 2, 11.75, 3.875], "texture": "#0"},
				"down": {"uv": [10.5, 2, 11.75, 3.875], "texture": "#0"}
			}
		},
		{
			"from": [14.93414, -0.75, -2.89429],
			"to": [17.43414, 3, 1.10571],
			"rotation": {"angle": -45, "axis": "y", "origin": [7.18414, 1, -4.89429]},
			"faces": {
				"north": {"uv": [8.25, 2, 9.5, 3.875], "texture": "#0"},
				"east": {"uv": [8.25, 2, 9.5, 3.875], "texture": "#0"},
				"south": {"uv": [8.25, 2, 9.5, 3.875], "texture": "#0"},
				"west": {"uv": [8.25, 2, 9.5, 3.875], "texture": "#0"},
				"up": {"uv": [8.25, 2, 9.5, 3.875], "texture": "#0"},
				"down": {"uv": [8.25, 2, 9.5, 3.875], "texture": "#0"}
			}
		},
		{
			"from": [4.75, 0.59315, 5.23223],
			"to": [7, 0.84315, 6.73223],
			"rotation": {"angle": -45, "axis": "x", "origin": [0, -1.90685, 1.48223]},
			"faces": {
				"north": {"uv": [0, 0, 1.125, 0.125], "texture": "#0"},
				"east": {"uv": [0, 0, 0.75, 0.125], "texture": "#0"},
				"south": {"uv": [0, 0, 1.125, 0.125], "texture": "#0"},
				"west": {"uv": [0, 0, 0.75, 0.125], "texture": "#0"},
				"up": {"uv": [13.4375, 0, 14.5625, 0.75], "texture": "#0"},
				"down": {"uv": [0, 0, 1.125, 0.75], "texture": "#0"}
			}
		},
		{
			"from": [9, 0.59315, 5.23223],
			"to": [11.25, 0.84315, 6.73223],
			"rotation": {"angle": -45, "axis": "x", "origin": [4.25, -1.90685, 1.48223]},
			"faces": {
				"north": {"uv": [0, 0, 1.125, 0.125], "texture": "#0"},
				"east": {"uv": [0, 0, 0.75, 0.125], "texture": "#0"},
				"south": {"uv": [0, 0, 1.125, 0.125], "texture": "#0"},
				"west": {"uv": [0, 0, 0.75, 0.125], "texture": "#0"},
				"up": {"uv": [13.4375, 0, 14.5625, 0.75], "texture": "#0"},
				"down": {"uv": [0, 0, 1.125, 0.75], "texture": "#0"}
			}
		},
		{
			"from": [5, 5.25, 3],
			"to": [11, 6.25, 5],
			"rotation": {"angle": 0, "axis": "y", "origin": [0, 1, 0]},
			"faces": {
				"north": {"uv": [8.5, 1, 11.5, 1.5], "texture": "#0"},
				"east": {"uv": [0, 0, 1, 0.5], "texture": "#0"},
				"south": {"uv": [0, 0, 3, 0.5], "texture": "#0"},
				"west": {"uv": [0, 0, 1, 0.5], "texture": "#0"},
				"up": {"uv": [0, 0, 3, 1], "texture": "#0"},
				"down": {"uv": [0, 0, 3, 1], "texture": "#0"}
			}
		},
		{
			"from": [5, 4.46927, 1.45232],
			"to": [11, 6.46927, 2.45232],
			"rotation": {"angle": 22.5, "axis": "x", "origin": [0, 1.46927, 6.70232]},
			"faces": {
				"north": {"uv": [8.5, 0, 11.5, 1], "rotation": 180, "texture": "#0"},
				"east": {"uv": [10.5, 0, 11.5, 0.5], "rotation": 90, "texture": "#0"},
				"south": {"uv": [8.5, 0, 11.5, 1], "texture": "#0"},
				"west": {"uv": [8.5, 0, 9.5, 0.5], "rotation": 270, "texture": "#0"},
				"up": {"uv": [8.5, 0, 11.5, 0.5], "texture": "#0"},
				"down": {"uv": [8.5, 0, 11.5, 0.5], "rotation": 180, "texture": "#0"}
			}
		},
		{
			"from": [6.84641, 1.44011, 3],
			"to": [7.84641, 2.44011, 5],
			"rotation": {"angle": 22.5, "axis": "z", "origin": [-3.15359, -2.80989, 0]},
			"faces": {
				"north": {"uv": [9.75, 0, 10.25, 0.5], "texture": "#0"},
				"east": {"uv": [9.75, 0, 10.25, 0.5], "texture": "#0"},
				"south": {"uv": [9.75, 0, 10.25, 0.5], "texture": "#0"},
				"west": {"uv": [9.75, 0, 10.25, 0.5], "texture": "#0"},
				"up": {"uv": [9.75, 0, 10.25, 0.5], "texture": "#0"},
				"down": {"uv": [9.75, 0, 10.25, 0.5], "texture": "#0"}
			}
		},
		{
			"from": [9.75212, 9.47647, 3],
			"to": [10.75212, 10.47647, 5],
			"rotation": {"angle": -22.5, "axis": "z", "origin": [-0.24788, 5.22647, 0]},
			"faces": {
				"north": {"uv": [9.75, 0, 10.25, 0.5], "texture": "#0"},
				"east": {"uv": [9.75, 0, 10.25, 0.5], "texture": "#0"},
				"south": {"uv": [9.75, 0, 10.25, 0.5], "texture": "#0"},
				"west": {"uv": [9.75, 0, 10.25, 0.5], "texture": "#0"},
				"up": {"uv": [9.75, 0, 10.25, 0.5], "texture": "#0"},
				"down": {"uv": [9.75, 0, 10.25, 0.5], "texture": "#0"}
			}
		},
		{
			"from": [4.07612, 2.86732, 3],
			"to": [4.82612, 5.86732, 5],
			"rotation": {"angle": 0, "axis": "y", "origin": [9.32612, -5.13268, 0]},
			"faces": {
				"north": {"uv": [9.25, 1, 10.75, 1.375], "rotation": 90, "texture": "#0"},
				"east": {"uv": [9.25, 1, 10.75, 1.375], "rotation": 90, "texture": "#0"},
				"south": {"uv": [9.25, 1, 10.75, 1.375], "rotation": 90, "texture": "#0"},
				"west": {"uv": [9.25, 1, 10.75, 1.375], "rotation": 90, "texture": "#0"},
				"up": {"uv": [9.25, 1, 10.75, 1.375], "rotation": 90, "texture": "#0"},
				"down": {"uv": [9.25, 1, 10.75, 1.375], "rotation": 90, "texture": "#0"}
			}
		},
		{
			"from": [11.17388, 2.86732, 3],
			"to": [11.92388, 5.86732, 5],
			"rotation": {"angle": 0, "axis": "y", "origin": [9.27388, -5.13268, 0]},
			"faces": {
				"north": {"uv": [9.25, 1, 10.75, 1.375], "rotation": 90, "texture": "#0"},
				"east": {"uv": [9.25, 1, 10.75, 1.375], "rotation": 90, "texture": "#0"},
				"south": {"uv": [9.25, 1, 10.75, 1.375], "rotation": 90, "texture": "#0"},
				"west": {"uv": [9.25, 1, 10.75, 1.375], "rotation": 90, "texture": "#0"},
				"up": {"uv": [9.25, 1, 10.75, 1.375], "rotation": 90, "texture": "#0"},
				"down": {"uv": [9.25, 1, 10.75, 1.375], "rotation": 90, "texture": "#0"}
			}
		},
		{
			"from": [3.75, 0, 3.75],
			"to": [12.25, 8.25, 12],
			"faces": {
				"north": {"uv": [12, 0, 16, 4], "texture": "#0"},
				"east": {"uv": [0, 0, 4, 4], "texture": "#0"},
				"south": {"uv": [12, 0, 16, 4], "texture": "#0"},
				"west": {"uv": [4, 0, 8, 4], "texture": "#0"},
				"up": {"uv": [8, 0, 12, 4], "texture": "#0"},
				"down": {"uv": [8, 0, 12, 4], "texture": "#0"}
			}
		},
		{
			"from": [6.75, -0.25, 1.5],
			"to": [9.25, 2.25, 3.5],
			"faces": {
				"north": {"uv": [0, 14.75, 1.25, 16], "texture": "#0"},
				"east": {"uv": [0, 0, 0.5, 0.625], "texture": "#0"},
				"south": {"uv": [0, 0, 0.625, 0.625], "texture": "#0"},
				"west": {"uv": [0, 0, 0.5, 0.625], "texture": "#0"},
				"up": {"uv": [0, 0, 0.625, 0.5], "texture": "#0"},
				"down": {"uv": [0, 0, 0.625, 0.5], "texture": "#0"}
			}
		},
		{
			"from": [9.25, -0.75, 1.25],
			"to": [9.75, 2.75, 3.5],
			"faces": {
				"north": {"uv": [2, 1.25, 2.5, 1.75], "texture": "#0"},
				"east": {"uv": [2, 1.25, 2.5, 1.75], "texture": "#0"},
				"south": {"uv": [2, 1.25, 2.5, 1.75], "texture": "#0"},
				"west": {"uv": [2, 1.25, 2.5, 1.75], "texture": "#0"},
				"up": {"uv": [2, 1.25, 2.5, 1.75], "texture": "#0"},
				"down": {"uv": [2, 1.25, 2.5, 1.75], "texture": "#0"}
			}
		},
		{
			"from": [6.25, -0.75, 1.25],
			"to": [6.75, 2.75, 3.5],
			"faces": {
				"north": {"uv": [2, 1.25, 2.5, 1.75], "texture": "#0"},
				"east": {"uv": [2, 1.25, 2.5, 1.75], "texture": "#0"},
				"south": {"uv": [2, 1.25, 2.5, 1.75], "texture": "#0"},
				"west": {"uv": [2, 1.25, 2.5, 1.75], "texture": "#0"},
				"up": {"uv": [2, 1.25, 2.5, 1.75], "texture": "#0"},
				"down": {"uv": [2, 1.25, 2.5, 1.75], "texture": "#0"}
			}
		},
		{
			"from": [6.75, 2.25, 1.25],
			"to": [9.25, 2.75, 3.5],
			"faces": {
				"north": {"uv": [2, 1.25, 2.5, 1.5], "texture": "#0"},
				"east": {"uv": [2, 1.25, 2.5, 1.5], "texture": "#0"},
				"south": {"uv": [2, 1.25, 2.5, 1.5], "texture": "#0"},
				"west": {"uv": [2, 1.25, 2.5, 1.5], "texture": "#0"},
				"up": {"uv": [2, 1.25, 2.5, 1.5], "texture": "#0"},
				"down": {"uv": [2, 1.25, 2.5, 1.5], "texture": "#0"}
			}
		},
		{
			"from": [6.75, -0.75, 1.25],
			"to": [9.25, -0.25, 3.5],
			"faces": {
				"north": {"uv": [2, 1.5, 2.5, 1.75], "texture": "#0"},
				"east": {"uv": [2, 1.25, 2.5, 1.5], "texture": "#0"},
				"south": {"uv": [2, 1.25, 2.5, 1.5], "texture": "#0"},
				"west": {"uv": [2, 1.25, 2.5, 1.5], "texture": "#0"},
				"up": {"uv": [2, 1.25, 2.5, 1.5], "texture": "#0"},
				"down": {"uv": [2, 1.25, 2.5, 1.5], "texture": "#0"}
			}
		},
		{
			"from": [4.75, 3.5, 3.25],
			"to": [7, 3.75, 5.25],
			"rotation": {"angle": 0, "axis": "y", "origin": [0, 1, 0]},
			"faces": {
				"north": {"uv": [0, 3.25, 1.125, 3.375], "texture": "#0"},
				"east": {"uv": [0, 3.25, 1.125, 3.375], "texture": "#0"},
				"south": {"uv": [0, 3.25, 1.125, 3.375], "texture": "#0"},
				"west": {"uv": [0, 3.25, 1.125, 3.375], "texture": "#0"},
				"up": {"uv": [0, 3.25, 1.125, 3.375], "texture": "#0"},
				"down": {"uv": [0, 3.25, 1.125, 3.375], "texture": "#0"}
			}
		},
		{
			"from": [4.75, 5, 3.25],
			"to": [7, 5.25, 5.25],
			"rotation": {"angle": 0, "axis": "y", "origin": [0, 1, 0]},
			"faces": {
				"north": {"uv": [0, 3.25, 1.125, 3.375], "texture": "#0"},
				"east": {"uv": [0, 3.25, 1.125, 3.375], "texture": "#0"},
				"south": {"uv": [0, 3.25, 1.125, 3.375], "texture": "#0"},
				"west": {"uv": [0, 3.25, 1.125, 3.375], "texture": "#0"},
				"up": {"uv": [0, 3.25, 1.125, 3.375], "texture": "#0"},
				"down": {"uv": [0, 3.25, 1.125, 3.375], "texture": "#0"}
			}
		},
		{
			"from": [4.75, 3.75, 3.25],
			"to": [5, 5, 5.25],
			"rotation": {"angle": 0, "axis": "y", "origin": [0, 1, 0]},
			"faces": {
				"north": {"uv": [0, 3.25, 0.125, 3.875], "texture": "#0"},
				"east": {"uv": [0, 3.25, 0.125, 3.875], "texture": "#0"},
				"south": {"uv": [0, 3.25, 0.125, 3.875], "texture": "#0"},
				"west": {"uv": [0, 3.25, 0.125, 3.875], "texture": "#0"},
				"up": {"uv": [0, 3.25, 0.125, 3.875], "texture": "#0"},
				"down": {"uv": [0, 3.25, 0.125, 3.875], "texture": "#0"}
			}
		},
		{
			"from": [6.75, 3.75, 3.25],
			"to": [7, 5, 5.25],
			"rotation": {"angle": 0, "axis": "y", "origin": [0, 1, 0]},
			"faces": {
				"north": {"uv": [0, 3.25, 0.125, 3.875], "texture": "#0"},
				"east": {"uv": [0, 3.25, 0.125, 3.875], "texture": "#0"},
				"south": {"uv": [0, 3.25, 0.125, 3.875], "texture": "#0"},
				"west": {"uv": [0, 3.25, 0.125, 3.875], "texture": "#0"},
				"up": {"uv": [0, 3.25, 0.125, 3.875], "texture": "#0"},
				"down": {"uv": [0, 3.25, 0.125, 3.875], "texture": "#0"}
			}
		},
		{
			"from": [9, 3.5, 3.25],
			"to": [11.25, 3.75, 5.25],
			"rotation": {"angle": 0, "axis": "y", "origin": [4.25, 1, 0]},
			"faces": {
				"north": {"uv": [0, 3.25, 1.125, 3.375], "texture": "#0"},
				"east": {"uv": [0, 3.25, 1.125, 3.375], "texture": "#0"},
				"south": {"uv": [0, 3.25, 1.125, 3.375], "texture": "#0"},
				"west": {"uv": [0, 3.25, 1.125, 3.375], "texture": "#0"},
				"up": {"uv": [0, 3.25, 1.125, 3.375], "texture": "#0"},
				"down": {"uv": [0, 3.25, 1.125, 3.375], "texture": "#0"}
			}
		},
		{
			"from": [9, 5, 3.25],
			"to": [11.25, 5.25, 5.25],
			"rotation": {"angle": 0, "axis": "y", "origin": [4.25, 1, 0]},
			"faces": {
				"north": {"uv": [0, 3.25, 1.125, 3.375], "texture": "#0"},
				"east": {"uv": [0, 3.25, 1.125, 3.375], "texture": "#0"},
				"south": {"uv": [0, 3.25, 1.125, 3.375], "texture": "#0"},
				"west": {"uv": [0, 3.25, 1.125, 3.375], "texture": "#0"},
				"up": {"uv": [0, 3.25, 1.125, 3.375], "texture": "#0"},
				"down": {"uv": [0, 3.25, 1.125, 3.375], "texture": "#0"}
			}
		},
		{
			"from": [9, 3.75, 3.25],
			"to": [9.25, 5, 5.25],
			"rotation": {"angle": 0, "axis": "y", "origin": [4.25, 1, 0]},
			"faces": {
				"north": {"uv": [0, 3.25, 0.125, 3.875], "texture": "#0"},
				"east": {"uv": [0, 3.25, 0.125, 3.875], "texture": "#0"},
				"south": {"uv": [0, 3.25, 0.125, 3.875], "texture": "#0"},
				"west": {"uv": [0, 3.25, 0.125, 3.875], "texture": "#0"},
				"up": {"uv": [0, 3.25, 0.125, 3.875], "texture": "#0"},
				"down": {"uv": [0, 3.25, 0.125, 3.875], "texture": "#0"}
			}
		},
		{
			"from": [11, 3.75, 3.25],
			"to": [11.25, 5, 5.25],
			"rotation": {"angle": 0, "axis": "y", "origin": [4.25, 1, 0]},
			"faces": {
				"north": {"uv": [0, 3.25, 0.125, 3.875], "texture": "#0"},
				"east": {"uv": [0, 3.25, 0.125, 3.875], "texture": "#0"},
				"south": {"uv": [0, 3.25, 0.125, 3.875], "texture": "#0"},
				"west": {"uv": [0, 3.25, 0.125, 3.875], "texture": "#0"},
				"up": {"uv": [0, 3.25, 0.125, 3.875], "texture": "#0"},
				"down": {"uv": [0, 3.25, 0.125, 3.875], "texture": "#0"}
			}
		},
		{
			"from": [5, 3.75, 3.5],
			"to": [7, 5, 5.5],
			"faces": {
				"north": {"uv": [15, 15, 16, 16], "texture": "#0"},
				"east": {"uv": [15, 15, 16, 16], "texture": "#0"},
				"south": {"uv": [15, 15, 16, 16], "texture": "#0"},
				"west": {"uv": [15, 15, 16, 16], "texture": "#0"},
				"up": {"uv": [15, 15, 16, 16], "texture": "#0"},
				"down": {"uv": [15, 15, 16, 16], "texture": "#0"}
			}
		},
		{
			"from": [9, 3.75, 3.5],
			"to": [11, 5, 5.5],
			"faces": {
				"north": {"uv": [15, 15, 16, 16], "texture": "#0"},
				"east": {"uv": [15, 15, 16, 16], "texture": "#0"},
				"south": {"uv": [15, 15, 16, 16], "texture": "#0"},
				"west": {"uv": [15, 15, 16, 16], "texture": "#0"},
				"up": {"uv": [15, 15, 16, 16], "texture": "#0"},
				"down": {"uv": [15, 15, 16, 16], "texture": "#0"}
			}
		},
		{
			"from": [3, 1, 3.75],
			"to": [4, 2, 7.75],
			"rotation": {"angle": 0, "axis": "y", "origin": [0, 1, 0]},
			"faces": {
				"north": {"uv": [3, 3, 5, 3.25], "texture": "#0"},
				"east": {"uv": [3, 3, 5, 3.25], "texture": "#0"},
				"south": {"uv": [3, 3, 5, 3.25], "texture": "#0"},
				"west": {"uv": [3, 3, 5, 3.25], "texture": "#0"},
				"up": {"uv": [3, 3, 5, 3.25], "texture": "#0"},
				"down": {"uv": [3, 3, 5, 3.25], "texture": "#0"}
			}
		},
		{
			"from": [12, 1, 3.75],
			"to": [13, 2, 7.75],
			"rotation": {"angle": 0, "axis": "y", "origin": [0, 1, 0]},
			"faces": {
				"north": {"uv": [3, 3, 5, 3.25], "texture": "#0"},
				"east": {"uv": [3, 3, 5, 3.25], "texture": "#0"},
				"south": {"uv": [3, 3, 5, 3.25], "texture": "#0"},
				"west": {"uv": [3, 3, 5, 3.25], "texture": "#0"},
				"up": {"uv": [3, 3, 5, 3.25], "texture": "#0"},
				"down": {"uv": [3, 3, 5, 3.25], "texture": "#0"}
			}
		},
		{
			"from": [10.21511, 1, 2.22324],
			"to": [11.21511, 2, 6.22324],
			"rotation": {"angle": -22.5, "axis": "y", "origin": [-1.78489, 1, 9.47324]},
			"faces": {
				"north": {"uv": [3, 3, 5, 3.25], "texture": "#0"},
				"east": {"uv": [3, 3, 5, 3.25], "texture": "#0"},
				"south": {"uv": [3, 3, 5, 3.25], "texture": "#0"},
				"west": {"uv": [3, 3, 5, 3.25], "texture": "#0"},
				"up": {"uv": [3, 3, 5, 3.25], "texture": "#0"},
				"down": {"uv": [3, 3, 5, 3.25], "texture": "#0"}
			}
		},
		{
			"from": [1.7933, 1, 9.1835],
			"to": [2.7933, 2, 13.1835],
			"rotation": {"angle": 22.5, "axis": "y", "origin": [-1.2067, 1, 5.4335]},
			"faces": {
				"north": {"uv": [3, 3, 5, 3.25], "texture": "#0"},
				"east": {"uv": [3, 3, 5, 3.25], "texture": "#0"},
				"south": {"uv": [3, 3, 5, 3.25], "texture": "#0"},
				"west": {"uv": [3, 3, 5, 3.25], "texture": "#0"},
				"up": {"uv": [3, 3, 5, 3.25], "texture": "#0"},
				"down": {"uv": [3, 3, 5, 3.25], "texture": "#0"}
			}
		}
	],
	"display": {
		"thirdperson_righthand": {
			"scale": [0.8, 0.8, 0.8]
		},
		"thirdperson_lefthand": {
			"scale": [0.8, 0.8, 0.8]
		},
		"firstperson_righthand": {
			"translation": [0, 3.5, 0]
		},
		"firstperson_lefthand": {
			"translation": [0, 3.75, 0]
		},
		"ground": {
			"translation": [0, 6, 0]
		},
		"gui": {
			"rotation": [-160, 34, 180],
			"translation": [0, 4, 0],
			"scale": [0.9, 0.9, 0.9]
		},
		"head": {
			"translation": [0, 6.5, 0.25],
			"scale": [1.8, 1.8, 1.8]
		},
		"fixed": {
			"translation": [0, 8.5, 4.25],
			"scale": [1.75, 1.75, 1.75]
		}
	},
	"groups": [
		{
			"name": "base",
			"origin": [8, 8, 8],
			"color": 0,
			"children": [0, 1, 2, 3, 4, 5, 6, 7, 8, 9, 10, 11, 12, 13, 14, 15, 16, 17, 18, 19]
		},
		{
			"name": "eyes",
			"origin": [8, 8, 8],
			"color": 0,
			"children": [20, 21, 22, 23, 24, 25, 26, 27, 28, 29]
		},
		{
			"name": "pipes",
			"origin": [8, 8, 8],
			"color": 0,
			"children": [30, 31, 32, 33]
		}
	]
}