{"credit":"Made with Blockbench","texture_size":[32,32],"textures":{"0":"item/xeth_ww1_helmet"},"elements":[{"from":[2.18078,0.74472,-0.32106],"to":[13.81922,7.10097,15.76582],"rotation":{"angle":0,"axis":"z","origin":[8,3.92284,7.72238]},"faces":{"north":{"uv":[5,3.5,5.5,4],"texture":"#0"},"east":{"uv":[5,3.5,5.5,4],"texture":"#0"},"south":{"uv":[5,3.5,5.5,4],"texture":"#0"},"west":{"uv":[5,3.5,5.5,4],"texture":"#0"},"up":{"uv":[5,3.5,5.5,4],"texture":"#0"},"down":{"uv":[5,3.5,5.5,4],"texture":"#0"}}},{"from":[-0.04344,-0.00392,1.90316],"to":[16.04344,7.10097,13.5416],"rotation":{"angle":0,"axis":"z","origin":[8,3.54852,7.72238]},"faces":{"north":{"uv":[5,3.5,5.5,4],"texture":"#0"},"east":{"uv":[5,3.5,5.5,4],"texture":"#0"},"south":{"uv":[5,3.5,5.5,4],"texture":"#0"},"west":{"uv":[5,3.5,5.5,4],"texture":"#0"},"up":{"uv":[5,3.5,5.5,4],"texture":"#0"},"down":{"uv":[5,3.5,5.5,4],"texture":"#0"}}},{"from":[6.42724,0.74472,-2.08],"to":[9.57276,7.10097,17.52476],"rotation":{"angle":45,"axis":"y","origin":[8,3.92284,7.72238]},"faces":{"north":{"uv":[5,3.5,5.5,4],"texture":"#0"},"east":{"uv":[5,3.5,5.5,4],"texture":"#0"},"south":{"uv":[5,3.5,5.5,4],"texture":"#0"},"west":{"uv":[5,3.5,5.5,4],"texture":"#0"},"up":{"uv":[5,3.5,5.5,4],"texture":"#0"},"down":{"uv":[5,3.5,5.5,4],"texture":"#0"}}},{"from":[6.42724,0.74472,-2.08],"to":[9.57276,7.10097,17.52476],"rotation":{"angle":-45,"axis":"y","origin":[8,3.92284,7.72238]},"faces":{"north":{"uv":[5,3.5,5.5,4],"texture":"#0"},"east":{"uv":[5,3.5,5.5,4],"texture":"#0"},"south":{"uv":[5,3.5,5.5,4],"texture":"#0"},"west":{"uv":[5,3.5,5.5,4],"texture":"#0"},"up":{"uv":[5,3.5,5.5,4],"texture":"#0"},"down":{"uv":[5,3.5,5.5,4],"texture":"#0"}}},{"from":[6.58451,-6.99975,-1.072],"to":[9.41549,0.72087,16.57228],"rotation":{"angle":45,"axis":"y","origin":[8,-4.13944,7.75014]},"faces":{"north":{"uv":[5,3.5,5.5,4],"texture":"#0"},"east":{"uv":[5,3.5,5.5,4],"texture":"#0"},"south":{"uv":[5,3.5,5.5,4],"texture":"#0"},"west":{"uv":[5,3.5,5.5,4],"texture":"#0"},"up":{"uv":[5,3.5,5.5,4],"texture":"#0"},"down":{"uv":[5,3.5,5.5,4],"texture":"#0"}}},{"from":[0.7609,-6.83353,2.51285],"to":[15.2391,1.56087,12.98744],"rotation":{"angle":0,"axis":"z","origin":[8,-4.47633,7.75014]},"faces":{"north":{"uv":[5,3.5,5.5,4],"texture":"#0"},"east":{"uv":[5,3.5,5.5,4],"texture":"#0"},"south":{"uv":[5,3.5,5.5,4],"texture":"#0"},"west":{"uv":[5,3.5,5.5,4],"texture":"#0"},"up":{"uv":[5,3.5,5.5,4],"texture":"#0"},"down":{"uv":[5,3.5,5.5,4],"texture":"#0"}}},{"from":[2.76271,-6.99975,0.51104],"to":[13.23729,0.72087,14.98924],"rotation":{"angle":0,"axis":"z","origin":[8,-4.13944,7.75014]},"faces":{"north":{"uv":[5,3.5,5.5,4],"texture":"#0"},"east":{"uv":[5,3.5,5.5,4],"texture":"#0"},"south":{"uv":[5,3.5,5.5,4],"texture":"#0"},"west":{"uv":[5,3.5,5.5,4],"texture":"#0"},"up":{"uv":[5,3.5,5.5,4],"texture":"#0"},"down":{"uv":[5,3.5,5.5,4],"texture":"#0"}}},{"from":[4.86271,-8.38097,-2.35326],"to":[11.13729,0.33964,2.88493],"rotation":{"angle":45,"axis":"x","origin":[8.02,-7.31354,0.63416]},"faces":{"north":{"uv":[5,3.5,5.5,4],"texture":"#0"},"east":{"uv":[5,3.5,5.5,4],"texture":"#0"},"south":{"uv":[5,3.5,5.5,4],"texture":"#0"},"west":{"uv":[5,3.5,5.5,4],"texture":"#0"},"up":{"uv":[5,3.5,5.5,4],"texture":"#0"},"down":{"uv":[5,3.5,5.5,4],"texture":"#0"}}},{"from":[6.36271,-7.51428,-0.69479],"to":[9.63729,-1.79366,4.54341],"rotation":{"angle":22.5,"axis":"x","origin":[8,-4.65397,1.92431]},"faces":{"north":{"uv":[5,3.5,5.5,4],"texture":"#0"},"east":{"uv":[5,3.5,5.5,4],"texture":"#0"},"south":{"uv":[5,3.5,5.5,4],"texture":"#0"},"west":{"uv":[5,3.5,5.5,4],"texture":"#0"},"up":{"uv":[5,3.5,5.5,4],"texture":"#0"},"down":{"uv":[5,3.5,5.5,4],"texture":"#0"}}},{"from":[6.96271,-11.75471,-2.6866],"to":[9.03729,-7.03409,-0.61201],"rotation":{"angle":22.5,"axis":"x","origin":[8.02,-8.61877,0.63416]},"faces":{"north":{"uv":[8.2,4.7,8.7,5.2],"texture":"#0"},"east":{"uv":[8.2,4.7,8.7,5.2],"texture":"#0"},"south":{"uv":[8.2,4.7,8.7,5.2],"texture":"#0"},"west":{"uv":[8.2,4.7,8.7,5.2],"texture":"#0"},"up":{"uv":[8.2,4.7,8.7,5.2],"texture":"#0"},"down":{"uv":[8.2,4.7,8.7,5.2],"texture":"#0"}}},{"from":[2.15558,-11.22253,-5.24865],"to":[7.1762,-9.14794,-3.17406],"rotation":{"angle":22.5,"axis":"y","origin":[8,-8.61877,0.63416]},"faces":{"north":{"uv":[7.7,4.7,8.7,5.7],"rotation":270,"texture":"#0"},"east":{"uv":[7.7,4.7,8.7,5.7],"rotation":270,"texture":"#0"},"south":{"uv":[7.7,4.7,8.7,5.7],"rotation":270,"texture":"#0"},"west":{"uv":[7.7,4.7,8.7,5.7],"rotation":270,"texture":"#0"},"up":{"uv":[7.7,4.7,8.7,5.7],"rotation":270,"texture":"#0"},"down":{"uv":[7.7,4.7,8.7,5.7],"rotation":270,"texture":"#0"}}},{"from":[4.73969,-11.42253,-4.76925],"to":[11.26031,-8.34794,-1.69466],"rotation":{"angle":0,"axis":"y","origin":[7.76408,-8.61877,0.63416]},"faces":{"north":{"uv":[5,3.5,5.5,4],"rotation":90,"texture":"#0"},"east":{"uv":[5,3.5,5.5,4],"rotation":180,"texture":"#0"},"south":{"uv":[5,3.5,5.5,4],"rotation":270,"texture":"#0"},"west":{"uv":[5,3.5,5.5,4],"texture":"#0"},"up":{"uv":[5,3.5,5.5,4],"rotation":270,"texture":"#0"},"down":{"uv":[5,3.5,5.5,4],"rotation":270,"texture":"#0"}}},{"from":[-1.45729,-11.28215,-0.38473],"to":[0.61729,-9.20756,9.33589],"rotation":{"angle":-45,"axis":"x","origin":[8,-8.61877,0.63416]},"faces":{"north":{"uv":[7.7,4.7,8.7,5.7],"rotation":180,"texture":"#0"},"east":{"uv":[7.7,4.7,8.7,5.7],"rotation":180,"texture":"#0"},"south":{"uv":[7.7,4.7,8.7,5.7],"rotation":180,"texture":"#0"},"west":{"uv":[7.7,4.7,8.7,5.7],"rotation":180,"texture":"#0"},"up":{"uv":[7.7,4.7,8.7,5.7],"rotation":180,"texture":"#0"},"down":{"uv":[7.7,4.7,8.7,5.7],"rotation":180,"texture":"#0"}}},{"from":[-0.2924,-11.22253,0.60701],"to":[1.78219,-9.14794,5.32763],"rotation":{"angle":-22.5,"axis":"y","origin":[8,-8.61877,0.63416]},"faces":{"north":{"uv":[7.7,4.7,8.7,5.7],"rotation":180,"texture":"#0"},"east":{"uv":[7.7,4.7,8.7,5.7],"rotation":180,"texture":"#0"},"south":{"uv":[7.7,4.7,8.7,5.7],"rotation":180,"texture":"#0"},"west":{"uv":[7.7,4.7,8.7,5.7],"rotation":180,"texture":"#0"},"up":{"uv":[7.7,4.7,8.7,5.7],"rotation":180,"texture":"#0"},"down":{"uv":[7.7,4.7,8.7,5.7],"rotation":180,"texture":"#0"}}},{"from":[14.21781,-11.22253,0.60701],"to":[16.2924,-9.14794,5.32763],"rotation":{"angle":22.5,"axis":"y","origin":[8,-8.61877,0.63416]},"faces":{"north":{"uv":[8.7,4.7,7.7,5.7],"rotation":180,"texture":"#0"},"east":{"uv":[8.7,4.7,7.7,5.7],"rotation":180,"texture":"#0"},"south":{"uv":[8.7,4.7,7.7,5.7],"rotation":180,"texture":"#0"},"west":{"uv":[8.7,4.7,7.7,5.7],"rotation":180,"texture":"#0"},"up":{"uv":[8.7,4.7,7.7,5.7],"rotation":180,"texture":"#0"},"down":{"uv":[8.7,4.7,7.7,5.7],"rotation":180,"texture":"#0"}}},{"from":[8.8238,-11.22253,-5.24865],"to":[13.84442,-9.14794,-3.17406],"rotation":{"angle":-22.5,"axis":"y","origin":[8,-8.61877,0.63416]},"faces":{"north":{"uv":[7.7,5.7,8.7,4.7],"rotation":270,"texture":"#0"},"east":{"uv":[7.7,5.7,8.7,4.7],"rotation":270,"texture":"#0"},"south":{"uv":[7.7,5.7,8.7,4.7],"rotation":270,"texture":"#0"},"west":{"uv":[7.7,5.7,8.7,4.7],"rotation":270,"texture":"#0"},"up":{"uv":[7.7,5.7,8.7,4.7],"rotation":270,"texture":"#0"},"down":{"uv":[7.7,5.7,8.7,4.7],"rotation":270,"texture":"#0"}}},{"from":[15.38271,-11.28215,-0.38473],"to":[17.45729,-9.20756,9.33589],"rotation":{"angle":-45,"axis":"x","origin":[8,-8.61877,0.63416]},"faces":{"north":{"uv":[8.7,4.7,7.7,5.7],"rotation":180,"texture":"#0"},"east":{"uv":[8.7,4.7,7.7,5.7],"rotation":180,"texture":"#0"},"south":{"uv":[8.7,4.7,7.7,5.7],"rotation":180,"texture":"#0"},"west":{"uv":[8.7,4.7,7.7,5.7],"rotation":180,"texture":"#0"},"up":{"uv":[8.7,4.7,7.7,5.7],"rotation":180,"texture":"#0"},"down":{"uv":[8.7,4.7,7.7,5.7],"rotation":180,"texture":"#0"}}},{"from":[6.58451,-6.99975,-1.072],"to":[9.41549,0.72087,16.57228],"rotation":{"angle":-45,"axis":"y","origin":[8,-4.13944,7.75014]},"faces":{"north":{"uv":[5,3.5,5.5,4],"texture":"#0"},"east":{"uv":[5,3.5,5.5,4],"texture":"#0"},"south":{"uv":[5,3.5,5.5,4],"texture":"#0"},"west":{"uv":[5,3.5,5.5,4],"texture":"#0"},"up":{"uv":[5,3.5,5.5,4],"texture":"#0"},"down":{"uv":[5,3.5,5.5,4],"texture":"#0"}}},{"from":[6.0289,-7.1637,13.83713],"to":[10.78531,-2.70101,18.45619],"rotation":{"angle":-45,"axis":"y","origin":[7.70711,-3.77252,6.99666]},"faces":{"north":{"uv":[0.5,6.5,1,7],"texture":"#0"},"east":{"uv":[0.5,6.5,1,7],"texture":"#0"},"south":{"uv":[0.5,6.5,1,7],"texture":"#0"},"west":{"uv":[0.5,6.5,1,7],"texture":"#0"},"up":{"uv":[0.5,6.5,1,7],"texture":"#0"},"down":{"uv":[0.5,6.5,1,7],"texture":"#0"}}},{"from":[-1.58267,-6.96503,7.09443],"to":[1.58267,-2.70101,13.9131],"rotation":{"angle":0,"axis":"z","origin":[8,-4.17034,7.70377]},"faces":{"north":{"uv":[0.5,6.5,1,7],"texture":"#0"},"east":{"uv":[0.5,6.5,1,7],"texture":"#0"},"south":{"uv":[0.5,6.5,1,7],"texture":"#0"},"west":{"uv":[0.5,6.5,1,7],"texture":"#0"},"up":{"uv":[0.5,6.5,1,7],"texture":"#0"},"down":{"uv":[0.5,6.5,1,7],"texture":"#0"}}},{"from":[14.41733,-6.96503,7.09443],"to":[17.58267,-2.70101,13.9131],"rotation":{"angle":0,"axis":"z","origin":[8,-4.17034,7.70377]},"faces":{"north":{"uv":[1,6.5,0.5,7],"texture":"#0"},"east":{"uv":[1,6.5,0.5,7],"texture":"#0"},"south":{"uv":[1,6.5,0.5,7],"texture":"#0"},"west":{"uv":[1,6.5,0.5,7],"texture":"#0"},"up":{"uv":[1,6.5,0.5,7],"texture":"#0"},"down":{"uv":[1,6.5,0.5,7],"texture":"#0"}}},{"from":[1.79066,-7.1621,13.32109],"to":[14.20934,-2.69942,17.28644],"rotation":{"angle":0,"axis":"z","origin":[8,-3.77092,7.70377]},"faces":{"north":{"uv":[0.5,6.5,1,7],"texture":"#0"},"east":{"uv":[0.5,6.5,1,7],"texture":"#0"},"south":{"uv":[0.5,6.5,1,7],"texture":"#0"},"west":{"uv":[0.5,6.5,1,7],"texture":"#0"},"up":{"uv":[0.5,6.5,1,7],"texture":"#0"},"down":{"uv":[0.5,6.5,1,7],"texture":"#0"}}},{"from":[5.21469,-7.1637,13.83713],"to":[9.9711,-2.70101,18.45619],"rotation":{"angle":45,"axis":"y","origin":[8.29289,-3.77252,6.99666]},"faces":{"north":{"uv":[0.5,6.5,1,7],"texture":"#0"},"east":{"uv":[0.5,6.5,1,7],"texture":"#0"},"south":{"uv":[0.5,6.5,1,7],"texture":"#0"},"west":{"uv":[0.5,6.5,1,7],"texture":"#0"},"up":{"uv":[0.5,6.5,1,7],"texture":"#0"},"down":{"uv":[0.5,6.5,1,7],"texture":"#0"}}},{"from":[10.78454,2.00189,1.90316],"to":[13.93133,9.27927,13.5416],"rotation":{"angle":-45,"axis":"z","origin":[12.35794,5.64058,7.72238]},"faces":{"north":{"uv":[5,3.5,5.5,4],"texture":"#0"},"east":{"uv":[5,3.5,5.5,4],"texture":"#0"},"south":{"uv":[5,3.5,5.5,4],"texture":"#0"},"west":{"uv":[5,3.5,5.5,4],"texture":"#0"},"up":{"uv":[5,3.5,5.5,4],"texture":"#0"},"down":{"uv":[5,3.5,5.5,4],"texture":"#0"}}},{"from":[1.60295,0.18367,-2.05925],"to":[14.39705,1.67906,4.08782],"rotation":{"angle":0,"axis":"z","origin":[8,0.93137,1.01428]},"faces":{"north":{"uv":[5,3.5,5.5,4],"texture":"#0"},"east":{"uv":[5,3.5,5.5,4],"texture":"#0"},"south":{"uv":[5,3.5,5.5,4],"texture":"#0"},"west":{"uv":[5,3.5,5.5,4],"texture":"#0"},"up":{"uv":[5,3.5,5.5,4],"texture":"#0"},"down":{"uv":[5,3.5,5.5,4],"texture":"#0"}}},{"from":[-1.70401,0.18367,1.24771],"to":[17.70401,1.67906,4.778],"rotation":{"angle":0,"axis":"z","origin":[8,0.93137,3.01285]},"faces":{"north":{"uv":[5,3.5,5.5,4],"texture":"#0"},"east":{"uv":[5,3.5,5.5,4],"texture":"#0"},"south":{"uv":[5,3.5,5.5,4],"texture":"#0"},"west":{"uv":[5,3.5,5.5,4],"texture":"#0"},"up":{"uv":[5,3.5,5.5,4],"texture":"#0"},"down":{"uv":[5,3.5,5.5,4],"texture":"#0"}}},{"from":[-1.09481,0.18367,-0.22304],"to":[6.03597,1.67906,4.45371],"rotation":{"angle":-45,"axis":"y","origin":[2.47058,0.93137,2.11534]},"faces":{"north":{"uv":[5,3.5,5.5,4],"texture":"#0"},"east":{"uv":[5,3.5,5.5,4],"texture":"#0"},"south":{"uv":[5,3.5,5.5,4],"texture":"#0"},"west":{"uv":[5,3.5,5.5,4],"texture":"#0"},"up":{"uv":[5,3.5,5.5,4],"texture":"#0"},"down":{"uv":[5,3.5,5.5,4],"texture":"#0"}}},{"from":[9.96403,0.18367,-0.22304],"to":[17.09481,1.67906,4.45371],"rotation":{"angle":45,"axis":"y","origin":[13.52942,0.93137,2.11534]},"faces":{"north":{"uv":[5,3.5,5.5,4],"texture":"#0"},"east":{"uv":[5,3.5,5.5,4],"texture":"#0"},"south":{"uv":[5,3.5,5.5,4],"texture":"#0"},"west":{"uv":[5,3.5,5.5,4],"texture":"#0"},"up":{"uv":[5,3.5,5.5,4],"texture":"#0"},"down":{"uv":[5,3.5,5.5,4],"texture":"#0"}}},{"from":[-0.96674,-2.49444,6.47947],"to":[0.7829,3.36824,12.41927],"rotation":{"angle":-22.5,"axis":"z","origin":[-0.09192,0.4369,9.44937]},"faces":{"north":{"uv":[5,3.5,5.5,4],"texture":"#0"},"east":{"uv":[5,3.5,5.5,4],"texture":"#0"},"south":{"uv":[5,3.5,5.5,4],"texture":"#0"},"west":{"uv":[5,3.5,5.5,4],"texture":"#0"},"up":{"uv":[5,3.5,5.5,4],"texture":"#0"},"down":{"uv":[5,3.5,5.5,4],"texture":"#0"}}},{"from":[3.19794,-2.46814,15.20064],"to":[12.80206,3.74837,16.95738],"rotation":{"angle":-22.5,"axis":"x","origin":[8,0.64012,16.07901]},"faces":{"north":{"uv":[5,3.5,5.5,4],"texture":"#0"},"east":{"uv":[5,3.5,5.5,4],"texture":"#0"},"south":{"uv":[5,3.5,5.5,4],"texture":"#0"},"west":{"uv":[5,3.5,5.5,4],"texture":"#0"},"up":{"uv":[5,3.5,5.5,4],"texture":"#0"},"down":{"uv":[5,3.5,5.5,4],"texture":"#0"}}},{"from":[-1.11642,-2.4748,12.28273],"to":[5.07838,1.26432,15.0027],"rotation":{"angle":-45,"axis":"y","origin":[1.98098,-0.60524,13.64271]},"faces":{"north":{"uv":[5,3.5,5.5,4],"texture":"#0"},"east":{"uv":[5,3.5,5.5,4],"texture":"#0"},"south":{"uv":[5,3.5,5.5,4],"texture":"#0"},"west":{"uv":[5,3.5,5.5,4],"texture":"#0"},"up":{"uv":[5,3.5,5.5,4],"texture":"#0"},"down":{"uv":[5,3.5,5.5,4],"texture":"#0"}}},{"from":[-1.70401,-0.96311,3.68357],"to":[0.35822,0.53227,7.54659],"rotation":{"angle":45,"axis":"x","origin":[-0.6729,-0.21542,5.61508]},"faces":{"north":{"uv":[5,3.5,5.5,4],"texture":"#0"},"east":{"uv":[5,3.5,5.5,4],"texture":"#0"},"south":{"uv":[5,3.5,5.5,4],"texture":"#0"},"west":{"uv":[5,3.5,5.5,4],"texture":"#0"},"up":{"uv":[5,3.5,5.5,4],"texture":"#0"},"down":{"uv":[5,3.5,5.5,4],"texture":"#0"}}},{"from":[15.2171,-2.49444,6.47947],"to":[16.96674,3.36824,12.41927],"rotation":{"angle":22.5,"axis":"z","origin":[16.09192,0.4369,9.44937]},"faces":{"north":{"uv":[5,3.5,5.5,4],"texture":"#0"},"east":{"uv":[5,3.5,5.5,4],"texture":"#0"},"south":{"uv":[5,3.5,5.5,4],"texture":"#0"},"west":{"uv":[5,3.5,5.5,4],"texture":"#0"},"up":{"uv":[5,3.5,5.5,4],"texture":"#0"},"down":{"uv":[5,3.5,5.5,4],"texture":"#0"}}},{"from":[10.92162,-2.4748,12.28273],"to":[17.11642,1.26432,15.0027],"rotation":{"angle":45,"axis":"y","origin":[14.01902,-0.60524,13.64271]},"faces":{"north":{"uv":[5,3.5,5.5,4],"texture":"#0"},"east":{"uv":[5,3.5,5.5,4],"texture":"#0"},"south":{"uv":[5,3.5,5.5,4],"texture":"#0"},"west":{"uv":[5,3.5,5.5,4],"texture":"#0"},"up":{"uv":[5,3.5,5.5,4],"texture":"#0"},"down":{"uv":[5,3.5,5.5,4],"texture":"#0"}}},{"from":[15.64178,-0.96311,3.68357],"to":[17.70401,0.53227,7.54659],"rotation":{"angle":45,"axis":"x","origin":[16.6729,-0.21542,5.61508]},"faces":{"north":{"uv":[5,3.5,5.5,4],"texture":"#0"},"east":{"uv":[5,3.5,5.5,4],"texture":"#0"},"south":{"uv":[5,3.5,5.5,4],"texture":"#0"},"west":{"uv":[5,3.5,5.5,4],"texture":"#0"},"up":{"uv":[5,3.5,5.5,4],"texture":"#0"},"down":{"uv":[5,3.5,5.5,4],"texture":"#0"}}},{"from":[2.18078,2.00189,1.79104],"to":[13.81922,9.27927,4.93784],"rotation":{"angle":-45,"axis":"x","origin":[8,5.64058,3.36444]},"faces":{"north":{"uv":[5,3.5,5.5,4],"texture":"#0"},"east":{"uv":[5,3.5,5.5,4],"texture":"#0"},"south":{"uv":[5,3.5,5.5,4],"texture":"#0"},"west":{"uv":[5,3.5,5.5,4],"texture":"#0"},"up":{"uv":[5,3.5,5.5,4],"texture":"#0"},"down":{"uv":[5,3.5,5.5,4],"texture":"#0"}}},{"from":[2.06867,2.00189,1.90316],"to":[5.21546,9.27927,13.5416],"rotation":{"angle":45,"axis":"z","origin":[3.64206,5.64058,7.72238]},"faces":{"north":{"uv":[5,3.5,5.5,4],"texture":"#0"},"east":{"uv":[5,3.5,5.5,4],"texture":"#0"},"south":{"uv":[5,3.5,5.5,4],"texture":"#0"},"west":{"uv":[5,3.5,5.5,4],"texture":"#0"},"up":{"uv":[5,3.5,5.5,4],"texture":"#0"},"down":{"uv":[5,3.5,5.5,4],"texture":"#0"}}},{"from":[2.18078,2.00189,10.50692],"to":[13.81922,9.27927,13.65371],"rotation":{"angle":45,"axis":"x","origin":[8,5.64058,12.08032]},"faces":{"north":{"uv":[5,3.5,5.5,4],"texture":"#0"},"east":{"uv":[5,3.5,5.5,4],"texture":"#0"},"south":{"uv":[5,3.5,5.5,4],"texture":"#0"},"west":{"uv":[5,3.5,5.5,4],"texture":"#0"},"up":{"uv":[5,3.5,5.5,4],"texture":"#0"},"down":{"uv":[5,3.5,5.5,4],"texture":"#0"}}},{"from":[2.18268,6.99156,1.90506],"to":[13.81732,9.3239,13.5397],"rotation":{"angle":0,"axis":"z","origin":[8,8.15773,7.72238]},"faces":{"north":{"uv":[5,3.5,5.5,4],"texture":"#0"},"east":{"uv":[5,3.5,5.5,4],"texture":"#0"},"south":{"uv":[5,3.5,5.5,4],"texture":"#0"},"west":{"uv":[5,3.5,5.5,4],"texture":"#0"},"up":{"uv":[5,3.5,5.5,4],"texture":"#0"},"down":{"uv":[5,3.5,5.5,4],"texture":"#0"}}},{"from":[9.09286,-3.95321,-0.03269],"to":[12.15466,-2.68498,0.27349],"rotation":{"angle":45,"axis":"z","origin":[9,-1.69533,0.1204]},"faces":{"north":{"uv":[2,5,2.5,5.5],"texture":"#0"},"east":{"uv":[2,5,2.5,5.5],"texture":"#0"},"south":{"uv":[2,5,2.5,5.5],"texture":"#0"},"west":{"uv":[2,5,2.5,5.5],"texture":"#0"},"up":{"uv":[2,5,2.5,5.5],"texture":"#0"},"down":{"uv":[2,5,2.5,5.5],"texture":"#0"}}},{"from":[9.76545,-2.32945,-0.03269],"to":[12.82725,-1.06121,0.27349],"rotation":{"angle":0,"axis":"x","origin":[9,-1.69533,0.1204]},"faces":{"north":{"uv":[2,5,2.5,5.5],"texture":"#0"},"east":{"uv":[2,5,2.5,5.5],"texture":"#0"},"south":{"uv":[2,5,2.5,5.5],"texture":"#0"},"west":{"uv":[2,5,2.5,5.5],"texture":"#0"},"up":{"uv":[2,5,2.5,5.5],"texture":"#0"},"down":{"uv":[2,5,2.5,5.5],"texture":"#0"}}},{"from":[9.98965,-4.84999,-0.03269],"to":[11.25788,-1.78819,0.27349],"rotation":{"angle":45,"axis":"z","origin":[9,-1.69533,0.1204]},"faces":{"north":{"uv":[2,5,2.5,5.5],"texture":"#0"},"east":{"uv":[2,5,2.5,5.5],"texture":"#0"},"south":{"uv":[2,5,2.5,5.5],"texture":"#0"},"west":{"uv":[2,5,2.5,5.5],"texture":"#0"},"up":{"uv":[2,5,2.5,5.5],"texture":"#0"},"down":{"uv":[2,5,2.5,5.5],"texture":"#0"}}},{"from":[10.66223,-3.22623,-0.03269],"to":[11.93047,-0.16443,0.27349],"rotation":{"angle":0,"axis":"x","origin":[9,-1.69533,0.1204]},"faces":{"north":{"uv":[2,5,2.5,5.5],"texture":"#0"},"east":{"uv":[2,5,2.5,5.5],"texture":"#0"},"south":{"uv":[2,5,2.5,5.5],"texture":"#0"},"west":{"uv":[2,5,2.5,5.5],"texture":"#0"},"up":{"uv":[2,5,2.5,5.5],"texture":"#0"},"down":{"uv":[2,5,2.5,5.5],"texture":"#0"}}},{"from":[3.84534,-0.70568,-0.03269],"to":[6.90714,0.56255,0.27349],"rotation":{"angle":45,"axis":"z","origin":[7,-1.69533,0.1204]},"faces":{"north":{"uv":[2,5,2.5,5.5],"texture":"#0"},"east":{"uv":[2,5,2.5,5.5],"texture":"#0"},"south":{"uv":[2,5,2.5,5.5],"texture":"#0"},"west":{"uv":[2,5,2.5,5.5],"texture":"#0"},"up":{"uv":[2,5,2.5,5.5],"texture":"#0"},"down":{"uv":[2,5,2.5,5.5],"texture":"#0"}}},{"from":[3.17275,-2.32945,-0.03269],"to":[6.23455,-1.06121,0.27349],"rotation":{"angle":0,"axis":"y","origin":[7,-1.69533,0.1204]},"faces":{"north":{"uv":[2,5,2.5,5.5],"texture":"#0"},"east":{"uv":[2,5,2.5,5.5],"texture":"#0"},"south":{"uv":[2,5,2.5,5.5],"texture":"#0"},"west":{"uv":[2,5,2.5,5.5],"texture":"#0"},"up":{"uv":[2,5,2.5,5.5],"texture":"#0"},"down":{"uv":[2,5,2.5,5.5],"texture":"#0"}}},{"from":[4.74212,-1.60247,-0.03269],"to":[6.01035,1.45933,0.27349],"rotation":{"angle":45,"axis":"z","origin":[7,-1.69533,0.1204]},"faces":{"north":{"uv":[2,5,2.5,5.5],"texture":"#0"},"east":{"uv":[2,5,2.5,5.5],"texture":"#0"},"south":{"uv":[2,5,2.5,5.5],"texture":"#0"},"west":{"uv":[2,5,2.5,5.5],"texture":"#0"},"up":{"uv":[2,5,2.5,5.5],"texture":"#0"},"down":{"uv":[2,5,2.5,5.5],"texture":"#0"}}},{"from":[4.06953,-3.22623,-0.03269],"to":[5.33777,-0.16443,0.27349],"rotation":{"angle":0,"axis":"y","origin":[7,-1.69533,0.1204]},"faces":{"north":{"uv":[2,5,2.5,5.5],"texture":"#0"},"east":{"uv":[2,5,2.5,5.5],"texture":"#0"},"south":{"uv":[2,5,2.5,5.5],"texture":"#0"},"west":{"uv":[2,5,2.5,5.5],"texture":"#0"},"up":{"uv":[2,5,2.5,5.5],"texture":"#0"},"down":{"uv":[2,5,2.5,5.5],"texture":"#0"}}}],"display":{"thirdperson_righthand":{"rotation":[0,22.25,0],"translation":[0,1.75,-1],"scale":[0.5,0.5,0.5]},"thirdperson_lefthand":{"rotation":[0,22.25,0],"translation":[0,1.75,-1],"scale":[0.5,0.5,0.5]},"firstperson_righthand":{"rotation":[-27.25,13.75,0],"translation":[2.25,3.5,-2.5],"scale":[0.5,0.5,0.5]},"firstperson_lefthand":{"rotation":[-27.25,13.75,0],"translation":[2.25,3.5,-2.5],"scale":[0.5,0.5,0.5]},"ground":{"scale":[0.7,0.25,0.25]},"gui":{"rotation":[13.75,146.75,0],"translation":[0.25,5.25,0],"scale":[0.55,0.55,0.55]},"head":{"rotation":[1,0,0],"translation":[0,8.5,-0.4],"scale":[1.07,1.07,1.14]},"fixed":{"rotation":[0,90,0],"translation":[0,8.25,0]}},"groups":[{"name":"stahlhelm","origin":[0,0,0],"color":0,"children":[0,1,2,3,4,5,6,7,8,9,10,11,12,13,14,15,16,17,18,19,20,21,22,23,24,25,26,27,28,29,30,31,32,33,34,35,36,37,38]},{"name":"octagon","origin":[8,8,8],"color":0,"children":[39,40,41,42]},{"name":"octagon","origin":[8,8,8],"color":0,"children":[43,44,45,46]}]}