{"credit":"Made with Blockbench","texture_size":[64,64],"textures":{"0":"item/xeth_ww1_helmet","particle":"item/xeth_ww1_helmet"},"elements":[{"from":[0,12,0],"to":[1,18,14],"rotation":{"angle":0,"axis":"y","origin":[2.5,5.5,7.5]},"faces":{"north":{"uv":[0,7.5,1,8.5],"texture":"#0"},"east":{"uv":[0,7.5,1,8.5],"texture":"#0"},"south":{"uv":[0,7.5,1,8.5],"texture":"#0"},"west":{"uv":[0.2,7.75,1.2,8.75],"texture":"#0"},"up":{"uv":[0,7.5,1,8.5],"texture":"#0"},"down":{"uv":[0,7.5,1,8.5],"texture":"#0"}}},{"from":[3.5,18.5,2],"to":[12.5,21.5,12],"rotation":{"angle":0,"axis":"z","origin":[10.45161,19.42138,7.05]},"faces":{"north":{"uv":[0,7.5,1,8.5],"texture":"#0"},"east":{"uv":[0,7.5,1,8.5],"texture":"#0"},"south":{"uv":[0,7.5,1,8.5],"texture":"#0"},"west":{"uv":[0.2,7.75,1.2,8.75],"texture":"#0"},"up":{"uv":[0,7.5,1,8.5],"texture":"#0"},"down":{"uv":[0,7.5,1,8.5],"texture":"#0"}}},{"from":[1,17.5,0],"to":[15,19.75,14],"rotation":{"angle":0,"axis":"y","origin":[2.5,5.5,7.5]},"faces":{"north":{"uv":[0,7.5,1,8.5],"texture":"#0"},"east":{"uv":[0,7.5,1,8.5],"texture":"#0"},"south":{"uv":[0,7.5,1,8.5],"texture":"#0"},"west":{"uv":[0.2,7.75,1.2,8.75],"texture":"#0"},"up":{"uv":[0,7.5,1,8.5],"texture":"#0"},"down":{"uv":[0,7.5,1,8.5],"texture":"#0"}}},{"from":[15,12,0],"to":[16,18,14],"faces":{"north":{"uv":[0,7.5,1,8.5],"texture":"#0"},"east":{"uv":[0,7.5,1,8.5],"texture":"#0"},"south":{"uv":[0,7.5,1,8.5],"texture":"#0"},"west":{"uv":[0.2,7.75,1.2,8.75],"texture":"#0"},"up":{"uv":[0,7.5,1,8.5],"texture":"#0"},"down":{"uv":[0,7.5,1,8.5],"texture":"#0"}}},{"from":[1,12,14],"to":[15,18,15],"rotation":{"angle":0,"axis":"y","origin":[3.5,5.5,7.5]},"faces":{"north":{"uv":[0,7.5,1,8.5],"texture":"#0"},"east":{"uv":[0,7.5,1,8.5],"texture":"#0"},"south":{"uv":[0,7.5,1,8.5],"texture":"#0"},"west":{"uv":[0.2,7.75,1.2,8.75],"texture":"#0"},"up":{"uv":[0,7.5,1,8.5],"texture":"#0"},"down":{"uv":[0,7.5,1,8.5],"texture":"#0"}}},{"from":[0,12,14],"to":[16,16,16],"rotation":{"angle":0,"axis":"y","origin":[3.5,5.5,7.5]},"faces":{"north":{"uv":[0,7.5,1,8.5],"texture":"#0"},"east":{"uv":[0,7.5,1,8.5],"texture":"#0"},"south":{"uv":[0,7.5,1,8.5],"texture":"#0"},"west":{"uv":[0.2,7.75,1.2,8.75],"texture":"#0"},"up":{"uv":[0,7.5,1,8.5],"texture":"#0"},"down":{"uv":[0,7.5,1,8.5],"texture":"#0"}}},{"from":[1,13,-1],"to":[15,18,0],"rotation":{"angle":0,"axis":"y","origin":[3.5,5.5,7.5]},"faces":{"north":{"uv":[0,7.5,1,8.5],"texture":"#0"},"east":{"uv":[0,7.5,1,8.5],"texture":"#0"},"south":{"uv":[0,7.5,1,8.5],"texture":"#0"},"west":{"uv":[0.2,7.75,1.2,8.75],"texture":"#0"},"up":{"uv":[0,7.5,1,8.5],"texture":"#0"},"down":{"uv":[0,7.5,1,8.5],"texture":"#0"}}},{"from":[5.87055,14.44207,-1.25],"to":[15.44555,18.44207,0.75],"rotation":{"angle":-22.5,"axis":"z","origin":[8.69555,13.44207,1.25]},"faces":{"north":{"uv":[0,7.5,1,8.5],"texture":"#0"},"east":{"uv":[0,7.5,1,8.5],"texture":"#0"},"south":{"uv":[0,7.5,1,8.5],"texture":"#0"},"west":{"uv":[0.2,7.75,1.2,8.75],"texture":"#0"},"up":{"uv":[0,7.5,1,8.5],"texture":"#0"},"down":{"uv":[0,7.5,1,8.5],"texture":"#0"}}},{"from":[0.55445,14.44207,-1.255],"to":[10.12945,18.44207,0.745],"rotation":{"angle":22.5,"axis":"z","origin":[7.30445,13.44207,1.25]},"faces":{"north":{"uv":[0,7.5,1,8.5],"texture":"#0"},"east":{"uv":[0,7.5,1,8.5],"texture":"#0"},"south":{"uv":[0,7.5,1,8.5],"texture":"#0"},"west":{"uv":[0.2,7.75,1.2,8.75],"texture":"#0"},"up":{"uv":[0,7.5,1,8.5],"texture":"#0"},"down":{"uv":[0,7.5,1,8.5],"texture":"#0"}}},{"from":[-0.5,8,13.5],"to":[16.5,12,16.5],"faces":{"north":{"uv":[0,7.5,1,8.5],"texture":"#0"},"east":{"uv":[0,7.5,1,8.5],"texture":"#0"},"south":{"uv":[0,7.5,1,8.5],"texture":"#0"},"west":{"uv":[0.2,7.75,1.2,8.75],"texture":"#0"},"up":{"uv":[0,7.5,1,8.5],"texture":"#0"},"down":{"uv":[0,7.5,1,8.5],"texture":"#0"}}},{"from":[-1,11,-0.5],"to":[1,15,15],"rotation":{"angle":22.5,"axis":"x","origin":[8,13.5,7]},"faces":{"north":{"uv":[0,7.5,1,8.5],"texture":"#0"},"east":{"uv":[0,7.5,1,8.5],"texture":"#0"},"south":{"uv":[0,7.5,1,8.5],"texture":"#0"},"west":{"uv":[0.2,7.75,1.2,8.75],"texture":"#0"},"up":{"uv":[0,7.5,1,8.5],"texture":"#0"},"down":{"uv":[0,7.5,1,8.5],"texture":"#0"}}},{"from":[15,11,-0.75],"to":[17,15,15.25],"rotation":{"angle":22.5,"axis":"x","origin":[8,13.5,7]},"faces":{"north":{"uv":[0,7.5,1,8.5],"texture":"#0"},"east":{"uv":[0,7.5,1,8.5],"texture":"#0"},"south":{"uv":[0,7.5,1,8.5],"texture":"#0"},"west":{"uv":[0.2,7.75,1.2,8.75],"texture":"#0"},"up":{"uv":[0,7.5,1,8.5],"texture":"#0"},"down":{"uv":[0,7.5,1,8.5],"texture":"#0"}}}],"display":{"thirdperson_righthand":{"rotation":[22.75,-29.75,0],"translation":[0.5,-0.75,-3],"scale":[0.5,0.5,0.5]},"thirdperson_lefthand":{"rotation":[22.75,-29.75,0],"translation":[0.5,-0.75,-3],"scale":[0.5,0.5,0.5]},"firstperson_righthand":{"rotation":[-22.5,90,0],"translation":[7.75,-7.5,-10.5],"scale":[0.7,0.7,0.7]},"firstperson_lefthand":{"rotation":[-22.5,90,0],"translation":[7.75,-7.5,-10.5],"scale":[0.7,0.7,0.7]},"ground":{"rotation":[21,-84.5,25.5],"scale":[0.6,0.6,0.6]},"gui":{"rotation":[13.75,146.75,0],"translation":[0,-4.25,0],"scale":[0.6,0.6,0.6]},"head":{"translation":[0,-2.5,1],"scale":[0.96,0.98,1.03]},"fixed":{"rotation":[0,-90,0],"translation":[0,-8.5,-4.25],"scale":[1.3,1.3,1.3]}}}