{"credit":"made by xeth","textures":{"0":"item/xeth_ww1_maxim_gun"},"elements":[{"from":[7.64547,7.28111,-16],"to":[8.35453,7.53788,-9.77554],"rotation":{"angle":0,"axis":"z","origin":[8,7.4095,-12.88777]},"faces":{"north":{"uv":[4,1,5,2],"texture":"#0"},"east":{"uv":[4,1,5,2],"texture":"#0"},"south":{"uv":[4,1,5,2],"texture":"#0"},"west":{"uv":[4,1,5,2],"texture":"#0"},"up":{"uv":[4,1,5,2],"texture":"#0"},"down":{"uv":[4,1,5,2],"texture":"#0"}}},{"from":[7.13103,7.06802,-16],"to":[7.84009,7.3248,-9.77554],"rotation":{"angle":45,"axis":"z","origin":[7.48556,7.19641,-12.88777]},"faces":{"north":{"uv":[4,1,5,2],"texture":"#0"},"east":{"uv":[4,1,5,2],"texture":"#0"},"south":{"uv":[4,1,5,2],"texture":"#0"},"west":{"uv":[4,1,5,2],"texture":"#0"},"up":{"uv":[4,1,5,2],"texture":"#0"},"down":{"uv":[4,1,5,2],"texture":"#0"}}},{"from":[7.14409,6.32745,-16],"to":[7.40086,7.0365,-9.77554],"rotation":{"angle":0,"axis":"z","origin":[7.27248,6.68197,-12.88777]},"faces":{"north":{"uv":[4,1,5,2],"texture":"#0"},"east":{"uv":[4,1,5,2],"texture":"#0"},"south":{"uv":[4,1,5,2],"texture":"#0"},"west":{"uv":[4,1,5,2],"texture":"#0"},"up":{"uv":[4,1,5,2],"texture":"#0"},"down":{"uv":[4,1,5,2],"texture":"#0"}}},{"from":[7.35718,5.81301,-16],"to":[7.61395,6.52207,-9.77554],"rotation":{"angle":45,"axis":"z","origin":[7.48556,6.16754,-12.88777]},"faces":{"north":{"uv":[4,1,5,2],"texture":"#0"},"east":{"uv":[4,1,5,2],"texture":"#0"},"south":{"uv":[4,1,5,2],"texture":"#0"},"west":{"uv":[4,1,5,2],"texture":"#0"},"up":{"uv":[4,1,5,2],"texture":"#0"},"down":{"uv":[4,1,5,2],"texture":"#0"}}},{"from":[7.64547,5.82607,-16],"to":[8.35453,6.08284,-9.77554],"rotation":{"angle":0,"axis":"z","origin":[8,5.95445,-12.88777]},"faces":{"north":{"uv":[4,1,5,2],"texture":"#0"},"east":{"uv":[4,1,5,2],"texture":"#0"},"south":{"uv":[4,1,5,2],"texture":"#0"},"west":{"uv":[4,1,5,2],"texture":"#0"},"up":{"uv":[4,1,5,2],"texture":"#0"},"down":{"uv":[4,1,5,2],"texture":"#0"}}},{"from":[8.38605,5.81301,-16],"to":[8.64282,6.52207,-9.77554],"rotation":{"angle":-45,"axis":"z","origin":[8.51444,6.16754,-12.88777]},"faces":{"north":{"uv":[4,1,5,2],"texture":"#0"},"east":{"uv":[4,1,5,2],"texture":"#0"},"south":{"uv":[4,1,5,2],"texture":"#0"},"west":{"uv":[4,1,5,2],"texture":"#0"},"up":{"uv":[4,1,5,2],"texture":"#0"},"down":{"uv":[4,1,5,2],"texture":"#0"}}},{"from":[8.59914,6.32745,-16],"to":[8.85591,7.0365,-9.77554],"rotation":{"angle":0,"axis":"z","origin":[8.72752,6.68197,-12.88777]},"faces":{"north":{"uv":[4,1,5,2],"texture":"#0"},"east":{"uv":[4,1,5,2],"texture":"#0"},"south":{"uv":[4,1,5,2],"texture":"#0"},"west":{"uv":[4,1,5,2],"texture":"#0"},"up":{"uv":[4,1,5,2],"texture":"#0"},"down":{"uv":[4,1,5,2],"texture":"#0"}}},{"from":[8.15991,7.06802,-16],"to":[8.86897,7.3248,-9.77554],"rotation":{"angle":-45,"axis":"z","origin":[8.51444,7.19641,-12.88777]},"faces":{"north":{"uv":[4,1,5,2],"texture":"#0"},"east":{"uv":[4,1,5,2],"texture":"#0"},"south":{"uv":[4,1,5,2],"texture":"#0"},"west":{"uv":[4,1,5,2],"texture":"#0"},"up":{"uv":[4,1,5,2],"texture":"#0"},"down":{"uv":[4,1,5,2],"texture":"#0"}}},{"from":[7.41215,11.06673,17.69953],"to":[8.58785,11.25682,23.89466],"rotation":{"angle":0,"axis":"z","origin":[8,11.16177,20.79709]},"faces":{"north":{"uv":[7,4,8,5],"texture":"#0"},"east":{"uv":[7,4,8,5],"texture":"#0"},"south":{"uv":[7,4,8,5],"texture":"#0"},"west":{"uv":[7,4,8,5],"texture":"#0"},"up":{"uv":[7,4,8,5],"texture":"#0"},"down":{"uv":[7,4,8,5],"texture":"#0"}}},{"from":[7.74277,10.31286,17.84901],"to":[8.25723,11.18961,23.74517],"rotation":{"angle":0,"axis":"z","origin":[8,10.75124,20.79709]},"faces":{"north":{"uv":[7,4,8,5],"texture":"#0"},"east":{"uv":[7,4,8,5],"texture":"#0"},"south":{"uv":[7,4,8,5],"texture":"#0"},"west":{"uv":[7,4,8,5],"texture":"#0"},"up":{"uv":[7,4,8,5],"texture":"#0"},"down":{"uv":[7,4,8,5],"texture":"#0"}}},{"from":[7.74277,10.1337,23.34529],"to":[8.25723,11.01045,24.3705],"rotation":{"angle":45,"axis":"x","origin":[8,10.57208,23.85789]},"faces":{"north":{"uv":[7,4,8,5],"texture":"#0"},"east":{"uv":[7,4,8,5],"texture":"#0"},"south":{"uv":[7,4,8,5],"texture":"#0"},"west":{"uv":[7,4,8,5],"texture":"#0"},"up":{"uv":[7,4,8,5],"texture":"#0"},"down":{"uv":[7,4,8,5],"texture":"#0"}}},{"from":[7.30665,10.95764,19.85203],"to":[8.69335,11.46328,20.39107],"rotation":{"angle":0,"axis":"z","origin":[8,11.21046,20.12155]},"faces":{"north":{"uv":[7,4,8,5],"texture":"#0"},"east":{"uv":[7,4,8,5],"texture":"#0"},"south":{"uv":[7,4,8,5],"texture":"#0"},"west":{"uv":[7,4,8,5],"texture":"#0"},"up":{"uv":[7,4,8,5],"texture":"#0"},"down":{"uv":[7,4,8,5],"texture":"#0"}}},{"from":[7.30665,10.95764,19.35038],"to":[8.69335,11.34184,19.85202],"rotation":{"angle":0,"axis":"z","origin":[8,11.14974,19.6012]},"faces":{"north":{"uv":[7,4,8,5],"texture":"#0"},"east":{"uv":[7,4,8,5],"texture":"#0"},"south":{"uv":[7,4,8,5],"texture":"#0"},"west":{"uv":[7,4,8,5],"texture":"#0"},"up":{"uv":[7,4,8,5],"texture":"#0"},"down":{"uv":[7,4,8,5],"texture":"#0"}}},{"from":[7.22081,10.95764,19.35038],"to":[7.30665,11.81189,19.85202],"rotation":{"angle":0,"axis":"z","origin":[7.26373,11.38476,19.6012]},"faces":{"north":{"uv":[7,4,8,5],"texture":"#0"},"east":{"uv":[7,4,8,5],"texture":"#0"},"south":{"uv":[7,4,8,5],"texture":"#0"},"west":{"uv":[7,4,8,5],"texture":"#0"},"up":{"uv":[7,4,8,5],"texture":"#0"},"down":{"uv":[7,4,8,5],"texture":"#0"}}},{"from":[6.70974,11.72605,19.35038],"to":[7.22081,11.81189,19.85202],"rotation":{"angle":0,"axis":"z","origin":[6.96528,11.76897,19.6012]},"faces":{"north":{"uv":[7,4,8,5],"texture":"#0"},"east":{"uv":[7,4,8,5],"texture":"#0"},"south":{"uv":[7,4,8,5],"texture":"#0"},"west":{"uv":[7,4,8,5],"texture":"#0"},"up":{"uv":[7,4,8,5],"texture":"#0"},"down":{"uv":[7,4,8,5],"texture":"#0"}}},{"from":[9.52764,9.4025,25.91659],"to":[10.05508,9.72634,30.95766],"rotation":{"angle":22.5,"axis":"y","origin":[9.79136,9.56442,28.43712]},"faces":{"north":{"uv":[7,4,8,5],"texture":"#0"},"east":{"uv":[7,4,8,5],"texture":"#0"},"south":{"uv":[7,4,8,5],"texture":"#0"},"west":{"uv":[7,4,8,5],"texture":"#0"},"up":{"uv":[7,4,8,5],"texture":"#0"},"down":{"uv":[7,4,8,5],"texture":"#0"}}},{"from":[9.52764,3.95493,25.91659],"to":[10.05508,4.27877,30.95766],"rotation":{"angle":22.5,"axis":"y","origin":[9.79136,4.11685,28.43712]},"faces":{"north":{"uv":[7,4,8,5],"texture":"#0"},"east":{"uv":[7,4,8,5],"texture":"#0"},"south":{"uv":[7,4,8,5],"texture":"#0"},"west":{"uv":[7,4,8,5],"texture":"#0"},"up":{"uv":[7,4,8,5],"texture":"#0"},"down":{"uv":[7,4,8,5],"texture":"#0"}}},{"from":[5.94492,9.4025,25.91659],"to":[6.47236,9.72634,30.95766],"rotation":{"angle":-22.5,"axis":"y","origin":[6.20864,9.56442,28.43712]},"faces":{"north":{"uv":[7,4,8,5],"texture":"#0"},"east":{"uv":[7,4,8,5],"texture":"#0"},"south":{"uv":[7,4,8,5],"texture":"#0"},"west":{"uv":[7,4,8,5],"texture":"#0"},"up":{"uv":[7,4,8,5],"texture":"#0"},"down":{"uv":[7,4,8,5],"texture":"#0"}}},{"from":[5.94492,3.95493,25.91659],"to":[6.47236,4.27877,30.95766],"rotation":{"angle":-22.5,"axis":"y","origin":[6.20864,4.11685,28.43712]},"faces":{"north":{"uv":[7,4,8,5],"texture":"#0"},"east":{"uv":[7,4,8,5],"texture":"#0"},"south":{"uv":[7,4,8,5],"texture":"#0"},"west":{"uv":[7,4,8,5],"texture":"#0"},"up":{"uv":[7,4,8,5],"texture":"#0"},"down":{"uv":[7,4,8,5],"texture":"#0"}}},{"from":[9.85607,9.30911,29.88258],"to":[11.68516,9.81973,31.71995],"rotation":{"angle":22.5,"axis":"y","origin":[10.77062,9.56442,30.80126]},"faces":{"north":{"uv":[7,4,8,5],"texture":"#0"},"east":{"uv":[7,4,8,5],"texture":"#0"},"south":{"uv":[7,4,8,5],"texture":"#0"},"west":{"uv":[7,4,8,5],"texture":"#0"},"up":{"uv":[7,4,8,5],"texture":"#0"},"down":{"uv":[7,4,8,5],"texture":"#0"}}},{"from":[9.85607,3.86154,29.88258],"to":[11.68516,4.37216,31.71995],"rotation":{"angle":22.5,"axis":"y","origin":[10.77062,4.11685,30.80126]},"faces":{"north":{"uv":[7,4,8,5],"texture":"#0"},"east":{"uv":[7,4,8,5],"texture":"#0"},"south":{"uv":[7,4,8,5],"texture":"#0"},"west":{"uv":[7,4,8,5],"texture":"#0"},"up":{"uv":[7,4,8,5],"texture":"#0"},"down":{"uv":[7,4,8,5],"texture":"#0"}}},{"from":[4.31484,9.30911,29.88258],"to":[6.14393,9.81973,31.71995],"rotation":{"angle":-22.5,"axis":"y","origin":[5.22938,9.56442,30.80126]},"faces":{"north":{"uv":[7,4,8,5],"texture":"#0"},"east":{"uv":[7,4,8,5],"texture":"#0"},"south":{"uv":[7,4,8,5],"texture":"#0"},"west":{"uv":[7,4,8,5],"texture":"#0"},"up":{"uv":[7,4,8,5],"texture":"#0"},"down":{"uv":[7,4,8,5],"texture":"#0"}}},{"from":[4.31484,3.86154,29.88258],"to":[6.14393,4.37216,31.71995],"rotation":{"angle":-22.5,"axis":"y","origin":[5.22938,4.11685,30.80126]},"faces":{"north":{"uv":[7,4,8,5],"texture":"#0"},"east":{"uv":[7,4,8,5],"texture":"#0"},"south":{"uv":[7,4,8,5],"texture":"#0"},"west":{"uv":[7,4,8,5],"texture":"#0"},"up":{"uv":[7,4,8,5],"texture":"#0"},"down":{"uv":[7,4,8,5],"texture":"#0"}}},{"from":[6.8448,3.69708,16.34595],"to":[9.1552,9.71665,27.83406],"rotation":{"angle":0,"axis":"z","origin":[8,6.70686,22.09]},"faces":{"north":{"uv":[7,4,8,5],"texture":"#0"},"east":{"uv":[7,4,8,5],"texture":"#0"},"south":{"uv":[7,4,8,5],"texture":"#0"},"west":{"uv":[7,4,8,5],"texture":"#0"},"up":{"uv":[7,4,8,5],"texture":"#0"},"down":{"uv":[7,4,8,5],"texture":"#0"}}},{"from":[6.66464,9.71665,15.33891],"to":[9.33536,10.62922,27.92098],"rotation":{"angle":0,"axis":"z","origin":[8,10.17293,21.62995]},"faces":{"north":{"uv":[7,4,8,5],"texture":"#0"},"east":{"uv":[7,4,8,5],"texture":"#0"},"south":{"uv":[7,4,8,5],"texture":"#0"},"west":{"uv":[7,4,8,5],"texture":"#0"},"up":{"uv":[7,4,8,5],"texture":"#0"},"down":{"uv":[7,4,8,5],"texture":"#0"}}},{"from":[6.77144,3.55488,10.30302],"to":[9.22856,3.86259,27.92098],"rotation":{"angle":0,"axis":"z","origin":[8,3.70873,19.112]},"faces":{"north":{"uv":[7,4,8,5],"texture":"#0"},"east":{"uv":[7,4,8,5],"texture":"#0"},"south":{"uv":[7,4,8,5],"texture":"#0"},"west":{"uv":[7,4,8,5],"texture":"#0"},"up":{"uv":[7,4,8,5],"texture":"#0"},"down":{"uv":[7,4,8,5],"texture":"#0"}}},{"from":[6.8448,3.69708,12.74175],"to":[9.1552,8.38842,16.34595],"rotation":{"angle":0,"axis":"z","origin":[8,6.04275,14.54385]},"faces":{"north":{"uv":[7,4,8,5],"texture":"#0"},"east":{"uv":[7,4,8,5],"texture":"#0"},"south":{"uv":[7,4,8,5],"texture":"#0"},"west":{"uv":[7,4,8,5],"texture":"#0"},"up":{"uv":[7,4,8,5],"texture":"#0"},"down":{"uv":[7,4,8,5],"texture":"#0"}}},{"from":[6.8448,3.69708,10.46305],"to":[9.1552,9.71665,12.74175],"rotation":{"angle":0,"axis":"z","origin":[8,6.70686,11.6024]},"faces":{"north":{"uv":[7,4,8,5],"texture":"#0"},"east":{"uv":[7,4,8,5],"texture":"#0"},"south":{"uv":[7,4,8,5],"texture":"#0"},"west":{"uv":[7,4,8,5],"texture":"#0"},"up":{"uv":[7,4,8,5],"texture":"#0"},"down":{"uv":[7,4,8,5],"texture":"#0"}}},{"from":[9.12145,6.53062,24.05288],"to":[9.28032,8.89938,27.68808],"rotation":{"angle":0,"axis":"z","origin":[9.20089,7.715,25.87048]},"faces":{"north":{"uv":[7,4,8,5],"texture":"#0"},"east":{"uv":[7,4,8,5],"texture":"#0"},"south":{"uv":[7,4,8,5],"texture":"#0"},"west":{"uv":[7,4,8,5],"texture":"#0"},"up":{"uv":[7,4,8,5],"texture":"#0"},"down":{"uv":[7,4,8,5],"texture":"#0"}}},{"from":[6.66464,9.71665,9.60625],"to":[9.33536,10.62922,13.61791],"rotation":{"angle":0,"axis":"z","origin":[8,10.17293,11.61208]},"faces":{"north":{"uv":[7,4,8,5],"texture":"#0"},"east":{"uv":[7,4,8,5],"texture":"#0"},"south":{"uv":[7,4,8,5],"texture":"#0"},"west":{"uv":[7,4,8,5],"texture":"#0"},"up":{"uv":[7,4,8,5],"texture":"#0"},"down":{"uv":[7,4,8,5],"texture":"#0"}}},{"from":[6.66464,9.83397,13.61791],"to":[9.33536,10.62922,15.33891],"rotation":{"angle":0,"axis":"z","origin":[8,10.2316,14.47841]},"faces":{"north":{"uv":[7,4,8,5],"texture":"#0"},"east":{"uv":[7,4,8,5],"texture":"#0"},"south":{"uv":[7,4,8,5],"texture":"#0"},"west":{"uv":[7,4,8,5],"texture":"#0"},"up":{"uv":[7,4,8,5],"texture":"#0"},"down":{"uv":[7,4,8,5],"texture":"#0"}}},{"from":[7.52414,5.15991,27.75596],"to":[8.47586,9.37418,28.07839],"rotation":{"angle":22.5,"axis":"x","origin":[8,7.26705,27.91718]},"faces":{"north":{"uv":[7,4,8,5],"texture":"#0"},"east":{"uv":[7,4,8,5],"texture":"#0"},"south":{"uv":[7,4,8,5],"texture":"#0"},"west":{"uv":[7,4,8,5],"texture":"#0"},"up":{"uv":[7,4,8,5],"texture":"#0"},"down":{"uv":[7,4,8,5],"texture":"#0"}}},{"from":[7.29251,9.08608,27.94608],"to":[8.70749,9.35209,29.22781],"rotation":{"angle":0,"axis":"z","origin":[8,9.21909,28.58695]},"faces":{"north":{"uv":[7,4,8,5],"texture":"#0"},"east":{"uv":[7,4,8,5],"texture":"#0"},"south":{"uv":[7,4,8,5],"texture":"#0"},"west":{"uv":[7,4,8,5],"texture":"#0"},"up":{"uv":[7,4,8,5],"texture":"#0"},"down":{"uv":[7,4,8,5],"texture":"#0"}}},{"from":[7.52414,8.51784,27.68226],"to":[8.47586,10.35409,28.00469],"rotation":{"angle":-45,"axis":"x","origin":[8,9.43597,27.84348]},"faces":{"north":{"uv":[7,4,8,5],"texture":"#0"},"east":{"uv":[7,4,8,5],"texture":"#0"},"south":{"uv":[7,4,8,5],"texture":"#0"},"west":{"uv":[7,4,8,5],"texture":"#0"},"up":{"uv":[7,4,8,5],"texture":"#0"},"down":{"uv":[7,4,8,5],"texture":"#0"}}},{"from":[4.70026,7.48673,-11.09694],"to":[11.29974,8.79945,10.48785],"rotation":{"angle":0,"axis":"z","origin":[8,8.14309,-0.30454]},"faces":{"north":{"uv":[4,1,5,2],"texture":"#0"},"east":{"uv":[4,1,5,2],"texture":"#0"},"south":{"uv":[4,1,5,2],"texture":"#0"},"west":{"uv":[4,1,5,2],"texture":"#0"},"up":{"uv":[4,1,5,2],"texture":"#0"},"down":{"uv":[4,1,5,2],"texture":"#0"}}},{"from":[4.70026,7.48673,-11.09694],"to":[11.29974,8.79945,10.48785],"rotation":{"angle":-22.5,"axis":"z","origin":[8,8.14309,-0.30454]},"faces":{"north":{"uv":[4,1,5,2],"texture":"#0"},"east":{"uv":[4,1,5,2],"texture":"#0"},"south":{"uv":[4,1,5,2],"texture":"#0"},"west":{"uv":[4,1,5,2],"texture":"#0"},"up":{"uv":[4,1,5,2],"texture":"#0"},"down":{"uv":[4,1,5,2],"texture":"#0"}}},{"from":[4.70026,7.48673,-11.09694],"to":[11.29974,8.79945,10.48785],"rotation":{"angle":-45,"axis":"z","origin":[8,8.14309,-0.30454]},"faces":{"north":{"uv":[4,1,5,2],"texture":"#0"},"east":{"uv":[4,1,5,2],"texture":"#0"},"south":{"uv":[4,1,5,2],"texture":"#0"},"west":{"uv":[4,1,5,2],"texture":"#0"},"up":{"uv":[4,1,5,2],"texture":"#0"},"down":{"uv":[4,1,5,2],"texture":"#0"}}},{"from":[7.34364,4.84335,-11.09694],"to":[8.65636,11.44283,10.48785],"rotation":{"angle":22.5,"axis":"z","origin":[8,8.14309,-0.30454]},"faces":{"north":{"uv":[4,1,5,2],"texture":"#0"},"east":{"uv":[4,1,5,2],"texture":"#0"},"south":{"uv":[4,1,5,2],"texture":"#0"},"west":{"uv":[4,1,5,2],"texture":"#0"},"up":{"uv":[4,1,5,2],"texture":"#0"},"down":{"uv":[4,1,5,2],"texture":"#0"}}},{"from":[7.34364,4.84335,-11.09694],"to":[8.65636,11.44283,10.48785],"rotation":{"angle":0,"axis":"z","origin":[8,8.14309,-0.30454]},"faces":{"north":{"uv":[4,1,5,2],"texture":"#0"},"east":{"uv":[4,1,5,2],"texture":"#0"},"south":{"uv":[4,1,5,2],"texture":"#0"},"west":{"uv":[4,1,5,2],"texture":"#0"},"up":{"uv":[4,1,5,2],"texture":"#0"},"down":{"uv":[4,1,5,2],"texture":"#0"}}},{"from":[7.34364,4.84335,-11.09694],"to":[8.65636,11.44283,10.48785],"rotation":{"angle":-22.5,"axis":"z","origin":[8,8.14309,-0.30454]},"faces":{"north":{"uv":[4,1,5,2],"texture":"#0"},"east":{"uv":[4,1,5,2],"texture":"#0"},"south":{"uv":[4,1,5,2],"texture":"#0"},"west":{"uv":[4,1,5,2],"texture":"#0"},"up":{"uv":[4,1,5,2],"texture":"#0"},"down":{"uv":[4,1,5,2],"texture":"#0"}}},{"from":[7.34364,4.84335,-11.09694],"to":[8.65636,11.44283,10.48785],"rotation":{"angle":-45,"axis":"z","origin":[8,8.14309,-0.30454]},"faces":{"north":{"uv":[4,1,5,2],"texture":"#0"},"east":{"uv":[4,1,5,2],"texture":"#0"},"south":{"uv":[4,1,5,2],"texture":"#0"},"west":{"uv":[4,1,5,2],"texture":"#0"},"up":{"uv":[4,1,5,2],"texture":"#0"},"down":{"uv":[4,1,5,2],"texture":"#0"}}},{"from":[4.70026,7.48673,-11.09694],"to":[11.29974,8.79945,10.48785],"rotation":{"angle":22.5,"axis":"z","origin":[8,8.14309,-0.30454]},"faces":{"north":{"uv":[4,1,5,2],"texture":"#0"},"east":{"uv":[4,1,5,2],"texture":"#0"},"south":{"uv":[4,1,5,2],"texture":"#0"},"west":{"uv":[4,1,5,2],"texture":"#0"},"up":{"uv":[4,1,5,2],"texture":"#0"},"down":{"uv":[4,1,5,2],"texture":"#0"}}},{"from":[4.42071,7.43112,-12.04944],"to":[11.57929,8.85506,-10.01061],"rotation":{"angle":0,"axis":"z","origin":[8,8.14309,-11.03002]},"faces":{"north":{"uv":[4,1,5,2],"texture":"#0"},"east":{"uv":[4,1,5,2],"texture":"#0"},"south":{"uv":[4,1,5,2],"texture":"#0"},"west":{"uv":[4,1,5,2],"texture":"#0"},"up":{"uv":[4,1,5,2],"texture":"#0"},"down":{"uv":[4,1,5,2],"texture":"#0"}}},{"from":[4.42071,7.43112,-12.04944],"to":[11.57929,8.85506,-10.01061],"rotation":{"angle":-22.5,"axis":"z","origin":[8,8.14309,-11.03002]},"faces":{"north":{"uv":[4,1,5,2],"texture":"#0"},"east":{"uv":[4,1,5,2],"texture":"#0"},"south":{"uv":[4,1,5,2],"texture":"#0"},"west":{"uv":[4,1,5,2],"texture":"#0"},"up":{"uv":[4,1,5,2],"texture":"#0"},"down":{"uv":[4,1,5,2],"texture":"#0"}}},{"from":[4.42071,7.43112,-12.04944],"to":[11.57929,8.85506,-10.01061],"rotation":{"angle":-45,"axis":"z","origin":[8,8.14309,-11.03002]},"faces":{"north":{"uv":[4,1,5,2],"texture":"#0"},"east":{"uv":[4,1,5,2],"texture":"#0"},"south":{"uv":[4,1,5,2],"texture":"#0"},"west":{"uv":[4,1,5,2],"texture":"#0"},"up":{"uv":[4,1,5,2],"texture":"#0"},"down":{"uv":[4,1,5,2],"texture":"#0"}}},{"from":[7.28803,4.5638,-12.04944],"to":[8.71196,11.72238,-10.01061],"rotation":{"angle":22.5,"axis":"z","origin":[8,8.14309,-11.03002]},"faces":{"north":{"uv":[4,1,5,2],"texture":"#0"},"east":{"uv":[4,1,5,2],"texture":"#0"},"south":{"uv":[4,1,5,2],"texture":"#0"},"west":{"uv":[4,1,5,2],"texture":"#0"},"up":{"uv":[4,1,5,2],"texture":"#0"},"down":{"uv":[4,1,5,2],"texture":"#0"}}},{"from":[7.28803,4.5638,-12.04944],"to":[8.71196,11.72238,-10.01061],"rotation":{"angle":0,"axis":"z","origin":[8,8.14309,-11.03002]},"faces":{"north":{"uv":[4,1,5,2],"texture":"#0"},"east":{"uv":[4,1,5,2],"texture":"#0"},"south":{"uv":[4,1,5,2],"texture":"#0"},"west":{"uv":[4,1,5,2],"texture":"#0"},"up":{"uv":[4,1,5,2],"texture":"#0"},"down":{"uv":[4,1,5,2],"texture":"#0"}}},{"from":[7.28803,4.5638,-12.04944],"to":[8.71196,11.72238,-10.01061],"rotation":{"angle":-22.5,"axis":"z","origin":[8,8.14309,-11.03002]},"faces":{"north":{"uv":[4,1,5,2],"texture":"#0"},"east":{"uv":[4,1,5,2],"texture":"#0"},"south":{"uv":[4,1,5,2],"texture":"#0"},"west":{"uv":[4,1,5,2],"texture":"#0"},"up":{"uv":[4,1,5,2],"texture":"#0"},"down":{"uv":[4,1,5,2],"texture":"#0"}}},{"from":[7.28803,4.5638,-12.04944],"to":[8.71196,11.72238,-10.01061],"rotation":{"angle":-45,"axis":"z","origin":[8,8.14309,-11.03002]},"faces":{"north":{"uv":[4,1,5,2],"texture":"#0"},"east":{"uv":[4,1,5,2],"texture":"#0"},"south":{"uv":[4,1,5,2],"texture":"#0"},"west":{"uv":[4,1,5,2],"texture":"#0"},"up":{"uv":[4,1,5,2],"texture":"#0"},"down":{"uv":[4,1,5,2],"texture":"#0"}}},{"from":[4.42071,7.43112,-12.04944],"to":[11.57929,8.85506,-10.01061],"rotation":{"angle":22.5,"axis":"z","origin":[8,8.14309,-11.03002]},"faces":{"north":{"uv":[4,1,5,2],"texture":"#0"},"east":{"uv":[4,1,5,2],"texture":"#0"},"south":{"uv":[4,1,5,2],"texture":"#0"},"west":{"uv":[4,1,5,2],"texture":"#0"},"up":{"uv":[4,1,5,2],"texture":"#0"},"down":{"uv":[4,1,5,2],"texture":"#0"}}},{"from":[6.25591,10.02363,-11.61085],"to":[7.08752,11.81723,-10.60079],"rotation":{"angle":22.5,"axis":"z","origin":[6.67171,10.92043,-11.10582]},"faces":{"north":{"uv":[4,1,5,2],"texture":"#0"},"east":{"uv":[4,1,5,2],"texture":"#0"},"south":{"uv":[4,1,5,2],"texture":"#0"},"west":{"uv":[4,1,5,2],"texture":"#0"},"up":{"uv":[4,1,5,2],"texture":"#0"},"down":{"uv":[4,1,5,2],"texture":"#0"}}},{"from":[5.88106,11.20041,-11.61085],"to":[6.71267,12.32292,-10.60079],"rotation":{"angle":0,"axis":"z","origin":[6.29687,11.76167,-11.10582]},"faces":{"north":{"uv":[4,1,5,2],"texture":"#0"},"east":{"uv":[4,1,5,2],"texture":"#0"},"south":{"uv":[4,1,5,2],"texture":"#0"},"west":{"uv":[4,1,5,2],"texture":"#0"},"up":{"uv":[4,1,5,2],"texture":"#0"},"down":{"uv":[4,1,5,2],"texture":"#0"}}},{"from":[5.50622,10.02363,-11.61085],"to":[6.33783,11.81723,-10.60079],"rotation":{"angle":-22.5,"axis":"z","origin":[5.92203,10.92043,-11.10582]},"faces":{"north":{"uv":[4,1,5,2],"texture":"#0"},"east":{"uv":[4,1,5,2],"texture":"#0"},"south":{"uv":[4,1,5,2],"texture":"#0"},"west":{"uv":[4,1,5,2],"texture":"#0"},"up":{"uv":[4,1,5,2],"texture":"#0"},"down":{"uv":[4,1,5,2],"texture":"#0"}}},{"from":[6.04391,12.23258,-11.41307],"to":[6.54983,12.44512,-10.79858],"rotation":{"angle":0,"axis":"z","origin":[6.29687,12.33885,-11.10582]},"faces":{"north":{"uv":[4,1,5,2],"texture":"#0"},"east":{"uv":[4,1,5,2],"texture":"#0"},"south":{"uv":[4,1,5,2],"texture":"#0"},"west":{"uv":[4,1,5,2],"texture":"#0"},"up":{"uv":[4,1,5,2],"texture":"#0"},"down":{"uv":[4,1,5,2],"texture":"#0"}}},{"from":[7.75984,9.94882,-12.33566],"to":[8.24016,11.1084,-11.85407],"rotation":{"angle":0,"axis":"z","origin":[8,10.52861,-12.09486]},"faces":{"north":{"uv":[4,1,5,2],"texture":"#0"},"east":{"uv":[4,1,5,2],"texture":"#0"},"south":{"uv":[4,1,5,2],"texture":"#0"},"west":{"uv":[4,1,5,2],"texture":"#0"},"up":{"uv":[4,1,5,2],"texture":"#0"},"down":{"uv":[4,1,5,2],"texture":"#0"}}},{"from":[7.42021,10.28845,-12.33566],"to":[8.57979,10.76877,-11.85407],"rotation":{"angle":0,"axis":"z","origin":[8,10.52861,-12.09486]},"faces":{"north":{"uv":[4,1,5,2],"texture":"#0"},"east":{"uv":[4,1,5,2],"texture":"#0"},"south":{"uv":[4,1,5,2],"texture":"#0"},"west":{"uv":[4,1,5,2],"texture":"#0"},"up":{"uv":[4,1,5,2],"texture":"#0"},"down":{"uv":[4,1,5,2],"texture":"#0"}}},{"from":[7.75984,9.94882,-12.33566],"to":[8.24016,11.1084,-11.85407],"rotation":{"angle":-45,"axis":"z","origin":[8,10.52861,-12.09486]},"faces":{"north":{"uv":[4,1,5,2],"texture":"#0"},"east":{"uv":[4,1,5,2],"texture":"#0"},"south":{"uv":[4,1,5,2],"texture":"#0"},"west":{"uv":[4,1,5,2],"texture":"#0"},"up":{"uv":[4,1,5,2],"texture":"#0"},"down":{"uv":[4,1,5,2],"texture":"#0"}}},{"from":[7.75984,9.94882,-12.33566],"to":[8.24016,11.1084,-11.85407],"rotation":{"angle":45,"axis":"z","origin":[8,10.52861,-12.09486]},"faces":{"north":{"uv":[4,1,5,2],"texture":"#0"},"east":{"uv":[4,1,5,2],"texture":"#0"},"south":{"uv":[4,1,5,2],"texture":"#0"},"west":{"uv":[4,1,5,2],"texture":"#0"},"up":{"uv":[4,1,5,2],"texture":"#0"},"down":{"uv":[4,1,5,2],"texture":"#0"}}},{"from":[4.40254,4.18563,30.43681],"to":[5.98225,9.41089,31.09115],"rotation":{"angle":0,"axis":"z","origin":[5.1924,6.79826,30.76398]},"faces":{"north":{"uv":[7,1,8,2],"texture":"#0"},"east":{"uv":[7,1,8,2],"texture":"#0"},"south":{"uv":[7,1,8,2],"texture":"#0"},"west":{"uv":[7,1,8,2],"texture":"#0"},"up":{"uv":[7,1,8,2],"texture":"#0"},"down":{"uv":[7,1,8,2],"texture":"#0"}}},{"from":[4.86523,4.18563,29.97413],"to":[5.51956,9.41089,31.55383],"rotation":{"angle":0,"axis":"z","origin":[5.1924,6.79826,30.76398]},"faces":{"north":{"uv":[7,1,8,2],"texture":"#0"},"east":{"uv":[7,1,8,2],"texture":"#0"},"south":{"uv":[7,1,8,2],"texture":"#0"},"west":{"uv":[7,1,8,2],"texture":"#0"},"up":{"uv":[7,1,8,2],"texture":"#0"},"down":{"uv":[7,1,8,2],"texture":"#0"}}},{"from":[4.40254,4.18563,30.43681],"to":[5.98225,9.41089,31.09115],"rotation":{"angle":-45,"axis":"y","origin":[5.1924,6.79826,30.76398]},"faces":{"north":{"uv":[7,1,8,2],"texture":"#0"},"east":{"uv":[7,1,8,2],"texture":"#0"},"south":{"uv":[7,1,8,2],"texture":"#0"},"west":{"uv":[7,1,8,2],"texture":"#0"},"up":{"uv":[7,1,8,2],"texture":"#0"},"down":{"uv":[7,1,8,2],"texture":"#0"}}},{"from":[4.40254,4.18563,30.43681],"to":[5.98225,9.41089,31.09115],"rotation":{"angle":45,"axis":"y","origin":[5.1924,6.79826,30.76398]},"faces":{"north":{"uv":[7,1,8,2],"texture":"#0"},"east":{"uv":[7,1,8,2],"texture":"#0"},"south":{"uv":[7,1,8,2],"texture":"#0"},"west":{"uv":[7,1,8,2],"texture":"#0"},"up":{"uv":[7,1,8,2],"texture":"#0"},"down":{"uv":[7,1,8,2],"texture":"#0"}}},{"from":[10.01775,4.18563,30.43681],"to":[11.59746,9.41089,31.09115],"rotation":{"angle":0,"axis":"z","origin":[10.8076,6.79826,30.76398]},"faces":{"north":{"uv":[7,1,8,2],"texture":"#0"},"east":{"uv":[7,1,8,2],"texture":"#0"},"south":{"uv":[7,1,8,2],"texture":"#0"},"west":{"uv":[7,1,8,2],"texture":"#0"},"up":{"uv":[7,1,8,2],"texture":"#0"},"down":{"uv":[7,1,8,2],"texture":"#0"}}},{"from":[10.48044,4.18563,29.97413],"to":[11.13477,9.41089,31.55383],"rotation":{"angle":0,"axis":"z","origin":[10.8076,6.79826,30.76398]},"faces":{"north":{"uv":[7,1,8,2],"texture":"#0"},"east":{"uv":[7,1,8,2],"texture":"#0"},"south":{"uv":[7,1,8,2],"texture":"#0"},"west":{"uv":[7,1,8,2],"texture":"#0"},"up":{"uv":[7,1,8,2],"texture":"#0"},"down":{"uv":[7,1,8,2],"texture":"#0"}}},{"from":[10.01775,4.18563,30.43681],"to":[11.59746,9.41089,31.09115],"rotation":{"angle":-45,"axis":"y","origin":[10.8076,6.79826,30.76398]},"faces":{"north":{"uv":[7,1,8,2],"texture":"#0"},"east":{"uv":[7,1,8,2],"texture":"#0"},"south":{"uv":[7,1,8,2],"texture":"#0"},"west":{"uv":[7,1,8,2],"texture":"#0"},"up":{"uv":[7,1,8,2],"texture":"#0"},"down":{"uv":[7,1,8,2],"texture":"#0"}}},{"from":[10.01775,4.18563,30.43681],"to":[11.59746,9.41089,31.09115],"rotation":{"angle":45,"axis":"y","origin":[10.8076,6.79826,30.76398]},"faces":{"north":{"uv":[7,1,8,2],"texture":"#0"},"east":{"uv":[7,1,8,2],"texture":"#0"},"south":{"uv":[7,1,8,2],"texture":"#0"},"west":{"uv":[7,1,8,2],"texture":"#0"},"up":{"uv":[7,1,8,2],"texture":"#0"},"down":{"uv":[7,1,8,2],"texture":"#0"}}},{"from":[6.00669,6.48722,24.02794],"to":[7.29891,8.92478,25.28254],"rotation":{"angle":0,"axis":"z","origin":[6.6528,7.706,24.65524]},"faces":{"north":{"uv":[1,7,2,8],"texture":"#0"},"east":{"uv":[1,7,2,8],"texture":"#0"},"south":{"uv":[1,7,2,8],"texture":"#0"},"west":{"uv":[1,7,2,8],"texture":"#0"},"up":{"uv":[1,7,2,8],"texture":"#0"},"down":{"uv":[1,7,2,8],"texture":"#0"}}},{"from":[6.00669,7.2447,23.27046],"to":[7.29891,8.1673,26.04002],"rotation":{"angle":0,"axis":"z","origin":[6.6528,7.706,24.65524]},"faces":{"north":{"uv":[1,7,2,8],"texture":"#0"},"east":{"uv":[1,7,2,8],"texture":"#0"},"south":{"uv":[1,7,2,8],"texture":"#0"},"west":{"uv":[1,7,2,8],"texture":"#0"},"up":{"uv":[1,7,2,8],"texture":"#0"},"down":{"uv":[1,7,2,8],"texture":"#0"}}},{"from":[6.00669,7.42706,24.66217],"to":[7.29891,8.73803,25.73341],"rotation":{"angle":45,"axis":"x","origin":[6.6528,8.08254,25.19779]},"faces":{"north":{"uv":[1,7,2,8],"texture":"#0"},"east":{"uv":[1,7,2,8],"texture":"#0"},"south":{"uv":[1,7,2,8],"texture":"#0"},"west":{"uv":[1,7,2,8],"texture":"#0"},"up":{"uv":[1,7,2,8],"texture":"#0"},"down":{"uv":[1,7,2,8],"texture":"#0"}}},{"from":[6.00669,7.83969,23.40616],"to":[7.29891,8.66723,24.4774],"rotation":{"angle":-45,"axis":"x","origin":[6.6528,8.25346,23.94178]},"faces":{"north":{"uv":[1,7,2,8],"texture":"#0"},"east":{"uv":[1,7,2,8],"texture":"#0"},"south":{"uv":[1,7,2,8],"texture":"#0"},"west":{"uv":[1,7,2,8],"texture":"#0"},"up":{"uv":[1,7,2,8],"texture":"#0"},"down":{"uv":[1,7,2,8],"texture":"#0"}}},{"from":[6.00669,6.48722,11.59653],"to":[7.29891,7.79212,24.1747],"rotation":{"angle":0,"axis":"z","origin":[6.6528,7.13967,17.88561]},"faces":{"north":{"uv":[1,7,2,8],"texture":"#0"},"east":{"uv":[1,7,2,8],"texture":"#0"},"south":{"uv":[1,7,2,8],"texture":"#0"},"west":{"uv":[1,7,2,8],"texture":"#0"},"up":{"uv":[1,7,2,8],"texture":"#0"},"down":{"uv":[1,7,2,8],"texture":"#0"}}},{"from":[6.00669,7.37737,21.97235],"to":[7.29891,7.90909,23.42759],"rotation":{"angle":-22.5,"axis":"x","origin":[6.6528,7.64323,22.69997]},"faces":{"north":{"uv":[1,7,2,8],"texture":"#0"},"east":{"uv":[1,7,2,8],"texture":"#0"},"south":{"uv":[1,7,2,8],"texture":"#0"},"west":{"uv":[1,7,2,8],"texture":"#0"},"up":{"uv":[1,7,2,8],"texture":"#0"},"down":{"uv":[1,7,2,8],"texture":"#0"}}},{"from":[6.00669,6.67398,24.66217],"to":[7.29891,7.98494,25.7334],"rotation":{"angle":-45,"axis":"x","origin":[6.6528,7.32946,25.19778]},"faces":{"north":{"uv":[1,7,2,8],"texture":"#0"},"east":{"uv":[1,7,2,8],"texture":"#0"},"south":{"uv":[1,7,2,8],"texture":"#0"},"west":{"uv":[1,7,2,8],"texture":"#0"},"up":{"uv":[1,7,2,8],"texture":"#0"},"down":{"uv":[1,7,2,8],"texture":"#0"}}},{"from":[9.19946,6.93368,22.17865],"to":[9.87193,7.91357,22.58453],"rotation":{"angle":0,"axis":"z","origin":[9.53569,7.42362,22.38159]},"faces":{"north":{"uv":[7,4,8,5],"texture":"#0"},"east":{"uv":[7,4,8,5],"texture":"#0"},"south":{"uv":[7,4,8,5],"texture":"#0"},"west":{"uv":[7,4,8,5],"texture":"#0"},"up":{"uv":[7,4,8,5],"texture":"#0"},"down":{"uv":[7,4,8,5],"texture":"#0"}}},{"from":[9.19946,7.22068,21.89164],"to":[9.87193,7.62657,22.87154],"rotation":{"angle":0,"axis":"z","origin":[9.53569,7.42362,22.38159]},"faces":{"north":{"uv":[7,4,8,5],"texture":"#0"},"east":{"uv":[7,4,8,5],"texture":"#0"},"south":{"uv":[7,4,8,5],"texture":"#0"},"west":{"uv":[7,4,8,5],"texture":"#0"},"up":{"uv":[7,4,8,5],"texture":"#0"},"down":{"uv":[7,4,8,5],"texture":"#0"}}},{"from":[9.19946,6.93368,22.17865],"to":[9.87193,7.91357,22.58453],"rotation":{"angle":45,"axis":"x","origin":[9.53569,7.42362,22.38159]},"faces":{"north":{"uv":[7,4,8,5],"texture":"#0"},"east":{"uv":[7,4,8,5],"texture":"#0"},"south":{"uv":[7,4,8,5],"texture":"#0"},"west":{"uv":[7,4,8,5],"texture":"#0"},"up":{"uv":[7,4,8,5],"texture":"#0"},"down":{"uv":[7,4,8,5],"texture":"#0"}}},{"from":[9.19946,6.93368,22.17865],"to":[9.87193,7.91357,22.58453],"rotation":{"angle":-45,"axis":"x","origin":[9.53569,7.42362,22.38159]},"faces":{"north":{"uv":[7,4,8,5],"texture":"#0"},"east":{"uv":[7,4,8,5],"texture":"#0"},"south":{"uv":[7,4,8,5],"texture":"#0"},"west":{"uv":[7,4,8,5],"texture":"#0"},"up":{"uv":[7,4,8,5],"texture":"#0"},"down":{"uv":[7,4,8,5],"texture":"#0"}}},{"from":[8.45723,8.36402,26.90493],"to":[9.98772,8.79978,27.08542],"rotation":{"angle":0,"axis":"z","origin":[9.22248,8.5819,26.99518]},"faces":{"north":{"uv":[7,4,8,5],"texture":"#0"},"east":{"uv":[7,4,8,5],"texture":"#0"},"south":{"uv":[7,4,8,5],"texture":"#0"},"west":{"uv":[7,4,8,5],"texture":"#0"},"up":{"uv":[7,4,8,5],"texture":"#0"},"down":{"uv":[7,4,8,5],"texture":"#0"}}},{"from":[8.45723,8.49165,26.7773],"to":[9.98772,8.67215,27.21305],"rotation":{"angle":0,"axis":"z","origin":[9.22248,8.5819,26.99518]},"faces":{"north":{"uv":[7,4,8,5],"texture":"#0"},"east":{"uv":[7,4,8,5],"texture":"#0"},"south":{"uv":[7,4,8,5],"texture":"#0"},"west":{"uv":[7,4,8,5],"texture":"#0"},"up":{"uv":[7,4,8,5],"texture":"#0"},"down":{"uv":[7,4,8,5],"texture":"#0"}}},{"from":[8.45723,8.36402,26.90493],"to":[9.98772,8.79978,27.08542],"rotation":{"angle":45,"axis":"x","origin":[9.22248,8.5819,26.99518]},"faces":{"north":{"uv":[7,4,8,5],"texture":"#0"},"east":{"uv":[7,4,8,5],"texture":"#0"},"south":{"uv":[7,4,8,5],"texture":"#0"},"west":{"uv":[7,4,8,5],"texture":"#0"},"up":{"uv":[7,4,8,5],"texture":"#0"},"down":{"uv":[7,4,8,5],"texture":"#0"}}},{"from":[8.45723,8.36402,26.90493],"to":[9.98772,8.79978,27.08542],"rotation":{"angle":-45,"axis":"x","origin":[9.22248,8.5819,26.99518]},"faces":{"north":{"uv":[7,4,8,5],"texture":"#0"},"east":{"uv":[7,4,8,5],"texture":"#0"},"south":{"uv":[7,4,8,5],"texture":"#0"},"west":{"uv":[7,4,8,5],"texture":"#0"},"up":{"uv":[7,4,8,5],"texture":"#0"},"down":{"uv":[7,4,8,5],"texture":"#0"}}},{"from":[9.34437,6.86301,23.97269],"to":[9.59097,8.84405,25.10735],"rotation":{"angle":45,"axis":"x","origin":[9.46767,7.85353,24.54002]},"faces":{"north":{"uv":[7,4,8,5],"texture":"#0"},"east":{"uv":[7,4,8,5],"texture":"#0"},"south":{"uv":[7,4,8,5],"texture":"#0"},"west":{"uv":[7,4,8,5],"texture":"#0"},"up":{"uv":[7,4,8,5],"texture":"#0"},"down":{"uv":[7,4,8,5],"texture":"#0"}}},{"from":[9.05561,6.8333,25.74118],"to":[9.64797,8.09809,26.26508],"rotation":{"angle":0,"axis":"z","origin":[9.35179,7.4657,26.00313]},"faces":{"north":{"uv":[10,4,11,5],"texture":"#0"},"east":{"uv":[10,4,11,5],"texture":"#0"},"south":{"uv":[10,4,11,5],"texture":"#0"},"west":{"uv":[10,4,11,5],"texture":"#0"},"up":{"uv":[10,4,11,5],"texture":"#0"},"down":{"uv":[10,4,11,5],"texture":"#0"}}},{"from":[9.05561,7.20375,25.37074],"to":[9.64797,7.72764,26.63552],"rotation":{"angle":0,"axis":"z","origin":[9.35179,7.4657,26.00313]},"faces":{"north":{"uv":[10,4,11,5],"texture":"#0"},"east":{"uv":[10,4,11,5],"texture":"#0"},"south":{"uv":[10,4,11,5],"texture":"#0"},"west":{"uv":[10,4,11,5],"texture":"#0"},"up":{"uv":[10,4,11,5],"texture":"#0"},"down":{"uv":[10,4,11,5],"texture":"#0"}}},{"from":[9.05561,6.8333,25.74118],"to":[9.64797,8.09809,26.26508],"rotation":{"angle":45,"axis":"x","origin":[9.35179,7.4657,26.00313]},"faces":{"north":{"uv":[10,4,11,5],"texture":"#0"},"east":{"uv":[10,4,11,5],"texture":"#0"},"south":{"uv":[10,4,11,5],"texture":"#0"},"west":{"uv":[10,4,11,5],"texture":"#0"},"up":{"uv":[10,4,11,5],"texture":"#0"},"down":{"uv":[10,4,11,5],"texture":"#0"}}},{"from":[9.05561,6.8333,25.74118],"to":[9.64797,8.09809,26.26508],"rotation":{"angle":-45,"axis":"x","origin":[9.35179,7.4657,26.00313]},"faces":{"north":{"uv":[10,4,11,5],"texture":"#0"},"east":{"uv":[10,4,11,5],"texture":"#0"},"south":{"uv":[10,4,11,5],"texture":"#0"},"west":{"uv":[10,4,11,5],"texture":"#0"},"up":{"uv":[10,4,11,5],"texture":"#0"},"down":{"uv":[10,4,11,5],"texture":"#0"}}},{"from":[9.92127,8.27348,26.87538],"to":[10.18162,8.90202,27.13573],"rotation":{"angle":0,"axis":"z","origin":[10.05144,8.58775,27.00556]},"faces":{"north":{"uv":[7,4,8,5],"texture":"#0"},"east":{"uv":[7,4,8,5],"texture":"#0"},"south":{"uv":[7,4,8,5],"texture":"#0"},"west":{"uv":[7,4,8,5],"texture":"#0"},"up":{"uv":[7,4,8,5],"texture":"#0"},"down":{"uv":[7,4,8,5],"texture":"#0"}}},{"from":[9.92127,8.45757,26.69128],"to":[10.18162,8.71792,27.31983],"rotation":{"angle":0,"axis":"z","origin":[10.05144,8.58775,27.00556]},"faces":{"north":{"uv":[7,4,8,5],"texture":"#0"},"east":{"uv":[7,4,8,5],"texture":"#0"},"south":{"uv":[7,4,8,5],"texture":"#0"},"west":{"uv":[7,4,8,5],"texture":"#0"},"up":{"uv":[7,4,8,5],"texture":"#0"},"down":{"uv":[7,4,8,5],"texture":"#0"}}},{"from":[9.73717,8.45757,26.87538],"to":[10.36571,8.71792,27.13573],"rotation":{"angle":0,"axis":"z","origin":[10.05144,8.58775,27.00556]},"faces":{"north":{"uv":[7,4,8,5],"texture":"#0"},"east":{"uv":[7,4,8,5],"texture":"#0"},"south":{"uv":[7,4,8,5],"texture":"#0"},"west":{"uv":[7,4,8,5],"texture":"#0"},"up":{"uv":[7,4,8,5],"texture":"#0"},"down":{"uv":[7,4,8,5],"texture":"#0"}}},{"from":[9.73717,8.45757,26.87538],"to":[10.36571,8.71792,27.13573],"rotation":{"angle":45,"axis":"z","origin":[10.05144,8.58775,27.00556]},"faces":{"north":{"uv":[7,4,8,5],"texture":"#0"},"east":{"uv":[7,4,8,5],"texture":"#0"},"south":{"uv":[7,4,8,5],"texture":"#0"},"west":{"uv":[7,4,8,5],"texture":"#0"},"up":{"uv":[7,4,8,5],"texture":"#0"},"down":{"uv":[7,4,8,5],"texture":"#0"}}},{"from":[9.73717,8.45757,26.87538],"to":[10.36571,8.71792,27.13573],"rotation":{"angle":-45,"axis":"z","origin":[10.05144,8.58775,27.00556]},"faces":{"north":{"uv":[7,4,8,5],"texture":"#0"},"east":{"uv":[7,4,8,5],"texture":"#0"},"south":{"uv":[7,4,8,5],"texture":"#0"},"west":{"uv":[7,4,8,5],"texture":"#0"},"up":{"uv":[7,4,8,5],"texture":"#0"},"down":{"uv":[7,4,8,5],"texture":"#0"}}},{"from":[9.92127,8.27348,26.87538],"to":[10.18162,8.90202,27.13573],"rotation":{"angle":45,"axis":"x","origin":[10.05144,8.58775,27.00556]},"faces":{"north":{"uv":[7,4,8,5],"texture":"#0"},"east":{"uv":[7,4,8,5],"texture":"#0"},"south":{"uv":[7,4,8,5],"texture":"#0"},"west":{"uv":[7,4,8,5],"texture":"#0"},"up":{"uv":[7,4,8,5],"texture":"#0"},"down":{"uv":[7,4,8,5],"texture":"#0"}}},{"from":[9.92127,8.27348,26.87538],"to":[10.18162,8.90202,27.13573],"rotation":{"angle":-45,"axis":"x","origin":[10.05144,8.58775,27.00556]},"faces":{"north":{"uv":[7,4,8,5],"texture":"#0"},"east":{"uv":[7,4,8,5],"texture":"#0"},"south":{"uv":[7,4,8,5],"texture":"#0"},"west":{"uv":[7,4,8,5],"texture":"#0"},"up":{"uv":[7,4,8,5],"texture":"#0"},"down":{"uv":[7,4,8,5],"texture":"#0"}}},{"from":[9.92127,8.45757,26.69128],"to":[10.18162,8.71792,27.31983],"rotation":{"angle":45,"axis":"y","origin":[10.05144,8.58775,27.00556]},"faces":{"north":{"uv":[7,4,8,5],"texture":"#0"},"east":{"uv":[7,4,8,5],"texture":"#0"},"south":{"uv":[7,4,8,5],"texture":"#0"},"west":{"uv":[7,4,8,5],"texture":"#0"},"up":{"uv":[7,4,8,5],"texture":"#0"},"down":{"uv":[7,4,8,5],"texture":"#0"}}},{"from":[9.92127,8.45757,26.69128],"to":[10.18162,8.71792,27.31983],"rotation":{"angle":-45,"axis":"y","origin":[10.05144,8.58775,27.00556]},"faces":{"north":{"uv":[7,4,8,5],"texture":"#0"},"east":{"uv":[7,4,8,5],"texture":"#0"},"south":{"uv":[7,4,8,5],"texture":"#0"},"west":{"uv":[7,4,8,5],"texture":"#0"},"up":{"uv":[7,4,8,5],"texture":"#0"},"down":{"uv":[7,4,8,5],"texture":"#0"}}},{"from":[9.34437,8.22694,24.83927],"to":[9.59097,8.9551,27.51081],"rotation":{"angle":0,"axis":"z","origin":[9.46767,8.59102,26.17504]},"faces":{"north":{"uv":[7,4,8,5],"texture":"#0"},"east":{"uv":[7,4,8,5],"texture":"#0"},"south":{"uv":[7,4,8,5],"texture":"#0"},"west":{"uv":[7,4,8,5],"texture":"#0"},"up":{"uv":[7,4,8,5],"texture":"#0"},"down":{"uv":[7,4,8,5],"texture":"#0"}}},{"from":[9.34437,6.64973,20.6535],"to":[9.59097,7.88369,25.01901],"rotation":{"angle":0,"axis":"z","origin":[9.46767,7.26671,22.83626]},"faces":{"north":{"uv":[7,4,8,5],"texture":"#0"},"east":{"uv":[7,4,8,5],"texture":"#0"},"south":{"uv":[7,4,8,5],"texture":"#0"},"west":{"uv":[7,4,8,5],"texture":"#0"},"up":{"uv":[7,4,8,5],"texture":"#0"},"down":{"uv":[7,4,8,5],"texture":"#0"}}},{"from":[9.34437,6.80047,24.26119],"to":[9.59097,8.54425,25.39585],"rotation":{"angle":22.5,"axis":"x","origin":[9.46767,7.67236,24.82852]},"faces":{"north":{"uv":[7,4,8,5],"texture":"#0"},"east":{"uv":[7,4,8,5],"texture":"#0"},"south":{"uv":[7,4,8,5],"texture":"#0"},"west":{"uv":[7,4,8,5],"texture":"#0"},"up":{"uv":[7,4,8,5],"texture":"#0"},"down":{"uv":[7,4,8,5],"texture":"#0"}}},{"from":[9.34437,6.65299,20.14373],"to":[9.59097,7.92095,20.56355],"rotation":{"angle":45,"axis":"x","origin":[9.46767,7.28697,20.35364]},"faces":{"north":{"uv":[7,4,8,5],"texture":"#0"},"east":{"uv":[7,4,8,5],"texture":"#0"},"south":{"uv":[7,4,8,5],"texture":"#0"},"west":{"uv":[7,4,8,5],"texture":"#0"},"up":{"uv":[7,4,8,5],"texture":"#0"},"down":{"uv":[7,4,8,5],"texture":"#0"}}},{"from":[9.34437,6.64973,19.75692],"to":[9.59097,6.99934,20.6535],"rotation":{"angle":0,"axis":"z","origin":[9.46767,6.82453,20.20521]},"faces":{"north":{"uv":[7,4,8,5],"texture":"#0"},"east":{"uv":[7,4,8,5],"texture":"#0"},"south":{"uv":[7,4,8,5],"texture":"#0"},"west":{"uv":[7,4,8,5],"texture":"#0"},"up":{"uv":[7,4,8,5],"texture":"#0"},"down":{"uv":[7,4,8,5],"texture":"#0"}}},{"from":[9.34437,6.97795,20.23725],"to":[9.59097,7.32756,20.73553],"rotation":{"angle":0,"axis":"z","origin":[9.46767,7.15275,20.48639]},"faces":{"north":{"uv":[7,4,8,5],"texture":"#0"},"east":{"uv":[7,4,8,5],"texture":"#0"},"south":{"uv":[7,4,8,5],"texture":"#0"},"west":{"uv":[7,4,8,5],"texture":"#0"},"up":{"uv":[7,4,8,5],"texture":"#0"},"down":{"uv":[7,4,8,5],"texture":"#0"}}},{"from":[8.86621,7.08932,25.84723],"to":[9.84201,7.84207,26.15903],"rotation":{"angle":0,"axis":"z","origin":[9.35411,7.4657,26.00313]},"faces":{"north":{"uv":[7,4,8,5],"texture":"#0"},"east":{"uv":[7,4,8,5],"texture":"#0"},"south":{"uv":[7,4,8,5],"texture":"#0"},"west":{"uv":[7,4,8,5],"texture":"#0"},"up":{"uv":[7,4,8,5],"texture":"#0"},"down":{"uv":[7,4,8,5],"texture":"#0"}}},{"from":[8.86621,7.3098,25.62676],"to":[9.84201,7.62159,26.3795],"rotation":{"angle":0,"axis":"z","origin":[9.35411,7.4657,26.00313]},"faces":{"north":{"uv":[7,4,8,5],"texture":"#0"},"east":{"uv":[7,4,8,5],"texture":"#0"},"south":{"uv":[7,4,8,5],"texture":"#0"},"west":{"uv":[7,4,8,5],"texture":"#0"},"up":{"uv":[7,4,8,5],"texture":"#0"},"down":{"uv":[7,4,8,5],"texture":"#0"}}},{"from":[8.86621,7.08932,25.84723],"to":[9.84201,7.84207,26.15903],"rotation":{"angle":45,"axis":"x","origin":[9.35411,7.4657,26.00313]},"faces":{"north":{"uv":[7,4,8,5],"texture":"#0"},"east":{"uv":[7,4,8,5],"texture":"#0"},"south":{"uv":[7,4,8,5],"texture":"#0"},"west":{"uv":[7,4,8,5],"texture":"#0"},"up":{"uv":[7,4,8,5],"texture":"#0"},"down":{"uv":[7,4,8,5],"texture":"#0"}}},{"from":[8.86621,7.08932,25.84723],"to":[9.84201,7.84207,26.15903],"rotation":{"angle":-45,"axis":"x","origin":[9.35411,7.4657,26.00313]},"faces":{"north":{"uv":[7,4,8,5],"texture":"#0"},"east":{"uv":[7,4,8,5],"texture":"#0"},"south":{"uv":[7,4,8,5],"texture":"#0"},"west":{"uv":[7,4,8,5],"texture":"#0"},"up":{"uv":[7,4,8,5],"texture":"#0"},"down":{"uv":[7,4,8,5],"texture":"#0"}}},{"from":[6.53161,7.93908,12.43684],"to":[6.94347,8.65105,16.51945],"rotation":{"angle":0,"axis":"z","origin":[6.73754,8.29507,14.47815]},"faces":{"north":{"uv":[10,4,11,5],"texture":"#0"},"east":{"uv":[10,4,11,5],"texture":"#0"},"south":{"uv":[10,4,11,5],"texture":"#0"},"west":{"uv":[10,4,11,5],"texture":"#0"},"up":{"uv":[10,4,11,5],"texture":"#0"},"down":{"uv":[10,4,11,5],"texture":"#0"}}},{"from":[6.53161,8.43534,15.93752],"to":[6.94347,10.00013,16.51945],"rotation":{"angle":0,"axis":"z","origin":[6.73754,9.21774,16.22849]},"faces":{"north":{"uv":[10,4,11,5],"texture":"#0"},"east":{"uv":[10,4,11,5],"texture":"#0"},"south":{"uv":[10,4,11,5],"texture":"#0"},"west":{"uv":[10,4,11,5],"texture":"#0"},"up":{"uv":[10,4,11,5],"texture":"#0"},"down":{"uv":[10,4,11,5],"texture":"#0"}}},{"from":[6.64276,8.29794,15.49511],"to":[7.05463,10.07073,16.42669],"rotation":{"angle":0,"axis":"z","origin":[6.84869,9.18433,15.9609]},"faces":{"north":{"uv":[1,7,2,8],"texture":"#0"},"east":{"uv":[1,7,2,8],"texture":"#0"},"south":{"uv":[1,7,2,8],"texture":"#0"},"west":{"uv":[1,7,2,8],"texture":"#0"},"up":{"uv":[1,7,2,8],"texture":"#0"},"down":{"uv":[1,7,2,8],"texture":"#0"}}},{"from":[6.64276,9.25819,12.76257],"to":[7.05463,9.98774,15.38308],"rotation":{"angle":-22.5,"axis":"x","origin":[6.84869,9.62297,14.07282]},"faces":{"north":{"uv":[1,7,2,8],"texture":"#0"},"east":{"uv":[1,7,2,8],"texture":"#0"},"south":{"uv":[1,7,2,8],"texture":"#0"},"west":{"uv":[1,7,2,8],"texture":"#0"},"up":{"uv":[1,7,2,8],"texture":"#0"},"down":{"uv":[1,7,2,8],"texture":"#0"}}},{"from":[6.53161,10.00013,12.43684],"to":[6.94347,10.59974,16.51945],"rotation":{"angle":0,"axis":"z","origin":[6.73754,10.29994,14.47815]},"faces":{"north":{"uv":[10,4,11,5],"texture":"#0"},"east":{"uv":[10,4,11,5],"texture":"#0"},"south":{"uv":[10,4,11,5],"texture":"#0"},"west":{"uv":[10,4,11,5],"texture":"#0"},"up":{"uv":[10,4,11,5],"texture":"#0"},"down":{"uv":[10,4,11,5],"texture":"#0"}}},{"from":[6.64276,9.473,12.74543],"to":[7.05463,10.20255,15.72753],"rotation":{"angle":0,"axis":"z","origin":[6.84869,9.83777,14.23648]},"faces":{"north":{"uv":[1,7,2,8],"texture":"#0"},"east":{"uv":[1,7,2,8],"texture":"#0"},"south":{"uv":[1,7,2,8],"texture":"#0"},"west":{"uv":[1,7,2,8],"texture":"#0"},"up":{"uv":[1,7,2,8],"texture":"#0"},"down":{"uv":[1,7,2,8],"texture":"#0"}}},{"from":[6.53161,8.43534,12.43684],"to":[6.94347,10.00013,13.01878],"rotation":{"angle":0,"axis":"z","origin":[6.73754,9.21774,12.72781]},"faces":{"north":{"uv":[10,4,11,5],"texture":"#0"},"east":{"uv":[10,4,11,5],"texture":"#0"},"south":{"uv":[10,4,11,5],"texture":"#0"},"west":{"uv":[10,4,11,5],"texture":"#0"},"up":{"uv":[10,4,11,5],"texture":"#0"},"down":{"uv":[10,4,11,5],"texture":"#0"}}},{"from":[8.85364,8.09689,12.53624],"to":[9.67985,8.44785,16.54395],"rotation":{"angle":0,"axis":"z","origin":[9.26674,8.27237,14.5401]},"faces":{"north":{"uv":[10,4,11,5],"texture":"#0"},"east":{"uv":[10,4,11,5],"texture":"#0"},"south":{"uv":[10,4,11,5],"texture":"#0"},"west":{"uv":[10,4,11,5],"texture":"#0"},"up":{"uv":[10,4,11,5],"texture":"#0"},"down":{"uv":[10,4,11,5],"texture":"#0"}}},{"from":[9.82948,7.639,12.95897],"to":[10.01489,8.50983,16.12122],"rotation":{"angle":45,"axis":"z","origin":[9.92218,8.07442,14.5401]},"faces":{"north":{"uv":[10,4,11,5],"texture":"#0"},"east":{"uv":[10,4,11,5],"texture":"#0"},"south":{"uv":[10,4,11,5],"texture":"#0"},"west":{"uv":[10,4,11,5],"texture":"#0"},"up":{"uv":[10,4,11,5],"texture":"#0"},"down":{"uv":[10,4,11,5],"texture":"#0"}}},{"from":[8.85364,10.17088,13.70483],"to":[9.67985,10.47009,15.37537],"rotation":{"angle":0,"axis":"z","origin":[9.26674,10.32048,14.5401]},"faces":{"north":{"uv":[10,4,11,5],"texture":"#0"},"east":{"uv":[10,4,11,5],"texture":"#0"},"south":{"uv":[10,4,11,5],"texture":"#0"},"west":{"uv":[10,4,11,5],"texture":"#0"},"up":{"uv":[10,4,11,5],"texture":"#0"},"down":{"uv":[10,4,11,5],"texture":"#0"}}},{"from":[8.85364,9.61211,15.07616],"to":[9.67985,10.17088,15.37537],"rotation":{"angle":0,"axis":"z","origin":[9.26674,9.89149,15.22576]},"faces":{"north":{"uv":[10,4,11,5],"texture":"#0"},"east":{"uv":[10,4,11,5],"texture":"#0"},"south":{"uv":[10,4,11,5],"texture":"#0"},"west":{"uv":[10,4,11,5],"texture":"#0"},"up":{"uv":[10,4,11,5],"texture":"#0"},"down":{"uv":[10,4,11,5],"texture":"#0"}}},{"from":[8.85364,9.61211,13.70483],"to":[9.67985,10.17088,14.00403],"rotation":{"angle":0,"axis":"z","origin":[9.26674,9.89149,13.85443]},"faces":{"north":{"uv":[10,4,11,5],"texture":"#0"},"east":{"uv":[10,4,11,5],"texture":"#0"},"south":{"uv":[10,4,11,5],"texture":"#0"},"west":{"uv":[10,4,11,5],"texture":"#0"},"up":{"uv":[10,4,11,5],"texture":"#0"},"down":{"uv":[10,4,11,5],"texture":"#0"}}},{"from":[8.85364,9.61211,12.53624],"to":[9.67985,9.91132,13.70482],"rotation":{"angle":0,"axis":"z","origin":[9.26674,9.76171,13.12053]},"faces":{"north":{"uv":[10,4,11,5],"texture":"#0"},"east":{"uv":[10,4,11,5],"texture":"#0"},"south":{"uv":[10,4,11,5],"texture":"#0"},"west":{"uv":[10,4,11,5],"texture":"#0"},"up":{"uv":[10,4,11,5],"texture":"#0"},"down":{"uv":[10,4,11,5],"texture":"#0"}}},{"from":[8.85364,9.61211,15.37537],"to":[9.67985,9.91132,16.54395],"rotation":{"angle":0,"axis":"z","origin":[9.26674,9.76171,15.95966]},"faces":{"north":{"uv":[10,4,11,5],"texture":"#0"},"east":{"uv":[10,4,11,5],"texture":"#0"},"south":{"uv":[10,4,11,5],"texture":"#0"},"west":{"uv":[10,4,11,5],"texture":"#0"},"up":{"uv":[10,4,11,5],"texture":"#0"},"down":{"uv":[10,4,11,5],"texture":"#0"}}},{"from":[8.85364,8.44785,16.24474],"to":[9.67985,9.61211,16.54395],"rotation":{"angle":0,"axis":"z","origin":[9.26674,9.02998,16.39434]},"faces":{"north":{"uv":[10,4,11,5],"texture":"#0"},"east":{"uv":[10,4,11,5],"texture":"#0"},"south":{"uv":[10,4,11,5],"texture":"#0"},"west":{"uv":[10,4,11,5],"texture":"#0"},"up":{"uv":[10,4,11,5],"texture":"#0"},"down":{"uv":[10,4,11,5],"texture":"#0"}}},{"from":[8.85364,8.44785,12.53624],"to":[9.67985,9.61211,12.83545],"rotation":{"angle":0,"axis":"z","origin":[9.26674,9.02998,12.68585]},"faces":{"north":{"uv":[10,4,11,5],"texture":"#0"},"east":{"uv":[10,4,11,5],"texture":"#0"},"south":{"uv":[10,4,11,5],"texture":"#0"},"west":{"uv":[10,4,11,5],"texture":"#0"},"up":{"uv":[10,4,11,5],"texture":"#0"},"down":{"uv":[10,4,11,5],"texture":"#0"}}},{"from":[9.45454,9.8665,15.37537],"to":[9.59603,10.33273,16.54395],"rotation":{"angle":22.5,"axis":"z","origin":[9.52529,10.09962,15.95966]},"faces":{"north":{"uv":[10,4,11,5],"texture":"#0"},"east":{"uv":[10,4,11,5],"texture":"#0"},"south":{"uv":[10,4,11,5],"texture":"#0"},"west":{"uv":[10,4,11,5],"texture":"#0"},"up":{"uv":[10,4,11,5],"texture":"#0"},"down":{"uv":[10,4,11,5],"texture":"#0"}}},{"from":[9.45454,9.8665,12.53624],"to":[9.59603,10.33273,13.70482],"rotation":{"angle":22.5,"axis":"z","origin":[9.52529,10.09962,13.12053]},"faces":{"north":{"uv":[10,4,11,5],"texture":"#0"},"east":{"uv":[10,4,11,5],"texture":"#0"},"south":{"uv":[10,4,11,5],"texture":"#0"},"west":{"uv":[10,4,11,5],"texture":"#0"},"up":{"uv":[10,4,11,5],"texture":"#0"},"down":{"uv":[10,4,11,5],"texture":"#0"}}},{"from":[9.588,8.09689,12.3176],"to":[9.70391,9.96212,12.61568],"rotation":{"angle":-22.5,"axis":"y","origin":[9.64595,9.02951,12.46664]},"faces":{"north":{"uv":[10,4,11,5],"texture":"#0"},"east":{"uv":[10,4,11,5],"texture":"#0"},"south":{"uv":[10,4,11,5],"texture":"#0"},"west":{"uv":[10,4,11,5],"texture":"#0"},"up":{"uv":[10,4,11,5],"texture":"#0"},"down":{"uv":[10,4,11,5],"texture":"#0"}}},{"from":[9.57273,8.09689,16.42764],"to":[9.68864,9.96212,16.72572],"rotation":{"angle":22.5,"axis":"y","origin":[9.63068,9.02951,16.57668]},"faces":{"north":{"uv":[10,4,11,5],"texture":"#0"},"east":{"uv":[10,4,11,5],"texture":"#0"},"south":{"uv":[10,4,11,5],"texture":"#0"},"west":{"uv":[10,4,11,5],"texture":"#0"},"up":{"uv":[10,4,11,5],"texture":"#0"},"down":{"uv":[10,4,11,5],"texture":"#0"}}}],"display":{"head":{"translation":[0.133,-0.32,-4.5],"scale":[1.2,1.2,1.2]}},"groups":[{"name":"barrel_end","origin":[0,0,0],"children":[0,1,2,3,4,5,6,7]},{"name":"ironsightsF","origin":[0,0,0],"children":[8,9,10,11,12,13,14]},{"name":"grip","origin":[0,0,0],"children":[15,16,17,18,19,20,21,22]},{"name":"bod","origin":[0,0,0],"children":[23,24,25,26,27,28,29,30,31,32,33]},{"name":"barrel","origin":[0,0,0],"children":[34,35,36,37,38,39,40,41]},{"name":"barrel_front","origin":[0,0,0],"children":[42,43,44,45,46,47,48,49]},{"name":"barrel_front_thing","origin":[0,0,0],"children":[50,51,52,53]},{"name":"barrel_end_screw","origin":[0,0,0],"children":[54,55,56,57]},{"name":"grips","origin":[0,0,0],"children":[58,59,60,61,62,63,64,65]},{"name":"side_thing","origin":[0,0,0],"children":[66,67,68,69,70,71,72]},{"name":"crank","origin":[0,0,0],"children":[73,74,75,76,77,78,79,80,81,82,83,84,85,86,87,88,89,90,91,92,93,94,95,96,97,98,99,100,101,102,103,104]},{"name":"ammo_entry_left","origin":[0,0,0],"children":[105,106,107,108,109,110,111]},{"name":"ammo_entry_right","origin":[0,0,0],"children":[112,113,114,115,116,117,118,119,120,121,122,123,124]}]}