{"credit":"made by xeth","textures":{"0":"item/xeth_ww1_75mm_field_gun"},"elements":[{"from":[-6.64491,19.33234,-4.05529],"to":[-5.01852,19.76098,0.62352],"rotation":{"angle":0,"axis":"z","origin":[-5.83171,8,-1.71588]},"faces":{"north":{"uv":[10,1,11,2],"texture":"#0"},"east":{"uv":[10,1,11,2],"texture":"#0"},"south":{"uv":[10,1,11,2],"texture":"#0"},"west":{"uv":[10,1,11,2],"texture":"#0"},"up":{"uv":[10,1,11,2],"texture":"#0"},"down":{"uv":[10,1,11,2],"texture":"#0"}}},{"from":[-6.64491,19.33234,-4.05529],"to":[-5.01852,19.76098,0.62352],"rotation":{"angle":-22.5,"axis":"x","origin":[-5.83171,8,-1.71588]},"faces":{"north":{"uv":[10,1,11,2],"texture":"#0"},"east":{"uv":[10,1,11,2],"texture":"#0"},"south":{"uv":[10,1,11,2],"texture":"#0"},"west":{"uv":[10,1,11,2],"texture":"#0"},"up":{"uv":[10,1,11,2],"texture":"#0"},"down":{"uv":[10,1,11,2],"texture":"#0"}}},{"from":[-6.64491,19.33234,-4.05529],"to":[-5.01852,19.76098,0.62352],"rotation":{"angle":-45,"axis":"x","origin":[-5.83171,8,-1.71588]},"faces":{"north":{"uv":[10,1,11,2],"texture":"#0"},"east":{"uv":[10,1,11,2],"texture":"#0"},"south":{"uv":[10,1,11,2],"texture":"#0"},"west":{"uv":[10,1,11,2],"texture":"#0"},"up":{"uv":[10,1,11,2],"texture":"#0"},"down":{"uv":[10,1,11,2],"texture":"#0"}}},{"from":[-6.64491,5.6606,-13.47687],"to":[-5.01852,10.33941,-13.04822],"rotation":{"angle":22.5,"axis":"x","origin":[-5.83171,8,-1.71588]},"faces":{"north":{"uv":[10,1,11,2],"texture":"#0"},"east":{"uv":[10,1,11,2],"texture":"#0"},"south":{"uv":[10,1,11,2],"texture":"#0"},"west":{"uv":[10,1,11,2],"texture":"#0"},"up":{"uv":[10,1,11,2],"texture":"#0"},"down":{"uv":[10,1,11,2],"texture":"#0"}}},{"from":[-6.64491,5.6606,-13.47686],"to":[-5.01852,10.33941,-13.04822],"rotation":{"angle":0,"axis":"z","origin":[-5.83171,8,-1.71588]},"faces":{"north":{"uv":[10,1,11,2],"texture":"#0"},"east":{"uv":[10,1,11,2],"texture":"#0"},"south":{"uv":[10,1,11,2],"texture":"#0"},"west":{"uv":[10,1,11,2],"texture":"#0"},"up":{"uv":[10,1,11,2],"texture":"#0"},"down":{"uv":[10,1,11,2],"texture":"#0"}}},{"from":[-6.64491,5.6606,-13.47686],"to":[-5.01852,10.33941,-13.04822],"rotation":{"angle":-22.5,"axis":"x","origin":[-5.83171,8,-1.71588]},"faces":{"north":{"uv":[10,1,11,2],"texture":"#0"},"east":{"uv":[10,1,11,2],"texture":"#0"},"south":{"uv":[10,1,11,2],"texture":"#0"},"west":{"uv":[10,1,11,2],"texture":"#0"},"up":{"uv":[10,1,11,2],"texture":"#0"},"down":{"uv":[10,1,11,2],"texture":"#0"}}},{"from":[-6.64491,5.6606,-13.47686],"to":[-5.01852,10.33941,-13.04822],"rotation":{"angle":-45,"axis":"x","origin":[-5.83171,8,-1.71588]},"faces":{"north":{"uv":[10,1,11,2],"texture":"#0"},"east":{"uv":[10,1,11,2],"texture":"#0"},"south":{"uv":[10,1,11,2],"texture":"#0"},"west":{"uv":[10,1,11,2],"texture":"#0"},"up":{"uv":[10,1,11,2],"texture":"#0"},"down":{"uv":[10,1,11,2],"texture":"#0"}}},{"from":[-6.64491,-3.76099,-4.05529],"to":[-5.01852,-3.33234,0.62352],"rotation":{"angle":22.5,"axis":"x","origin":[-5.83171,8,-1.71588]},"faces":{"north":{"uv":[10,1,11,2],"texture":"#0"},"east":{"uv":[10,1,11,2],"texture":"#0"},"south":{"uv":[10,1,11,2],"texture":"#0"},"west":{"uv":[10,1,11,2],"texture":"#0"},"up":{"uv":[10,1,11,2],"texture":"#0"},"down":{"uv":[10,1,11,2],"texture":"#0"}}},{"from":[-6.64491,-3.76098,-4.05529],"to":[-5.01852,-3.33233,0.62352],"rotation":{"angle":0,"axis":"z","origin":[-5.83171,8,-1.71588]},"faces":{"north":{"uv":[10,1,11,2],"texture":"#0"},"east":{"uv":[10,1,11,2],"texture":"#0"},"south":{"uv":[10,1,11,2],"texture":"#0"},"west":{"uv":[10,1,11,2],"texture":"#0"},"up":{"uv":[10,1,11,2],"texture":"#0"},"down":{"uv":[10,1,11,2],"texture":"#0"}}},{"from":[-6.64491,-3.76099,-4.05529],"to":[-5.01852,-3.33234,0.62352],"rotation":{"angle":-22.5,"axis":"x","origin":[-5.83171,8,-1.71588]},"faces":{"north":{"uv":[10,1,11,2],"texture":"#0"},"east":{"uv":[10,1,11,2],"texture":"#0"},"south":{"uv":[10,1,11,2],"texture":"#0"},"west":{"uv":[10,1,11,2],"texture":"#0"},"up":{"uv":[10,1,11,2],"texture":"#0"},"down":{"uv":[10,1,11,2],"texture":"#0"}}},{"from":[-6.64491,5.6606,9.61645],"to":[-5.01852,10.33941,10.04509],"rotation":{"angle":45,"axis":"x","origin":[-5.83171,8,-1.71588]},"faces":{"north":{"uv":[10,1,11,2],"texture":"#0"},"east":{"uv":[10,1,11,2],"texture":"#0"},"south":{"uv":[10,1,11,2],"texture":"#0"},"west":{"uv":[10,1,11,2],"texture":"#0"},"up":{"uv":[10,1,11,2],"texture":"#0"},"down":{"uv":[10,1,11,2],"texture":"#0"}}},{"from":[-6.64491,5.6606,9.61646],"to":[-5.01852,10.33941,10.0451],"rotation":{"angle":22.5,"axis":"x","origin":[-5.83171,8,-1.71588]},"faces":{"north":{"uv":[10,1,11,2],"texture":"#0"},"east":{"uv":[10,1,11,2],"texture":"#0"},"south":{"uv":[10,1,11,2],"texture":"#0"},"west":{"uv":[10,1,11,2],"texture":"#0"},"up":{"uv":[10,1,11,2],"texture":"#0"},"down":{"uv":[10,1,11,2],"texture":"#0"}}},{"from":[-6.64491,5.6606,9.61645],"to":[-5.01852,10.33941,10.0451],"rotation":{"angle":0,"axis":"z","origin":[-5.83171,8,-1.71588]},"faces":{"north":{"uv":[10,1,11,2],"texture":"#0"},"east":{"uv":[10,1,11,2],"texture":"#0"},"south":{"uv":[10,1,11,2],"texture":"#0"},"west":{"uv":[10,1,11,2],"texture":"#0"},"up":{"uv":[10,1,11,2],"texture":"#0"},"down":{"uv":[10,1,11,2],"texture":"#0"}}},{"from":[-6.64491,5.6606,9.61645],"to":[-5.01852,10.33941,10.0451],"rotation":{"angle":-22.5,"axis":"x","origin":[-5.83171,8,-1.71588]},"faces":{"north":{"uv":[10,1,11,2],"texture":"#0"},"east":{"uv":[10,1,11,2],"texture":"#0"},"south":{"uv":[10,1,11,2],"texture":"#0"},"west":{"uv":[10,1,11,2],"texture":"#0"},"up":{"uv":[10,1,11,2],"texture":"#0"},"down":{"uv":[10,1,11,2],"texture":"#0"}}},{"from":[-6.64491,19.33234,-4.05529],"to":[-5.01852,19.76099,0.62352],"rotation":{"angle":45,"axis":"x","origin":[-5.83171,8,-1.71588]},"faces":{"north":{"uv":[10,1,11,2],"texture":"#0"},"east":{"uv":[10,1,11,2],"texture":"#0"},"south":{"uv":[10,1,11,2],"texture":"#0"},"west":{"uv":[10,1,11,2],"texture":"#0"},"up":{"uv":[10,1,11,2],"texture":"#0"},"down":{"uv":[10,1,11,2],"texture":"#0"}}},{"from":[-6.64491,19.33234,-4.05529],"to":[-5.01852,19.76098,0.62352],"rotation":{"angle":22.5,"axis":"x","origin":[-5.83171,8,-1.71588]},"faces":{"north":{"uv":[10,1,11,2],"texture":"#0"},"east":{"uv":[10,1,11,2],"texture":"#0"},"south":{"uv":[10,1,11,2],"texture":"#0"},"west":{"uv":[10,1,11,2],"texture":"#0"},"up":{"uv":[10,1,11,2],"texture":"#0"},"down":{"uv":[10,1,11,2],"texture":"#0"}}},{"from":[-6.63161,17.42955,-3.98458],"to":[-5.03182,19.40552,0.55282],"rotation":{"angle":0,"axis":"z","origin":[-5.83171,8,-1.71588]},"faces":{"north":{"uv":[1,1,2,2],"texture":"#0"},"east":{"uv":[1,1,2,2],"texture":"#0"},"south":{"uv":[1,1,2,2],"texture":"#0"},"west":{"uv":[1,1,2,2],"texture":"#0"},"up":{"uv":[1,1,2,2],"texture":"#0"},"down":{"uv":[1,1,2,2],"texture":"#0"}}},{"from":[-6.63161,17.42955,-3.98458],"to":[-5.03182,19.40552,0.55282],"rotation":{"angle":-22.5,"axis":"x","origin":[-5.83171,8,-1.71588]},"faces":{"north":{"uv":[1,1,2,2],"texture":"#0"},"east":{"uv":[1,1,2,2],"texture":"#0"},"south":{"uv":[1,1,2,2],"texture":"#0"},"west":{"uv":[1,1,2,2],"texture":"#0"},"up":{"uv":[1,1,2,2],"texture":"#0"},"down":{"uv":[1,1,2,2],"texture":"#0"}}},{"from":[-6.63161,17.42955,-3.98458],"to":[-5.03182,19.40552,0.55282],"rotation":{"angle":-45,"axis":"x","origin":[-5.83171,8,-1.71588]},"faces":{"north":{"uv":[1,1,2,2],"texture":"#0"},"east":{"uv":[1,1,2,2],"texture":"#0"},"south":{"uv":[1,1,2,2],"texture":"#0"},"west":{"uv":[1,1,2,2],"texture":"#0"},"up":{"uv":[1,1,2,2],"texture":"#0"},"down":{"uv":[1,1,2,2],"texture":"#0"}}},{"from":[-6.63161,5.7313,-13.12141],"to":[-5.03182,10.2687,-11.14543],"rotation":{"angle":22.5,"axis":"x","origin":[-5.83171,8,-1.71588]},"faces":{"north":{"uv":[1,1,2,2],"texture":"#0"},"east":{"uv":[1,1,2,2],"texture":"#0"},"south":{"uv":[1,1,2,2],"texture":"#0"},"west":{"uv":[1,1,2,2],"texture":"#0"},"up":{"uv":[1,1,2,2],"texture":"#0"},"down":{"uv":[1,1,2,2],"texture":"#0"}}},{"from":[-6.63161,5.7313,-13.12141],"to":[-5.03182,10.2687,-11.14543],"rotation":{"angle":0,"axis":"z","origin":[-5.83171,8,-1.71588]},"faces":{"north":{"uv":[1,1,2,2],"texture":"#0"},"east":{"uv":[1,1,2,2],"texture":"#0"},"south":{"uv":[1,1,2,2],"texture":"#0"},"west":{"uv":[1,1,2,2],"texture":"#0"},"up":{"uv":[1,1,2,2],"texture":"#0"},"down":{"uv":[1,1,2,2],"texture":"#0"}}},{"from":[-6.63161,5.7313,-13.12141],"to":[-5.03182,10.2687,-11.14543],"rotation":{"angle":-22.5,"axis":"x","origin":[-5.83171,8,-1.71588]},"faces":{"north":{"uv":[1,1,2,2],"texture":"#0"},"east":{"uv":[1,1,2,2],"texture":"#0"},"south":{"uv":[1,1,2,2],"texture":"#0"},"west":{"uv":[1,1,2,2],"texture":"#0"},"up":{"uv":[1,1,2,2],"texture":"#0"},"down":{"uv":[1,1,2,2],"texture":"#0"}}},{"from":[-6.63161,5.7313,-13.1214],"to":[-5.03182,10.2687,-11.14543],"rotation":{"angle":-45,"axis":"x","origin":[-5.83171,8,-1.71588]},"faces":{"north":{"uv":[1,1,2,2],"texture":"#0"},"east":{"uv":[1,1,2,2],"texture":"#0"},"south":{"uv":[1,1,2,2],"texture":"#0"},"west":{"uv":[1,1,2,2],"texture":"#0"},"up":{"uv":[1,1,2,2],"texture":"#0"},"down":{"uv":[1,1,2,2],"texture":"#0"}}},{"from":[-6.63161,-3.40552,-3.98458],"to":[-5.03182,-1.42955,0.55282],"rotation":{"angle":22.5,"axis":"x","origin":[-5.83171,8,-1.71588]},"faces":{"north":{"uv":[1,1,2,2],"texture":"#0"},"east":{"uv":[1,1,2,2],"texture":"#0"},"south":{"uv":[1,1,2,2],"texture":"#0"},"west":{"uv":[1,1,2,2],"texture":"#0"},"up":{"uv":[1,1,2,2],"texture":"#0"},"down":{"uv":[1,1,2,2],"texture":"#0"}}},{"from":[-6.63161,-3.40552,-3.98458],"to":[-5.03182,-1.42954,0.55282],"rotation":{"angle":0,"axis":"z","origin":[-5.83171,8,-1.71588]},"faces":{"north":{"uv":[1,1,2,2],"texture":"#0"},"east":{"uv":[1,1,2,2],"texture":"#0"},"south":{"uv":[1,1,2,2],"texture":"#0"},"west":{"uv":[1,1,2,2],"texture":"#0"},"up":{"uv":[1,1,2,2],"texture":"#0"},"down":{"uv":[1,1,2,2],"texture":"#0"}}},{"from":[-6.63161,-3.40552,-3.98458],"to":[-5.03182,-1.42955,0.55282],"rotation":{"angle":-22.5,"axis":"x","origin":[-5.83171,8,-1.71588]},"faces":{"north":{"uv":[1,1,2,2],"texture":"#0"},"east":{"uv":[1,1,2,2],"texture":"#0"},"south":{"uv":[1,1,2,2],"texture":"#0"},"west":{"uv":[1,1,2,2],"texture":"#0"},"up":{"uv":[1,1,2,2],"texture":"#0"},"down":{"uv":[1,1,2,2],"texture":"#0"}}},{"from":[-6.63161,5.7313,7.71366],"to":[-5.03182,10.2687,9.68964],"rotation":{"angle":45,"axis":"x","origin":[-5.83171,8,-1.71588]},"faces":{"north":{"uv":[1,1,2,2],"texture":"#0"},"east":{"uv":[1,1,2,2],"texture":"#0"},"south":{"uv":[1,1,2,2],"texture":"#0"},"west":{"uv":[1,1,2,2],"texture":"#0"},"up":{"uv":[1,1,2,2],"texture":"#0"},"down":{"uv":[1,1,2,2],"texture":"#0"}}},{"from":[-6.63161,5.7313,7.71366],"to":[-5.03182,10.2687,9.68964],"rotation":{"angle":22.5,"axis":"x","origin":[-5.83171,8,-1.71588]},"faces":{"north":{"uv":[1,1,2,2],"texture":"#0"},"east":{"uv":[1,1,2,2],"texture":"#0"},"south":{"uv":[1,1,2,2],"texture":"#0"},"west":{"uv":[1,1,2,2],"texture":"#0"},"up":{"uv":[1,1,2,2],"texture":"#0"},"down":{"uv":[1,1,2,2],"texture":"#0"}}},{"from":[-6.63161,5.7313,7.71366],"to":[-5.03182,10.2687,9.68964],"rotation":{"angle":0,"axis":"z","origin":[-5.83171,8,-1.71588]},"faces":{"north":{"uv":[1,1,2,2],"texture":"#0"},"east":{"uv":[1,1,2,2],"texture":"#0"},"south":{"uv":[1,1,2,2],"texture":"#0"},"west":{"uv":[1,1,2,2],"texture":"#0"},"up":{"uv":[1,1,2,2],"texture":"#0"},"down":{"uv":[1,1,2,2],"texture":"#0"}}},{"from":[-6.63161,5.7313,7.71366],"to":[-5.03182,10.2687,9.68964],"rotation":{"angle":-22.5,"axis":"x","origin":[-5.83171,8,-1.71588]},"faces":{"north":{"uv":[1,1,2,2],"texture":"#0"},"east":{"uv":[1,1,2,2],"texture":"#0"},"south":{"uv":[1,1,2,2],"texture":"#0"},"west":{"uv":[1,1,2,2],"texture":"#0"},"up":{"uv":[1,1,2,2],"texture":"#0"},"down":{"uv":[1,1,2,2],"texture":"#0"}}},{"from":[-6.63161,17.42955,-3.98458],"to":[-5.03182,19.40553,0.55282],"rotation":{"angle":45,"axis":"x","origin":[-5.83171,8,-1.71588]},"faces":{"north":{"uv":[1,1,2,2],"texture":"#0"},"east":{"uv":[1,1,2,2],"texture":"#0"},"south":{"uv":[1,1,2,2],"texture":"#0"},"west":{"uv":[1,1,2,2],"texture":"#0"},"up":{"uv":[1,1,2,2],"texture":"#0"},"down":{"uv":[1,1,2,2],"texture":"#0"}}},{"from":[-6.63161,17.42955,-3.98458],"to":[-5.03182,19.40552,0.55282],"rotation":{"angle":22.5,"axis":"x","origin":[-5.83171,8,-1.71588]},"faces":{"north":{"uv":[1,1,2,2],"texture":"#0"},"east":{"uv":[1,1,2,2],"texture":"#0"},"south":{"uv":[1,1,2,2],"texture":"#0"},"west":{"uv":[1,1,2,2],"texture":"#0"},"up":{"uv":[1,1,2,2],"texture":"#0"},"down":{"uv":[1,1,2,2],"texture":"#0"}}},{"from":[-6.43572,-1.60535,-1.96051],"to":[-5.22771,17.60536,-1.47126],"rotation":{"angle":0,"axis":"z","origin":[-5.83171,8,-1.71588]},"faces":{"north":{"uv":[1,1,2,2],"texture":"#0"},"east":{"uv":[1,1,2,2],"texture":"#0"},"south":{"uv":[1,1,2,2],"texture":"#0"},"west":{"uv":[1,1,2,2],"texture":"#0"},"up":{"uv":[1,1,2,2],"texture":"#0"},"down":{"uv":[1,1,2,2],"texture":"#0"}}},{"from":[-6.43572,-1.60535,-1.96051],"to":[-5.22771,17.60536,-1.47126],"rotation":{"angle":-45,"axis":"x","origin":[-5.83171,8,-1.71588]},"faces":{"north":{"uv":[1,1,2,2],"texture":"#0"},"east":{"uv":[1,1,2,2],"texture":"#0"},"south":{"uv":[1,1,2,2],"texture":"#0"},"west":{"uv":[1,1,2,2],"texture":"#0"},"up":{"uv":[1,1,2,2],"texture":"#0"},"down":{"uv":[1,1,2,2],"texture":"#0"}}},{"from":[-6.43572,-1.60535,-1.96051],"to":[-5.22771,17.60536,-1.47126],"rotation":{"angle":45,"axis":"x","origin":[-5.83171,8,-1.71588]},"faces":{"north":{"uv":[1,1,2,2],"texture":"#0"},"east":{"uv":[1,1,2,2],"texture":"#0"},"south":{"uv":[1,1,2,2],"texture":"#0"},"west":{"uv":[1,1,2,2],"texture":"#0"},"up":{"uv":[1,1,2,2],"texture":"#0"},"down":{"uv":[1,1,2,2],"texture":"#0"}}},{"from":[-6.43572,-1.60535,-1.96051],"to":[-5.22771,17.60536,-1.47126],"rotation":{"angle":22.5,"axis":"x","origin":[-5.83171,8,-1.71588]},"faces":{"north":{"uv":[1,1,2,2],"texture":"#0"},"east":{"uv":[1,1,2,2],"texture":"#0"},"south":{"uv":[1,1,2,2],"texture":"#0"},"west":{"uv":[1,1,2,2],"texture":"#0"},"up":{"uv":[1,1,2,2],"texture":"#0"},"down":{"uv":[1,1,2,2],"texture":"#0"}}},{"from":[-6.43572,-1.60535,-1.96051],"to":[-5.22771,17.60536,-1.47126],"rotation":{"angle":-22.5,"axis":"x","origin":[-5.83171,8,-1.71588]},"faces":{"north":{"uv":[1,1,2,2],"texture":"#0"},"east":{"uv":[1,1,2,2],"texture":"#0"},"south":{"uv":[1,1,2,2],"texture":"#0"},"west":{"uv":[1,1,2,2],"texture":"#0"},"up":{"uv":[1,1,2,2],"texture":"#0"},"down":{"uv":[1,1,2,2],"texture":"#0"}}},{"from":[-6.43572,7.75538,-11.32124],"to":[-5.22771,8.24463,7.88947],"rotation":{"angle":-22.5,"axis":"x","origin":[-5.83171,8,-1.71588]},"faces":{"north":{"uv":[1,1,2,2],"texture":"#0"},"east":{"uv":[1,1,2,2],"texture":"#0"},"south":{"uv":[1,1,2,2],"texture":"#0"},"west":{"uv":[1,1,2,2],"texture":"#0"},"up":{"uv":[1,1,2,2],"texture":"#0"},"down":{"uv":[1,1,2,2],"texture":"#0"}}},{"from":[-6.43572,7.75538,-11.32124],"to":[-5.22771,8.24463,7.88947],"rotation":{"angle":0,"axis":"z","origin":[-5.83171,8,-1.71588]},"faces":{"north":{"uv":[1,1,2,2],"texture":"#0"},"east":{"uv":[1,1,2,2],"texture":"#0"},"south":{"uv":[1,1,2,2],"texture":"#0"},"west":{"uv":[1,1,2,2],"texture":"#0"},"up":{"uv":[1,1,2,2],"texture":"#0"},"down":{"uv":[1,1,2,2],"texture":"#0"}}},{"from":[-6.43572,7.75538,-11.32124],"to":[-5.22771,8.24463,7.88947],"rotation":{"angle":22.5,"axis":"x","origin":[-5.83171,8,-1.71588]},"faces":{"north":{"uv":[1,1,2,2],"texture":"#0"},"east":{"uv":[1,1,2,2],"texture":"#0"},"south":{"uv":[1,1,2,2],"texture":"#0"},"west":{"uv":[1,1,2,2],"texture":"#0"},"up":{"uv":[1,1,2,2],"texture":"#0"},"down":{"uv":[1,1,2,2],"texture":"#0"}}},{"from":[-7.53845,7.48804,-1.92795],"to":[-3.74076,8.51197,-1.50382],"rotation":{"angle":0,"axis":"z","origin":[-5.63961,8,-1.71588]},"faces":{"north":{"uv":[1,1,2,2],"texture":"#0"},"east":{"uv":[1,1,2,2],"texture":"#0"},"south":{"uv":[1,1,2,2],"texture":"#0"},"west":{"uv":[1,1,2,2],"texture":"#0"},"up":{"uv":[1,1,2,2],"texture":"#0"},"down":{"uv":[1,1,2,2],"texture":"#0"}}},{"from":[-7.53845,7.78794,-2.22785],"to":[-3.74076,8.21206,-1.20392],"rotation":{"angle":0,"axis":"z","origin":[-5.63961,8,-1.71588]},"faces":{"north":{"uv":[1,1,2,2],"texture":"#0"},"east":{"uv":[1,1,2,2],"texture":"#0"},"south":{"uv":[1,1,2,2],"texture":"#0"},"west":{"uv":[1,1,2,2],"texture":"#0"},"up":{"uv":[1,1,2,2],"texture":"#0"},"down":{"uv":[1,1,2,2],"texture":"#0"}}},{"from":[-7.53845,7.48804,-1.92795],"to":[-3.74076,8.51197,-1.50382],"rotation":{"angle":-45,"axis":"x","origin":[-5.63961,8,-1.71588]},"faces":{"north":{"uv":[1,1,2,2],"texture":"#0"},"east":{"uv":[1,1,2,2],"texture":"#0"},"south":{"uv":[1,1,2,2],"texture":"#0"},"west":{"uv":[1,1,2,2],"texture":"#0"},"up":{"uv":[1,1,2,2],"texture":"#0"},"down":{"uv":[1,1,2,2],"texture":"#0"}}},{"from":[-7.53845,7.48804,-1.92795],"to":[-3.74076,8.51197,-1.50382],"rotation":{"angle":45,"axis":"x","origin":[-5.63961,8,-1.71588]},"faces":{"north":{"uv":[1,1,2,2],"texture":"#0"},"east":{"uv":[1,1,2,2],"texture":"#0"},"south":{"uv":[1,1,2,2],"texture":"#0"},"west":{"uv":[1,1,2,2],"texture":"#0"},"up":{"uv":[1,1,2,2],"texture":"#0"},"down":{"uv":[1,1,2,2],"texture":"#0"}}},{"from":[-6.60615,5.65543,-2.68704],"to":[-6.27719,10.34458,-0.74473],"rotation":{"angle":0,"axis":"z","origin":[-6.44167,8,-1.71588]},"faces":{"north":{"uv":[1,1,2,2],"texture":"#0"},"east":{"uv":[1,1,2,2],"texture":"#0"},"south":{"uv":[1,1,2,2],"texture":"#0"},"west":{"uv":[1,1,2,2],"texture":"#0"},"up":{"uv":[1,1,2,2],"texture":"#0"},"down":{"uv":[1,1,2,2],"texture":"#0"}}},{"from":[-6.60615,7.02885,-4.06046],"to":[-6.27719,8.97116,0.62869],"rotation":{"angle":0,"axis":"z","origin":[-6.44167,8,-1.71588]},"faces":{"north":{"uv":[1,1,2,2],"texture":"#0"},"east":{"uv":[1,1,2,2],"texture":"#0"},"south":{"uv":[1,1,2,2],"texture":"#0"},"west":{"uv":[1,1,2,2],"texture":"#0"},"up":{"uv":[1,1,2,2],"texture":"#0"},"down":{"uv":[1,1,2,2],"texture":"#0"}}},{"from":[-6.60615,5.65543,-2.68704],"to":[-6.27719,10.34458,-0.74473],"rotation":{"angle":-45,"axis":"x","origin":[-6.44167,8,-1.71588]},"faces":{"north":{"uv":[1,1,2,2],"texture":"#0"},"east":{"uv":[1,1,2,2],"texture":"#0"},"south":{"uv":[1,1,2,2],"texture":"#0"},"west":{"uv":[1,1,2,2],"texture":"#0"},"up":{"uv":[1,1,2,2],"texture":"#0"},"down":{"uv":[1,1,2,2],"texture":"#0"}}},{"from":[-6.60615,5.65543,-2.68704],"to":[-6.27719,10.34458,-0.74473],"rotation":{"angle":45,"axis":"x","origin":[-6.44167,8,-1.71588]},"faces":{"north":{"uv":[1,1,2,2],"texture":"#0"},"east":{"uv":[1,1,2,2],"texture":"#0"},"south":{"uv":[1,1,2,2],"texture":"#0"},"west":{"uv":[1,1,2,2],"texture":"#0"},"up":{"uv":[1,1,2,2],"texture":"#0"},"down":{"uv":[1,1,2,2],"texture":"#0"}}},{"from":[-4.56015,6.79583,-2.21467],"to":[-3.28946,9.20418,-1.2171],"rotation":{"angle":0,"axis":"z","origin":[-3.9248,8,-1.71588]},"faces":{"north":{"uv":[1,1,2,2],"texture":"#0"},"east":{"uv":[1,1,2,2],"texture":"#0"},"south":{"uv":[1,1,2,2],"texture":"#0"},"west":{"uv":[1,1,2,2],"texture":"#0"},"up":{"uv":[1,1,2,2],"texture":"#0"},"down":{"uv":[1,1,2,2],"texture":"#0"}}},{"from":[-4.56015,7.50122,-2.92006],"to":[-3.28946,8.49879,-0.51171],"rotation":{"angle":0,"axis":"z","origin":[-3.9248,8,-1.71588]},"faces":{"north":{"uv":[1,1,2,2],"texture":"#0"},"east":{"uv":[1,1,2,2],"texture":"#0"},"south":{"uv":[1,1,2,2],"texture":"#0"},"west":{"uv":[1,1,2,2],"texture":"#0"},"up":{"uv":[1,1,2,2],"texture":"#0"},"down":{"uv":[1,1,2,2],"texture":"#0"}}},{"from":[-4.56015,6.79583,-2.21467],"to":[-3.28946,9.20418,-1.2171],"rotation":{"angle":-45,"axis":"x","origin":[-3.9248,8,-1.71588]},"faces":{"north":{"uv":[1,1,2,2],"texture":"#0"},"east":{"uv":[1,1,2,2],"texture":"#0"},"south":{"uv":[1,1,2,2],"texture":"#0"},"west":{"uv":[1,1,2,2],"texture":"#0"},"up":{"uv":[1,1,2,2],"texture":"#0"},"down":{"uv":[1,1,2,2],"texture":"#0"}}},{"from":[-4.56015,6.79583,-2.21467],"to":[-3.28946,9.20418,-1.2171],"rotation":{"angle":45,"axis":"x","origin":[-3.9248,8,-1.71588]},"faces":{"north":{"uv":[1,1,2,2],"texture":"#0"},"east":{"uv":[1,1,2,2],"texture":"#0"},"south":{"uv":[1,1,2,2],"texture":"#0"},"west":{"uv":[1,1,2,2],"texture":"#0"},"up":{"uv":[1,1,2,2],"texture":"#0"},"down":{"uv":[1,1,2,2],"texture":"#0"}}},{"from":[-5.36981,5.65543,-2.68704],"to":[-5.04084,10.34458,-0.74473],"rotation":{"angle":0,"axis":"z","origin":[-5.20532,8,-1.71588]},"faces":{"north":{"uv":[1,1,2,2],"texture":"#0"},"east":{"uv":[1,1,2,2],"texture":"#0"},"south":{"uv":[1,1,2,2],"texture":"#0"},"west":{"uv":[1,1,2,2],"texture":"#0"},"up":{"uv":[1,1,2,2],"texture":"#0"},"down":{"uv":[1,1,2,2],"texture":"#0"}}},{"from":[-5.36981,7.02885,-4.06046],"to":[-5.04084,8.97116,0.62869],"rotation":{"angle":0,"axis":"z","origin":[-5.20532,8,-1.71588]},"faces":{"north":{"uv":[1,1,2,2],"texture":"#0"},"east":{"uv":[1,1,2,2],"texture":"#0"},"south":{"uv":[1,1,2,2],"texture":"#0"},"west":{"uv":[1,1,2,2],"texture":"#0"},"up":{"uv":[1,1,2,2],"texture":"#0"},"down":{"uv":[1,1,2,2],"texture":"#0"}}},{"from":[-5.36981,5.65543,-2.68704],"to":[-5.04084,10.34458,-0.74473],"rotation":{"angle":-45,"axis":"x","origin":[-5.20532,8,-1.71588]},"faces":{"north":{"uv":[1,1,2,2],"texture":"#0"},"east":{"uv":[1,1,2,2],"texture":"#0"},"south":{"uv":[1,1,2,2],"texture":"#0"},"west":{"uv":[1,1,2,2],"texture":"#0"},"up":{"uv":[1,1,2,2],"texture":"#0"},"down":{"uv":[1,1,2,2],"texture":"#0"}}},{"from":[-5.36981,5.65543,-2.68704],"to":[-5.04084,10.34458,-0.74473],"rotation":{"angle":45,"axis":"x","origin":[-5.20532,8,-1.71588]},"faces":{"north":{"uv":[1,1,2,2],"texture":"#0"},"east":{"uv":[1,1,2,2],"texture":"#0"},"south":{"uv":[1,1,2,2],"texture":"#0"},"west":{"uv":[1,1,2,2],"texture":"#0"},"up":{"uv":[1,1,2,2],"texture":"#0"},"down":{"uv":[1,1,2,2],"texture":"#0"}}},{"from":[-7.84405,7.20634,-2.04463],"to":[-7.18657,8.79366,-1.38714],"rotation":{"angle":0,"axis":"z","origin":[-7.51531,8,-1.71588]},"faces":{"north":{"uv":[1,1,2,2],"texture":"#0"},"east":{"uv":[1,1,2,2],"texture":"#0"},"south":{"uv":[1,1,2,2],"texture":"#0"},"west":{"uv":[1,1,2,2],"texture":"#0"},"up":{"uv":[1,1,2,2],"texture":"#0"},"down":{"uv":[1,1,2,2],"texture":"#0"}}},{"from":[-7.84405,7.67126,-2.50954],"to":[-7.18657,8.32875,-0.92222],"rotation":{"angle":0,"axis":"z","origin":[-7.51531,8,-1.71588]},"faces":{"north":{"uv":[1,1,2,2],"texture":"#0"},"east":{"uv":[1,1,2,2],"texture":"#0"},"south":{"uv":[1,1,2,2],"texture":"#0"},"west":{"uv":[1,1,2,2],"texture":"#0"},"up":{"uv":[1,1,2,2],"texture":"#0"},"down":{"uv":[1,1,2,2],"texture":"#0"}}},{"from":[-8.1007,7.75752,-1.95836],"to":[-7.57729,8.24248,-1.47341],"rotation":{"angle":0,"axis":"z","origin":[-7.51531,8,-1.71588]},"faces":{"north":{"uv":[1,7,2,8],"texture":"#0"},"east":{"uv":[1,7,2,8],"texture":"#0"},"south":{"uv":[1,7,2,8],"texture":"#0"},"west":{"uv":[1,7,2,8],"texture":"#0"},"up":{"uv":[1,7,2,8],"texture":"#0"},"down":{"uv":[1,7,2,8],"texture":"#0"}}},{"from":[-8.1007,7.75752,-1.95836],"to":[-7.64153,8.24248,-1.47341],"rotation":{"angle":45,"axis":"z","origin":[-7.51531,8,-1.71588]},"faces":{"north":{"uv":[1,7,2,8],"texture":"#0"},"east":{"uv":[1,7,2,8],"texture":"#0"},"south":{"uv":[1,7,2,8],"texture":"#0"},"west":{"uv":[1,7,2,8],"texture":"#0"},"up":{"uv":[1,7,2,8],"texture":"#0"},"down":{"uv":[1,7,2,8],"texture":"#0"}}},{"from":[-8.1007,7.75752,-1.95836],"to":[-7.64153,8.24248,-1.47341],"rotation":{"angle":-45,"axis":"z","origin":[-7.51531,8,-1.71588]},"faces":{"north":{"uv":[1,7,2,8],"texture":"#0"},"east":{"uv":[1,7,2,8],"texture":"#0"},"south":{"uv":[1,7,2,8],"texture":"#0"},"west":{"uv":[1,7,2,8],"texture":"#0"},"up":{"uv":[1,7,2,8],"texture":"#0"},"down":{"uv":[1,7,2,8],"texture":"#0"}}},{"from":[-7.84405,7.20634,-2.04463],"to":[-7.18657,8.79366,-1.38714],"rotation":{"angle":45,"axis":"x","origin":[-7.51531,8,-1.71588]},"faces":{"north":{"uv":[1,1,2,2],"texture":"#0"},"east":{"uv":[1,1,2,2],"texture":"#0"},"south":{"uv":[1,1,2,2],"texture":"#0"},"west":{"uv":[1,1,2,2],"texture":"#0"},"up":{"uv":[1,1,2,2],"texture":"#0"},"down":{"uv":[1,1,2,2],"texture":"#0"}}},{"from":[-7.84405,7.20634,-2.04463],"to":[-7.18657,8.79366,-1.38714],"rotation":{"angle":-45,"axis":"x","origin":[-7.51531,8,-1.71588]},"faces":{"north":{"uv":[1,1,2,2],"texture":"#0"},"east":{"uv":[1,1,2,2],"texture":"#0"},"south":{"uv":[1,1,2,2],"texture":"#0"},"west":{"uv":[1,1,2,2],"texture":"#0"},"up":{"uv":[1,1,2,2],"texture":"#0"},"down":{"uv":[1,1,2,2],"texture":"#0"}}},{"from":[-7.75779,7.75752,-2.30128],"to":[-7.27283,8.24248,-1.8421],"rotation":{"angle":45,"axis":"y","origin":[-7.51531,8,-1.71588]},"faces":{"north":{"uv":[1,7,2,8],"texture":"#0"},"east":{"uv":[1,7,2,8],"texture":"#0"},"south":{"uv":[1,7,2,8],"texture":"#0"},"west":{"uv":[1,7,2,8],"texture":"#0"},"up":{"uv":[1,7,2,8],"texture":"#0"},"down":{"uv":[1,7,2,8],"texture":"#0"}}},{"from":[-7.75779,7.75752,-1.58967],"to":[-7.27283,8.24248,-1.13049],"rotation":{"angle":-45,"axis":"y","origin":[-7.51531,8,-1.71588]},"faces":{"north":{"uv":[1,7,2,8],"texture":"#0"},"east":{"uv":[1,7,2,8],"texture":"#0"},"south":{"uv":[1,7,2,8],"texture":"#0"},"west":{"uv":[1,7,2,8],"texture":"#0"},"up":{"uv":[1,7,2,8],"texture":"#0"},"down":{"uv":[1,7,2,8],"texture":"#0"}}},{"from":[21.01852,19.33234,-4.05529],"to":[22.64491,19.76098,0.62352],"rotation":{"angle":0,"axis":"z","origin":[21.83171,8,-1.71588]},"faces":{"north":{"uv":[10,1,11,2],"texture":"#0"},"east":{"uv":[10,1,11,2],"texture":"#0"},"south":{"uv":[10,1,11,2],"texture":"#0"},"west":{"uv":[10,1,11,2],"texture":"#0"},"up":{"uv":[10,1,11,2],"texture":"#0"},"down":{"uv":[10,1,11,2],"texture":"#0"}}},{"from":[21.01852,19.33234,-4.05529],"to":[22.64491,19.76098,0.62352],"rotation":{"angle":-22.5,"axis":"x","origin":[21.83171,8,-1.71588]},"faces":{"north":{"uv":[10,1,11,2],"texture":"#0"},"east":{"uv":[10,1,11,2],"texture":"#0"},"south":{"uv":[10,1,11,2],"texture":"#0"},"west":{"uv":[10,1,11,2],"texture":"#0"},"up":{"uv":[10,1,11,2],"texture":"#0"},"down":{"uv":[10,1,11,2],"texture":"#0"}}},{"from":[21.01852,19.33234,-4.05529],"to":[22.64491,19.76098,0.62352],"rotation":{"angle":-45,"axis":"x","origin":[21.83171,8,-1.71588]},"faces":{"north":{"uv":[10,1,11,2],"texture":"#0"},"east":{"uv":[10,1,11,2],"texture":"#0"},"south":{"uv":[10,1,11,2],"texture":"#0"},"west":{"uv":[10,1,11,2],"texture":"#0"},"up":{"uv":[10,1,11,2],"texture":"#0"},"down":{"uv":[10,1,11,2],"texture":"#0"}}},{"from":[21.01852,5.6606,-13.47687],"to":[22.64491,10.33941,-13.04823],"rotation":{"angle":22.5,"axis":"x","origin":[21.83171,8,-1.71588]},"faces":{"north":{"uv":[10,1,11,2],"texture":"#0"},"east":{"uv":[10,1,11,2],"texture":"#0"},"south":{"uv":[10,1,11,2],"texture":"#0"},"west":{"uv":[10,1,11,2],"texture":"#0"},"up":{"uv":[10,1,11,2],"texture":"#0"},"down":{"uv":[10,1,11,2],"texture":"#0"}}},{"from":[21.01852,5.6606,-13.47686],"to":[22.64491,10.33941,-13.04822],"rotation":{"angle":0,"axis":"z","origin":[21.83171,8,-1.71588]},"faces":{"north":{"uv":[10,1,11,2],"texture":"#0"},"east":{"uv":[10,1,11,2],"texture":"#0"},"south":{"uv":[10,1,11,2],"texture":"#0"},"west":{"uv":[10,1,11,2],"texture":"#0"},"up":{"uv":[10,1,11,2],"texture":"#0"},"down":{"uv":[10,1,11,2],"texture":"#0"}}},{"from":[21.01852,5.6606,-13.47686],"to":[22.64491,10.33941,-13.04822],"rotation":{"angle":-22.5,"axis":"x","origin":[21.83171,8,-1.71588]},"faces":{"north":{"uv":[10,1,11,2],"texture":"#0"},"east":{"uv":[10,1,11,2],"texture":"#0"},"south":{"uv":[10,1,11,2],"texture":"#0"},"west":{"uv":[10,1,11,2],"texture":"#0"},"up":{"uv":[10,1,11,2],"texture":"#0"},"down":{"uv":[10,1,11,2],"texture":"#0"}}},{"from":[21.01852,5.6606,-13.47686],"to":[22.64491,10.33941,-13.04822],"rotation":{"angle":-45,"axis":"x","origin":[21.83171,8,-1.71588]},"faces":{"north":{"uv":[10,1,11,2],"texture":"#0"},"east":{"uv":[10,1,11,2],"texture":"#0"},"south":{"uv":[10,1,11,2],"texture":"#0"},"west":{"uv":[10,1,11,2],"texture":"#0"},"up":{"uv":[10,1,11,2],"texture":"#0"},"down":{"uv":[10,1,11,2],"texture":"#0"}}},{"from":[21.01852,-3.76099,-4.05529],"to":[22.64491,-3.33234,0.62352],"rotation":{"angle":22.5,"axis":"x","origin":[21.83171,8,-1.71588]},"faces":{"north":{"uv":[10,1,11,2],"texture":"#0"},"east":{"uv":[10,1,11,2],"texture":"#0"},"south":{"uv":[10,1,11,2],"texture":"#0"},"west":{"uv":[10,1,11,2],"texture":"#0"},"up":{"uv":[10,1,11,2],"texture":"#0"},"down":{"uv":[10,1,11,2],"texture":"#0"}}},{"from":[21.01852,-3.76098,-4.05529],"to":[22.64491,-3.33233,0.62352],"rotation":{"angle":0,"axis":"z","origin":[21.83171,8,-1.71588]},"faces":{"north":{"uv":[10,1,11,2],"texture":"#0"},"east":{"uv":[10,1,11,2],"texture":"#0"},"south":{"uv":[10,1,11,2],"texture":"#0"},"west":{"uv":[10,1,11,2],"texture":"#0"},"up":{"uv":[10,1,11,2],"texture":"#0"},"down":{"uv":[10,1,11,2],"texture":"#0"}}},{"from":[21.01852,-3.76099,-4.05529],"to":[22.64491,-3.33234,0.62352],"rotation":{"angle":-22.5,"axis":"x","origin":[21.83171,8,-1.71588]},"faces":{"north":{"uv":[10,1,11,2],"texture":"#0"},"east":{"uv":[10,1,11,2],"texture":"#0"},"south":{"uv":[10,1,11,2],"texture":"#0"},"west":{"uv":[10,1,11,2],"texture":"#0"},"up":{"uv":[10,1,11,2],"texture":"#0"},"down":{"uv":[10,1,11,2],"texture":"#0"}}},{"from":[21.01852,5.6606,9.61645],"to":[22.64491,10.33941,10.04509],"rotation":{"angle":45,"axis":"x","origin":[21.83171,8,-1.71588]},"faces":{"north":{"uv":[10,1,11,2],"texture":"#0"},"east":{"uv":[10,1,11,2],"texture":"#0"},"south":{"uv":[10,1,11,2],"texture":"#0"},"west":{"uv":[10,1,11,2],"texture":"#0"},"up":{"uv":[10,1,11,2],"texture":"#0"},"down":{"uv":[10,1,11,2],"texture":"#0"}}},{"from":[21.01852,5.6606,9.61646],"to":[22.64491,10.33941,10.0451],"rotation":{"angle":22.5,"axis":"x","origin":[21.83171,8,-1.71588]},"faces":{"north":{"uv":[10,1,11,2],"texture":"#0"},"east":{"uv":[10,1,11,2],"texture":"#0"},"south":{"uv":[10,1,11,2],"texture":"#0"},"west":{"uv":[10,1,11,2],"texture":"#0"},"up":{"uv":[10,1,11,2],"texture":"#0"},"down":{"uv":[10,1,11,2],"texture":"#0"}}},{"from":[21.01852,5.6606,9.61645],"to":[22.64491,10.33941,10.0451],"rotation":{"angle":0,"axis":"z","origin":[21.83171,8,-1.71588]},"faces":{"north":{"uv":[10,1,11,2],"texture":"#0"},"east":{"uv":[10,1,11,2],"texture":"#0"},"south":{"uv":[10,1,11,2],"texture":"#0"},"west":{"uv":[10,1,11,2],"texture":"#0"},"up":{"uv":[10,1,11,2],"texture":"#0"},"down":{"uv":[10,1,11,2],"texture":"#0"}}},{"from":[21.01852,5.6606,9.61645],"to":[22.64491,10.33941,10.0451],"rotation":{"angle":-22.5,"axis":"x","origin":[21.83171,8,-1.71588]},"faces":{"north":{"uv":[10,1,11,2],"texture":"#0"},"east":{"uv":[10,1,11,2],"texture":"#0"},"south":{"uv":[10,1,11,2],"texture":"#0"},"west":{"uv":[10,1,11,2],"texture":"#0"},"up":{"uv":[10,1,11,2],"texture":"#0"},"down":{"uv":[10,1,11,2],"texture":"#0"}}},{"from":[21.01852,19.33234,-4.05529],"to":[22.64491,19.76099,0.62352],"rotation":{"angle":45,"axis":"x","origin":[21.83171,8,-1.71588]},"faces":{"north":{"uv":[10,1,11,2],"texture":"#0"},"east":{"uv":[10,1,11,2],"texture":"#0"},"south":{"uv":[10,1,11,2],"texture":"#0"},"west":{"uv":[10,1,11,2],"texture":"#0"},"up":{"uv":[10,1,11,2],"texture":"#0"},"down":{"uv":[10,1,11,2],"texture":"#0"}}},{"from":[21.01852,19.33234,-4.05529],"to":[22.64491,19.76098,0.62352],"rotation":{"angle":22.5,"axis":"x","origin":[21.83171,8,-1.71588]},"faces":{"north":{"uv":[10,1,11,2],"texture":"#0"},"east":{"uv":[10,1,11,2],"texture":"#0"},"south":{"uv":[10,1,11,2],"texture":"#0"},"west":{"uv":[10,1,11,2],"texture":"#0"},"up":{"uv":[10,1,11,2],"texture":"#0"},"down":{"uv":[10,1,11,2],"texture":"#0"}}},{"from":[21.03182,17.42955,-3.98458],"to":[22.63161,19.40552,0.55282],"rotation":{"angle":0,"axis":"z","origin":[21.83171,8,-1.71588]},"faces":{"north":{"uv":[1,1,2,2],"texture":"#0"},"east":{"uv":[1,1,2,2],"texture":"#0"},"south":{"uv":[1,1,2,2],"texture":"#0"},"west":{"uv":[1,1,2,2],"texture":"#0"},"up":{"uv":[1,1,2,2],"texture":"#0"},"down":{"uv":[1,1,2,2],"texture":"#0"}}},{"from":[21.03182,17.42955,-3.98458],"to":[22.63161,19.40552,0.55282],"rotation":{"angle":-22.5,"axis":"x","origin":[21.83171,8,-1.71588]},"faces":{"north":{"uv":[1,1,2,2],"texture":"#0"},"east":{"uv":[1,1,2,2],"texture":"#0"},"south":{"uv":[1,1,2,2],"texture":"#0"},"west":{"uv":[1,1,2,2],"texture":"#0"},"up":{"uv":[1,1,2,2],"texture":"#0"},"down":{"uv":[1,1,2,2],"texture":"#0"}}},{"from":[21.03182,17.42955,-3.98458],"to":[22.63161,19.40552,0.55282],"rotation":{"angle":-45,"axis":"x","origin":[21.83171,8,-1.71588]},"faces":{"north":{"uv":[1,1,2,2],"texture":"#0"},"east":{"uv":[1,1,2,2],"texture":"#0"},"south":{"uv":[1,1,2,2],"texture":"#0"},"west":{"uv":[1,1,2,2],"texture":"#0"},"up":{"uv":[1,1,2,2],"texture":"#0"},"down":{"uv":[1,1,2,2],"texture":"#0"}}},{"from":[21.03182,5.7313,-13.12141],"to":[22.63161,10.2687,-11.14543],"rotation":{"angle":22.5,"axis":"x","origin":[21.83171,8,-1.71588]},"faces":{"north":{"uv":[1,1,2,2],"texture":"#0"},"east":{"uv":[1,1,2,2],"texture":"#0"},"south":{"uv":[1,1,2,2],"texture":"#0"},"west":{"uv":[1,1,2,2],"texture":"#0"},"up":{"uv":[1,1,2,2],"texture":"#0"},"down":{"uv":[1,1,2,2],"texture":"#0"}}},{"from":[21.03182,5.7313,-13.12141],"to":[22.63161,10.2687,-11.14543],"rotation":{"angle":0,"axis":"z","origin":[21.83171,8,-1.71588]},"faces":{"north":{"uv":[1,1,2,2],"texture":"#0"},"east":{"uv":[1,1,2,2],"texture":"#0"},"south":{"uv":[1,1,2,2],"texture":"#0"},"west":{"uv":[1,1,2,2],"texture":"#0"},"up":{"uv":[1,1,2,2],"texture":"#0"},"down":{"uv":[1,1,2,2],"texture":"#0"}}},{"from":[21.03182,5.7313,-13.12141],"to":[22.63161,10.2687,-11.14543],"rotation":{"angle":-22.5,"axis":"x","origin":[21.83171,8,-1.71588]},"faces":{"north":{"uv":[1,1,2,2],"texture":"#0"},"east":{"uv":[1,1,2,2],"texture":"#0"},"south":{"uv":[1,1,2,2],"texture":"#0"},"west":{"uv":[1,1,2,2],"texture":"#0"},"up":{"uv":[1,1,2,2],"texture":"#0"},"down":{"uv":[1,1,2,2],"texture":"#0"}}},{"from":[21.03182,5.7313,-13.1214],"to":[22.63161,10.2687,-11.14543],"rotation":{"angle":-45,"axis":"x","origin":[21.83171,8,-1.71588]},"faces":{"north":{"uv":[1,1,2,2],"texture":"#0"},"east":{"uv":[1,1,2,2],"texture":"#0"},"south":{"uv":[1,1,2,2],"texture":"#0"},"west":{"uv":[1,1,2,2],"texture":"#0"},"up":{"uv":[1,1,2,2],"texture":"#0"},"down":{"uv":[1,1,2,2],"texture":"#0"}}},{"from":[21.03182,-3.40552,-3.98458],"to":[22.63161,-1.42955,0.55282],"rotation":{"angle":22.5,"axis":"x","origin":[21.83171,8,-1.71588]},"faces":{"north":{"uv":[1,1,2,2],"texture":"#0"},"east":{"uv":[1,1,2,2],"texture":"#0"},"south":{"uv":[1,1,2,2],"texture":"#0"},"west":{"uv":[1,1,2,2],"texture":"#0"},"up":{"uv":[1,1,2,2],"texture":"#0"},"down":{"uv":[1,1,2,2],"texture":"#0"}}},{"from":[21.03182,-3.40552,-3.98458],"to":[22.63161,-1.42954,0.55282],"rotation":{"angle":0,"axis":"z","origin":[21.83171,8,-1.71588]},"faces":{"north":{"uv":[1,1,2,2],"texture":"#0"},"east":{"uv":[1,1,2,2],"texture":"#0"},"south":{"uv":[1,1,2,2],"texture":"#0"},"west":{"uv":[1,1,2,2],"texture":"#0"},"up":{"uv":[1,1,2,2],"texture":"#0"},"down":{"uv":[1,1,2,2],"texture":"#0"}}},{"from":[21.03182,-3.40552,-3.98458],"to":[22.63161,-1.42955,0.55282],"rotation":{"angle":-22.5,"axis":"x","origin":[21.83171,8,-1.71588]},"faces":{"north":{"uv":[1,1,2,2],"texture":"#0"},"east":{"uv":[1,1,2,2],"texture":"#0"},"south":{"uv":[1,1,2,2],"texture":"#0"},"west":{"uv":[1,1,2,2],"texture":"#0"},"up":{"uv":[1,1,2,2],"texture":"#0"},"down":{"uv":[1,1,2,2],"texture":"#0"}}},{"from":[21.03182,5.7313,7.71366],"to":[22.63161,10.2687,9.68964],"rotation":{"angle":45,"axis":"x","origin":[21.83171,8,-1.71588]},"faces":{"north":{"uv":[1,1,2,2],"texture":"#0"},"east":{"uv":[1,1,2,2],"texture":"#0"},"south":{"uv":[1,1,2,2],"texture":"#0"},"west":{"uv":[1,1,2,2],"texture":"#0"},"up":{"uv":[1,1,2,2],"texture":"#0"},"down":{"uv":[1,1,2,2],"texture":"#0"}}},{"from":[21.03182,5.7313,7.71366],"to":[22.63161,10.2687,9.68964],"rotation":{"angle":22.5,"axis":"x","origin":[21.83171,8,-1.71588]},"faces":{"north":{"uv":[1,1,2,2],"texture":"#0"},"east":{"uv":[1,1,2,2],"texture":"#0"},"south":{"uv":[1,1,2,2],"texture":"#0"},"west":{"uv":[1,1,2,2],"texture":"#0"},"up":{"uv":[1,1,2,2],"texture":"#0"},"down":{"uv":[1,1,2,2],"texture":"#0"}}},{"from":[21.03182,5.7313,7.71366],"to":[22.63161,10.2687,9.68964],"rotation":{"angle":0,"axis":"z","origin":[21.83171,8,-1.71588]},"faces":{"north":{"uv":[1,1,2,2],"texture":"#0"},"east":{"uv":[1,1,2,2],"texture":"#0"},"south":{"uv":[1,1,2,2],"texture":"#0"},"west":{"uv":[1,1,2,2],"texture":"#0"},"up":{"uv":[1,1,2,2],"texture":"#0"},"down":{"uv":[1,1,2,2],"texture":"#0"}}},{"from":[21.03182,5.7313,7.71366],"to":[22.63161,10.2687,9.68964],"rotation":{"angle":-22.5,"axis":"x","origin":[21.83171,8,-1.71588]},"faces":{"north":{"uv":[1,1,2,2],"texture":"#0"},"east":{"uv":[1,1,2,2],"texture":"#0"},"south":{"uv":[1,1,2,2],"texture":"#0"},"west":{"uv":[1,1,2,2],"texture":"#0"},"up":{"uv":[1,1,2,2],"texture":"#0"},"down":{"uv":[1,1,2,2],"texture":"#0"}}},{"from":[21.03182,17.42955,-3.98458],"to":[22.63161,19.40553,0.55282],"rotation":{"angle":45,"axis":"x","origin":[21.83171,8,-1.71588]},"faces":{"north":{"uv":[1,1,2,2],"texture":"#0"},"east":{"uv":[1,1,2,2],"texture":"#0"},"south":{"uv":[1,1,2,2],"texture":"#0"},"west":{"uv":[1,1,2,2],"texture":"#0"},"up":{"uv":[1,1,2,2],"texture":"#0"},"down":{"uv":[1,1,2,2],"texture":"#0"}}},{"from":[21.03182,17.42955,-3.98458],"to":[22.63161,19.40552,0.55282],"rotation":{"angle":22.5,"axis":"x","origin":[21.83171,8,-1.71588]},"faces":{"north":{"uv":[1,1,2,2],"texture":"#0"},"east":{"uv":[1,1,2,2],"texture":"#0"},"south":{"uv":[1,1,2,2],"texture":"#0"},"west":{"uv":[1,1,2,2],"texture":"#0"},"up":{"uv":[1,1,2,2],"texture":"#0"},"down":{"uv":[1,1,2,2],"texture":"#0"}}},{"from":[21.22771,-1.60535,-1.96051],"to":[22.43572,17.60536,-1.47126],"rotation":{"angle":0,"axis":"z","origin":[21.83171,8,-1.71588]},"faces":{"north":{"uv":[1,1,2,2],"texture":"#0"},"east":{"uv":[1,1,2,2],"texture":"#0"},"south":{"uv":[1,1,2,2],"texture":"#0"},"west":{"uv":[1,1,2,2],"texture":"#0"},"up":{"uv":[1,1,2,2],"texture":"#0"},"down":{"uv":[1,1,2,2],"texture":"#0"}}},{"from":[21.22771,-1.60535,-1.96051],"to":[22.43572,17.60536,-1.47126],"rotation":{"angle":-45,"axis":"x","origin":[21.83171,8,-1.71588]},"faces":{"north":{"uv":[1,1,2,2],"texture":"#0"},"east":{"uv":[1,1,2,2],"texture":"#0"},"south":{"uv":[1,1,2,2],"texture":"#0"},"west":{"uv":[1,1,2,2],"texture":"#0"},"up":{"uv":[1,1,2,2],"texture":"#0"},"down":{"uv":[1,1,2,2],"texture":"#0"}}},{"from":[21.22771,-1.60535,-1.96051],"to":[22.43572,17.60536,-1.47126],"rotation":{"angle":45,"axis":"x","origin":[21.83171,8,-1.71588]},"faces":{"north":{"uv":[1,1,2,2],"texture":"#0"},"east":{"uv":[1,1,2,2],"texture":"#0"},"south":{"uv":[1,1,2,2],"texture":"#0"},"west":{"uv":[1,1,2,2],"texture":"#0"},"up":{"uv":[1,1,2,2],"texture":"#0"},"down":{"uv":[1,1,2,2],"texture":"#0"}}},{"from":[21.22771,-1.60535,-1.96051],"to":[22.43572,17.60536,-1.47126],"rotation":{"angle":22.5,"axis":"x","origin":[21.83171,8,-1.71588]},"faces":{"north":{"uv":[1,1,2,2],"texture":"#0"},"east":{"uv":[1,1,2,2],"texture":"#0"},"south":{"uv":[1,1,2,2],"texture":"#0"},"west":{"uv":[1,1,2,2],"texture":"#0"},"up":{"uv":[1,1,2,2],"texture":"#0"},"down":{"uv":[1,1,2,2],"texture":"#0"}}},{"from":[21.22771,-1.60535,-1.96051],"to":[22.43572,17.60536,-1.47126],"rotation":{"angle":-22.5,"axis":"x","origin":[21.83171,8,-1.71588]},"faces":{"north":{"uv":[1,1,2,2],"texture":"#0"},"east":{"uv":[1,1,2,2],"texture":"#0"},"south":{"uv":[1,1,2,2],"texture":"#0"},"west":{"uv":[1,1,2,2],"texture":"#0"},"up":{"uv":[1,1,2,2],"texture":"#0"},"down":{"uv":[1,1,2,2],"texture":"#0"}}},{"from":[21.22771,7.75538,-11.32124],"to":[22.43572,8.24463,7.88947],"rotation":{"angle":-22.5,"axis":"x","origin":[21.83171,8,-1.71588]},"faces":{"north":{"uv":[1,1,2,2],"texture":"#0"},"east":{"uv":[1,1,2,2],"texture":"#0"},"south":{"uv":[1,1,2,2],"texture":"#0"},"west":{"uv":[1,1,2,2],"texture":"#0"},"up":{"uv":[1,1,2,2],"texture":"#0"},"down":{"uv":[1,1,2,2],"texture":"#0"}}},{"from":[21.22771,7.75538,-11.32124],"to":[22.43572,8.24463,7.88947],"rotation":{"angle":0,"axis":"z","origin":[21.83171,8,-1.71588]},"faces":{"north":{"uv":[1,1,2,2],"texture":"#0"},"east":{"uv":[1,1,2,2],"texture":"#0"},"south":{"uv":[1,1,2,2],"texture":"#0"},"west":{"uv":[1,1,2,2],"texture":"#0"},"up":{"uv":[1,1,2,2],"texture":"#0"},"down":{"uv":[1,1,2,2],"texture":"#0"}}},{"from":[21.22771,7.75538,-11.32124],"to":[22.43572,8.24463,7.88947],"rotation":{"angle":22.5,"axis":"x","origin":[21.83171,8,-1.71588]},"faces":{"north":{"uv":[1,1,2,2],"texture":"#0"},"east":{"uv":[1,1,2,2],"texture":"#0"},"south":{"uv":[1,1,2,2],"texture":"#0"},"west":{"uv":[1,1,2,2],"texture":"#0"},"up":{"uv":[1,1,2,2],"texture":"#0"},"down":{"uv":[1,1,2,2],"texture":"#0"}}},{"from":[19.74076,7.48804,-1.92795],"to":[23.53845,8.51197,-1.50382],"rotation":{"angle":0,"axis":"z","origin":[21.63961,8,-1.71588]},"faces":{"north":{"uv":[1,1,2,2],"texture":"#0"},"east":{"uv":[1,1,2,2],"texture":"#0"},"south":{"uv":[1,1,2,2],"texture":"#0"},"west":{"uv":[1,1,2,2],"texture":"#0"},"up":{"uv":[1,1,2,2],"texture":"#0"},"down":{"uv":[1,1,2,2],"texture":"#0"}}},{"from":[19.74076,7.78794,-2.22785],"to":[23.53845,8.21206,-1.20392],"rotation":{"angle":0,"axis":"z","origin":[21.63961,8,-1.71588]},"faces":{"north":{"uv":[1,1,2,2],"texture":"#0"},"east":{"uv":[1,1,2,2],"texture":"#0"},"south":{"uv":[1,1,2,2],"texture":"#0"},"west":{"uv":[1,1,2,2],"texture":"#0"},"up":{"uv":[1,1,2,2],"texture":"#0"},"down":{"uv":[1,1,2,2],"texture":"#0"}}},{"from":[19.74076,7.48804,-1.92795],"to":[23.53845,8.51197,-1.50382],"rotation":{"angle":-45,"axis":"x","origin":[21.63961,8,-1.71588]},"faces":{"north":{"uv":[1,1,2,2],"texture":"#0"},"east":{"uv":[1,1,2,2],"texture":"#0"},"south":{"uv":[1,1,2,2],"texture":"#0"},"west":{"uv":[1,1,2,2],"texture":"#0"},"up":{"uv":[1,1,2,2],"texture":"#0"},"down":{"uv":[1,1,2,2],"texture":"#0"}}},{"from":[19.74076,7.48804,-1.92795],"to":[23.53845,8.51197,-1.50382],"rotation":{"angle":45,"axis":"x","origin":[21.63961,8,-1.71588]},"faces":{"north":{"uv":[1,1,2,2],"texture":"#0"},"east":{"uv":[1,1,2,2],"texture":"#0"},"south":{"uv":[1,1,2,2],"texture":"#0"},"west":{"uv":[1,1,2,2],"texture":"#0"},"up":{"uv":[1,1,2,2],"texture":"#0"},"down":{"uv":[1,1,2,2],"texture":"#0"}}},{"from":[22.27719,5.65543,-2.68704],"to":[22.60615,10.34458,-0.74473],"rotation":{"angle":0,"axis":"z","origin":[22.44167,8,-1.71588]},"faces":{"north":{"uv":[1,1,2,2],"texture":"#0"},"east":{"uv":[1,1,2,2],"texture":"#0"},"south":{"uv":[1,1,2,2],"texture":"#0"},"west":{"uv":[1,1,2,2],"texture":"#0"},"up":{"uv":[1,1,2,2],"texture":"#0"},"down":{"uv":[1,1,2,2],"texture":"#0"}}},{"from":[22.27719,7.02885,-4.06046],"to":[22.60615,8.97116,0.62869],"rotation":{"angle":0,"axis":"z","origin":[22.44167,8,-1.71588]},"faces":{"north":{"uv":[1,1,2,2],"texture":"#0"},"east":{"uv":[1,1,2,2],"texture":"#0"},"south":{"uv":[1,1,2,2],"texture":"#0"},"west":{"uv":[1,1,2,2],"texture":"#0"},"up":{"uv":[1,1,2,2],"texture":"#0"},"down":{"uv":[1,1,2,2],"texture":"#0"}}},{"from":[22.27719,5.65543,-2.68704],"to":[22.60615,10.34458,-0.74473],"rotation":{"angle":-45,"axis":"x","origin":[22.44167,8,-1.71588]},"faces":{"north":{"uv":[1,1,2,2],"texture":"#0"},"east":{"uv":[1,1,2,2],"texture":"#0"},"south":{"uv":[1,1,2,2],"texture":"#0"},"west":{"uv":[1,1,2,2],"texture":"#0"},"up":{"uv":[1,1,2,2],"texture":"#0"},"down":{"uv":[1,1,2,2],"texture":"#0"}}},{"from":[22.27719,5.65543,-2.68704],"to":[22.60615,10.34458,-0.74473],"rotation":{"angle":45,"axis":"x","origin":[22.44167,8,-1.71588]},"faces":{"north":{"uv":[1,1,2,2],"texture":"#0"},"east":{"uv":[1,1,2,2],"texture":"#0"},"south":{"uv":[1,1,2,2],"texture":"#0"},"west":{"uv":[1,1,2,2],"texture":"#0"},"up":{"uv":[1,1,2,2],"texture":"#0"},"down":{"uv":[1,1,2,2],"texture":"#0"}}},{"from":[19.28946,6.79583,-2.21467],"to":[20.56015,9.20418,-1.2171],"rotation":{"angle":0,"axis":"z","origin":[19.9248,8,-1.71588]},"faces":{"north":{"uv":[1,1,2,2],"texture":"#0"},"east":{"uv":[1,1,2,2],"texture":"#0"},"south":{"uv":[1,1,2,2],"texture":"#0"},"west":{"uv":[1,1,2,2],"texture":"#0"},"up":{"uv":[1,1,2,2],"texture":"#0"},"down":{"uv":[1,1,2,2],"texture":"#0"}}},{"from":[19.28946,7.50122,-2.92006],"to":[20.56015,8.49879,-0.51171],"rotation":{"angle":0,"axis":"z","origin":[19.9248,8,-1.71588]},"faces":{"north":{"uv":[1,1,2,2],"texture":"#0"},"east":{"uv":[1,1,2,2],"texture":"#0"},"south":{"uv":[1,1,2,2],"texture":"#0"},"west":{"uv":[1,1,2,2],"texture":"#0"},"up":{"uv":[1,1,2,2],"texture":"#0"},"down":{"uv":[1,1,2,2],"texture":"#0"}}},{"from":[19.28946,6.79583,-2.21467],"to":[20.56015,9.20418,-1.2171],"rotation":{"angle":-45,"axis":"x","origin":[19.9248,8,-1.71588]},"faces":{"north":{"uv":[1,1,2,2],"texture":"#0"},"east":{"uv":[1,1,2,2],"texture":"#0"},"south":{"uv":[1,1,2,2],"texture":"#0"},"west":{"uv":[1,1,2,2],"texture":"#0"},"up":{"uv":[1,1,2,2],"texture":"#0"},"down":{"uv":[1,1,2,2],"texture":"#0"}}},{"from":[19.28946,6.79583,-2.21467],"to":[20.56015,9.20418,-1.2171],"rotation":{"angle":45,"axis":"x","origin":[19.9248,8,-1.71588]},"faces":{"north":{"uv":[1,1,2,2],"texture":"#0"},"east":{"uv":[1,1,2,2],"texture":"#0"},"south":{"uv":[1,1,2,2],"texture":"#0"},"west":{"uv":[1,1,2,2],"texture":"#0"},"up":{"uv":[1,1,2,2],"texture":"#0"},"down":{"uv":[1,1,2,2],"texture":"#0"}}},{"from":[21.04084,5.65543,-2.68704],"to":[21.36981,10.34458,-0.74473],"rotation":{"angle":0,"axis":"z","origin":[21.20532,8,-1.71588]},"faces":{"north":{"uv":[1,1,2,2],"texture":"#0"},"east":{"uv":[1,1,2,2],"texture":"#0"},"south":{"uv":[1,1,2,2],"texture":"#0"},"west":{"uv":[1,1,2,2],"texture":"#0"},"up":{"uv":[1,1,2,2],"texture":"#0"},"down":{"uv":[1,1,2,2],"texture":"#0"}}},{"from":[21.04084,7.02885,-4.06046],"to":[21.36981,8.97116,0.62869],"rotation":{"angle":0,"axis":"z","origin":[21.20532,8,-1.71588]},"faces":{"north":{"uv":[1,1,2,2],"texture":"#0"},"east":{"uv":[1,1,2,2],"texture":"#0"},"south":{"uv":[1,1,2,2],"texture":"#0"},"west":{"uv":[1,1,2,2],"texture":"#0"},"up":{"uv":[1,1,2,2],"texture":"#0"},"down":{"uv":[1,1,2,2],"texture":"#0"}}},{"from":[21.04084,5.65543,-2.68704],"to":[21.36981,10.34458,-0.74473],"rotation":{"angle":-45,"axis":"x","origin":[21.20532,8,-1.71588]},"faces":{"north":{"uv":[1,1,2,2],"texture":"#0"},"east":{"uv":[1,1,2,2],"texture":"#0"},"south":{"uv":[1,1,2,2],"texture":"#0"},"west":{"uv":[1,1,2,2],"texture":"#0"},"up":{"uv":[1,1,2,2],"texture":"#0"},"down":{"uv":[1,1,2,2],"texture":"#0"}}},{"from":[21.04084,5.65543,-2.68704],"to":[21.36981,10.34458,-0.74473],"rotation":{"angle":45,"axis":"x","origin":[21.20532,8,-1.71588]},"faces":{"north":{"uv":[1,1,2,2],"texture":"#0"},"east":{"uv":[1,1,2,2],"texture":"#0"},"south":{"uv":[1,1,2,2],"texture":"#0"},"west":{"uv":[1,1,2,2],"texture":"#0"},"up":{"uv":[1,1,2,2],"texture":"#0"},"down":{"uv":[1,1,2,2],"texture":"#0"}}},{"from":[23.18657,7.20634,-2.04463],"to":[23.84405,8.79366,-1.38714],"rotation":{"angle":0,"axis":"z","origin":[23.51531,8,-1.71588]},"faces":{"north":{"uv":[1,1,2,2],"texture":"#0"},"east":{"uv":[1,1,2,2],"texture":"#0"},"south":{"uv":[1,1,2,2],"texture":"#0"},"west":{"uv":[1,1,2,2],"texture":"#0"},"up":{"uv":[1,1,2,2],"texture":"#0"},"down":{"uv":[1,1,2,2],"texture":"#0"}}},{"from":[23.18657,7.67126,-2.50954],"to":[23.84405,8.32875,-0.92222],"rotation":{"angle":0,"axis":"z","origin":[23.51531,8,-1.71588]},"faces":{"north":{"uv":[1,1,2,2],"texture":"#0"},"east":{"uv":[1,1,2,2],"texture":"#0"},"south":{"uv":[1,1,2,2],"texture":"#0"},"west":{"uv":[1,1,2,2],"texture":"#0"},"up":{"uv":[1,1,2,2],"texture":"#0"},"down":{"uv":[1,1,2,2],"texture":"#0"}}},{"from":[23.57729,7.75752,-1.95836],"to":[24.1007,8.24248,-1.47341],"rotation":{"angle":0,"axis":"z","origin":[23.51531,8,-1.71588]},"faces":{"north":{"uv":[1,7,2,8],"texture":"#0"},"east":{"uv":[1,7,2,8],"texture":"#0"},"south":{"uv":[1,7,2,8],"texture":"#0"},"west":{"uv":[1,7,2,8],"texture":"#0"},"up":{"uv":[1,7,2,8],"texture":"#0"},"down":{"uv":[1,7,2,8],"texture":"#0"}}},{"from":[23.64153,7.75752,-1.95836],"to":[24.1007,8.24248,-1.47341],"rotation":{"angle":45,"axis":"z","origin":[23.51531,8,-1.71588]},"faces":{"north":{"uv":[1,7,2,8],"texture":"#0"},"east":{"uv":[1,7,2,8],"texture":"#0"},"south":{"uv":[1,7,2,8],"texture":"#0"},"west":{"uv":[1,7,2,8],"texture":"#0"},"up":{"uv":[1,7,2,8],"texture":"#0"},"down":{"uv":[1,7,2,8],"texture":"#0"}}},{"from":[23.64153,7.75752,-1.95836],"to":[24.1007,8.24248,-1.47341],"rotation":{"angle":-45,"axis":"z","origin":[23.51531,8,-1.71588]},"faces":{"north":{"uv":[1,7,2,8],"texture":"#0"},"east":{"uv":[1,7,2,8],"texture":"#0"},"south":{"uv":[1,7,2,8],"texture":"#0"},"west":{"uv":[1,7,2,8],"texture":"#0"},"up":{"uv":[1,7,2,8],"texture":"#0"},"down":{"uv":[1,7,2,8],"texture":"#0"}}},{"from":[23.18657,7.20634,-2.04463],"to":[23.84405,8.79366,-1.38714],"rotation":{"angle":45,"axis":"x","origin":[23.51531,8,-1.71588]},"faces":{"north":{"uv":[1,1,2,2],"texture":"#0"},"east":{"uv":[1,1,2,2],"texture":"#0"},"south":{"uv":[1,1,2,2],"texture":"#0"},"west":{"uv":[1,1,2,2],"texture":"#0"},"up":{"uv":[1,1,2,2],"texture":"#0"},"down":{"uv":[1,1,2,2],"texture":"#0"}}},{"from":[23.18657,7.20634,-2.04463],"to":[23.84405,8.79366,-1.38714],"rotation":{"angle":-45,"axis":"x","origin":[23.51531,8,-1.71588]},"faces":{"north":{"uv":[1,1,2,2],"texture":"#0"},"east":{"uv":[1,1,2,2],"texture":"#0"},"south":{"uv":[1,1,2,2],"texture":"#0"},"west":{"uv":[1,1,2,2],"texture":"#0"},"up":{"uv":[1,1,2,2],"texture":"#0"},"down":{"uv":[1,1,2,2],"texture":"#0"}}},{"from":[23.27283,7.75752,-1.58967],"to":[23.75779,8.24248,-1.13049],"rotation":{"angle":45,"axis":"y","origin":[23.51531,8,-1.71588]},"faces":{"north":{"uv":[1,7,2,8],"texture":"#0"},"east":{"uv":[1,7,2,8],"texture":"#0"},"south":{"uv":[1,7,2,8],"texture":"#0"},"west":{"uv":[1,7,2,8],"texture":"#0"},"up":{"uv":[1,7,2,8],"texture":"#0"},"down":{"uv":[1,7,2,8],"texture":"#0"}}},{"from":[23.27283,7.75752,-2.30128],"to":[23.75779,8.24248,-1.8421],"rotation":{"angle":-45,"axis":"y","origin":[23.51531,8,-1.71588]},"faces":{"north":{"uv":[1,7,2,8],"texture":"#0"},"east":{"uv":[1,7,2,8],"texture":"#0"},"south":{"uv":[1,7,2,8],"texture":"#0"},"west":{"uv":[1,7,2,8],"texture":"#0"},"up":{"uv":[1,7,2,8],"texture":"#0"},"down":{"uv":[1,7,2,8],"texture":"#0"}}},{"from":[-4.27298,7.31109,-2.07689],"to":[20.27298,8.68891,-1.50618],"rotation":{"angle":0,"axis":"z","origin":[8,8,-1.79153]},"faces":{"north":{"uv":[1,7,2,8],"texture":"#0"},"east":{"uv":[1,7,2,8],"texture":"#0"},"south":{"uv":[1,7,2,8],"texture":"#0"},"west":{"uv":[1,7,2,8],"texture":"#0"},"up":{"uv":[1,7,2,8],"texture":"#0"},"down":{"uv":[1,7,2,8],"texture":"#0"}}},{"from":[-4.27298,7.71465,-2.48044],"to":[20.27298,8.28536,-1.10262],"rotation":{"angle":0,"axis":"z","origin":[8,8,-1.79153]},"faces":{"north":{"uv":[1,7,2,8],"texture":"#0"},"east":{"uv":[1,7,2,8],"texture":"#0"},"south":{"uv":[1,7,2,8],"texture":"#0"},"west":{"uv":[1,7,2,8],"texture":"#0"},"up":{"uv":[1,7,2,8],"texture":"#0"},"down":{"uv":[1,7,2,8],"texture":"#0"}}},{"from":[-4.27298,7.31109,-2.07689],"to":[20.27298,8.68891,-1.50618],"rotation":{"angle":45,"axis":"x","origin":[8,8,-1.79153]},"faces":{"north":{"uv":[1,7,2,8],"texture":"#0"},"east":{"uv":[1,7,2,8],"texture":"#0"},"south":{"uv":[1,7,2,8],"texture":"#0"},"west":{"uv":[1,7,2,8],"texture":"#0"},"up":{"uv":[1,7,2,8],"texture":"#0"},"down":{"uv":[1,7,2,8],"texture":"#0"}}},{"from":[-4.27298,7.31109,-2.07689],"to":[20.27298,8.68891,-1.50618],"rotation":{"angle":-45,"axis":"x","origin":[8,8,-1.79153]},"faces":{"north":{"uv":[1,7,2,8],"texture":"#0"},"east":{"uv":[1,7,2,8],"texture":"#0"},"south":{"uv":[1,7,2,8],"texture":"#0"},"west":{"uv":[1,7,2,8],"texture":"#0"},"up":{"uv":[1,7,2,8],"texture":"#0"},"down":{"uv":[1,7,2,8],"texture":"#0"}}},{"from":[-1.1502,8.99984,-6.91902],"to":[17.1502,10.29694,11.31252],"rotation":{"angle":0,"axis":"z","origin":[8,9.64839,2.19675]},"faces":{"north":{"uv":[1,1,2,2],"texture":"#0"},"east":{"uv":[1,1,2,2],"texture":"#0"},"south":{"uv":[1,1,2,2],"texture":"#0"},"west":{"uv":[1,1,2,2],"texture":"#0"},"up":{"uv":[1,1,2,2],"texture":"#0"},"down":{"uv":[1,1,2,2],"texture":"#0"}}},{"from":[-0.80744,9.75139,-9.99273],"to":[16.80744,16.265,1.63179],"rotation":{"angle":0,"axis":"z","origin":[8,13.4368,-4.18047]},"faces":{"north":{"uv":[1,1,2,2],"texture":"#0"},"east":{"uv":[1,1,2,2],"texture":"#0"},"south":{"uv":[1,1,2,2],"texture":"#0"},"west":{"uv":[1,1,2,2],"texture":"#0"},"up":{"uv":[1,1,2,2],"texture":"#0"},"down":{"uv":[1,1,2,2],"texture":"#0"}}},{"from":[-2.30673,14.9974,-10.72117],"to":[18.30673,16.39601,2.36024],"rotation":{"angle":0,"axis":"z","origin":[8,15.6967,-4.18047]},"faces":{"north":{"uv":[1,1,2,2],"texture":"#0"},"east":{"uv":[1,1,2,2],"texture":"#0"},"south":{"uv":[1,1,2,2],"texture":"#0"},"west":{"uv":[1,1,2,2],"texture":"#0"},"up":{"uv":[1,1,2,2],"texture":"#0"},"down":{"uv":[1,1,2,2],"texture":"#0"}}},{"from":[-2.30673,8.76432,-10.72117],"to":[18.30673,10.16293,2.36024],"rotation":{"angle":0,"axis":"z","origin":[8,9.46362,-4.18047]},"faces":{"north":{"uv":[1,1,2,2],"texture":"#0"},"east":{"uv":[1,1,2,2],"texture":"#0"},"south":{"uv":[1,1,2,2],"texture":"#0"},"west":{"uv":[1,1,2,2],"texture":"#0"},"up":{"uv":[1,1,2,2],"texture":"#0"},"down":{"uv":[1,1,2,2],"texture":"#0"}}},{"from":[1.20241,6.80883,-9.88921],"to":[3.12482,9.76041,9.49221],"rotation":{"angle":0,"axis":"z","origin":[2.16362,8.28462,-0.1985]},"faces":{"north":{"uv":[1,1,2,2],"texture":"#0"},"east":{"uv":[1,1,2,2],"texture":"#0"},"south":{"uv":[1,1,2,2],"texture":"#0"},"west":{"uv":[1,1,2,2],"texture":"#0"},"up":{"uv":[1,1,2,2],"texture":"#0"},"down":{"uv":[1,1,2,2],"texture":"#0"}}},{"from":[12.87518,6.80883,-9.88921],"to":[14.79759,9.76041,9.49221],"rotation":{"angle":0,"axis":"z","origin":[13.83638,8.28462,-0.1985]},"faces":{"north":{"uv":[1,1,2,2],"texture":"#0"},"east":{"uv":[1,1,2,2],"texture":"#0"},"south":{"uv":[1,1,2,2],"texture":"#0"},"west":{"uv":[1,1,2,2],"texture":"#0"},"up":{"uv":[1,1,2,2],"texture":"#0"},"down":{"uv":[1,1,2,2],"texture":"#0"}}},{"from":[7.4934,10.00771,-10.47532],"to":[8.5066,16.10081,2.11439],"rotation":{"angle":0,"axis":"z","origin":[8,13.48287,-4.18047]},"faces":{"north":{"uv":[1,1,2,2],"texture":"#0"},"east":{"uv":[1,1,2,2],"texture":"#0"},"south":{"uv":[1,1,2,2],"texture":"#0"},"west":{"uv":[1,1,2,2],"texture":"#0"},"up":{"uv":[1,1,2,2],"texture":"#0"},"down":{"uv":[1,1,2,2],"texture":"#0"}}},{"from":[15.839,10.00771,-10.47532],"to":[18.11824,16.10081,2.11439],"rotation":{"angle":0,"axis":"z","origin":[16.97862,13.48287,-4.18047]},"faces":{"north":{"uv":[1,1,2,2],"texture":"#0"},"east":{"uv":[1,1,2,2],"texture":"#0"},"south":{"uv":[1,1,2,2],"texture":"#0"},"west":{"uv":[1,1,2,2],"texture":"#0"},"up":{"uv":[1,1,2,2],"texture":"#0"},"down":{"uv":[1,1,2,2],"texture":"#0"}}},{"from":[-2.11824,10.00771,-10.47532],"to":[0.161,16.10081,2.11439],"rotation":{"angle":0,"axis":"z","origin":[-0.97862,13.48287,-4.18047]},"faces":{"north":{"uv":[1,1,2,2],"texture":"#0"},"east":{"uv":[1,1,2,2],"texture":"#0"},"south":{"uv":[1,1,2,2],"texture":"#0"},"west":{"uv":[1,1,2,2],"texture":"#0"},"up":{"uv":[1,1,2,2],"texture":"#0"},"down":{"uv":[1,1,2,2],"texture":"#0"}}},{"from":[7.52288,7.11122,-13.67183],"to":[8.47712,9.1391,-4.31828],"rotation":{"angle":0,"axis":"z","origin":[8,8.12516,-8.73844]},"faces":{"north":{"uv":[10,1,11,2],"texture":"#0"},"east":{"uv":[10,1,11,2],"texture":"#0"},"south":{"uv":[10,1,11,2],"texture":"#0"},"west":{"uv":[10,1,11,2],"texture":"#0"},"up":{"uv":[10,1,11,2],"texture":"#0"},"down":{"uv":[10,1,11,2],"texture":"#0"}}},{"from":[6.54913,6.85678,-1.45307],"to":[9.45087,8.15388,16.77848],"rotation":{"angle":0,"axis":"z","origin":[8,7.50533,7.66271]},"faces":{"north":{"uv":[1,1,2,2],"texture":"#0"},"east":{"uv":[1,1,2,2],"texture":"#0"},"south":{"uv":[1,1,2,2],"texture":"#0"},"west":{"uv":[1,1,2,2],"texture":"#0"},"up":{"uv":[1,1,2,2],"texture":"#0"},"down":{"uv":[1,1,2,2],"texture":"#0"}}},{"from":[0.2493,6.85678,16.77848],"to":[15.7507,8.15388,18.68926],"rotation":{"angle":0,"axis":"z","origin":[8,7.50533,17.73387]},"faces":{"north":{"uv":[1,1,2,2],"texture":"#0"},"east":{"uv":[1,1,2,2],"texture":"#0"},"south":{"uv":[1,1,2,2],"texture":"#0"},"west":{"uv":[1,1,2,2],"texture":"#0"},"up":{"uv":[1,1,2,2],"texture":"#0"},"down":{"uv":[1,1,2,2],"texture":"#0"}}},{"from":[5.63091,6.113,-5.8366],"to":[10.36909,9.5846,5.00011],"rotation":{"angle":0,"axis":"z","origin":[8,7.8488,-0.41825]},"faces":{"north":{"uv":[1,1,2,2],"texture":"#0"},"east":{"uv":[1,1,2,2],"texture":"#0"},"south":{"uv":[1,1,2,2],"texture":"#0"},"west":{"uv":[1,1,2,2],"texture":"#0"},"up":{"uv":[1,1,2,2],"texture":"#0"},"down":{"uv":[1,1,2,2],"texture":"#0"}}},{"from":[2.17518,6.61994,16.55436],"to":[3.11236,8.39072,18.91338],"rotation":{"angle":0,"axis":"z","origin":[2.64377,7.50533,17.73387]},"faces":{"north":{"uv":[10,1,11,2],"texture":"#0"},"east":{"uv":[10,1,11,2],"texture":"#0"},"south":{"uv":[10,1,11,2],"texture":"#0"},"west":{"uv":[10,1,11,2],"texture":"#0"},"up":{"uv":[10,1,11,2],"texture":"#0"},"down":{"uv":[10,1,11,2],"texture":"#0"}}},{"from":[12.88764,6.61994,16.55436],"to":[13.82482,8.39072,18.91338],"rotation":{"angle":0,"axis":"z","origin":[13.35623,7.50533,17.73387]},"faces":{"north":{"uv":[10,1,11,2],"texture":"#0"},"east":{"uv":[10,1,11,2],"texture":"#0"},"south":{"uv":[10,1,11,2],"texture":"#0"},"west":{"uv":[10,1,11,2],"texture":"#0"},"up":{"uv":[10,1,11,2],"texture":"#0"},"down":{"uv":[10,1,11,2],"texture":"#0"}}},{"from":[13.14323,8.9388,18.20285],"to":[13.56924,9.61164,26.71156],"rotation":{"angle":-22.5,"axis":"x","origin":[13.35623,9.27522,22.45721]},"faces":{"north":{"uv":[7,4,8,5],"texture":"#0"},"east":{"uv":[7,4,8,5],"texture":"#0"},"south":{"uv":[7,4,8,5],"texture":"#0"},"west":{"uv":[7,4,8,5],"texture":"#0"},"up":{"uv":[7,4,8,5],"texture":"#0"},"down":{"uv":[7,4,8,5],"texture":"#0"}}},{"from":[2.43076,8.9388,18.20286],"to":[2.85677,9.61164,26.71156],"rotation":{"angle":-22.5,"axis":"x","origin":[2.64377,9.27522,22.45721]},"faces":{"north":{"uv":[7,4,8,5],"texture":"#0"},"east":{"uv":[7,4,8,5],"texture":"#0"},"south":{"uv":[7,4,8,5],"texture":"#0"},"west":{"uv":[7,4,8,5],"texture":"#0"},"up":{"uv":[7,4,8,5],"texture":"#0"},"down":{"uv":[7,4,8,5],"texture":"#0"}}},{"from":[13.14323,7.05918,17.75833],"to":[13.56924,7.73202,30.85453],"rotation":{"angle":0,"axis":"z","origin":[13.35623,7.3956,24.30643]},"faces":{"north":{"uv":[7,4,8,5],"texture":"#0"},"east":{"uv":[7,4,8,5],"texture":"#0"},"south":{"uv":[7,4,8,5],"texture":"#0"},"west":{"uv":[7,4,8,5],"texture":"#0"},"up":{"uv":[7,4,8,5],"texture":"#0"},"down":{"uv":[7,4,8,5],"texture":"#0"}}},{"from":[2.43076,7.05918,17.75833],"to":[2.85677,7.73202,30.85453],"rotation":{"angle":0,"axis":"z","origin":[2.64377,7.3956,24.30643]},"faces":{"north":{"uv":[7,4,8,5],"texture":"#0"},"east":{"uv":[7,4,8,5],"texture":"#0"},"south":{"uv":[7,4,8,5],"texture":"#0"},"west":{"uv":[7,4,8,5],"texture":"#0"},"up":{"uv":[7,4,8,5],"texture":"#0"},"down":{"uv":[7,4,8,5],"texture":"#0"}}},{"from":[6.33525,6.64984,-15.02481],"to":[9.66475,7.73787,-13.64569],"rotation":{"angle":0,"axis":"z","origin":[8,7.19386,-14.33525]},"faces":{"north":{"uv":[10,1,11,2],"texture":"#0"},"east":{"uv":[10,1,11,2],"texture":"#0"},"south":{"uv":[10,1,11,2],"texture":"#0"},"west":{"uv":[10,1,11,2],"texture":"#0"},"up":{"uv":[10,1,11,2],"texture":"#0"},"down":{"uv":[10,1,11,2],"texture":"#0"}}},{"from":[7.31044,6.64984,-16],"to":[8.68956,7.73787,-12.6705],"rotation":{"angle":0,"axis":"z","origin":[8,7.19386,-14.33525]},"faces":{"north":{"uv":[10,1,11,2],"texture":"#0"},"east":{"uv":[10,1,11,2],"texture":"#0"},"south":{"uv":[10,1,11,2],"texture":"#0"},"west":{"uv":[10,1,11,2],"texture":"#0"},"up":{"uv":[10,1,11,2],"texture":"#0"},"down":{"uv":[10,1,11,2],"texture":"#0"}}},{"from":[6.33525,6.64984,-15.02481],"to":[9.66475,7.73787,-13.64569],"rotation":{"angle":45,"axis":"y","origin":[8,7.19386,-14.33525]},"faces":{"north":{"uv":[10,1,11,2],"texture":"#0"},"east":{"uv":[10,1,11,2],"texture":"#0"},"south":{"uv":[10,1,11,2],"texture":"#0"},"west":{"uv":[10,1,11,2],"texture":"#0"},"up":{"uv":[10,1,11,2],"texture":"#0"},"down":{"uv":[10,1,11,2],"texture":"#0"}}},{"from":[6.33525,6.64984,-15.02481],"to":[9.66475,7.73787,-13.64569],"rotation":{"angle":-45,"axis":"y","origin":[8,7.19386,-14.33525]},"faces":{"north":{"uv":[10,1,11,2],"texture":"#0"},"east":{"uv":[10,1,11,2],"texture":"#0"},"south":{"uv":[10,1,11,2],"texture":"#0"},"west":{"uv":[10,1,11,2],"texture":"#0"},"up":{"uv":[10,1,11,2],"texture":"#0"},"down":{"uv":[10,1,11,2],"texture":"#0"}}},{"from":[7.13837,5.23826,-14.69215],"to":[8.86163,12.36443,-13.97835],"rotation":{"angle":0,"axis":"z","origin":[8,8.80134,-14.33525]},"faces":{"north":{"uv":[10,1,11,2],"texture":"#0"},"east":{"uv":[10,1,11,2],"texture":"#0"},"south":{"uv":[10,1,11,2],"texture":"#0"},"west":{"uv":[10,1,11,2],"texture":"#0"},"up":{"uv":[10,1,11,2],"texture":"#0"},"down":{"uv":[10,1,11,2],"texture":"#0"}}},{"from":[7.6431,5.23826,-15.19688],"to":[8.3569,12.36443,-13.47362],"rotation":{"angle":0,"axis":"z","origin":[8,8.80134,-14.33525]},"faces":{"north":{"uv":[10,1,11,2],"texture":"#0"},"east":{"uv":[10,1,11,2],"texture":"#0"},"south":{"uv":[10,1,11,2],"texture":"#0"},"west":{"uv":[10,1,11,2],"texture":"#0"},"up":{"uv":[10,1,11,2],"texture":"#0"},"down":{"uv":[10,1,11,2],"texture":"#0"}}},{"from":[7.13837,5.23826,-14.69215],"to":[8.86163,12.36443,-13.97835],"rotation":{"angle":45,"axis":"y","origin":[8,8.80134,-14.33525]},"faces":{"north":{"uv":[10,1,11,2],"texture":"#0"},"east":{"uv":[10,1,11,2],"texture":"#0"},"south":{"uv":[10,1,11,2],"texture":"#0"},"west":{"uv":[10,1,11,2],"texture":"#0"},"up":{"uv":[10,1,11,2],"texture":"#0"},"down":{"uv":[10,1,11,2],"texture":"#0"}}},{"from":[7.13837,5.23826,-14.69215],"to":[8.86163,12.36443,-13.97835],"rotation":{"angle":-45,"axis":"y","origin":[8,8.80134,-14.33525]},"faces":{"north":{"uv":[10,1,11,2],"texture":"#0"},"east":{"uv":[10,1,11,2],"texture":"#0"},"south":{"uv":[10,1,11,2],"texture":"#0"},"west":{"uv":[10,1,11,2],"texture":"#0"},"up":{"uv":[10,1,11,2],"texture":"#0"},"down":{"uv":[10,1,11,2],"texture":"#0"}}},{"from":[6.33525,9.10835,-15.02481],"to":[9.66475,11.14142,-13.64569],"rotation":{"angle":0,"axis":"z","origin":[8,10.12489,-14.33525]},"faces":{"north":{"uv":[10,1,11,2],"texture":"#0"},"east":{"uv":[10,1,11,2],"texture":"#0"},"south":{"uv":[10,1,11,2],"texture":"#0"},"west":{"uv":[10,1,11,2],"texture":"#0"},"up":{"uv":[10,1,11,2],"texture":"#0"},"down":{"uv":[10,1,11,2],"texture":"#0"}}},{"from":[7.31044,9.10835,-16],"to":[8.68956,11.14142,-12.6705],"rotation":{"angle":0,"axis":"z","origin":[8,10.12489,-14.33525]},"faces":{"north":{"uv":[10,1,11,2],"texture":"#0"},"east":{"uv":[10,1,11,2],"texture":"#0"},"south":{"uv":[10,1,11,2],"texture":"#0"},"west":{"uv":[10,1,11,2],"texture":"#0"},"up":{"uv":[10,1,11,2],"texture":"#0"},"down":{"uv":[10,1,11,2],"texture":"#0"}}},{"from":[6.33525,9.10835,-15.02481],"to":[9.66475,11.14142,-13.64569],"rotation":{"angle":45,"axis":"y","origin":[8,10.12489,-14.33525]},"faces":{"north":{"uv":[10,1,11,2],"texture":"#0"},"east":{"uv":[10,1,11,2],"texture":"#0"},"south":{"uv":[10,1,11,2],"texture":"#0"},"west":{"uv":[10,1,11,2],"texture":"#0"},"up":{"uv":[10,1,11,2],"texture":"#0"},"down":{"uv":[10,1,11,2],"texture":"#0"}}},{"from":[6.33525,9.10835,-15.02481],"to":[9.66475,11.14142,-13.64569],"rotation":{"angle":-45,"axis":"y","origin":[8,10.12489,-14.33525]},"faces":{"north":{"uv":[10,1,11,2],"texture":"#0"},"east":{"uv":[10,1,11,2],"texture":"#0"},"south":{"uv":[10,1,11,2],"texture":"#0"},"west":{"uv":[10,1,11,2],"texture":"#0"},"up":{"uv":[10,1,11,2],"texture":"#0"},"down":{"uv":[10,1,11,2],"texture":"#0"}}},{"from":[2.19929,10.37374,26.48379],"to":[13.80071,11.79017,27.07049],"rotation":{"angle":0,"axis":"z","origin":[8,11.08195,26.77714]},"faces":{"north":{"uv":[7,4,8,5],"texture":"#0"},"east":{"uv":[7,4,8,5],"texture":"#0"},"south":{"uv":[7,4,8,5],"texture":"#0"},"west":{"uv":[7,4,8,5],"texture":"#0"},"up":{"uv":[7,4,8,5],"texture":"#0"},"down":{"uv":[7,4,8,5],"texture":"#0"}}},{"from":[2.19929,10.7886,26.06893],"to":[13.80071,11.3753,27.48535],"rotation":{"angle":0,"axis":"z","origin":[8,11.08195,26.77714]},"faces":{"north":{"uv":[7,4,8,5],"texture":"#0"},"east":{"uv":[7,4,8,5],"texture":"#0"},"south":{"uv":[7,4,8,5],"texture":"#0"},"west":{"uv":[7,4,8,5],"texture":"#0"},"up":{"uv":[7,4,8,5],"texture":"#0"},"down":{"uv":[7,4,8,5],"texture":"#0"}}},{"from":[2.19929,10.37374,26.48379],"to":[13.80071,11.79017,27.07049],"rotation":{"angle":45,"axis":"x","origin":[8,11.08195,26.77714]},"faces":{"north":{"uv":[7,4,8,5],"texture":"#0"},"east":{"uv":[7,4,8,5],"texture":"#0"},"south":{"uv":[7,4,8,5],"texture":"#0"},"west":{"uv":[7,4,8,5],"texture":"#0"},"up":{"uv":[7,4,8,5],"texture":"#0"},"down":{"uv":[7,4,8,5],"texture":"#0"}}},{"from":[2.19929,10.37374,26.48379],"to":[13.80071,11.79017,27.07049],"rotation":{"angle":-45,"axis":"x","origin":[8,11.08195,26.77714]},"faces":{"north":{"uv":[7,4,8,5],"texture":"#0"},"east":{"uv":[7,4,8,5],"texture":"#0"},"south":{"uv":[7,4,8,5],"texture":"#0"},"west":{"uv":[7,4,8,5],"texture":"#0"},"up":{"uv":[7,4,8,5],"texture":"#0"},"down":{"uv":[7,4,8,5],"texture":"#0"}}},{"from":[2.19929,6.71631,30.99843],"to":[13.80071,8.13273,31.58514],"rotation":{"angle":0,"axis":"z","origin":[8,7.42452,31.29179]},"faces":{"north":{"uv":[7,4,8,5],"texture":"#0"},"east":{"uv":[7,4,8,5],"texture":"#0"},"south":{"uv":[7,4,8,5],"texture":"#0"},"west":{"uv":[7,4,8,5],"texture":"#0"},"up":{"uv":[7,4,8,5],"texture":"#0"},"down":{"uv":[7,4,8,5],"texture":"#0"}}},{"from":[2.19929,7.13117,30.58357],"to":[13.80071,7.71787,32],"rotation":{"angle":0,"axis":"z","origin":[8,7.42452,31.29179]},"faces":{"north":{"uv":[7,4,8,5],"texture":"#0"},"east":{"uv":[7,4,8,5],"texture":"#0"},"south":{"uv":[7,4,8,5],"texture":"#0"},"west":{"uv":[7,4,8,5],"texture":"#0"},"up":{"uv":[7,4,8,5],"texture":"#0"},"down":{"uv":[7,4,8,5],"texture":"#0"}}},{"from":[2.19929,6.71631,30.99843],"to":[13.80071,8.13273,31.58514],"rotation":{"angle":45,"axis":"x","origin":[8,7.42452,31.29179]},"faces":{"north":{"uv":[7,4,8,5],"texture":"#0"},"east":{"uv":[7,4,8,5],"texture":"#0"},"south":{"uv":[7,4,8,5],"texture":"#0"},"west":{"uv":[7,4,8,5],"texture":"#0"},"up":{"uv":[7,4,8,5],"texture":"#0"},"down":{"uv":[7,4,8,5],"texture":"#0"}}},{"from":[2.19929,6.71631,30.99843],"to":[13.80071,8.13273,31.58514],"rotation":{"angle":-45,"axis":"x","origin":[8,7.42452,31.29179]},"faces":{"north":{"uv":[7,4,8,5],"texture":"#0"},"east":{"uv":[7,4,8,5],"texture":"#0"},"south":{"uv":[7,4,8,5],"texture":"#0"},"west":{"uv":[7,4,8,5],"texture":"#0"},"up":{"uv":[7,4,8,5],"texture":"#0"},"down":{"uv":[7,4,8,5],"texture":"#0"}}},{"from":[6.73188,8.62598,-13.67183],"to":[9.26812,9.26291,-4.31828],"rotation":{"angle":0,"axis":"z","origin":[8,8.94444,-8.73844]},"faces":{"north":{"uv":[10,1,11,2],"texture":"#0"},"east":{"uv":[10,1,11,2],"texture":"#0"},"south":{"uv":[10,1,11,2],"texture":"#0"},"west":{"uv":[10,1,11,2],"texture":"#0"},"up":{"uv":[10,1,11,2],"texture":"#0"},"down":{"uv":[10,1,11,2],"texture":"#0"}}}],"display":{"thirdperson_righthand":{"rotation":[73.75,165.5,0],"translation":[4,3.5,-8.75]},"thirdperson_lefthand":{"rotation":[73.75,185.25,0],"translation":[-3.5,6,-7]},"firstperson_righthand":{"rotation":[14.5,-156,0],"translation":[0,0,-6.75],"scale":[0.5,0.5,0.5]},"firstperson_lefthand":{"rotation":[12,-161.5,0],"translation":[0,0,-4.25],"scale":[0.5,0.5,0.5]},"ground":{"translation":[0,4.5,0]},"gui":{"rotation":[38.25,-52,0],"translation":[-1.5,-1.25,0],"scale":[0.4,0.4,0.34]},"head":{"translation":[0,-19.9,25.25],"scale":[1.95,1.95,1.95]},"fixed":{"rotation":[0,90,0],"translation":[0,0,-7.5],"scale":[0.5,1,1]}},"groups":[{"name":"wheel_outer_L.001","origin":[0,0,0],"children":[0,1,2,3,4,5,6,7,8,9,10,11,12,13,14,15]},{"name":"wheel_edge_L.001","origin":[0,0,0],"children":[16,17,18,19,20,21,22,23,24,25,26,27,28,29,30,31]},{"name":"wheel_spoke_L.001","origin":[0,0,0],"children":[32,33,34,35,36,37,38,39]},{"name":"wheel_center_L.001","origin":[0,0,0],"children":[40,41,42,43,44,45,46,47,48,49,50,51,52,53,54,55]},{"name":"wheel_end_ball_L.001","origin":[0,0,0],"children":[56,57,58,59,60,61,62,63,64]},{"name":"wheel_outer_R.001","origin":[0,0,0],"children":[65,66,67,68,69,70,71,72,73,74,75,76,77,78,79,80]},{"name":"wheel_edge_R.001","origin":[0,0,0],"children":[81,82,83,84,85,86,87,88,89,90,91,92,93,94,95,96]},{"name":"wheel_spoke_R.001","origin":[0,0,0],"children":[97,98,99,100,101,102,103,104]},{"name":"wheel_center_R.001","origin":[0,0,0],"children":[105,106,107,108,109,110,111,112,113,114,115,116,117,118,119,120]},{"name":"wheel_end_ball_R.001","origin":[0,0,0],"children":[121,122,123,124,125,126,127,128,129]},{"name":"rod","origin":[0,0,0],"children":[130,131,132,133]},{"name":"attach","origin":[0,0,0],"children":[134,135,136,137,138,139,140,141,142,143,144,145,146,147,148,149,150,151,152,153,154,155,156,157,158,159,160,161,162,163,164,165,166,167,168,169,170,171,172,173]}]}