{"credit":"made by xeth","textures":{"0":"item/xeth_ww1_maxim_gun"},"elements":[{"from":[-3.35528,10.12267,6.75054],"to":[-1.89319,11.58477,9.9378],"rotation":{"angle":-45,"axis":"z","origin":[-2.62424,10.85372,8.34417]},"faces":{"north":{"uv":[1,1,2,2],"texture":"#0"},"east":{"uv":[1,1,2,2],"texture":"#0"},"south":{"uv":[1,1,2,2],"texture":"#0"},"west":{"uv":[1,1,2,2],"texture":"#0"},"up":{"uv":[1,1,2,2],"texture":"#0"},"down":{"uv":[1,1,2,2],"texture":"#0"}}},{"from":[-7.46238,-1.0029,6.75054],"to":[-6.00029,0.4592,9.9378],"rotation":{"angle":-45,"axis":"z","origin":[-6.73133,-0.27185,8.34417]},"faces":{"north":{"uv":[1,1,2,2],"texture":"#0"},"east":{"uv":[1,1,2,2],"texture":"#0"},"south":{"uv":[1,1,2,2],"texture":"#0"},"west":{"uv":[1,1,2,2],"texture":"#0"},"up":{"uv":[1,1,2,2],"texture":"#0"},"down":{"uv":[1,1,2,2],"texture":"#0"}}},{"from":[-6.20912,10.19582,6.75054],"to":[-4.74702,11.65792,9.9378],"rotation":{"angle":-45,"axis":"z","origin":[-5.47807,10.92687,8.34417]},"faces":{"north":{"uv":[1,1,2,2],"texture":"#0"},"east":{"uv":[1,1,2,2],"texture":"#0"},"south":{"uv":[1,1,2,2],"texture":"#0"},"west":{"uv":[1,1,2,2],"texture":"#0"},"up":{"uv":[1,1,2,2],"texture":"#0"},"down":{"uv":[1,1,2,2],"texture":"#0"}}},{"from":[-1.79904,9.33738,6.75054],"to":[-0.33695,10.79948,9.9378],"rotation":{"angle":-45,"axis":"z","origin":[-1.06799,10.06843,8.34417]},"faces":{"north":{"uv":[1,1,2,2],"texture":"#0"},"east":{"uv":[1,1,2,2],"texture":"#0"},"south":{"uv":[1,1,2,2],"texture":"#0"},"west":{"uv":[1,1,2,2],"texture":"#0"},"up":{"uv":[1,1,2,2],"texture":"#0"},"down":{"uv":[1,1,2,2],"texture":"#0"}}},{"from":[1.08081,8.8664,6.75054],"to":[2.5429,10.3285,9.9378],"rotation":{"angle":-45,"axis":"z","origin":[1.81186,9.59745,8.34417]},"faces":{"north":{"uv":[1,1,2,2],"texture":"#0"},"east":{"uv":[1,1,2,2],"texture":"#0"},"south":{"uv":[1,1,2,2],"texture":"#0"},"west":{"uv":[1,1,2,2],"texture":"#0"},"up":{"uv":[1,1,2,2],"texture":"#0"},"down":{"uv":[1,1,2,2],"texture":"#0"}}},{"from":[2.89589,8.8664,6.75054],"to":[4.35799,10.3285,9.9378],"rotation":{"angle":-45,"axis":"z","origin":[3.62694,9.59745,8.34417]},"faces":{"north":{"uv":[1,1,2,2],"texture":"#0"},"east":{"uv":[1,1,2,2],"texture":"#0"},"south":{"uv":[1,1,2,2],"texture":"#0"},"west":{"uv":[1,1,2,2],"texture":"#0"},"up":{"uv":[1,1,2,2],"texture":"#0"},"down":{"uv":[1,1,2,2],"texture":"#0"}}},{"from":[4.71097,8.8664,6.75054],"to":[6.17307,10.3285,9.9378],"rotation":{"angle":-45,"axis":"z","origin":[5.44202,9.59745,8.34417]},"faces":{"north":{"uv":[1,1,2,2],"texture":"#0"},"east":{"uv":[1,1,2,2],"texture":"#0"},"south":{"uv":[1,1,2,2],"texture":"#0"},"west":{"uv":[1,1,2,2],"texture":"#0"},"up":{"uv":[1,1,2,2],"texture":"#0"},"down":{"uv":[1,1,2,2],"texture":"#0"}}},{"from":[6.45487,8.8664,6.75054],"to":[7.91697,10.3285,9.9378],"rotation":{"angle":-45,"axis":"z","origin":[7.18592,9.59745,8.34417]},"faces":{"north":{"uv":[1,1,2,2],"texture":"#0"},"east":{"uv":[1,1,2,2],"texture":"#0"},"south":{"uv":[1,1,2,2],"texture":"#0"},"west":{"uv":[1,1,2,2],"texture":"#0"},"up":{"uv":[1,1,2,2],"texture":"#0"},"down":{"uv":[1,1,2,2],"texture":"#0"}}},{"from":[8.26996,8.8664,6.75054],"to":[9.73206,10.3285,9.9378],"rotation":{"angle":-45,"axis":"z","origin":[9.00101,9.59745,8.34417]},"faces":{"north":{"uv":[1,1,2,2],"texture":"#0"},"east":{"uv":[1,1,2,2],"texture":"#0"},"south":{"uv":[1,1,2,2],"texture":"#0"},"west":{"uv":[1,1,2,2],"texture":"#0"},"up":{"uv":[1,1,2,2],"texture":"#0"},"down":{"uv":[1,1,2,2],"texture":"#0"}}},{"from":[10.08504,8.8664,6.75054],"to":[11.54714,10.3285,9.9378],"rotation":{"angle":-45,"axis":"z","origin":[10.81609,9.59745,8.34417]},"faces":{"north":{"uv":[1,1,2,2],"texture":"#0"},"east":{"uv":[1,1,2,2],"texture":"#0"},"south":{"uv":[1,1,2,2],"texture":"#0"},"west":{"uv":[1,1,2,2],"texture":"#0"},"up":{"uv":[1,1,2,2],"texture":"#0"},"down":{"uv":[1,1,2,2],"texture":"#0"}}},{"from":[11.82894,8.8664,6.75054],"to":[13.29104,10.3285,9.9378],"rotation":{"angle":-45,"axis":"z","origin":[12.55999,9.59745,8.34417]},"faces":{"north":{"uv":[1,1,2,2],"texture":"#0"},"east":{"uv":[1,1,2,2],"texture":"#0"},"south":{"uv":[1,1,2,2],"texture":"#0"},"west":{"uv":[1,1,2,2],"texture":"#0"},"up":{"uv":[1,1,2,2],"texture":"#0"},"down":{"uv":[1,1,2,2],"texture":"#0"}}},{"from":[-0.36676,8.8664,6.75054],"to":[1.09534,10.3285,9.9378],"rotation":{"angle":-45,"axis":"z","origin":[0.36429,9.59745,8.34417]},"faces":{"north":{"uv":[1,1,2,2],"texture":"#0"},"east":{"uv":[1,1,2,2],"texture":"#0"},"south":{"uv":[1,1,2,2],"texture":"#0"},"west":{"uv":[1,1,2,2],"texture":"#0"},"up":{"uv":[1,1,2,2],"texture":"#0"},"down":{"uv":[1,1,2,2],"texture":"#0"}}},{"from":[-6.48736,6.45453,6.75054],"to":[-5.02526,7.91663,9.9378],"rotation":{"angle":-45,"axis":"z","origin":[-5.75631,7.18558,8.34417]},"faces":{"north":{"uv":[1,1,2,2],"texture":"#0"},"east":{"uv":[1,1,2,2],"texture":"#0"},"south":{"uv":[1,1,2,2],"texture":"#0"},"west":{"uv":[1,1,2,2],"texture":"#0"},"up":{"uv":[1,1,2,2],"texture":"#0"},"down":{"uv":[1,1,2,2],"texture":"#0"}}},{"from":[-6.47989,4.44561,6.75054],"to":[-5.01779,5.90771,9.9378],"rotation":{"angle":-45,"axis":"z","origin":[-5.74884,5.17666,8.34417]},"faces":{"north":{"uv":[1,1,2,2],"texture":"#0"},"east":{"uv":[1,1,2,2],"texture":"#0"},"south":{"uv":[1,1,2,2],"texture":"#0"},"west":{"uv":[1,1,2,2],"texture":"#0"},"up":{"uv":[1,1,2,2],"texture":"#0"},"down":{"uv":[1,1,2,2],"texture":"#0"}}},{"from":[-6.47989,2.40139,6.82188],"to":[-5.01779,3.86349,10.00915],"rotation":{"angle":-45,"axis":"z","origin":[-5.74884,3.13244,8.41551]},"faces":{"north":{"uv":[1,1,2,2],"texture":"#0"},"east":{"uv":[1,1,2,2],"texture":"#0"},"south":{"uv":[1,1,2,2],"texture":"#0"},"west":{"uv":[1,1,2,2],"texture":"#0"},"up":{"uv":[1,1,2,2],"texture":"#0"},"down":{"uv":[1,1,2,2],"texture":"#0"}}},{"from":[-6.47989,0.36721,6.82188],"to":[-5.01779,1.8293,10.00915],"rotation":{"angle":-45,"axis":"z","origin":[-5.74884,1.09825,8.41551]},"faces":{"north":{"uv":[1,1,2,2],"texture":"#0"},"east":{"uv":[1,1,2,2],"texture":"#0"},"south":{"uv":[1,1,2,2],"texture":"#0"},"west":{"uv":[1,1,2,2],"texture":"#0"},"up":{"uv":[1,1,2,2],"texture":"#0"},"down":{"uv":[1,1,2,2],"texture":"#0"}}},{"from":[-6.33309,8.49944,6.79072],"to":[-4.87099,9.96154,9.97799],"rotation":{"angle":-45,"axis":"z","origin":[-5.60204,9.23049,8.38436]},"faces":{"north":{"uv":[1,1,2,2],"texture":"#0"},"east":{"uv":[1,1,2,2],"texture":"#0"},"south":{"uv":[1,1,2,2],"texture":"#0"},"west":{"uv":[1,1,2,2],"texture":"#0"},"up":{"uv":[1,1,2,2],"texture":"#0"},"down":{"uv":[1,1,2,2],"texture":"#0"}}},{"from":[-11.86737,-3.54858,6.82188],"to":[-10.40527,-2.08648,10.00915],"rotation":{"angle":-45,"axis":"z","origin":[-11.13632,-2.81753,8.41551]},"faces":{"north":{"uv":[1,1,2,2],"texture":"#0"},"east":{"uv":[1,1,2,2],"texture":"#0"},"south":{"uv":[1,1,2,2],"texture":"#0"},"west":{"uv":[1,1,2,2],"texture":"#0"},"up":{"uv":[1,1,2,2],"texture":"#0"},"down":{"uv":[1,1,2,2],"texture":"#0"}}},{"from":[-8.40129,-2.3919,6.75054],"to":[-6.93919,-0.9298,9.9378],"rotation":{"angle":-45,"axis":"z","origin":[-7.67024,-1.66085,8.34417]},"faces":{"north":{"uv":[1,1,2,2],"texture":"#0"},"east":{"uv":[1,1,2,2],"texture":"#0"},"south":{"uv":[1,1,2,2],"texture":"#0"},"west":{"uv":[1,1,2,2],"texture":"#0"},"up":{"uv":[1,1,2,2],"texture":"#0"},"down":{"uv":[1,1,2,2],"texture":"#0"}}},{"from":[-4.737,10.98993,6.75054],"to":[-3.2749,12.45203,9.9378],"rotation":{"angle":-45,"axis":"z","origin":[-4.00595,11.72098,8.34417]},"faces":{"north":{"uv":[1,1,2,2],"texture":"#0"},"east":{"uv":[1,1,2,2],"texture":"#0"},"south":{"uv":[1,1,2,2],"texture":"#0"},"west":{"uv":[1,1,2,2],"texture":"#0"},"up":{"uv":[1,1,2,2],"texture":"#0"},"down":{"uv":[1,1,2,2],"texture":"#0"}}},{"from":[-9.86233,-3.32491,6.75054],"to":[-8.40023,-1.86281,9.9378],"rotation":{"angle":-45,"axis":"z","origin":[-9.13128,-2.59386,8.34417]},"faces":{"north":{"uv":[1,1,2,2],"texture":"#0"},"east":{"uv":[1,1,2,2],"texture":"#0"},"south":{"uv":[1,1,2,2],"texture":"#0"},"west":{"uv":[1,1,2,2],"texture":"#0"},"up":{"uv":[1,1,2,2],"texture":"#0"},"down":{"uv":[1,1,2,2],"texture":"#0"}}},{"from":[-13.7437,-3.53881,6.82188],"to":[-12.2816,-2.07671,10.00915],"rotation":{"angle":-45,"axis":"z","origin":[-13.01265,-2.80776,8.41551]},"faces":{"north":{"uv":[1,1,2,2],"texture":"#0"},"east":{"uv":[1,1,2,2],"texture":"#0"},"south":{"uv":[1,1,2,2],"texture":"#0"},"west":{"uv":[1,1,2,2],"texture":"#0"},"up":{"uv":[1,1,2,2],"texture":"#0"},"down":{"uv":[1,1,2,2],"texture":"#0"}}},{"from":[-15.69719,-3.53881,6.82188],"to":[-14.23509,-2.07671,10.00915],"rotation":{"angle":-45,"axis":"z","origin":[-14.96614,-2.80776,8.41551]},"faces":{"north":{"uv":[1,1,2,2],"texture":"#0"},"east":{"uv":[1,1,2,2],"texture":"#0"},"south":{"uv":[1,1,2,2],"texture":"#0"},"west":{"uv":[1,1,2,2],"texture":"#0"},"up":{"uv":[1,1,2,2],"texture":"#0"},"down":{"uv":[1,1,2,2],"texture":"#0"}}},{"from":[-3.10454,10.37341,5.98305],"to":[-2.14393,11.33402,11.54568],"rotation":{"angle":-45,"axis":"z","origin":[-2.62424,10.85372,8.76436]},"faces":{"north":{"uv":[1,4,2,5],"texture":"#0"},"east":{"uv":[1,4,2,5],"texture":"#0"},"south":{"uv":[1,4,2,5],"texture":"#0"},"west":{"uv":[1,4,2,5],"texture":"#0"},"up":{"uv":[1,4,2,5],"texture":"#0"},"down":{"uv":[1,4,2,5],"texture":"#0"}}},{"from":[-2.91922,10.47179,4.64151],"to":[-2.32925,10.73628,6.24117],"rotation":{"angle":22.5,"axis":"x","origin":[-2.62424,10.60403,5.44134]},"faces":{"north":{"uv":[1,4,2,5],"texture":"#0"},"east":{"uv":[1,4,2,5],"texture":"#0"},"south":{"uv":[1,4,2,5],"texture":"#0"},"west":{"uv":[1,4,2,5],"texture":"#0"},"up":{"uv":[1,4,2,5],"texture":"#0"},"down":{"uv":[1,4,2,5],"texture":"#0"}}},{"from":[-2.91922,10.99338,4.64151],"to":[-2.32925,11.25786,6.24117],"rotation":{"angle":-22.5,"axis":"x","origin":[-2.62424,11.12562,5.44134]},"faces":{"north":{"uv":[1,4,2,5],"texture":"#0"},"east":{"uv":[1,4,2,5],"texture":"#0"},"south":{"uv":[1,4,2,5],"texture":"#0"},"west":{"uv":[1,4,2,5],"texture":"#0"},"up":{"uv":[1,4,2,5],"texture":"#0"},"down":{"uv":[1,4,2,5],"texture":"#0"}}},{"from":[-2.87635,10.60161,5.1539],"to":[-2.37212,11.10583,7.47457],"rotation":{"angle":-45,"axis":"z","origin":[-2.62424,10.85372,6.31424]},"faces":{"north":{"uv":[1,4,2,5],"texture":"#0"},"east":{"uv":[1,4,2,5],"texture":"#0"},"south":{"uv":[1,4,2,5],"texture":"#0"},"west":{"uv":[1,4,2,5],"texture":"#0"},"up":{"uv":[1,4,2,5],"texture":"#0"},"down":{"uv":[1,4,2,5],"texture":"#0"}}},{"from":[-7.21164,-0.75216,5.98305],"to":[-6.25103,0.20845,11.54568],"rotation":{"angle":-45,"axis":"z","origin":[-6.73133,-0.27185,8.76436]},"faces":{"north":{"uv":[1,4,2,5],"texture":"#0"},"east":{"uv":[1,4,2,5],"texture":"#0"},"south":{"uv":[1,4,2,5],"texture":"#0"},"west":{"uv":[1,4,2,5],"texture":"#0"},"up":{"uv":[1,4,2,5],"texture":"#0"},"down":{"uv":[1,4,2,5],"texture":"#0"}}},{"from":[-7.02632,-0.65378,4.64151],"to":[-6.43635,-0.38929,6.24117],"rotation":{"angle":22.5,"axis":"x","origin":[-6.73133,-0.52153,5.44134]},"faces":{"north":{"uv":[1,4,2,5],"texture":"#0"},"east":{"uv":[1,4,2,5],"texture":"#0"},"south":{"uv":[1,4,2,5],"texture":"#0"},"west":{"uv":[1,4,2,5],"texture":"#0"},"up":{"uv":[1,4,2,5],"texture":"#0"},"down":{"uv":[1,4,2,5],"texture":"#0"}}},{"from":[-7.02632,-0.13219,4.64151],"to":[-6.43635,0.13229,6.24117],"rotation":{"angle":-22.5,"axis":"x","origin":[-6.73133,0.00005,5.44134]},"faces":{"north":{"uv":[1,4,2,5],"texture":"#0"},"east":{"uv":[1,4,2,5],"texture":"#0"},"south":{"uv":[1,4,2,5],"texture":"#0"},"west":{"uv":[1,4,2,5],"texture":"#0"},"up":{"uv":[1,4,2,5],"texture":"#0"},"down":{"uv":[1,4,2,5],"texture":"#0"}}},{"from":[-6.98345,-0.52396,5.1539],"to":[-6.47922,-0.01974,7.47457],"rotation":{"angle":-45,"axis":"z","origin":[-6.73133,-0.27185,6.31424]},"faces":{"north":{"uv":[1,4,2,5],"texture":"#0"},"east":{"uv":[1,4,2,5],"texture":"#0"},"south":{"uv":[1,4,2,5],"texture":"#0"},"west":{"uv":[1,4,2,5],"texture":"#0"},"up":{"uv":[1,4,2,5],"texture":"#0"},"down":{"uv":[1,4,2,5],"texture":"#0"}}},{"from":[-5.95837,10.44657,5.98305],"to":[-4.99777,11.40718,11.54568],"rotation":{"angle":-45,"axis":"z","origin":[-5.47807,10.92687,8.76436]},"faces":{"north":{"uv":[1,4,2,5],"texture":"#0"},"east":{"uv":[1,4,2,5],"texture":"#0"},"south":{"uv":[1,4,2,5],"texture":"#0"},"west":{"uv":[1,4,2,5],"texture":"#0"},"up":{"uv":[1,4,2,5],"texture":"#0"},"down":{"uv":[1,4,2,5],"texture":"#0"}}},{"from":[-5.77305,10.54495,4.64151],"to":[-5.18309,10.80943,6.24117],"rotation":{"angle":22.5,"axis":"x","origin":[-5.47807,10.67719,5.44134]},"faces":{"north":{"uv":[1,4,2,5],"texture":"#0"},"east":{"uv":[1,4,2,5],"texture":"#0"},"south":{"uv":[1,4,2,5],"texture":"#0"},"west":{"uv":[1,4,2,5],"texture":"#0"},"up":{"uv":[1,4,2,5],"texture":"#0"},"down":{"uv":[1,4,2,5],"texture":"#0"}}},{"from":[-5.77305,11.06654,4.64151],"to":[-5.18309,11.33102,6.24117],"rotation":{"angle":-22.5,"axis":"x","origin":[-5.47807,11.19878,5.44134]},"faces":{"north":{"uv":[1,4,2,5],"texture":"#0"},"east":{"uv":[1,4,2,5],"texture":"#0"},"south":{"uv":[1,4,2,5],"texture":"#0"},"west":{"uv":[1,4,2,5],"texture":"#0"},"up":{"uv":[1,4,2,5],"texture":"#0"},"down":{"uv":[1,4,2,5],"texture":"#0"}}},{"from":[-5.73018,10.67476,5.1539],"to":[-5.22596,11.17898,7.47457],"rotation":{"angle":-45,"axis":"z","origin":[-5.47807,10.92687,6.31424]},"faces":{"north":{"uv":[1,4,2,5],"texture":"#0"},"east":{"uv":[1,4,2,5],"texture":"#0"},"south":{"uv":[1,4,2,5],"texture":"#0"},"west":{"uv":[1,4,2,5],"texture":"#0"},"up":{"uv":[1,4,2,5],"texture":"#0"},"down":{"uv":[1,4,2,5],"texture":"#0"}}},{"from":[-1.5483,9.58813,5.98305],"to":[-0.58769,10.54874,11.54568],"rotation":{"angle":-45,"axis":"z","origin":[-1.06799,10.06843,8.76436]},"faces":{"north":{"uv":[1,4,2,5],"texture":"#0"},"east":{"uv":[1,4,2,5],"texture":"#0"},"south":{"uv":[1,4,2,5],"texture":"#0"},"west":{"uv":[1,4,2,5],"texture":"#0"},"up":{"uv":[1,4,2,5],"texture":"#0"},"down":{"uv":[1,4,2,5],"texture":"#0"}}},{"from":[-1.36298,9.68651,4.64151],"to":[-0.77301,9.951,6.24117],"rotation":{"angle":22.5,"axis":"x","origin":[-1.06799,9.81875,5.44134]},"faces":{"north":{"uv":[1,4,2,5],"texture":"#0"},"east":{"uv":[1,4,2,5],"texture":"#0"},"south":{"uv":[1,4,2,5],"texture":"#0"},"west":{"uv":[1,4,2,5],"texture":"#0"},"up":{"uv":[1,4,2,5],"texture":"#0"},"down":{"uv":[1,4,2,5],"texture":"#0"}}},{"from":[-1.36298,10.2081,4.64151],"to":[-0.77301,10.47259,6.24117],"rotation":{"angle":-22.5,"axis":"x","origin":[-1.06799,10.34034,5.44134]},"faces":{"north":{"uv":[1,4,2,5],"texture":"#0"},"east":{"uv":[1,4,2,5],"texture":"#0"},"south":{"uv":[1,4,2,5],"texture":"#0"},"west":{"uv":[1,4,2,5],"texture":"#0"},"up":{"uv":[1,4,2,5],"texture":"#0"},"down":{"uv":[1,4,2,5],"texture":"#0"}}},{"from":[-1.32011,9.81632,5.1539],"to":[-0.81588,10.32055,7.47457],"rotation":{"angle":-45,"axis":"z","origin":[-1.06799,10.06843,6.31424]},"faces":{"north":{"uv":[1,4,2,5],"texture":"#0"},"east":{"uv":[1,4,2,5],"texture":"#0"},"south":{"uv":[1,4,2,5],"texture":"#0"},"west":{"uv":[1,4,2,5],"texture":"#0"},"up":{"uv":[1,4,2,5],"texture":"#0"},"down":{"uv":[1,4,2,5],"texture":"#0"}}},{"from":[1.33155,9.11714,5.98305],"to":[2.29216,10.07775,11.54568],"rotation":{"angle":-45,"axis":"z","origin":[1.81186,9.59745,8.76436]},"faces":{"north":{"uv":[1,4,2,5],"texture":"#0"},"east":{"uv":[1,4,2,5],"texture":"#0"},"south":{"uv":[1,4,2,5],"texture":"#0"},"west":{"uv":[1,4,2,5],"texture":"#0"},"up":{"uv":[1,4,2,5],"texture":"#0"},"down":{"uv":[1,4,2,5],"texture":"#0"}}},{"from":[1.51687,9.21552,4.64151],"to":[2.10684,9.48001,6.24117],"rotation":{"angle":22.5,"axis":"x","origin":[1.81186,9.34776,5.44134]},"faces":{"north":{"uv":[1,4,2,5],"texture":"#0"},"east":{"uv":[1,4,2,5],"texture":"#0"},"south":{"uv":[1,4,2,5],"texture":"#0"},"west":{"uv":[1,4,2,5],"texture":"#0"},"up":{"uv":[1,4,2,5],"texture":"#0"},"down":{"uv":[1,4,2,5],"texture":"#0"}}},{"from":[1.51687,9.73711,4.64151],"to":[2.10684,10.0016,6.24117],"rotation":{"angle":-22.5,"axis":"x","origin":[1.81186,9.86935,5.44134]},"faces":{"north":{"uv":[1,4,2,5],"texture":"#0"},"east":{"uv":[1,4,2,5],"texture":"#0"},"south":{"uv":[1,4,2,5],"texture":"#0"},"west":{"uv":[1,4,2,5],"texture":"#0"},"up":{"uv":[1,4,2,5],"texture":"#0"},"down":{"uv":[1,4,2,5],"texture":"#0"}}},{"from":[1.55974,9.34534,5.1539],"to":[2.06397,9.84956,7.47457],"rotation":{"angle":-45,"axis":"z","origin":[1.81186,9.59745,6.31424]},"faces":{"north":{"uv":[1,4,2,5],"texture":"#0"},"east":{"uv":[1,4,2,5],"texture":"#0"},"south":{"uv":[1,4,2,5],"texture":"#0"},"west":{"uv":[1,4,2,5],"texture":"#0"},"up":{"uv":[1,4,2,5],"texture":"#0"},"down":{"uv":[1,4,2,5],"texture":"#0"}}},{"from":[3.14664,9.11714,5.98305],"to":[4.10724,10.07775,11.54568],"rotation":{"angle":-45,"axis":"z","origin":[3.62694,9.59745,8.76436]},"faces":{"north":{"uv":[1,4,2,5],"texture":"#0"},"east":{"uv":[1,4,2,5],"texture":"#0"},"south":{"uv":[1,4,2,5],"texture":"#0"},"west":{"uv":[1,4,2,5],"texture":"#0"},"up":{"uv":[1,4,2,5],"texture":"#0"},"down":{"uv":[1,4,2,5],"texture":"#0"}}},{"from":[3.33196,9.21552,4.64151],"to":[3.92192,9.48001,6.24117],"rotation":{"angle":22.5,"axis":"x","origin":[3.62694,9.34776,5.44134]},"faces":{"north":{"uv":[1,4,2,5],"texture":"#0"},"east":{"uv":[1,4,2,5],"texture":"#0"},"south":{"uv":[1,4,2,5],"texture":"#0"},"west":{"uv":[1,4,2,5],"texture":"#0"},"up":{"uv":[1,4,2,5],"texture":"#0"},"down":{"uv":[1,4,2,5],"texture":"#0"}}},{"from":[3.33196,9.73711,4.64151],"to":[3.92192,10.0016,6.24117],"rotation":{"angle":-22.5,"axis":"x","origin":[3.62694,9.86935,5.44134]},"faces":{"north":{"uv":[1,4,2,5],"texture":"#0"},"east":{"uv":[1,4,2,5],"texture":"#0"},"south":{"uv":[1,4,2,5],"texture":"#0"},"west":{"uv":[1,4,2,5],"texture":"#0"},"up":{"uv":[1,4,2,5],"texture":"#0"},"down":{"uv":[1,4,2,5],"texture":"#0"}}},{"from":[3.37483,9.34534,5.1539],"to":[3.87905,9.84956,7.47457],"rotation":{"angle":-45,"axis":"z","origin":[3.62694,9.59745,6.31424]},"faces":{"north":{"uv":[1,4,2,5],"texture":"#0"},"east":{"uv":[1,4,2,5],"texture":"#0"},"south":{"uv":[1,4,2,5],"texture":"#0"},"west":{"uv":[1,4,2,5],"texture":"#0"},"up":{"uv":[1,4,2,5],"texture":"#0"},"down":{"uv":[1,4,2,5],"texture":"#0"}}},{"from":[4.96172,9.11714,5.98305],"to":[5.92232,10.07775,11.54568],"rotation":{"angle":-45,"axis":"z","origin":[5.44202,9.59745,8.76436]},"faces":{"north":{"uv":[1,4,2,5],"texture":"#0"},"east":{"uv":[1,4,2,5],"texture":"#0"},"south":{"uv":[1,4,2,5],"texture":"#0"},"west":{"uv":[1,4,2,5],"texture":"#0"},"up":{"uv":[1,4,2,5],"texture":"#0"},"down":{"uv":[1,4,2,5],"texture":"#0"}}},{"from":[5.14704,9.21552,4.64151],"to":[5.737,9.48001,6.24117],"rotation":{"angle":22.5,"axis":"x","origin":[5.44202,9.34776,5.44134]},"faces":{"north":{"uv":[1,4,2,5],"texture":"#0"},"east":{"uv":[1,4,2,5],"texture":"#0"},"south":{"uv":[1,4,2,5],"texture":"#0"},"west":{"uv":[1,4,2,5],"texture":"#0"},"up":{"uv":[1,4,2,5],"texture":"#0"},"down":{"uv":[1,4,2,5],"texture":"#0"}}},{"from":[5.14704,9.73711,4.64151],"to":[5.737,10.0016,6.24117],"rotation":{"angle":-22.5,"axis":"x","origin":[5.44202,9.86935,5.44134]},"faces":{"north":{"uv":[1,4,2,5],"texture":"#0"},"east":{"uv":[1,4,2,5],"texture":"#0"},"south":{"uv":[1,4,2,5],"texture":"#0"},"west":{"uv":[1,4,2,5],"texture":"#0"},"up":{"uv":[1,4,2,5],"texture":"#0"},"down":{"uv":[1,4,2,5],"texture":"#0"}}},{"from":[5.18991,9.34534,5.1539],"to":[5.69413,9.84956,7.47457],"rotation":{"angle":-45,"axis":"z","origin":[5.44202,9.59745,6.31424]},"faces":{"north":{"uv":[1,4,2,5],"texture":"#0"},"east":{"uv":[1,4,2,5],"texture":"#0"},"south":{"uv":[1,4,2,5],"texture":"#0"},"west":{"uv":[1,4,2,5],"texture":"#0"},"up":{"uv":[1,4,2,5],"texture":"#0"},"down":{"uv":[1,4,2,5],"texture":"#0"}}},{"from":[6.70562,9.11714,5.98305],"to":[7.66623,10.07775,11.54568],"rotation":{"angle":-45,"axis":"z","origin":[7.18592,9.59745,8.76436]},"faces":{"north":{"uv":[1,4,2,5],"texture":"#0"},"east":{"uv":[1,4,2,5],"texture":"#0"},"south":{"uv":[1,4,2,5],"texture":"#0"},"west":{"uv":[1,4,2,5],"texture":"#0"},"up":{"uv":[1,4,2,5],"texture":"#0"},"down":{"uv":[1,4,2,5],"texture":"#0"}}},{"from":[6.89094,9.21552,4.64151],"to":[7.4809,9.48001,6.24117],"rotation":{"angle":22.5,"axis":"x","origin":[7.18592,9.34776,5.44134]},"faces":{"north":{"uv":[1,4,2,5],"texture":"#0"},"east":{"uv":[1,4,2,5],"texture":"#0"},"south":{"uv":[1,4,2,5],"texture":"#0"},"west":{"uv":[1,4,2,5],"texture":"#0"},"up":{"uv":[1,4,2,5],"texture":"#0"},"down":{"uv":[1,4,2,5],"texture":"#0"}}},{"from":[6.89094,9.73711,4.64151],"to":[7.4809,10.0016,6.24117],"rotation":{"angle":-22.5,"axis":"x","origin":[7.18592,9.86935,5.44134]},"faces":{"north":{"uv":[1,4,2,5],"texture":"#0"},"east":{"uv":[1,4,2,5],"texture":"#0"},"south":{"uv":[1,4,2,5],"texture":"#0"},"west":{"uv":[1,4,2,5],"texture":"#0"},"up":{"uv":[1,4,2,5],"texture":"#0"},"down":{"uv":[1,4,2,5],"texture":"#0"}}},{"from":[6.93381,9.34534,5.1539],"to":[7.43803,9.84956,7.47457],"rotation":{"angle":-45,"axis":"z","origin":[7.18592,9.59745,6.31424]},"faces":{"north":{"uv":[1,4,2,5],"texture":"#0"},"east":{"uv":[1,4,2,5],"texture":"#0"},"south":{"uv":[1,4,2,5],"texture":"#0"},"west":{"uv":[1,4,2,5],"texture":"#0"},"up":{"uv":[1,4,2,5],"texture":"#0"},"down":{"uv":[1,4,2,5],"texture":"#0"}}},{"from":[8.5207,9.11714,5.98305],"to":[9.48131,10.07775,11.54568],"rotation":{"angle":-45,"axis":"z","origin":[9.00101,9.59745,8.76436]},"faces":{"north":{"uv":[1,4,2,5],"texture":"#0"},"east":{"uv":[1,4,2,5],"texture":"#0"},"south":{"uv":[1,4,2,5],"texture":"#0"},"west":{"uv":[1,4,2,5],"texture":"#0"},"up":{"uv":[1,4,2,5],"texture":"#0"},"down":{"uv":[1,4,2,5],"texture":"#0"}}},{"from":[8.70602,9.21552,4.64151],"to":[9.29599,9.48001,6.24117],"rotation":{"angle":22.5,"axis":"x","origin":[9.00101,9.34776,5.44134]},"faces":{"north":{"uv":[1,4,2,5],"texture":"#0"},"east":{"uv":[1,4,2,5],"texture":"#0"},"south":{"uv":[1,4,2,5],"texture":"#0"},"west":{"uv":[1,4,2,5],"texture":"#0"},"up":{"uv":[1,4,2,5],"texture":"#0"},"down":{"uv":[1,4,2,5],"texture":"#0"}}},{"from":[8.70602,9.73711,4.64151],"to":[9.29599,10.0016,6.24117],"rotation":{"angle":-22.5,"axis":"x","origin":[9.00101,9.86935,5.44134]},"faces":{"north":{"uv":[1,4,2,5],"texture":"#0"},"east":{"uv":[1,4,2,5],"texture":"#0"},"south":{"uv":[1,4,2,5],"texture":"#0"},"west":{"uv":[1,4,2,5],"texture":"#0"},"up":{"uv":[1,4,2,5],"texture":"#0"},"down":{"uv":[1,4,2,5],"texture":"#0"}}},{"from":[8.7489,9.34534,5.1539],"to":[9.25312,9.84956,7.47457],"rotation":{"angle":-45,"axis":"z","origin":[9.00101,9.59745,6.31424]},"faces":{"north":{"uv":[1,4,2,5],"texture":"#0"},"east":{"uv":[1,4,2,5],"texture":"#0"},"south":{"uv":[1,4,2,5],"texture":"#0"},"west":{"uv":[1,4,2,5],"texture":"#0"},"up":{"uv":[1,4,2,5],"texture":"#0"},"down":{"uv":[1,4,2,5],"texture":"#0"}}},{"from":[10.33579,9.11714,5.98305],"to":[11.29639,10.07775,11.54568],"rotation":{"angle":-45,"axis":"z","origin":[10.81609,9.59745,8.76436]},"faces":{"north":{"uv":[1,4,2,5],"texture":"#0"},"east":{"uv":[1,4,2,5],"texture":"#0"},"south":{"uv":[1,4,2,5],"texture":"#0"},"west":{"uv":[1,4,2,5],"texture":"#0"},"up":{"uv":[1,4,2,5],"texture":"#0"},"down":{"uv":[1,4,2,5],"texture":"#0"}}},{"from":[10.52111,9.21552,4.64151],"to":[11.11107,9.48001,6.24117],"rotation":{"angle":22.5,"axis":"x","origin":[10.81609,9.34776,5.44134]},"faces":{"north":{"uv":[1,4,2,5],"texture":"#0"},"east":{"uv":[1,4,2,5],"texture":"#0"},"south":{"uv":[1,4,2,5],"texture":"#0"},"west":{"uv":[1,4,2,5],"texture":"#0"},"up":{"uv":[1,4,2,5],"texture":"#0"},"down":{"uv":[1,4,2,5],"texture":"#0"}}},{"from":[10.52111,9.73711,4.64151],"to":[11.11107,10.0016,6.24117],"rotation":{"angle":-22.5,"axis":"x","origin":[10.81609,9.86935,5.44134]},"faces":{"north":{"uv":[1,4,2,5],"texture":"#0"},"east":{"uv":[1,4,2,5],"texture":"#0"},"south":{"uv":[1,4,2,5],"texture":"#0"},"west":{"uv":[1,4,2,5],"texture":"#0"},"up":{"uv":[1,4,2,5],"texture":"#0"},"down":{"uv":[1,4,2,5],"texture":"#0"}}},{"from":[10.56398,9.34534,5.1539],"to":[11.0682,9.84956,7.47457],"rotation":{"angle":-45,"axis":"z","origin":[10.81609,9.59745,6.31424]},"faces":{"north":{"uv":[1,4,2,5],"texture":"#0"},"east":{"uv":[1,4,2,5],"texture":"#0"},"south":{"uv":[1,4,2,5],"texture":"#0"},"west":{"uv":[1,4,2,5],"texture":"#0"},"up":{"uv":[1,4,2,5],"texture":"#0"},"down":{"uv":[1,4,2,5],"texture":"#0"}}},{"from":[12.07969,9.11714,5.98305],"to":[13.0403,10.07775,11.54568],"rotation":{"angle":-45,"axis":"z","origin":[12.55999,9.59745,8.76436]},"faces":{"north":{"uv":[1,4,2,5],"texture":"#0"},"east":{"uv":[1,4,2,5],"texture":"#0"},"south":{"uv":[1,4,2,5],"texture":"#0"},"west":{"uv":[1,4,2,5],"texture":"#0"},"up":{"uv":[1,4,2,5],"texture":"#0"},"down":{"uv":[1,4,2,5],"texture":"#0"}}},{"from":[12.26501,9.21552,4.64151],"to":[12.85498,9.48001,6.24117],"rotation":{"angle":22.5,"axis":"x","origin":[12.55999,9.34776,5.44134]},"faces":{"north":{"uv":[1,4,2,5],"texture":"#0"},"east":{"uv":[1,4,2,5],"texture":"#0"},"south":{"uv":[1,4,2,5],"texture":"#0"},"west":{"uv":[1,4,2,5],"texture":"#0"},"up":{"uv":[1,4,2,5],"texture":"#0"},"down":{"uv":[1,4,2,5],"texture":"#0"}}},{"from":[12.26501,9.73711,4.64151],"to":[12.85498,10.0016,6.24117],"rotation":{"angle":-22.5,"axis":"x","origin":[12.55999,9.86935,5.44134]},"faces":{"north":{"uv":[1,4,2,5],"texture":"#0"},"east":{"uv":[1,4,2,5],"texture":"#0"},"south":{"uv":[1,4,2,5],"texture":"#0"},"west":{"uv":[1,4,2,5],"texture":"#0"},"up":{"uv":[1,4,2,5],"texture":"#0"},"down":{"uv":[1,4,2,5],"texture":"#0"}}},{"from":[12.30788,9.34534,5.1539],"to":[12.81211,9.84956,7.47457],"rotation":{"angle":-45,"axis":"z","origin":[12.55999,9.59745,6.31424]},"faces":{"north":{"uv":[1,4,2,5],"texture":"#0"},"east":{"uv":[1,4,2,5],"texture":"#0"},"south":{"uv":[1,4,2,5],"texture":"#0"},"west":{"uv":[1,4,2,5],"texture":"#0"},"up":{"uv":[1,4,2,5],"texture":"#0"},"down":{"uv":[1,4,2,5],"texture":"#0"}}},{"from":[-0.11601,9.11714,5.98305],"to":[0.84459,10.07775,11.54568],"rotation":{"angle":-45,"axis":"z","origin":[0.36429,9.59745,8.76436]},"faces":{"north":{"uv":[1,4,2,5],"texture":"#0"},"east":{"uv":[1,4,2,5],"texture":"#0"},"south":{"uv":[1,4,2,5],"texture":"#0"},"west":{"uv":[1,4,2,5],"texture":"#0"},"up":{"uv":[1,4,2,5],"texture":"#0"},"down":{"uv":[1,4,2,5],"texture":"#0"}}},{"from":[0.06931,9.21552,4.64151],"to":[0.65927,9.48001,6.24117],"rotation":{"angle":22.5,"axis":"x","origin":[0.36429,9.34776,5.44134]},"faces":{"north":{"uv":[1,4,2,5],"texture":"#0"},"east":{"uv":[1,4,2,5],"texture":"#0"},"south":{"uv":[1,4,2,5],"texture":"#0"},"west":{"uv":[1,4,2,5],"texture":"#0"},"up":{"uv":[1,4,2,5],"texture":"#0"},"down":{"uv":[1,4,2,5],"texture":"#0"}}},{"from":[0.06931,9.73711,4.64151],"to":[0.65927,10.0016,6.24117],"rotation":{"angle":-22.5,"axis":"x","origin":[0.36429,9.86935,5.44134]},"faces":{"north":{"uv":[1,4,2,5],"texture":"#0"},"east":{"uv":[1,4,2,5],"texture":"#0"},"south":{"uv":[1,4,2,5],"texture":"#0"},"west":{"uv":[1,4,2,5],"texture":"#0"},"up":{"uv":[1,4,2,5],"texture":"#0"},"down":{"uv":[1,4,2,5],"texture":"#0"}}},{"from":[0.11218,9.34534,5.1539],"to":[0.6164,9.84956,7.47457],"rotation":{"angle":-45,"axis":"z","origin":[0.36429,9.59745,6.31424]},"faces":{"north":{"uv":[1,4,2,5],"texture":"#0"},"east":{"uv":[1,4,2,5],"texture":"#0"},"south":{"uv":[1,4,2,5],"texture":"#0"},"west":{"uv":[1,4,2,5],"texture":"#0"},"up":{"uv":[1,4,2,5],"texture":"#0"},"down":{"uv":[1,4,2,5],"texture":"#0"}}},{"from":[-6.23661,6.70527,5.98305],"to":[-5.27601,7.66588,11.54568],"rotation":{"angle":-45,"axis":"z","origin":[-5.75631,7.18558,8.76436]},"faces":{"north":{"uv":[1,4,2,5],"texture":"#0"},"east":{"uv":[1,4,2,5],"texture":"#0"},"south":{"uv":[1,4,2,5],"texture":"#0"},"west":{"uv":[1,4,2,5],"texture":"#0"},"up":{"uv":[1,4,2,5],"texture":"#0"},"down":{"uv":[1,4,2,5],"texture":"#0"}}},{"from":[-6.05129,6.80365,4.64151],"to":[-5.46133,7.06814,6.24117],"rotation":{"angle":22.5,"axis":"x","origin":[-5.75631,6.9359,5.44134]},"faces":{"north":{"uv":[1,4,2,5],"texture":"#0"},"east":{"uv":[1,4,2,5],"texture":"#0"},"south":{"uv":[1,4,2,5],"texture":"#0"},"west":{"uv":[1,4,2,5],"texture":"#0"},"up":{"uv":[1,4,2,5],"texture":"#0"},"down":{"uv":[1,4,2,5],"texture":"#0"}}},{"from":[-6.05129,7.32524,4.64151],"to":[-5.46133,7.58972,6.24117],"rotation":{"angle":-22.5,"axis":"x","origin":[-5.75631,7.45748,5.44134]},"faces":{"north":{"uv":[1,4,2,5],"texture":"#0"},"east":{"uv":[1,4,2,5],"texture":"#0"},"south":{"uv":[1,4,2,5],"texture":"#0"},"west":{"uv":[1,4,2,5],"texture":"#0"},"up":{"uv":[1,4,2,5],"texture":"#0"},"down":{"uv":[1,4,2,5],"texture":"#0"}}},{"from":[-6.00842,6.93347,5.1539],"to":[-5.5042,7.43769,7.47457],"rotation":{"angle":-45,"axis":"z","origin":[-5.75631,7.18558,6.31424]},"faces":{"north":{"uv":[1,4,2,5],"texture":"#0"},"east":{"uv":[1,4,2,5],"texture":"#0"},"south":{"uv":[1,4,2,5],"texture":"#0"},"west":{"uv":[1,4,2,5],"texture":"#0"},"up":{"uv":[1,4,2,5],"texture":"#0"},"down":{"uv":[1,4,2,5],"texture":"#0"}}},{"from":[-6.22914,4.69636,5.98305],"to":[-5.26854,5.65697,11.54568],"rotation":{"angle":-45,"axis":"z","origin":[-5.74884,5.17666,8.76436]},"faces":{"north":{"uv":[1,4,2,5],"texture":"#0"},"east":{"uv":[1,4,2,5],"texture":"#0"},"south":{"uv":[1,4,2,5],"texture":"#0"},"west":{"uv":[1,4,2,5],"texture":"#0"},"up":{"uv":[1,4,2,5],"texture":"#0"},"down":{"uv":[1,4,2,5],"texture":"#0"}}},{"from":[-6.04382,4.79474,4.64151],"to":[-5.45386,5.05922,6.24117],"rotation":{"angle":22.5,"axis":"x","origin":[-5.74884,4.92698,5.44134]},"faces":{"north":{"uv":[1,4,2,5],"texture":"#0"},"east":{"uv":[1,4,2,5],"texture":"#0"},"south":{"uv":[1,4,2,5],"texture":"#0"},"west":{"uv":[1,4,2,5],"texture":"#0"},"up":{"uv":[1,4,2,5],"texture":"#0"},"down":{"uv":[1,4,2,5],"texture":"#0"}}},{"from":[-6.04382,5.31632,4.64151],"to":[-5.45386,5.58081,6.24117],"rotation":{"angle":-22.5,"axis":"x","origin":[-5.74884,5.44857,5.44134]},"faces":{"north":{"uv":[1,4,2,5],"texture":"#0"},"east":{"uv":[1,4,2,5],"texture":"#0"},"south":{"uv":[1,4,2,5],"texture":"#0"},"west":{"uv":[1,4,2,5],"texture":"#0"},"up":{"uv":[1,4,2,5],"texture":"#0"},"down":{"uv":[1,4,2,5],"texture":"#0"}}},{"from":[-6.00095,4.92455,5.1539],"to":[-5.49673,5.42877,7.47457],"rotation":{"angle":-45,"axis":"z","origin":[-5.74884,5.17666,6.31424]},"faces":{"north":{"uv":[1,4,2,5],"texture":"#0"},"east":{"uv":[1,4,2,5],"texture":"#0"},"south":{"uv":[1,4,2,5],"texture":"#0"},"west":{"uv":[1,4,2,5],"texture":"#0"},"up":{"uv":[1,4,2,5],"texture":"#0"},"down":{"uv":[1,4,2,5],"texture":"#0"}}},{"from":[-6.22914,2.65213,6.05439],"to":[-5.26854,3.61274,11.61702],"rotation":{"angle":-45,"axis":"z","origin":[-5.74884,3.13244,8.83571]},"faces":{"north":{"uv":[1,4,2,5],"texture":"#0"},"east":{"uv":[1,4,2,5],"texture":"#0"},"south":{"uv":[1,4,2,5],"texture":"#0"},"west":{"uv":[1,4,2,5],"texture":"#0"},"up":{"uv":[1,4,2,5],"texture":"#0"},"down":{"uv":[1,4,2,5],"texture":"#0"}}},{"from":[-6.04382,2.75052,4.71285],"to":[-5.45386,3.015,6.31251],"rotation":{"angle":22.5,"axis":"x","origin":[-5.74884,2.88276,5.51268]},"faces":{"north":{"uv":[1,4,2,5],"texture":"#0"},"east":{"uv":[1,4,2,5],"texture":"#0"},"south":{"uv":[1,4,2,5],"texture":"#0"},"west":{"uv":[1,4,2,5],"texture":"#0"},"up":{"uv":[1,4,2,5],"texture":"#0"},"down":{"uv":[1,4,2,5],"texture":"#0"}}},{"from":[-6.04382,3.2721,4.71285],"to":[-5.45386,3.53659,6.31251],"rotation":{"angle":-22.5,"axis":"x","origin":[-5.74884,3.40434,5.51268]},"faces":{"north":{"uv":[1,4,2,5],"texture":"#0"},"east":{"uv":[1,4,2,5],"texture":"#0"},"south":{"uv":[1,4,2,5],"texture":"#0"},"west":{"uv":[1,4,2,5],"texture":"#0"},"up":{"uv":[1,4,2,5],"texture":"#0"},"down":{"uv":[1,4,2,5],"texture":"#0"}}},{"from":[-6.00095,2.88033,5.22524],"to":[-5.49673,3.38455,7.54592],"rotation":{"angle":-45,"axis":"z","origin":[-5.74884,3.13244,6.38558]},"faces":{"north":{"uv":[1,4,2,5],"texture":"#0"},"east":{"uv":[1,4,2,5],"texture":"#0"},"south":{"uv":[1,4,2,5],"texture":"#0"},"west":{"uv":[1,4,2,5],"texture":"#0"},"up":{"uv":[1,4,2,5],"texture":"#0"},"down":{"uv":[1,4,2,5],"texture":"#0"}}},{"from":[-6.22914,0.61795,6.05439],"to":[-5.26854,1.57856,11.61702],"rotation":{"angle":-45,"axis":"z","origin":[-5.74884,1.09825,8.83571]},"faces":{"north":{"uv":[1,4,2,5],"texture":"#0"},"east":{"uv":[1,4,2,5],"texture":"#0"},"south":{"uv":[1,4,2,5],"texture":"#0"},"west":{"uv":[1,4,2,5],"texture":"#0"},"up":{"uv":[1,4,2,5],"texture":"#0"},"down":{"uv":[1,4,2,5],"texture":"#0"}}},{"from":[-6.04382,0.71633,4.71285],"to":[-5.45386,0.98081,6.31251],"rotation":{"angle":22.5,"axis":"x","origin":[-5.74884,0.84857,5.51268]},"faces":{"north":{"uv":[1,4,2,5],"texture":"#0"},"east":{"uv":[1,4,2,5],"texture":"#0"},"south":{"uv":[1,4,2,5],"texture":"#0"},"west":{"uv":[1,4,2,5],"texture":"#0"},"up":{"uv":[1,4,2,5],"texture":"#0"},"down":{"uv":[1,4,2,5],"texture":"#0"}}},{"from":[-6.04382,1.23791,4.71285],"to":[-5.45386,1.5024,6.31251],"rotation":{"angle":-22.5,"axis":"x","origin":[-5.74884,1.37016,5.51268]},"faces":{"north":{"uv":[1,4,2,5],"texture":"#0"},"east":{"uv":[1,4,2,5],"texture":"#0"},"south":{"uv":[1,4,2,5],"texture":"#0"},"west":{"uv":[1,4,2,5],"texture":"#0"},"up":{"uv":[1,4,2,5],"texture":"#0"},"down":{"uv":[1,4,2,5],"texture":"#0"}}},{"from":[-6.00095,0.84614,5.22524],"to":[-5.49673,1.35037,7.54592],"rotation":{"angle":-45,"axis":"z","origin":[-5.74884,1.09825,6.38558]},"faces":{"north":{"uv":[1,4,2,5],"texture":"#0"},"east":{"uv":[1,4,2,5],"texture":"#0"},"south":{"uv":[1,4,2,5],"texture":"#0"},"west":{"uv":[1,4,2,5],"texture":"#0"},"up":{"uv":[1,4,2,5],"texture":"#0"},"down":{"uv":[1,4,2,5],"texture":"#0"}}},{"from":[-6.08235,8.75018,6.02323],"to":[-5.12174,9.71079,11.58587],"rotation":{"angle":-45,"axis":"z","origin":[-5.60204,9.23049,8.80455]},"faces":{"north":{"uv":[1,4,2,5],"texture":"#0"},"east":{"uv":[1,4,2,5],"texture":"#0"},"south":{"uv":[1,4,2,5],"texture":"#0"},"west":{"uv":[1,4,2,5],"texture":"#0"},"up":{"uv":[1,4,2,5],"texture":"#0"},"down":{"uv":[1,4,2,5],"texture":"#0"}}},{"from":[-5.89703,8.84857,4.68169],"to":[-5.30706,9.11305,6.28135],"rotation":{"angle":22.5,"axis":"x","origin":[-5.60204,8.98081,5.48152]},"faces":{"north":{"uv":[1,4,2,5],"texture":"#0"},"east":{"uv":[1,4,2,5],"texture":"#0"},"south":{"uv":[1,4,2,5],"texture":"#0"},"west":{"uv":[1,4,2,5],"texture":"#0"},"up":{"uv":[1,4,2,5],"texture":"#0"},"down":{"uv":[1,4,2,5],"texture":"#0"}}},{"from":[-5.89703,9.37015,4.68169],"to":[-5.30706,9.63463,6.28136],"rotation":{"angle":-22.5,"axis":"x","origin":[-5.60204,9.50239,5.48153]},"faces":{"north":{"uv":[1,4,2,5],"texture":"#0"},"east":{"uv":[1,4,2,5],"texture":"#0"},"south":{"uv":[1,4,2,5],"texture":"#0"},"west":{"uv":[1,4,2,5],"texture":"#0"},"up":{"uv":[1,4,2,5],"texture":"#0"},"down":{"uv":[1,4,2,5],"texture":"#0"}}},{"from":[-5.85415,8.97838,5.19408],"to":[-5.34993,9.4826,7.51476],"rotation":{"angle":-45,"axis":"z","origin":[-5.60204,9.23049,6.35442]},"faces":{"north":{"uv":[1,4,2,5],"texture":"#0"},"east":{"uv":[1,4,2,5],"texture":"#0"},"south":{"uv":[1,4,2,5],"texture":"#0"},"west":{"uv":[1,4,2,5],"texture":"#0"},"up":{"uv":[1,4,2,5],"texture":"#0"},"down":{"uv":[1,4,2,5],"texture":"#0"}}},{"from":[-11.61663,-3.29783,6.05439],"to":[-10.65602,-2.33723,11.61702],"rotation":{"angle":-45,"axis":"z","origin":[-11.13632,-2.81753,8.83571]},"faces":{"north":{"uv":[1,4,2,5],"texture":"#0"},"east":{"uv":[1,4,2,5],"texture":"#0"},"south":{"uv":[1,4,2,5],"texture":"#0"},"west":{"uv":[1,4,2,5],"texture":"#0"},"up":{"uv":[1,4,2,5],"texture":"#0"},"down":{"uv":[1,4,2,5],"texture":"#0"}}},{"from":[-11.4313,-3.19946,4.71285],"to":[-10.84134,-2.93497,6.31251],"rotation":{"angle":22.5,"axis":"x","origin":[-11.13632,-3.06722,5.51268]},"faces":{"north":{"uv":[1,4,2,5],"texture":"#0"},"east":{"uv":[1,4,2,5],"texture":"#0"},"south":{"uv":[1,4,2,5],"texture":"#0"},"west":{"uv":[1,4,2,5],"texture":"#0"},"up":{"uv":[1,4,2,5],"texture":"#0"},"down":{"uv":[1,4,2,5],"texture":"#0"}}},{"from":[-11.4313,-2.67788,4.71285],"to":[-10.84134,-2.41339,6.31251],"rotation":{"angle":-22.5,"axis":"x","origin":[-11.13632,-2.54563,5.51268]},"faces":{"north":{"uv":[1,4,2,5],"texture":"#0"},"east":{"uv":[1,4,2,5],"texture":"#0"},"south":{"uv":[1,4,2,5],"texture":"#0"},"west":{"uv":[1,4,2,5],"texture":"#0"},"up":{"uv":[1,4,2,5],"texture":"#0"},"down":{"uv":[1,4,2,5],"texture":"#0"}}},{"from":[-11.38843,-3.06964,5.22524],"to":[-10.88421,-2.56542,7.54592],"rotation":{"angle":-45,"axis":"z","origin":[-11.13632,-2.81753,6.38558]},"faces":{"north":{"uv":[1,4,2,5],"texture":"#0"},"east":{"uv":[1,4,2,5],"texture":"#0"},"south":{"uv":[1,4,2,5],"texture":"#0"},"west":{"uv":[1,4,2,5],"texture":"#0"},"up":{"uv":[1,4,2,5],"texture":"#0"},"down":{"uv":[1,4,2,5],"texture":"#0"}}},{"from":[-8.15054,-2.14116,5.98305],"to":[-7.18994,-1.18055,11.54568],"rotation":{"angle":-45,"axis":"z","origin":[-7.67024,-1.66085,8.76436]},"faces":{"north":{"uv":[1,4,2,5],"texture":"#0"},"east":{"uv":[1,4,2,5],"texture":"#0"},"south":{"uv":[1,4,2,5],"texture":"#0"},"west":{"uv":[1,4,2,5],"texture":"#0"},"up":{"uv":[1,4,2,5],"texture":"#0"},"down":{"uv":[1,4,2,5],"texture":"#0"}}},{"from":[-7.96522,-2.04277,4.64151],"to":[-7.37526,-1.77829,6.24117],"rotation":{"angle":22.5,"axis":"x","origin":[-7.67024,-1.91053,5.44134]},"faces":{"north":{"uv":[1,4,2,5],"texture":"#0"},"east":{"uv":[1,4,2,5],"texture":"#0"},"south":{"uv":[1,4,2,5],"texture":"#0"},"west":{"uv":[1,4,2,5],"texture":"#0"},"up":{"uv":[1,4,2,5],"texture":"#0"},"down":{"uv":[1,4,2,5],"texture":"#0"}}},{"from":[-7.96522,-1.52119,4.64151],"to":[-7.37526,-1.2567,6.24117],"rotation":{"angle":-22.5,"axis":"x","origin":[-7.67024,-1.38895,5.44134]},"faces":{"north":{"uv":[1,4,2,5],"texture":"#0"},"east":{"uv":[1,4,2,5],"texture":"#0"},"south":{"uv":[1,4,2,5],"texture":"#0"},"west":{"uv":[1,4,2,5],"texture":"#0"},"up":{"uv":[1,4,2,5],"texture":"#0"},"down":{"uv":[1,4,2,5],"texture":"#0"}}},{"from":[-7.92235,-1.91296,5.1539],"to":[-7.41813,-1.40874,7.47457],"rotation":{"angle":-45,"axis":"z","origin":[-7.67024,-1.66085,6.31424]},"faces":{"north":{"uv":[1,4,2,5],"texture":"#0"},"east":{"uv":[1,4,2,5],"texture":"#0"},"south":{"uv":[1,4,2,5],"texture":"#0"},"west":{"uv":[1,4,2,5],"texture":"#0"},"up":{"uv":[1,4,2,5],"texture":"#0"},"down":{"uv":[1,4,2,5],"texture":"#0"}}},{"from":[-4.48626,11.24068,5.98305],"to":[-3.52565,12.20128,11.54568],"rotation":{"angle":-45,"axis":"z","origin":[-4.00595,11.72098,8.76436]},"faces":{"north":{"uv":[1,4,2,5],"texture":"#0"},"east":{"uv":[1,4,2,5],"texture":"#0"},"south":{"uv":[1,4,2,5],"texture":"#0"},"west":{"uv":[1,4,2,5],"texture":"#0"},"up":{"uv":[1,4,2,5],"texture":"#0"},"down":{"uv":[1,4,2,5],"texture":"#0"}}},{"from":[-4.30093,11.33905,4.64151],"to":[-3.71097,11.60354,6.24117],"rotation":{"angle":22.5,"axis":"x","origin":[-4.00595,11.4713,5.44134]},"faces":{"north":{"uv":[1,4,2,5],"texture":"#0"},"east":{"uv":[1,4,2,5],"texture":"#0"},"south":{"uv":[1,4,2,5],"texture":"#0"},"west":{"uv":[1,4,2,5],"texture":"#0"},"up":{"uv":[1,4,2,5],"texture":"#0"},"down":{"uv":[1,4,2,5],"texture":"#0"}}},{"from":[-4.30093,11.86064,4.64151],"to":[-3.71097,12.12512,6.24117],"rotation":{"angle":-22.5,"axis":"x","origin":[-4.00595,11.99288,5.44134]},"faces":{"north":{"uv":[1,4,2,5],"texture":"#0"},"east":{"uv":[1,4,2,5],"texture":"#0"},"south":{"uv":[1,4,2,5],"texture":"#0"},"west":{"uv":[1,4,2,5],"texture":"#0"},"up":{"uv":[1,4,2,5],"texture":"#0"},"down":{"uv":[1,4,2,5],"texture":"#0"}}},{"from":[-4.25806,11.46887,5.1539],"to":[-3.75384,11.97309,7.47457],"rotation":{"angle":-45,"axis":"z","origin":[-4.00595,11.72098,6.31424]},"faces":{"north":{"uv":[1,4,2,5],"texture":"#0"},"east":{"uv":[1,4,2,5],"texture":"#0"},"south":{"uv":[1,4,2,5],"texture":"#0"},"west":{"uv":[1,4,2,5],"texture":"#0"},"up":{"uv":[1,4,2,5],"texture":"#0"},"down":{"uv":[1,4,2,5],"texture":"#0"}}},{"from":[-9.61159,-3.07416,5.98305],"to":[-8.65098,-2.11356,11.54568],"rotation":{"angle":-45,"axis":"z","origin":[-9.13128,-2.59386,8.76436]},"faces":{"north":{"uv":[1,4,2,5],"texture":"#0"},"east":{"uv":[1,4,2,5],"texture":"#0"},"south":{"uv":[1,4,2,5],"texture":"#0"},"west":{"uv":[1,4,2,5],"texture":"#0"},"up":{"uv":[1,4,2,5],"texture":"#0"},"down":{"uv":[1,4,2,5],"texture":"#0"}}},{"from":[-9.42627,-2.97578,4.64151],"to":[-8.8363,-2.7113,6.24117],"rotation":{"angle":22.5,"axis":"x","origin":[-9.13128,-2.84354,5.44134]},"faces":{"north":{"uv":[1,4,2,5],"texture":"#0"},"east":{"uv":[1,4,2,5],"texture":"#0"},"south":{"uv":[1,4,2,5],"texture":"#0"},"west":{"uv":[1,4,2,5],"texture":"#0"},"up":{"uv":[1,4,2,5],"texture":"#0"},"down":{"uv":[1,4,2,5],"texture":"#0"}}},{"from":[-9.42627,-2.4542,4.64151],"to":[-8.8363,-2.18972,6.24117],"rotation":{"angle":-22.5,"axis":"x","origin":[-9.13128,-2.32196,5.44134]},"faces":{"north":{"uv":[1,4,2,5],"texture":"#0"},"east":{"uv":[1,4,2,5],"texture":"#0"},"south":{"uv":[1,4,2,5],"texture":"#0"},"west":{"uv":[1,4,2,5],"texture":"#0"},"up":{"uv":[1,4,2,5],"texture":"#0"},"down":{"uv":[1,4,2,5],"texture":"#0"}}},{"from":[-9.38339,-2.84597,5.1539],"to":[-8.87917,-2.34175,7.47457],"rotation":{"angle":-45,"axis":"z","origin":[-9.13128,-2.59386,6.31424]},"faces":{"north":{"uv":[1,4,2,5],"texture":"#0"},"east":{"uv":[1,4,2,5],"texture":"#0"},"south":{"uv":[1,4,2,5],"texture":"#0"},"west":{"uv":[1,4,2,5],"texture":"#0"},"up":{"uv":[1,4,2,5],"texture":"#0"},"down":{"uv":[1,4,2,5],"texture":"#0"}}},{"from":[-13.49295,-3.28807,6.05439],"to":[-12.53234,-2.32746,11.61702],"rotation":{"angle":-45,"axis":"z","origin":[-13.01265,-2.80776,8.83571]},"faces":{"north":{"uv":[1,4,2,5],"texture":"#0"},"east":{"uv":[1,4,2,5],"texture":"#0"},"south":{"uv":[1,4,2,5],"texture":"#0"},"west":{"uv":[1,4,2,5],"texture":"#0"},"up":{"uv":[1,4,2,5],"texture":"#0"},"down":{"uv":[1,4,2,5],"texture":"#0"}}},{"from":[-13.30763,-3.18969,4.71285],"to":[-12.71767,-2.9252,6.31251],"rotation":{"angle":22.5,"axis":"x","origin":[-13.01265,-3.05745,5.51268]},"faces":{"north":{"uv":[1,4,2,5],"texture":"#0"},"east":{"uv":[1,4,2,5],"texture":"#0"},"south":{"uv":[1,4,2,5],"texture":"#0"},"west":{"uv":[1,4,2,5],"texture":"#0"},"up":{"uv":[1,4,2,5],"texture":"#0"},"down":{"uv":[1,4,2,5],"texture":"#0"}}},{"from":[-13.30763,-2.66811,4.71285],"to":[-12.71767,-2.40362,6.31251],"rotation":{"angle":-22.5,"axis":"x","origin":[-13.01265,-2.53587,5.51268]},"faces":{"north":{"uv":[1,4,2,5],"texture":"#0"},"east":{"uv":[1,4,2,5],"texture":"#0"},"south":{"uv":[1,4,2,5],"texture":"#0"},"west":{"uv":[1,4,2,5],"texture":"#0"},"up":{"uv":[1,4,2,5],"texture":"#0"},"down":{"uv":[1,4,2,5],"texture":"#0"}}},{"from":[-13.26476,-3.05987,5.22524],"to":[-12.76054,-2.55565,7.54592],"rotation":{"angle":-45,"axis":"z","origin":[-13.01265,-2.80776,6.38558]},"faces":{"north":{"uv":[1,4,2,5],"texture":"#0"},"east":{"uv":[1,4,2,5],"texture":"#0"},"south":{"uv":[1,4,2,5],"texture":"#0"},"west":{"uv":[1,4,2,5],"texture":"#0"},"up":{"uv":[1,4,2,5],"texture":"#0"},"down":{"uv":[1,4,2,5],"texture":"#0"}}},{"from":[-15.44645,-3.28807,6.05439],"to":[-14.48584,-2.32746,11.61702],"rotation":{"angle":-45,"axis":"z","origin":[-14.96614,-2.80776,8.83571]},"faces":{"north":{"uv":[1,4,2,5],"texture":"#0"},"east":{"uv":[1,4,2,5],"texture":"#0"},"south":{"uv":[1,4,2,5],"texture":"#0"},"west":{"uv":[1,4,2,5],"texture":"#0"},"up":{"uv":[1,4,2,5],"texture":"#0"},"down":{"uv":[1,4,2,5],"texture":"#0"}}},{"from":[-15.26112,-3.18969,4.71285],"to":[-14.67116,-2.9252,6.31251],"rotation":{"angle":22.5,"axis":"x","origin":[-14.96614,-3.05745,5.51268]},"faces":{"north":{"uv":[1,4,2,5],"texture":"#0"},"east":{"uv":[1,4,2,5],"texture":"#0"},"south":{"uv":[1,4,2,5],"texture":"#0"},"west":{"uv":[1,4,2,5],"texture":"#0"},"up":{"uv":[1,4,2,5],"texture":"#0"},"down":{"uv":[1,4,2,5],"texture":"#0"}}},{"from":[-15.26112,-2.66811,4.71285],"to":[-14.67116,-2.40362,6.31251],"rotation":{"angle":-22.5,"axis":"x","origin":[-14.96614,-2.53587,5.51268]},"faces":{"north":{"uv":[1,4,2,5],"texture":"#0"},"east":{"uv":[1,4,2,5],"texture":"#0"},"south":{"uv":[1,4,2,5],"texture":"#0"},"west":{"uv":[1,4,2,5],"texture":"#0"},"up":{"uv":[1,4,2,5],"texture":"#0"},"down":{"uv":[1,4,2,5],"texture":"#0"}}},{"from":[-15.21825,-3.05987,5.22524],"to":[-14.71403,-2.55565,7.54592],"rotation":{"angle":-45,"axis":"z","origin":[-14.96614,-2.80776,6.38558]},"faces":{"north":{"uv":[1,4,2,5],"texture":"#0"},"east":{"uv":[1,4,2,5],"texture":"#0"},"south":{"uv":[1,4,2,5],"texture":"#0"},"west":{"uv":[1,4,2,5],"texture":"#0"},"up":{"uv":[1,4,2,5],"texture":"#0"},"down":{"uv":[1,4,2,5],"texture":"#0"}}},{"from":[-4.25188,-3.28158,3.48483],"to":[17.95458,-1.60022,12.52977],"rotation":{"angle":0,"axis":"z","origin":[6.85135,-2.4409,8.0073]},"faces":{"north":{"uv":[10,1,11,2],"texture":"#0"},"east":{"uv":[10,1,11,2],"texture":"#0"},"south":{"uv":[10,1,11,2],"texture":"#0"},"west":{"uv":[10,1,11,2],"texture":"#0"},"up":{"uv":[10,1,11,2],"texture":"#0"},"down":{"uv":[10,1,11,2],"texture":"#0"}}},{"from":[-4.25187,-3.28159,3.48483],"to":[17.95458,11.02213,4.25305],"rotation":{"angle":0,"axis":"z","origin":[6.85135,3.87027,3.86894]},"faces":{"north":{"uv":[10,1,11,2],"texture":"#0"},"east":{"uv":[10,1,11,2],"texture":"#0"},"south":{"uv":[10,1,11,2],"texture":"#0"},"west":{"uv":[10,1,11,2],"texture":"#0"},"up":{"uv":[10,1,11,2],"texture":"#0"},"down":{"uv":[10,1,11,2],"texture":"#0"}}},{"from":[-4.25187,-3.28159,11.76155],"to":[17.95458,11.02213,12.52977],"rotation":{"angle":0,"axis":"z","origin":[6.85135,3.87027,12.14566]},"faces":{"north":{"uv":[10,1,11,2],"texture":"#0"},"east":{"uv":[10,1,11,2],"texture":"#0"},"south":{"uv":[10,1,11,2],"texture":"#0"},"west":{"uv":[10,1,11,2],"texture":"#0"},"up":{"uv":[10,1,11,2],"texture":"#0"},"down":{"uv":[10,1,11,2],"texture":"#0"}}},{"from":[-4.25188,-3.28159,3.48483],"to":[-3.53809,11.02213,12.52977],"rotation":{"angle":0,"axis":"z","origin":[-3.89498,3.87027,8.0073]},"faces":{"north":{"uv":[10,1,11,2],"texture":"#0"},"east":{"uv":[10,1,11,2],"texture":"#0"},"south":{"uv":[10,1,11,2],"texture":"#0"},"west":{"uv":[10,1,11,2],"texture":"#0"},"up":{"uv":[10,1,11,2],"texture":"#0"},"down":{"uv":[10,1,11,2],"texture":"#0"}}},{"from":[17.24078,-3.28159,3.48483],"to":[17.95458,11.02213,12.52977],"rotation":{"angle":0,"axis":"z","origin":[17.59768,3.87027,8.0073]},"faces":{"north":{"uv":[10,1,11,2],"texture":"#0"},"east":{"uv":[10,1,11,2],"texture":"#0"},"south":{"uv":[10,1,11,2],"texture":"#0"},"west":{"uv":[10,1,11,2],"texture":"#0"},"up":{"uv":[10,1,11,2],"texture":"#0"},"down":{"uv":[10,1,11,2],"texture":"#0"}}},{"from":[12.4997,10.19766,3.48483],"to":[17.95458,11.87902,12.52977],"rotation":{"angle":0,"axis":"z","origin":[15.22714,11.03834,8.0073]},"faces":{"north":{"uv":[10,1,11,2],"texture":"#0"},"east":{"uv":[10,1,11,2],"texture":"#0"},"south":{"uv":[10,1,11,2],"texture":"#0"},"west":{"uv":[10,1,11,2],"texture":"#0"},"up":{"uv":[10,1,11,2],"texture":"#0"},"down":{"uv":[10,1,11,2],"texture":"#0"}}},{"from":[10.45751,14.67876,3.47753],"to":[32,15.76279,12.52247],"rotation":{"angle":22.5,"axis":"z","origin":[21.22876,15.22077,8]},"faces":{"north":{"uv":[10,1,11,2],"texture":"#0"},"east":{"uv":[10,1,11,2],"texture":"#0"},"south":{"uv":[10,1,11,2],"texture":"#0"},"west":{"uv":[10,1,11,2],"texture":"#0"},"up":{"uv":[10,1,11,2],"texture":"#0"},"down":{"uv":[10,1,11,2],"texture":"#0"}}},{"from":[25.8835,13.04884,7.42837],"to":[26.29701,17.41929,8.31592],"rotation":{"angle":-22.5,"axis":"z","origin":[26.09026,15.23406,7.87214]},"faces":{"north":{"uv":[4,4,5,5],"texture":"#0"},"east":{"uv":[4,4,5,5],"texture":"#0"},"south":{"uv":[4,4,5,5],"texture":"#0"},"west":{"uv":[4,4,5,5],"texture":"#0"},"up":{"uv":[4,4,5,5],"texture":"#0"},"down":{"uv":[4,4,5,5],"texture":"#0"}}},{"from":[18.61652,12.83673,7.42837],"to":[22.98697,13.25025,8.31592],"rotation":{"angle":-22.5,"axis":"z","origin":[20.80174,13.04349,7.87214]},"faces":{"north":{"uv":[4,4,5,5],"texture":"#0"},"east":{"uv":[4,4,5,5],"texture":"#0"},"south":{"uv":[4,4,5,5],"texture":"#0"},"west":{"uv":[4,4,5,5],"texture":"#0"},"up":{"uv":[4,4,5,5],"texture":"#0"},"down":{"uv":[4,4,5,5],"texture":"#0"}}},{"from":[22.55101,12.5604,7.42837],"to":[25.47728,12.97391,8.31592],"rotation":{"angle":22.5,"axis":"z","origin":[24.01414,12.76716,7.87214]},"faces":{"north":{"uv":[4,4,5,5],"texture":"#0"},"east":{"uv":[4,4,5,5],"texture":"#0"},"south":{"uv":[4,4,5,5],"texture":"#0"},"west":{"uv":[4,4,5,5],"texture":"#0"},"up":{"uv":[4,4,5,5],"texture":"#0"},"down":{"uv":[4,4,5,5],"texture":"#0"}}}],"display":{"thirdperson_righthand":{"rotation":[52.75,-27.5,0],"translation":[0,1,0],"scale":[0.33,0.33,0.33]},"thirdperson_lefthand":{"rotation":[44.5,163.25,0],"translation":[0,0.5,-0.25],"scale":[0.33,0.33,0.33]},"firstperson_righthand":{"rotation":[10.25,-45.25,13.25],"translation":[1.5,1.5,-0.75],"scale":[0.33,0.33,0.33]},"firstperson_lefthand":{"rotation":[10.5,136.25,0],"translation":[2.5,0,0],"scale":[0.33,0.33,0.33]},"ground":{"scale":[0.4,0.4,0.4]},"gui":{"rotation":[47.75,37,0],"translation":[0.25,0,0],"scale":[0.4,0.4,0.4]},"head":{"translation":[1,6.25,0]},"fixed":{"rotation":[-19.5,0,0],"translation":[1.25,0,-4.25]}},"groups":[{"name":"ammo_belt.001","origin":[0,0,0],"children":[0,1,2,3,4,5,6,7,8,9,10,11,12,13,14,15,16,17,18,19,20,21,22]},{"name":"ammo_belttt","origin":[0,0,0],"children":[23,24,25,26,27,28,29,30,31,32,33,34,35,36,37,38,39,40,41,42,43,44,45,46,47,48,49,50,51,52,53,54,55,56,57,58,59,60,61,62,63,64,65,66,67,68,69,70,71,72,73,74,75,76,77,78,79,80,81,82,83,84,85,86,87,88,89,90,91,92,93,94,95,96,97,98,99,100,101,102,103,104,105,106,107,108,109,110,111,112,113,114]},{"name":"ammo_box.001","origin":[0,0,0],"children":[115,116,117,118,119,120,121]},{"name":"grip.001","origin":[0,0,0],"children":[122,123,124]}]}