{"credit":"made by xeth","textures":{"0":"item/xeth_ww1_ship"},"elements":[{"from":[5.57608,-2.45319,-9.98559],"to":[6.30325,23.83051,-7.97755],"rotation":{"angle":0,"axis":"z","origin":[5.93966,10.68866,-8.98157]},"faces":{"north":{"uv":[7,1,8,2],"texture":"#0"},"east":{"uv":[7,1,8,2],"texture":"#0"},"south":{"uv":[7,1,8,2],"texture":"#0"},"west":{"uv":[7,1,8,2],"texture":"#0"},"up":{"uv":[7,1,8,2],"texture":"#0"},"down":{"uv":[7,1,8,2],"texture":"#0"}}},{"from":[6.17953,-2.4532,-8.52872],"to":[6.90671,23.83051,-6.52067],"rotation":{"angle":45,"axis":"y","origin":[6.54312,10.68866,-7.5247]},"faces":{"north":{"uv":[7,1,8,2],"texture":"#0"},"east":{"uv":[7,1,8,2],"texture":"#0"},"south":{"uv":[7,1,8,2],"texture":"#0"},"west":{"uv":[7,1,8,2],"texture":"#0"},"up":{"uv":[7,1,8,2],"texture":"#0"},"down":{"uv":[7,1,8,2],"texture":"#0"}}},{"from":[6.99598,-2.45319,-7.28482],"to":[9.00402,23.83051,-6.55765],"rotation":{"angle":0,"axis":"z","origin":[8,10.68866,-6.92124]},"faces":{"north":{"uv":[7,1,8,2],"texture":"#0"},"east":{"uv":[7,1,8,2],"texture":"#0"},"south":{"uv":[7,1,8,2],"texture":"#0"},"west":{"uv":[7,1,8,2],"texture":"#0"},"up":{"uv":[7,1,8,2],"texture":"#0"},"down":{"uv":[7,1,8,2],"texture":"#0"}}},{"from":[9.09329,-2.45319,-8.52872],"to":[9.82046,23.83051,-6.52067],"rotation":{"angle":-45,"axis":"y","origin":[9.45688,10.68866,-7.5247]},"faces":{"north":{"uv":[7,1,8,2],"texture":"#0"},"east":{"uv":[7,1,8,2],"texture":"#0"},"south":{"uv":[7,1,8,2],"texture":"#0"},"west":{"uv":[7,1,8,2],"texture":"#0"},"up":{"uv":[7,1,8,2],"texture":"#0"},"down":{"uv":[7,1,8,2],"texture":"#0"}}},{"from":[9.69675,-2.4532,-9.98559],"to":[10.42392,23.83051,-7.97755],"rotation":{"angle":0,"axis":"z","origin":[10.06033,10.68866,-8.98157]},"faces":{"north":{"uv":[7,1,8,2],"texture":"#0"},"east":{"uv":[7,1,8,2],"texture":"#0"},"south":{"uv":[7,1,8,2],"texture":"#0"},"west":{"uv":[7,1,8,2],"texture":"#0"},"up":{"uv":[7,1,8,2],"texture":"#0"},"down":{"uv":[7,1,8,2],"texture":"#0"}}},{"from":[9.09329,-2.45319,-11.44247],"to":[9.82046,23.83051,-9.43442],"rotation":{"angle":45,"axis":"y","origin":[9.45688,10.68866,-10.43845]},"faces":{"north":{"uv":[7,1,8,2],"texture":"#0"},"east":{"uv":[7,1,8,2],"texture":"#0"},"south":{"uv":[7,1,8,2],"texture":"#0"},"west":{"uv":[7,1,8,2],"texture":"#0"},"up":{"uv":[7,1,8,2],"texture":"#0"},"down":{"uv":[7,1,8,2],"texture":"#0"}}},{"from":[6.99598,-2.45319,-11.40549],"to":[9.00402,23.83051,-10.67832],"rotation":{"angle":0,"axis":"z","origin":[8,10.68866,-11.0419]},"faces":{"north":{"uv":[7,1,8,2],"texture":"#0"},"east":{"uv":[7,1,8,2],"texture":"#0"},"south":{"uv":[7,1,8,2],"texture":"#0"},"west":{"uv":[7,1,8,2],"texture":"#0"},"up":{"uv":[7,1,8,2],"texture":"#0"},"down":{"uv":[7,1,8,2],"texture":"#0"}}},{"from":[6.17953,-2.45319,-11.44247],"to":[6.90671,23.83051,-9.43442],"rotation":{"angle":-45,"axis":"y","origin":[6.54312,10.68866,-10.43845]},"faces":{"north":{"uv":[7,1,8,2],"texture":"#0"},"east":{"uv":[7,1,8,2],"texture":"#0"},"south":{"uv":[7,1,8,2],"texture":"#0"},"west":{"uv":[7,1,8,2],"texture":"#0"},"up":{"uv":[7,1,8,2],"texture":"#0"},"down":{"uv":[7,1,8,2],"texture":"#0"}}},{"from":[5.58677,23.83051,-9.98116],"to":[6.31074,27.83344,-7.98198],"rotation":{"angle":0,"axis":"z","origin":[5.94876,25.83198,-8.98157]},"faces":{"north":{"uv":[4,7,5,8],"texture":"#0"},"east":{"uv":[4,7,5,8],"texture":"#0"},"south":{"uv":[4,7,5,8],"texture":"#0"},"west":{"uv":[4,7,5,8],"texture":"#0"},"up":{"uv":[4,7,5,8],"texture":"#0"},"down":{"uv":[4,7,5,8],"texture":"#0"}}},{"from":[6.18757,23.83051,-8.53072],"to":[6.91154,27.83344,-6.53154],"rotation":{"angle":45,"axis":"y","origin":[6.54955,25.83198,-7.53113]},"faces":{"north":{"uv":[4,7,5,8],"texture":"#0"},"east":{"uv":[4,7,5,8],"texture":"#0"},"south":{"uv":[4,7,5,8],"texture":"#0"},"west":{"uv":[4,7,5,8],"texture":"#0"},"up":{"uv":[4,7,5,8],"texture":"#0"},"down":{"uv":[4,7,5,8],"texture":"#0"}}},{"from":[7.00041,23.83051,-7.29231],"to":[8.99959,27.83344,-6.56834],"rotation":{"angle":0,"axis":"z","origin":[8,25.83198,-6.93033]},"faces":{"north":{"uv":[4,7,5,8],"texture":"#0"},"east":{"uv":[4,7,5,8],"texture":"#0"},"south":{"uv":[4,7,5,8],"texture":"#0"},"west":{"uv":[4,7,5,8],"texture":"#0"},"up":{"uv":[4,7,5,8],"texture":"#0"},"down":{"uv":[4,7,5,8],"texture":"#0"}}},{"from":[9.08846,23.83051,-8.53072],"to":[9.81243,27.83344,-6.53154],"rotation":{"angle":-45,"axis":"y","origin":[9.45045,25.83198,-7.53113]},"faces":{"north":{"uv":[4,7,5,8],"texture":"#0"},"east":{"uv":[4,7,5,8],"texture":"#0"},"south":{"uv":[4,7,5,8],"texture":"#0"},"west":{"uv":[4,7,5,8],"texture":"#0"},"up":{"uv":[4,7,5,8],"texture":"#0"},"down":{"uv":[4,7,5,8],"texture":"#0"}}},{"from":[9.68926,23.83051,-9.98116],"to":[10.41322,27.83344,-7.98198],"rotation":{"angle":0,"axis":"z","origin":[10.05124,25.83198,-8.98157]},"faces":{"north":{"uv":[4,7,5,8],"texture":"#0"},"east":{"uv":[4,7,5,8],"texture":"#0"},"south":{"uv":[4,7,5,8],"texture":"#0"},"west":{"uv":[4,7,5,8],"texture":"#0"},"up":{"uv":[4,7,5,8],"texture":"#0"},"down":{"uv":[4,7,5,8],"texture":"#0"}}},{"from":[9.08846,23.83051,-11.4316],"to":[9.81243,27.83344,-9.43242],"rotation":{"angle":45,"axis":"y","origin":[9.45045,25.83198,-10.43201]},"faces":{"north":{"uv":[4,7,5,8],"texture":"#0"},"east":{"uv":[4,7,5,8],"texture":"#0"},"south":{"uv":[4,7,5,8],"texture":"#0"},"west":{"uv":[4,7,5,8],"texture":"#0"},"up":{"uv":[4,7,5,8],"texture":"#0"},"down":{"uv":[4,7,5,8],"texture":"#0"}}},{"from":[7.00041,23.83051,-11.39479],"to":[8.99959,27.83344,-10.67083],"rotation":{"angle":0,"axis":"z","origin":[8,25.83198,-11.03281]},"faces":{"north":{"uv":[4,7,5,8],"texture":"#0"},"east":{"uv":[4,7,5,8],"texture":"#0"},"south":{"uv":[4,7,5,8],"texture":"#0"},"west":{"uv":[4,7,5,8],"texture":"#0"},"up":{"uv":[4,7,5,8],"texture":"#0"},"down":{"uv":[4,7,5,8],"texture":"#0"}}},{"from":[6.18757,23.83051,-11.43161],"to":[6.91154,27.83344,-9.43243],"rotation":{"angle":-45,"axis":"y","origin":[6.54955,25.83198,-10.43202]},"faces":{"north":{"uv":[4,7,5,8],"texture":"#0"},"east":{"uv":[4,7,5,8],"texture":"#0"},"south":{"uv":[4,7,5,8],"texture":"#0"},"west":{"uv":[4,7,5,8],"texture":"#0"},"up":{"uv":[4,7,5,8],"texture":"#0"},"down":{"uv":[4,7,5,8],"texture":"#0"}}},{"from":[-1.52616,-5.18083,-15.99113],"to":[17.52615,-0.26875,11.75375],"rotation":{"angle":0,"axis":"z","origin":[8,-2.72479,-2.71227]},"faces":{"north":{"uv":[7,1,8,2],"texture":"#0"},"east":{"uv":[7,1,8,2],"texture":"#0"},"south":{"uv":[7,1,8,2],"texture":"#0"},"west":{"uv":[7,1,8,2],"texture":"#0"},"up":{"uv":[4,10,5,11],"texture":"#0"},"down":{"uv":[7,1,8,2],"texture":"#0"}}},{"from":[10.00817,-5.18083,10.25833],"to":[13.62297,-0.26875,31.37639],"rotation":{"angle":-22.5,"axis":"y","origin":[11.81557,-2.72479,20.81736]},"faces":{"north":{"uv":[7,1,8,2],"texture":"#0"},"east":{"uv":[7,1,8,2],"texture":"#0"},"south":{"uv":[7,1,8,2],"texture":"#0"},"west":{"uv":[7,1,8,2],"texture":"#0"},"up":{"uv":[4,10,5,11],"texture":"#0"},"down":{"uv":[7,1,8,2],"texture":"#0"}}},{"from":[2.37703,-5.18083,10.25833],"to":[5.99183,-0.26875,31.37639],"rotation":{"angle":22.5,"axis":"y","origin":[4.18443,-2.72479,20.81736]},"faces":{"north":{"uv":[7,1,8,2],"texture":"#0"},"east":{"uv":[7,1,8,2],"texture":"#0"},"south":{"uv":[7,1,8,2],"texture":"#0"},"west":{"uv":[7,1,8,2],"texture":"#0"},"up":{"uv":[4,10,5,11],"texture":"#0"},"down":{"uv":[7,1,8,2],"texture":"#0"}}},{"from":[1.95828,-5.18083,11.05601],"to":[14.04172,-0.26875,18.06821],"rotation":{"angle":0,"axis":"z","origin":[8,-2.72479,14.56211]},"faces":{"north":{"uv":[7,1,8,2],"texture":"#0"},"east":{"uv":[7,1,8,2],"texture":"#0"},"south":{"uv":[7,1,8,2],"texture":"#0"},"west":{"uv":[7,1,8,2],"texture":"#0"},"up":{"uv":[4,10,5,11],"texture":"#0"},"down":{"uv":[7,1,8,2],"texture":"#0"}}},{"from":[4.6261,-5.18083,14.54098],"to":[11.3739,-0.26875,25.90398],"rotation":{"angle":0,"axis":"z","origin":[8,-2.72479,20.22248]},"faces":{"north":{"uv":[7,1,8,2],"texture":"#0"},"east":{"uv":[7,1,8,2],"texture":"#0"},"south":{"uv":[7,1,8,2],"texture":"#0"},"west":{"uv":[7,1,8,2],"texture":"#0"},"up":{"uv":[4,10,5,11],"texture":"#0"},"down":{"uv":[7,1,8,2],"texture":"#0"}}},{"from":[6.55538,-5.18083,30.06447],"to":[9.44462,-0.26875,31.26429],"rotation":{"angle":0,"axis":"z","origin":[8,-2.72479,30.66438]},"faces":{"north":{"uv":[7,1,8,2],"texture":"#0"},"east":{"uv":[7,1,8,2],"texture":"#0"},"south":{"uv":[7,1,8,2],"texture":"#0"},"west":{"uv":[7,1,8,2],"texture":"#0"},"up":{"uv":[4,10,5,11],"texture":"#0"},"down":{"uv":[7,1,8,2],"texture":"#0"}}},{"from":[-1.52616,0.11898,11.43238],"to":[-1.11218,1.78048,11.75375],"rotation":{"angle":0,"axis":"z","origin":[-1.31917,0.94973,11.59307]},"faces":{"north":{"uv":[7,1,8,2],"texture":"#0"},"east":{"uv":[7,1,8,2],"texture":"#0"},"south":{"uv":[7,1,8,2],"texture":"#0"},"west":{"uv":[7,1,8,2],"texture":"#0"},"up":{"uv":[7,1,8,2],"texture":"#0"},"down":{"uv":[7,1,8,2],"texture":"#0"}}},{"from":[-1.52616,0.11898,5.56156],"to":[-1.11218,1.78048,5.88293],"rotation":{"angle":0,"axis":"z","origin":[-1.31917,0.94973,5.72224]},"faces":{"north":{"uv":[7,1,8,2],"texture":"#0"},"east":{"uv":[7,1,8,2],"texture":"#0"},"south":{"uv":[7,1,8,2],"texture":"#0"},"west":{"uv":[7,1,8,2],"texture":"#0"},"up":{"uv":[7,1,8,2],"texture":"#0"},"down":{"uv":[7,1,8,2],"texture":"#0"}}},{"from":[0.47786,0.11898,16.39002],"to":[0.89183,1.78048,16.71138],"rotation":{"angle":22.5,"axis":"y","origin":[0.68485,0.94973,16.5507]},"faces":{"north":{"uv":[7,1,8,2],"texture":"#0"},"east":{"uv":[7,1,8,2],"texture":"#0"},"south":{"uv":[7,1,8,2],"texture":"#0"},"west":{"uv":[7,1,8,2],"texture":"#0"},"up":{"uv":[7,1,8,2],"texture":"#0"},"down":{"uv":[7,1,8,2],"texture":"#0"}}},{"from":[6.47813,0.11898,30.87594],"to":[6.8921,1.78048,31.19731],"rotation":{"angle":22.5,"axis":"y","origin":[6.68512,0.94973,31.03662]},"faces":{"north":{"uv":[7,1,8,2],"texture":"#0"},"east":{"uv":[7,1,8,2],"texture":"#0"},"south":{"uv":[7,1,8,2],"texture":"#0"},"west":{"uv":[7,1,8,2],"texture":"#0"},"up":{"uv":[7,1,8,2],"texture":"#0"},"down":{"uv":[7,1,8,2],"texture":"#0"}}},{"from":[2.46959,0.11898,21.19847],"to":[2.88356,1.78048,21.51984],"rotation":{"angle":22.5,"axis":"y","origin":[2.67657,0.94973,21.35916]},"faces":{"north":{"uv":[7,1,8,2],"texture":"#0"},"east":{"uv":[7,1,8,2],"texture":"#0"},"south":{"uv":[7,1,8,2],"texture":"#0"},"west":{"uv":[7,1,8,2],"texture":"#0"},"up":{"uv":[7,1,8,2],"texture":"#0"},"down":{"uv":[7,1,8,2],"texture":"#0"}}},{"from":[4.53215,0.11898,26.17794],"to":[4.94612,1.78048,26.4993],"rotation":{"angle":22.5,"axis":"y","origin":[4.73913,0.94973,26.33862]},"faces":{"north":{"uv":[7,1,8,2],"texture":"#0"},"east":{"uv":[7,1,8,2],"texture":"#0"},"south":{"uv":[7,1,8,2],"texture":"#0"},"west":{"uv":[7,1,8,2],"texture":"#0"},"up":{"uv":[7,1,8,2],"texture":"#0"},"down":{"uv":[7,1,8,2],"texture":"#0"}}},{"from":[17.11218,0.11898,11.43238],"to":[17.52615,1.78048,11.75375],"rotation":{"angle":0,"axis":"z","origin":[17.31917,0.94973,11.59307]},"faces":{"north":{"uv":[7,1,8,2],"texture":"#0"},"east":{"uv":[7,1,8,2],"texture":"#0"},"south":{"uv":[7,1,8,2],"texture":"#0"},"west":{"uv":[7,1,8,2],"texture":"#0"},"up":{"uv":[7,1,8,2],"texture":"#0"},"down":{"uv":[7,1,8,2],"texture":"#0"}}},{"from":[17.11218,0.11898,5.56156],"to":[17.52615,1.78048,5.88293],"rotation":{"angle":0,"axis":"z","origin":[17.31917,0.94973,5.72224]},"faces":{"north":{"uv":[7,1,8,2],"texture":"#0"},"east":{"uv":[7,1,8,2],"texture":"#0"},"south":{"uv":[7,1,8,2],"texture":"#0"},"west":{"uv":[7,1,8,2],"texture":"#0"},"up":{"uv":[7,1,8,2],"texture":"#0"},"down":{"uv":[7,1,8,2],"texture":"#0"}}},{"from":[15.10817,0.11898,16.39002],"to":[15.52214,1.78048,16.71138],"rotation":{"angle":-22.5,"axis":"y","origin":[15.31515,0.94973,16.5507]},"faces":{"north":{"uv":[7,1,8,2],"texture":"#0"},"east":{"uv":[7,1,8,2],"texture":"#0"},"south":{"uv":[7,1,8,2],"texture":"#0"},"west":{"uv":[7,1,8,2],"texture":"#0"},"up":{"uv":[7,1,8,2],"texture":"#0"},"down":{"uv":[7,1,8,2],"texture":"#0"}}},{"from":[9.1079,0.11898,30.87594],"to":[9.52187,1.78048,31.19731],"rotation":{"angle":-22.5,"axis":"y","origin":[9.31488,0.94973,31.03662]},"faces":{"north":{"uv":[7,1,8,2],"texture":"#0"},"east":{"uv":[7,1,8,2],"texture":"#0"},"south":{"uv":[7,1,8,2],"texture":"#0"},"west":{"uv":[7,1,8,2],"texture":"#0"},"up":{"uv":[7,1,8,2],"texture":"#0"},"down":{"uv":[7,1,8,2],"texture":"#0"}}},{"from":[13.11644,0.11898,21.19847],"to":[13.53041,1.78048,21.51984],"rotation":{"angle":-22.5,"axis":"y","origin":[13.32343,0.94973,21.35916]},"faces":{"north":{"uv":[7,1,8,2],"texture":"#0"},"east":{"uv":[7,1,8,2],"texture":"#0"},"south":{"uv":[7,1,8,2],"texture":"#0"},"west":{"uv":[7,1,8,2],"texture":"#0"},"up":{"uv":[7,1,8,2],"texture":"#0"},"down":{"uv":[7,1,8,2],"texture":"#0"}}},{"from":[11.05388,0.11898,26.17794],"to":[11.46785,1.78048,26.4993],"rotation":{"angle":-22.5,"axis":"y","origin":[11.26087,0.94973,26.33862]},"faces":{"north":{"uv":[7,1,8,2],"texture":"#0"},"east":{"uv":[7,1,8,2],"texture":"#0"},"south":{"uv":[7,1,8,2],"texture":"#0"},"west":{"uv":[7,1,8,2],"texture":"#0"},"up":{"uv":[7,1,8,2],"texture":"#0"},"down":{"uv":[7,1,8,2],"texture":"#0"}}},{"from":[-0.29545,20.78907,8.37497],"to":[16.29545,21.11213,8.74206],"rotation":{"angle":0,"axis":"z","origin":[8,20.9506,8.55852]},"faces":{"north":{"uv":[7,1,8,2],"texture":"#0"},"east":{"uv":[7,1,8,2],"texture":"#0"},"south":{"uv":[7,1,8,2],"texture":"#0"},"west":{"uv":[7,1,8,2],"texture":"#0"},"up":{"uv":[7,1,8,2],"texture":"#0"},"down":{"uv":[7,1,8,2],"texture":"#0"}}},{"from":[3.57,23.4179,8.39375],"to":[12.43,23.70791,8.72328],"rotation":{"angle":0,"axis":"z","origin":[8,23.5629,8.55852]},"faces":{"north":{"uv":[7,1,8,2],"texture":"#0"},"east":{"uv":[7,1,8,2],"texture":"#0"},"south":{"uv":[7,1,8,2],"texture":"#0"},"west":{"uv":[7,1,8,2],"texture":"#0"},"up":{"uv":[7,1,8,2],"texture":"#0"},"down":{"uv":[7,1,8,2],"texture":"#0"}}},{"from":[7.80733,19.56572,8.36585],"to":[8.19267,26.64245,8.75118],"rotation":{"angle":0,"axis":"z","origin":[8,23.10408,8.55852]},"faces":{"north":{"uv":[7,1,8,2],"texture":"#0"},"east":{"uv":[7,1,8,2],"texture":"#0"},"south":{"uv":[7,1,8,2],"texture":"#0"},"west":{"uv":[7,1,8,2],"texture":"#0"},"up":{"uv":[7,1,8,2],"texture":"#0"},"down":{"uv":[7,1,8,2],"texture":"#0"}}},{"from":[7.89855,25.32812,8.45706],"to":[8.10145,30.47473,8.65997],"rotation":{"angle":0,"axis":"z","origin":[8,27.90143,8.55852]},"faces":{"north":{"uv":[7,1,8,2],"texture":"#0"},"east":{"uv":[7,1,8,2],"texture":"#0"},"south":{"uv":[7,1,8,2],"texture":"#0"},"west":{"uv":[7,1,8,2],"texture":"#0"},"up":{"uv":[7,1,8,2],"texture":"#0"},"down":{"uv":[7,1,8,2],"texture":"#0"}}},{"from":[7.16502,30.38095,8.38674],"to":[8.83498,30.47225,8.49049],"rotation":{"angle":0,"axis":"z","origin":[8,30.4266,8.43861]},"faces":{"north":{"uv":[7,1,8,2],"texture":"#0"},"east":{"uv":[7,1,8,2],"texture":"#0"},"south":{"uv":[7,1,8,2],"texture":"#0"},"west":{"uv":[7,1,8,2],"texture":"#0"},"up":{"uv":[7,1,8,2],"texture":"#0"},"down":{"uv":[7,1,8,2],"texture":"#0"}}},{"from":[7.16502,30.27488,8.65457],"to":[8.83498,30.36618,8.75832],"rotation":{"angle":0,"axis":"z","origin":[8,30.32053,8.70645]},"faces":{"north":{"uv":[7,1,8,2],"texture":"#0"},"east":{"uv":[7,1,8,2],"texture":"#0"},"south":{"uv":[7,1,8,2],"texture":"#0"},"west":{"uv":[7,1,8,2],"texture":"#0"},"up":{"uv":[7,1,8,2],"texture":"#0"},"down":{"uv":[7,1,8,2],"texture":"#0"}}},{"from":[7.64526,-5.91583,8.20377],"to":[8.35474,19.82053,8.91326],"rotation":{"angle":0,"axis":"z","origin":[8,3.34119,8.55852]},"faces":{"north":{"uv":[7,1,8,2],"texture":"#0"},"east":{"uv":[7,1,8,2],"texture":"#0"},"south":{"uv":[7,1,8,2],"texture":"#0"},"west":{"uv":[7,1,8,2],"texture":"#0"},"up":{"uv":[7,1,8,2],"texture":"#0"},"down":{"uv":[7,1,8,2],"texture":"#0"}}},{"from":[6.42677,19.49047,8.01344],"to":[9.57323,19.99648,9.31675],"rotation":{"angle":0,"axis":"z","origin":[8,19.74348,8.66509]},"faces":{"north":{"uv":[7,1,8,2],"texture":"#0"},"east":{"uv":[7,1,8,2],"texture":"#0"},"south":{"uv":[7,1,8,2],"texture":"#0"},"west":{"uv":[7,1,8,2],"texture":"#0"},"up":{"uv":[7,1,8,2],"texture":"#0"},"down":{"uv":[7,1,8,2],"texture":"#0"}}},{"from":[7.34835,19.49047,7.09186],"to":[8.65165,19.99648,10.23832],"rotation":{"angle":0,"axis":"z","origin":[8,19.74348,8.66509]},"faces":{"north":{"uv":[7,1,8,2],"texture":"#0"},"east":{"uv":[7,1,8,2],"texture":"#0"},"south":{"uv":[7,1,8,2],"texture":"#0"},"west":{"uv":[7,1,8,2],"texture":"#0"},"up":{"uv":[7,1,8,2],"texture":"#0"},"down":{"uv":[7,1,8,2],"texture":"#0"}}},{"from":[6.42677,19.49047,8.01344],"to":[9.57323,19.99648,9.31675],"rotation":{"angle":45,"axis":"y","origin":[8,19.74348,8.66509]},"faces":{"north":{"uv":[7,1,8,2],"texture":"#0"},"east":{"uv":[7,1,8,2],"texture":"#0"},"south":{"uv":[7,1,8,2],"texture":"#0"},"west":{"uv":[7,1,8,2],"texture":"#0"},"up":{"uv":[7,1,8,2],"texture":"#0"},"down":{"uv":[7,1,8,2],"texture":"#0"}}},{"from":[6.42677,19.49047,8.01344],"to":[9.57323,19.99648,9.31675],"rotation":{"angle":-45,"axis":"y","origin":[8,19.74348,8.66509]},"faces":{"north":{"uv":[7,1,8,2],"texture":"#0"},"east":{"uv":[7,1,8,2],"texture":"#0"},"south":{"uv":[7,1,8,2],"texture":"#0"},"west":{"uv":[7,1,8,2],"texture":"#0"},"up":{"uv":[7,1,8,2],"texture":"#0"},"down":{"uv":[7,1,8,2],"texture":"#0"}}},{"from":[7.09109,14.74226,7.64961],"to":[8.90891,17.43693,9.46742],"rotation":{"angle":0,"axis":"z","origin":[8,16.0896,8.55852]},"faces":{"north":{"uv":[7,1,8,2],"texture":"#0"},"east":{"uv":[7,1,8,2],"texture":"#0"},"south":{"uv":[7,1,8,2],"texture":"#0"},"west":{"uv":[7,1,8,2],"texture":"#0"},"up":{"uv":[7,1,8,2],"texture":"#0"},"down":{"uv":[7,1,8,2],"texture":"#0"}}},{"from":[5.8439,27.82611,8.44886],"to":[10.1561,28.01913,8.66817],"rotation":{"angle":0,"axis":"z","origin":[8,27.92262,8.55852]},"faces":{"north":{"uv":[7,1,8,2],"texture":"#0"},"east":{"uv":[7,1,8,2],"texture":"#0"},"south":{"uv":[7,1,8,2],"texture":"#0"},"west":{"uv":[7,1,8,2],"texture":"#0"},"up":{"uv":[7,1,8,2],"texture":"#0"},"down":{"uv":[7,1,8,2],"texture":"#0"}}},{"from":[-0.75075,-14.47473,-15.99114],"to":[16.75074,-5.18064,11.2551],"rotation":{"angle":0,"axis":"z","origin":[8,-9.82768,-2.36802]},"faces":{"north":{"uv":[10,1,11,2],"texture":"#0"},"east":{"uv":[10,1,11,2],"texture":"#0"},"south":{"uv":[10,1,11,2],"texture":"#0"},"west":{"uv":[10,1,11,2],"texture":"#0"},"up":{"uv":[10,1,11,2],"texture":"#0"},"down":{"uv":[10,1,11,2],"texture":"#0"}}},{"from":[10.23422,-9.95663,9.95888],"to":[13.03214,-5.18064,29.94982],"rotation":{"angle":-22.5,"axis":"y","origin":[11.63318,-7.56863,19.95435]},"faces":{"north":{"uv":[10,1,11,2],"texture":"#0"},"east":{"uv":[10,1,11,2],"texture":"#0"},"south":{"uv":[10,1,11,2],"texture":"#0"},"west":{"uv":[10,1,11,2],"texture":"#0"},"up":{"uv":[10,1,11,2],"texture":"#0"},"down":{"uv":[10,1,11,2],"texture":"#0"}}},{"from":[2.96786,-9.95663,9.95888],"to":[5.76578,-5.18064,29.94982],"rotation":{"angle":22.5,"axis":"y","origin":[4.36682,-7.56863,19.95435]},"faces":{"north":{"uv":[10,1,11,2],"texture":"#0"},"east":{"uv":[10,1,11,2],"texture":"#0"},"south":{"uv":[10,1,11,2],"texture":"#0"},"west":{"uv":[10,1,11,2],"texture":"#0"},"up":{"uv":[10,1,11,2],"texture":"#0"},"down":{"uv":[10,1,11,2],"texture":"#0"}}},{"from":[2.56877,-9.95663,9.69378],"to":[13.43123,-5.18064,19.09725],"rotation":{"angle":0,"axis":"z","origin":[8,-7.56863,14.39552]},"faces":{"north":{"uv":[10,1,11,2],"texture":"#0"},"east":{"uv":[10,1,11,2],"texture":"#0"},"south":{"uv":[10,1,11,2],"texture":"#0"},"west":{"uv":[10,1,11,2],"texture":"#0"},"up":{"uv":[10,1,11,2],"texture":"#0"},"down":{"uv":[10,1,11,2],"texture":"#0"}}},{"from":[5.54145,-9.95663,16.1526],"to":[10.45855,-5.18064,26.20295],"rotation":{"angle":0,"axis":"z","origin":[8,-7.56863,21.17777]},"faces":{"north":{"uv":[10,1,11,2],"texture":"#0"},"east":{"uv":[10,1,11,2],"texture":"#0"},"south":{"uv":[10,1,11,2],"texture":"#0"},"west":{"uv":[10,1,11,2],"texture":"#0"},"up":{"uv":[10,1,11,2],"texture":"#0"},"down":{"uv":[10,1,11,2],"texture":"#0"}}},{"from":[7.70856,-13.97872,15.94234],"to":[8.29144,-9.20244,27.88291],"rotation":{"angle":0,"axis":"z","origin":[8,-11.59058,21.91262]},"faces":{"north":{"uv":[10,1,11,2],"texture":"#0"},"east":{"uv":[10,1,11,2],"texture":"#0"},"south":{"uv":[10,1,11,2],"texture":"#0"},"west":{"uv":[10,1,11,2],"texture":"#0"},"up":{"uv":[10,1,11,2],"texture":"#0"},"down":{"uv":[10,1,11,2],"texture":"#0"}}},{"from":[6.89946,-9.95663,19.67397],"to":[9.10055,-5.18064,29.72432],"rotation":{"angle":0,"axis":"z","origin":[8,-7.56863,24.69914]},"faces":{"north":{"uv":[10,1,11,2],"texture":"#0"},"east":{"uv":[10,1,11,2],"texture":"#0"},"south":{"uv":[10,1,11,2],"texture":"#0"},"west":{"uv":[10,1,11,2],"texture":"#0"},"up":{"uv":[10,1,11,2],"texture":"#0"},"down":{"uv":[10,1,11,2],"texture":"#0"}}},{"from":[-1.5376,-0.2702,-15.98908],"to":[-1.12314,2.14639,0.25357],"rotation":{"angle":0,"axis":"z","origin":[-1.33037,0.93809,-8.46133]},"faces":{"north":{"uv":[7,1,8,2],"texture":"#0"},"east":{"uv":[7,1,8,2],"texture":"#0"},"south":{"uv":[7,1,8,2],"texture":"#0"},"west":{"uv":[7,1,8,2],"texture":"#0"},"up":{"uv":[7,1,8,2],"texture":"#0"},"down":{"uv":[7,1,8,2],"texture":"#0"}}},{"from":[17.12314,-0.2702,-15.98908],"to":[17.5376,2.14639,0.25357],"rotation":{"angle":0,"axis":"z","origin":[17.33037,0.93809,-8.46133]},"faces":{"north":{"uv":[7,1,8,2],"texture":"#0"},"east":{"uv":[7,1,8,2],"texture":"#0"},"south":{"uv":[7,1,8,2],"texture":"#0"},"west":{"uv":[7,1,8,2],"texture":"#0"},"up":{"uv":[7,1,8,2],"texture":"#0"},"down":{"uv":[7,1,8,2],"texture":"#0"}}},{"from":[-1.53334,-0.26889,0.21782],"to":[-1.11905,0.11913,11.74966],"rotation":{"angle":0,"axis":"z","origin":[-1.3262,-0.07488,5.98374]},"faces":{"north":{"uv":[7,1,8,2],"texture":"#0"},"east":{"uv":[7,1,8,2],"texture":"#0"},"south":{"uv":[7,1,8,2],"texture":"#0"},"west":{"uv":[7,1,8,2],"texture":"#0"},"up":{"uv":[7,1,8,2],"texture":"#0"},"down":{"uv":[7,1,8,2],"texture":"#0"}}},{"from":[2.49471,-0.2689,10.86602],"to":[2.90899,0.11913,32],"rotation":{"angle":22.5,"axis":"y","origin":[2.70185,-0.07488,21.43301]},"faces":{"north":{"uv":[7,1,8,2],"texture":"#0"},"east":{"uv":[7,1,8,2],"texture":"#0"},"south":{"uv":[7,1,8,2],"texture":"#0"},"west":{"uv":[7,1,8,2],"texture":"#0"},"up":{"uv":[7,1,8,2],"texture":"#0"},"down":{"uv":[7,1,8,2],"texture":"#0"}}},{"from":[13.09101,-0.2689,10.86602],"to":[13.50529,0.11913,32],"rotation":{"angle":-22.5,"axis":"y","origin":[13.29815,-0.07488,21.43301]},"faces":{"north":{"uv":[7,1,8,2],"texture":"#0"},"east":{"uv":[7,1,8,2],"texture":"#0"},"south":{"uv":[7,1,8,2],"texture":"#0"},"west":{"uv":[7,1,8,2],"texture":"#0"},"up":{"uv":[7,1,8,2],"texture":"#0"},"down":{"uv":[7,1,8,2],"texture":"#0"}}},{"from":[17.11905,-0.2689,0.21782],"to":[17.53333,0.11913,11.74965],"rotation":{"angle":0,"axis":"z","origin":[17.32619,-0.07488,5.98374]},"faces":{"north":{"uv":[7,1,8,2],"texture":"#0"},"east":{"uv":[7,1,8,2],"texture":"#0"},"south":{"uv":[7,1,8,2],"texture":"#0"},"west":{"uv":[7,1,8,2],"texture":"#0"},"up":{"uv":[7,1,8,2],"texture":"#0"},"down":{"uv":[7,1,8,2],"texture":"#0"}}},{"from":[6.55429,-0.2689,30.86062],"to":[9.44571,0.11913,31.2749],"rotation":{"angle":0,"axis":"z","origin":[8,-0.07488,31.06776]},"faces":{"north":{"uv":[7,1,8,2],"texture":"#0"},"east":{"uv":[7,1,8,2],"texture":"#0"},"south":{"uv":[7,1,8,2],"texture":"#0"},"west":{"uv":[7,1,8,2],"texture":"#0"},"up":{"uv":[7,1,8,2],"texture":"#0"},"down":{"uv":[7,1,8,2],"texture":"#0"}}},{"from":[-1.36717,0.53727,0.2306],"to":[-1.27117,0.62719,11.75375],"rotation":{"angle":0,"axis":"z","origin":[-1.31917,0.58223,5.99218]},"faces":{"north":{"uv":[1,10,2,11],"texture":"#0"},"east":{"uv":[1,10,2,11],"texture":"#0"},"south":{"uv":[1,10,2,11],"texture":"#0"},"west":{"uv":[1,10,2,11],"texture":"#0"},"up":{"uv":[1,10,2,11],"texture":"#0"},"down":{"uv":[1,10,2,11],"texture":"#0"}}},{"from":[2.61743,0.53727,10.87882],"to":[2.71343,0.62719,31.78566],"rotation":{"angle":22.5,"axis":"y","origin":[2.66543,0.58223,21.33224]},"faces":{"north":{"uv":[1,10,2,11],"texture":"#0"},"east":{"uv":[1,10,2,11],"texture":"#0"},"south":{"uv":[1,10,2,11],"texture":"#0"},"west":{"uv":[1,10,2,11],"texture":"#0"},"up":{"uv":[1,10,2,11],"texture":"#0"},"down":{"uv":[1,10,2,11],"texture":"#0"}}},{"from":[13.28657,0.53727,10.87882],"to":[13.38257,0.62719,31.78566],"rotation":{"angle":-22.5,"axis":"y","origin":[13.33457,0.58223,21.33224]},"faces":{"north":{"uv":[1,10,2,11],"texture":"#0"},"east":{"uv":[1,10,2,11],"texture":"#0"},"south":{"uv":[1,10,2,11],"texture":"#0"},"west":{"uv":[1,10,2,11],"texture":"#0"},"up":{"uv":[1,10,2,11],"texture":"#0"},"down":{"uv":[1,10,2,11],"texture":"#0"}}},{"from":[17.27116,0.53727,0.2306],"to":[17.36717,0.62719,11.75375],"rotation":{"angle":0,"axis":"z","origin":[17.31917,0.58223,5.99217]},"faces":{"north":{"uv":[1,10,2,11],"texture":"#0"},"east":{"uv":[1,10,2,11],"texture":"#0"},"south":{"uv":[1,10,2,11],"texture":"#0"},"west":{"uv":[1,10,2,11],"texture":"#0"},"up":{"uv":[1,10,2,11],"texture":"#0"},"down":{"uv":[1,10,2,11],"texture":"#0"}}},{"from":[6.64427,0.53727,31.0093],"to":[9.35573,0.62719,31.1053],"rotation":{"angle":0,"axis":"z","origin":[8,0.58223,31.0573]},"faces":{"north":{"uv":[1,10,2,11],"texture":"#0"},"east":{"uv":[1,10,2,11],"texture":"#0"},"south":{"uv":[1,10,2,11],"texture":"#0"},"west":{"uv":[1,10,2,11],"texture":"#0"},"up":{"uv":[1,10,2,11],"texture":"#0"},"down":{"uv":[1,10,2,11],"texture":"#0"}}},{"from":[-1.36717,1.443,0.2306],"to":[-1.27117,1.53292,11.75375],"rotation":{"angle":0,"axis":"z","origin":[-1.31917,1.48796,5.99218]},"faces":{"north":{"uv":[1,10,2,11],"texture":"#0"},"east":{"uv":[1,10,2,11],"texture":"#0"},"south":{"uv":[1,10,2,11],"texture":"#0"},"west":{"uv":[1,10,2,11],"texture":"#0"},"up":{"uv":[1,10,2,11],"texture":"#0"},"down":{"uv":[1,10,2,11],"texture":"#0"}}},{"from":[2.61743,1.443,10.87882],"to":[2.71343,1.53292,31.78566],"rotation":{"angle":22.5,"axis":"y","origin":[2.66543,1.48796,21.33224]},"faces":{"north":{"uv":[1,10,2,11],"texture":"#0"},"east":{"uv":[1,10,2,11],"texture":"#0"},"south":{"uv":[1,10,2,11],"texture":"#0"},"west":{"uv":[1,10,2,11],"texture":"#0"},"up":{"uv":[1,10,2,11],"texture":"#0"},"down":{"uv":[1,10,2,11],"texture":"#0"}}},{"from":[13.28657,1.443,10.87882],"to":[13.38257,1.53292,31.78566],"rotation":{"angle":-22.5,"axis":"y","origin":[13.33457,1.48796,21.33224]},"faces":{"north":{"uv":[1,10,2,11],"texture":"#0"},"east":{"uv":[1,10,2,11],"texture":"#0"},"south":{"uv":[1,10,2,11],"texture":"#0"},"west":{"uv":[1,10,2,11],"texture":"#0"},"up":{"uv":[1,10,2,11],"texture":"#0"},"down":{"uv":[1,10,2,11],"texture":"#0"}}},{"from":[17.27116,1.443,0.2306],"to":[17.36717,1.53292,11.75375],"rotation":{"angle":0,"axis":"z","origin":[17.31917,1.48796,5.99217]},"faces":{"north":{"uv":[1,10,2,11],"texture":"#0"},"east":{"uv":[1,10,2,11],"texture":"#0"},"south":{"uv":[1,10,2,11],"texture":"#0"},"west":{"uv":[1,10,2,11],"texture":"#0"},"up":{"uv":[1,10,2,11],"texture":"#0"},"down":{"uv":[1,10,2,11],"texture":"#0"}}},{"from":[6.64427,1.443,31.0093],"to":[9.35573,1.53292,31.1053],"rotation":{"angle":0,"axis":"z","origin":[8,1.48796,31.0573]},"faces":{"north":{"uv":[1,10,2,11],"texture":"#0"},"east":{"uv":[1,10,2,11],"texture":"#0"},"south":{"uv":[1,10,2,11],"texture":"#0"},"west":{"uv":[1,10,2,11],"texture":"#0"},"up":{"uv":[1,10,2,11],"texture":"#0"},"down":{"uv":[1,10,2,11],"texture":"#0"}}},{"from":[0.45021,-1.88019,-16],"to":[15.54979,5.58339,2.22244],"rotation":{"angle":0,"axis":"z","origin":[8,1.8516,-7.48236]},"faces":{"north":{"uv":[7,1,8,2],"texture":"#0"},"east":{"uv":[7,1,8,2],"texture":"#0"},"south":{"uv":[7,1,8,2],"texture":"#0"},"west":{"uv":[7,1,8,2],"texture":"#0"},"up":{"uv":[7,1,8,2],"texture":"#0"},"down":{"uv":[7,1,8,2],"texture":"#0"}}},{"from":[14.98256,5.58339,-16],"to":[15.54979,8.78663,2.22244],"rotation":{"angle":0,"axis":"z","origin":[15.26618,7.18501,-7.48236]},"faces":{"north":{"uv":[7,1,8,2],"texture":"#0"},"east":{"uv":[7,1,8,2],"texture":"#0"},"south":{"uv":[7,1,8,2],"texture":"#0"},"west":{"uv":[7,1,8,2],"texture":"#0"},"up":{"uv":[7,1,8,2],"texture":"#0"},"down":{"uv":[7,1,8,2],"texture":"#0"}}},{"from":[0.45021,5.58339,-16],"to":[1.01744,8.78663,2.22244],"rotation":{"angle":0,"axis":"z","origin":[0.73382,7.18501,-7.48236]},"faces":{"north":{"uv":[7,1,8,2],"texture":"#0"},"east":{"uv":[7,1,8,2],"texture":"#0"},"south":{"uv":[7,1,8,2],"texture":"#0"},"west":{"uv":[7,1,8,2],"texture":"#0"},"up":{"uv":[7,1,8,2],"texture":"#0"},"down":{"uv":[7,1,8,2],"texture":"#0"}}},{"from":[1.01744,5.58339,1.64182],"to":[14.98256,8.78663,2.22244],"rotation":{"angle":0,"axis":"z","origin":[8,7.18501,1.93213]},"faces":{"north":{"uv":[7,1,8,2],"texture":"#0"},"east":{"uv":[7,1,8,2],"texture":"#0"},"south":{"uv":[7,1,8,2],"texture":"#0"},"west":{"uv":[7,1,8,2],"texture":"#0"},"up":{"uv":[7,1,8,2],"texture":"#0"},"down":{"uv":[7,1,8,2],"texture":"#0"}}},{"from":[0.45021,8.78663,1.66161],"to":[1.01744,13.05732,2.22244],"rotation":{"angle":0,"axis":"z","origin":[0.73382,10.92197,1.94203]},"faces":{"north":{"uv":[7,1,8,2],"texture":"#0"},"east":{"uv":[7,1,8,2],"texture":"#0"},"south":{"uv":[7,1,8,2],"texture":"#0"},"west":{"uv":[7,1,8,2],"texture":"#0"},"up":{"uv":[7,1,8,2],"texture":"#0"},"down":{"uv":[7,1,8,2],"texture":"#0"}}},{"from":[14.98256,8.78663,1.66161],"to":[15.54979,13.05732,2.22244],"rotation":{"angle":0,"axis":"z","origin":[15.26618,10.92197,1.94203]},"faces":{"north":{"uv":[7,1,8,2],"texture":"#0"},"east":{"uv":[7,1,8,2],"texture":"#0"},"south":{"uv":[7,1,8,2],"texture":"#0"},"west":{"uv":[7,1,8,2],"texture":"#0"},"up":{"uv":[7,1,8,2],"texture":"#0"},"down":{"uv":[7,1,8,2],"texture":"#0"}}},{"from":[14.98256,13.05732,-16],"to":[15.54979,16.57274,2.22244],"rotation":{"angle":0,"axis":"z","origin":[15.26618,14.81503,-7.48236]},"faces":{"north":{"uv":[7,1,8,2],"texture":"#0"},"east":{"uv":[7,1,8,2],"texture":"#0"},"south":{"uv":[7,1,8,2],"texture":"#0"},"west":{"uv":[7,1,8,2],"texture":"#0"},"up":{"uv":[7,1,8,2],"texture":"#0"},"down":{"uv":[7,1,8,2],"texture":"#0"}}},{"from":[0.45021,13.05732,-16],"to":[1.01744,16.57274,2.22244],"rotation":{"angle":0,"axis":"z","origin":[0.73382,14.81503,-7.48236]},"faces":{"north":{"uv":[7,1,8,2],"texture":"#0"},"east":{"uv":[7,1,8,2],"texture":"#0"},"south":{"uv":[7,1,8,2],"texture":"#0"},"west":{"uv":[7,1,8,2],"texture":"#0"},"up":{"uv":[7,1,8,2],"texture":"#0"},"down":{"uv":[7,1,8,2],"texture":"#0"}}},{"from":[1.01744,13.05732,1.64182],"to":[14.98256,16.57274,2.22244],"rotation":{"angle":0,"axis":"z","origin":[8,14.81503,1.93213]},"faces":{"north":{"uv":[7,1,8,2],"texture":"#0"},"east":{"uv":[7,1,8,2],"texture":"#0"},"south":{"uv":[7,1,8,2],"texture":"#0"},"west":{"uv":[7,1,8,2],"texture":"#0"},"up":{"uv":[7,1,8,2],"texture":"#0"},"down":{"uv":[7,1,8,2],"texture":"#0"}}},{"from":[0.72153,15.21177,-16],"to":[15.27847,15.72479,1.64182],"rotation":{"angle":0,"axis":"z","origin":[8,15.46828,-7.77267]},"faces":{"north":{"uv":[7,1,8,2],"texture":"#0"},"east":{"uv":[7,1,8,2],"texture":"#0"},"south":{"uv":[7,1,8,2],"texture":"#0"},"west":{"uv":[7,1,8,2],"texture":"#0"},"up":{"uv":[7,1,8,2],"texture":"#0"},"down":{"uv":[7,1,8,2],"texture":"#0"}}},{"from":[14.98256,8.78663,-13.33936],"to":[15.54979,13.05732,-12.77853],"rotation":{"angle":0,"axis":"z","origin":[15.26618,10.92197,-13.05894]},"faces":{"north":{"uv":[7,1,8,2],"texture":"#0"},"east":{"uv":[7,1,8,2],"texture":"#0"},"south":{"uv":[7,1,8,2],"texture":"#0"},"west":{"uv":[7,1,8,2],"texture":"#0"},"up":{"uv":[7,1,8,2],"texture":"#0"},"down":{"uv":[7,1,8,2],"texture":"#0"}}},{"from":[0.45021,8.78663,-13.33936],"to":[1.01744,13.05732,-12.77853],"rotation":{"angle":0,"axis":"z","origin":[0.73382,10.92197,-13.05894]},"faces":{"north":{"uv":[7,1,8,2],"texture":"#0"},"east":{"uv":[7,1,8,2],"texture":"#0"},"south":{"uv":[7,1,8,2],"texture":"#0"},"west":{"uv":[7,1,8,2],"texture":"#0"},"up":{"uv":[7,1,8,2],"texture":"#0"},"down":{"uv":[7,1,8,2],"texture":"#0"}}},{"from":[14.98256,8.78663,-9.35995],"to":[15.54979,13.05732,-8.79911],"rotation":{"angle":0,"axis":"z","origin":[15.26618,10.92197,-9.07953]},"faces":{"north":{"uv":[7,1,8,2],"texture":"#0"},"east":{"uv":[7,1,8,2],"texture":"#0"},"south":{"uv":[7,1,8,2],"texture":"#0"},"west":{"uv":[7,1,8,2],"texture":"#0"},"up":{"uv":[7,1,8,2],"texture":"#0"},"down":{"uv":[7,1,8,2],"texture":"#0"}}},{"from":[0.45021,8.78663,-9.35995],"to":[1.01744,13.05732,-8.79911],"rotation":{"angle":0,"axis":"z","origin":[0.73382,10.92197,-9.07953]},"faces":{"north":{"uv":[7,1,8,2],"texture":"#0"},"east":{"uv":[7,1,8,2],"texture":"#0"},"south":{"uv":[7,1,8,2],"texture":"#0"},"west":{"uv":[7,1,8,2],"texture":"#0"},"up":{"uv":[7,1,8,2],"texture":"#0"},"down":{"uv":[7,1,8,2],"texture":"#0"}}},{"from":[14.98256,8.78663,-5.80281],"to":[15.54979,13.05732,-5.24198],"rotation":{"angle":0,"axis":"z","origin":[15.26618,10.92197,-5.52239]},"faces":{"north":{"uv":[7,1,8,2],"texture":"#0"},"east":{"uv":[7,1,8,2],"texture":"#0"},"south":{"uv":[7,1,8,2],"texture":"#0"},"west":{"uv":[7,1,8,2],"texture":"#0"},"up":{"uv":[7,1,8,2],"texture":"#0"},"down":{"uv":[7,1,8,2],"texture":"#0"}}},{"from":[0.45021,8.78663,-5.80281],"to":[1.01744,13.05732,-5.24198],"rotation":{"angle":0,"axis":"z","origin":[0.73382,10.92197,-5.52239]},"faces":{"north":{"uv":[7,1,8,2],"texture":"#0"},"east":{"uv":[7,1,8,2],"texture":"#0"},"south":{"uv":[7,1,8,2],"texture":"#0"},"west":{"uv":[7,1,8,2],"texture":"#0"},"up":{"uv":[7,1,8,2],"texture":"#0"},"down":{"uv":[7,1,8,2],"texture":"#0"}}},{"from":[14.98256,8.78663,-2.25058],"to":[15.54979,13.05732,-1.68974],"rotation":{"angle":0,"axis":"z","origin":[15.26618,10.92197,-1.97016]},"faces":{"north":{"uv":[7,1,8,2],"texture":"#0"},"east":{"uv":[7,1,8,2],"texture":"#0"},"south":{"uv":[7,1,8,2],"texture":"#0"},"west":{"uv":[7,1,8,2],"texture":"#0"},"up":{"uv":[7,1,8,2],"texture":"#0"},"down":{"uv":[7,1,8,2],"texture":"#0"}}},{"from":[0.45021,8.78663,-2.25058],"to":[1.01744,13.05732,-1.68974],"rotation":{"angle":0,"axis":"z","origin":[0.73382,10.92197,-1.97016]},"faces":{"north":{"uv":[7,1,8,2],"texture":"#0"},"east":{"uv":[7,1,8,2],"texture":"#0"},"south":{"uv":[7,1,8,2],"texture":"#0"},"west":{"uv":[7,1,8,2],"texture":"#0"},"up":{"uv":[7,1,8,2],"texture":"#0"},"down":{"uv":[7,1,8,2],"texture":"#0"}}},{"from":[4.83814,8.78663,1.64182],"to":[11.16186,13.05732,2.22244],"rotation":{"angle":0,"axis":"z","origin":[8,10.92197,1.93213]},"faces":{"north":{"uv":[7,1,8,2],"texture":"#0"},"east":{"uv":[7,1,8,2],"texture":"#0"},"south":{"uv":[7,1,8,2],"texture":"#0"},"west":{"uv":[7,1,8,2],"texture":"#0"},"up":{"uv":[7,1,8,2],"texture":"#0"},"down":{"uv":[7,1,8,2],"texture":"#0"}}},{"from":[2.63149,7.07832,-14.66019],"to":[5.79889,7.54637,-11.4928],"rotation":{"angle":0,"axis":"z","origin":[4.21519,7.31235,-13.07649]},"faces":{"north":{"uv":[1,1,2,2],"texture":"#0"},"east":{"uv":[1,1,2,2],"texture":"#0"},"south":{"uv":[1,1,2,2],"texture":"#0"},"west":{"uv":[1,1,2,2],"texture":"#0"},"up":{"uv":[1,1,2,2],"texture":"#0"},"down":{"uv":[1,1,2,2],"texture":"#0"}}},{"from":[2.55991,7.38684,-11.99376],"to":[5.87048,10.34085,-11.42306],"rotation":{"angle":0,"axis":"z","origin":[4.21519,8.86384,-11.70841]},"faces":{"north":{"uv":[1,1,2,2],"texture":"#0"},"east":{"uv":[1,1,2,2],"texture":"#0"},"south":{"uv":[1,1,2,2],"texture":"#0"},"west":{"uv":[1,1,2,2],"texture":"#0"},"up":{"uv":[1,1,2,2],"texture":"#0"},"down":{"uv":[1,1,2,2],"texture":"#0"}}},{"from":[2.80853,5.25202,-14.37079],"to":[3.08156,7.12857,-14.09777],"rotation":{"angle":0,"axis":"z","origin":[2.94504,6.1903,-14.23428]},"faces":{"north":{"uv":[10,10,11,11],"texture":"#0"},"east":{"uv":[10,10,11,11],"texture":"#0"},"south":{"uv":[10,10,11,11],"texture":"#0"},"west":{"uv":[10,10,11,11],"texture":"#0"},"up":{"uv":[10,10,11,11],"texture":"#0"},"down":{"uv":[10,10,11,11],"texture":"#0"}}},{"from":[2.80853,5.25202,-12.0193],"to":[3.08156,7.12857,-11.74628],"rotation":{"angle":0,"axis":"z","origin":[2.94504,6.1903,-11.88279]},"faces":{"north":{"uv":[10,10,11,11],"texture":"#0"},"east":{"uv":[10,10,11,11],"texture":"#0"},"south":{"uv":[10,10,11,11],"texture":"#0"},"west":{"uv":[10,10,11,11],"texture":"#0"},"up":{"uv":[10,10,11,11],"texture":"#0"},"down":{"uv":[10,10,11,11],"texture":"#0"}}},{"from":[5.34883,5.25202,-14.37079],"to":[5.62185,7.12857,-14.09777],"rotation":{"angle":0,"axis":"z","origin":[5.48534,6.1903,-14.23428]},"faces":{"north":{"uv":[10,10,11,11],"texture":"#0"},"east":{"uv":[10,10,11,11],"texture":"#0"},"south":{"uv":[10,10,11,11],"texture":"#0"},"west":{"uv":[10,10,11,11],"texture":"#0"},"up":{"uv":[10,10,11,11],"texture":"#0"},"down":{"uv":[10,10,11,11],"texture":"#0"}}},{"from":[5.34883,5.25202,-12.0193],"to":[5.62185,7.12857,-11.74628],"rotation":{"angle":0,"axis":"z","origin":[5.48534,6.1903,-11.88279]},"faces":{"north":{"uv":[10,10,11,11],"texture":"#0"},"east":{"uv":[10,10,11,11],"texture":"#0"},"south":{"uv":[10,10,11,11],"texture":"#0"},"west":{"uv":[10,10,11,11],"texture":"#0"},"up":{"uv":[10,10,11,11],"texture":"#0"},"down":{"uv":[10,10,11,11],"texture":"#0"}}},{"from":[2.63149,7.07832,-4.87248],"to":[5.79889,7.54637,-1.70508],"rotation":{"angle":0,"axis":"z","origin":[4.21519,7.31235,-3.28878]},"faces":{"north":{"uv":[1,1,2,2],"texture":"#0"},"east":{"uv":[1,1,2,2],"texture":"#0"},"south":{"uv":[1,1,2,2],"texture":"#0"},"west":{"uv":[1,1,2,2],"texture":"#0"},"up":{"uv":[1,1,2,2],"texture":"#0"},"down":{"uv":[1,1,2,2],"texture":"#0"}}},{"from":[2.55991,7.38684,-2.20605],"to":[5.87048,10.34085,-1.63534],"rotation":{"angle":0,"axis":"z","origin":[4.21519,8.86384,-1.9207]},"faces":{"north":{"uv":[1,1,2,2],"texture":"#0"},"east":{"uv":[1,1,2,2],"texture":"#0"},"south":{"uv":[1,1,2,2],"texture":"#0"},"west":{"uv":[1,1,2,2],"texture":"#0"},"up":{"uv":[1,1,2,2],"texture":"#0"},"down":{"uv":[1,1,2,2],"texture":"#0"}}},{"from":[2.80853,5.25202,-4.58308],"to":[3.08156,7.12857,-4.31006],"rotation":{"angle":0,"axis":"z","origin":[2.94504,6.1903,-4.44657]},"faces":{"north":{"uv":[10,10,11,11],"texture":"#0"},"east":{"uv":[10,10,11,11],"texture":"#0"},"south":{"uv":[10,10,11,11],"texture":"#0"},"west":{"uv":[10,10,11,11],"texture":"#0"},"up":{"uv":[10,10,11,11],"texture":"#0"},"down":{"uv":[10,10,11,11],"texture":"#0"}}},{"from":[2.80853,5.25202,-2.23159],"to":[3.08156,7.12857,-1.95856],"rotation":{"angle":0,"axis":"z","origin":[2.94504,6.1903,-2.09508]},"faces":{"north":{"uv":[10,10,11,11],"texture":"#0"},"east":{"uv":[10,10,11,11],"texture":"#0"},"south":{"uv":[10,10,11,11],"texture":"#0"},"west":{"uv":[10,10,11,11],"texture":"#0"},"up":{"uv":[10,10,11,11],"texture":"#0"},"down":{"uv":[10,10,11,11],"texture":"#0"}}},{"from":[5.34883,5.25202,-4.58308],"to":[5.62185,7.12857,-4.31006],"rotation":{"angle":0,"axis":"z","origin":[5.48534,6.1903,-4.44657]},"faces":{"north":{"uv":[10,10,11,11],"texture":"#0"},"east":{"uv":[10,10,11,11],"texture":"#0"},"south":{"uv":[10,10,11,11],"texture":"#0"},"west":{"uv":[10,10,11,11],"texture":"#0"},"up":{"uv":[10,10,11,11],"texture":"#0"},"down":{"uv":[10,10,11,11],"texture":"#0"}}},{"from":[5.34883,5.25202,-2.23159],"to":[5.62185,7.12857,-1.95856],"rotation":{"angle":0,"axis":"z","origin":[5.48534,6.1903,-2.09508]},"faces":{"north":{"uv":[10,10,11,11],"texture":"#0"},"east":{"uv":[10,10,11,11],"texture":"#0"},"south":{"uv":[10,10,11,11],"texture":"#0"},"west":{"uv":[10,10,11,11],"texture":"#0"},"up":{"uv":[10,10,11,11],"texture":"#0"},"down":{"uv":[10,10,11,11],"texture":"#0"}}},{"from":[10.20111,7.07832,-14.66019],"to":[13.3685,7.54637,-11.4928],"rotation":{"angle":0,"axis":"z","origin":[11.78481,7.31235,-13.07649]},"faces":{"north":{"uv":[1,1,2,2],"texture":"#0"},"east":{"uv":[1,1,2,2],"texture":"#0"},"south":{"uv":[1,1,2,2],"texture":"#0"},"west":{"uv":[1,1,2,2],"texture":"#0"},"up":{"uv":[1,1,2,2],"texture":"#0"},"down":{"uv":[1,1,2,2],"texture":"#0"}}},{"from":[10.12952,7.38684,-11.99376],"to":[13.44009,10.34085,-11.42306],"rotation":{"angle":0,"axis":"z","origin":[11.78481,8.86384,-11.70841]},"faces":{"north":{"uv":[1,1,2,2],"texture":"#0"},"east":{"uv":[1,1,2,2],"texture":"#0"},"south":{"uv":[1,1,2,2],"texture":"#0"},"west":{"uv":[1,1,2,2],"texture":"#0"},"up":{"uv":[1,1,2,2],"texture":"#0"},"down":{"uv":[1,1,2,2],"texture":"#0"}}},{"from":[12.91844,5.25202,-14.37079],"to":[13.19147,7.12857,-14.09777],"rotation":{"angle":0,"axis":"z","origin":[13.05496,6.1903,-14.23428]},"faces":{"north":{"uv":[10,10,11,11],"texture":"#0"},"east":{"uv":[10,10,11,11],"texture":"#0"},"south":{"uv":[10,10,11,11],"texture":"#0"},"west":{"uv":[10,10,11,11],"texture":"#0"},"up":{"uv":[10,10,11,11],"texture":"#0"},"down":{"uv":[10,10,11,11],"texture":"#0"}}},{"from":[12.91844,5.25202,-12.0193],"to":[13.19147,7.12857,-11.74628],"rotation":{"angle":0,"axis":"z","origin":[13.05496,6.1903,-11.88279]},"faces":{"north":{"uv":[10,10,11,11],"texture":"#0"},"east":{"uv":[10,10,11,11],"texture":"#0"},"south":{"uv":[10,10,11,11],"texture":"#0"},"west":{"uv":[10,10,11,11],"texture":"#0"},"up":{"uv":[10,10,11,11],"texture":"#0"},"down":{"uv":[10,10,11,11],"texture":"#0"}}},{"from":[10.37815,5.25202,-14.37079],"to":[10.65117,7.12857,-14.09777],"rotation":{"angle":0,"axis":"z","origin":[10.51466,6.1903,-14.23428]},"faces":{"north":{"uv":[10,10,11,11],"texture":"#0"},"east":{"uv":[10,10,11,11],"texture":"#0"},"south":{"uv":[10,10,11,11],"texture":"#0"},"west":{"uv":[10,10,11,11],"texture":"#0"},"up":{"uv":[10,10,11,11],"texture":"#0"},"down":{"uv":[10,10,11,11],"texture":"#0"}}},{"from":[10.37815,5.25202,-12.0193],"to":[10.65117,7.12857,-11.74628],"rotation":{"angle":0,"axis":"z","origin":[10.51466,6.1903,-11.88279]},"faces":{"north":{"uv":[10,10,11,11],"texture":"#0"},"east":{"uv":[10,10,11,11],"texture":"#0"},"south":{"uv":[10,10,11,11],"texture":"#0"},"west":{"uv":[10,10,11,11],"texture":"#0"},"up":{"uv":[10,10,11,11],"texture":"#0"},"down":{"uv":[10,10,11,11],"texture":"#0"}}},{"from":[10.20111,7.07832,-4.87248],"to":[13.3685,7.54637,-1.70508],"rotation":{"angle":0,"axis":"z","origin":[11.78481,7.31235,-3.28878]},"faces":{"north":{"uv":[1,1,2,2],"texture":"#0"},"east":{"uv":[1,1,2,2],"texture":"#0"},"south":{"uv":[1,1,2,2],"texture":"#0"},"west":{"uv":[1,1,2,2],"texture":"#0"},"up":{"uv":[1,1,2,2],"texture":"#0"},"down":{"uv":[1,1,2,2],"texture":"#0"}}},{"from":[10.12952,7.38684,-2.20605],"to":[13.44009,10.34085,-1.63534],"rotation":{"angle":0,"axis":"z","origin":[11.78481,8.86384,-1.9207]},"faces":{"north":{"uv":[1,1,2,2],"texture":"#0"},"east":{"uv":[1,1,2,2],"texture":"#0"},"south":{"uv":[1,1,2,2],"texture":"#0"},"west":{"uv":[1,1,2,2],"texture":"#0"},"up":{"uv":[1,1,2,2],"texture":"#0"},"down":{"uv":[1,1,2,2],"texture":"#0"}}},{"from":[12.91844,5.25202,-4.58308],"to":[13.19147,7.12857,-4.31006],"rotation":{"angle":0,"axis":"z","origin":[13.05496,6.1903,-4.44657]},"faces":{"north":{"uv":[10,10,11,11],"texture":"#0"},"east":{"uv":[10,10,11,11],"texture":"#0"},"south":{"uv":[10,10,11,11],"texture":"#0"},"west":{"uv":[10,10,11,11],"texture":"#0"},"up":{"uv":[10,10,11,11],"texture":"#0"},"down":{"uv":[10,10,11,11],"texture":"#0"}}},{"from":[12.91844,5.25202,-2.23159],"to":[13.19147,7.12857,-1.95856],"rotation":{"angle":0,"axis":"z","origin":[13.05496,6.1903,-2.09508]},"faces":{"north":{"uv":[10,10,11,11],"texture":"#0"},"east":{"uv":[10,10,11,11],"texture":"#0"},"south":{"uv":[10,10,11,11],"texture":"#0"},"west":{"uv":[10,10,11,11],"texture":"#0"},"up":{"uv":[10,10,11,11],"texture":"#0"},"down":{"uv":[10,10,11,11],"texture":"#0"}}},{"from":[10.37815,5.25202,-4.58308],"to":[10.65117,7.12857,-4.31006],"rotation":{"angle":0,"axis":"z","origin":[10.51466,6.1903,-4.44657]},"faces":{"north":{"uv":[10,10,11,11],"texture":"#0"},"east":{"uv":[10,10,11,11],"texture":"#0"},"south":{"uv":[10,10,11,11],"texture":"#0"},"west":{"uv":[10,10,11,11],"texture":"#0"},"up":{"uv":[10,10,11,11],"texture":"#0"},"down":{"uv":[10,10,11,11],"texture":"#0"}}},{"from":[10.37815,5.25202,-2.23159],"to":[10.65117,7.12857,-1.95856],"rotation":{"angle":0,"axis":"z","origin":[10.51466,6.1903,-2.09508]},"faces":{"north":{"uv":[10,10,11,11],"texture":"#0"},"east":{"uv":[10,10,11,11],"texture":"#0"},"south":{"uv":[10,10,11,11],"texture":"#0"},"west":{"uv":[10,10,11,11],"texture":"#0"},"up":{"uv":[10,10,11,11],"texture":"#0"},"down":{"uv":[10,10,11,11],"texture":"#0"}}}],"display":{"head":{"translation":[0,-10,64.25],"scale":[4,4,4]}},"groups":[{"name":"smokestack2.002","origin":[0,0,0],"children":[0,1,2,3,4,5,6,7,8,9,10,11,12,13,14,15]},{"name":"hull.002","origin":[0,0,0],"children":[16,17,18,19,20,21,22,23,24,25,26,27,28,29,30,31,32,33]},{"name":"pole_back.002","origin":[0,0,0],"children":[34,35,36,37,38,39,40,41,42,43,44,45,46]},{"name":"hull_bottom.002","origin":[0,0,0],"children":[47,48,49,50,51,52,53]},{"name":"hull_rail_back.001","origin":[0,0,0],"children":[54,55,56,57,58,59,60]},{"name":"rope_guard_back.001","origin":[0,0,0],"children":[61,62,63,64,65,66,67,68,69,70]},{"name":"mid","origin":[0,0,0],"children":[71,72,73,74,75,76,77,78,79,80,81,82,83,84,85,86,87,88,89]},{"name":"chair","origin":[0,0,0],"children":[90,91,92,93,94,95,96,97,98,99,100,101,102,103,104,105,106,107,108,109,110,111,112,113]}]}