{"credit":"made by xeth","textures":{"0":"item/zeppelin/xeth_ww1_zeppelin"},"elements":[{"from":[6.26045,8.65542,-5.70309],"to":[9.73955,26.14602,4.33544],"rotation":{"angle":22.5,"axis":"z","origin":[8,17.40072,-0.68382]},"faces":{"north":{"uv":[1,4,2,5],"texture":"#0"},"east":{"uv":[1,4,2,5],"texture":"#0"},"south":{"uv":[1,4,2,5],"texture":"#0"},"west":{"uv":[1,4,2,5],"texture":"#0"},"up":{"uv":[1,4,2,5],"texture":"#0"},"down":{"uv":[1,4,2,5],"texture":"#0"}}},{"from":[6.26045,8.65542,-5.70309],"to":[9.73955,26.14602,4.33544],"rotation":{"angle":0,"axis":"z","origin":[8,17.40072,-0.68382]},"faces":{"north":{"uv":[1,4,2,5],"texture":"#0"},"east":{"uv":[1,4,2,5],"texture":"#0"},"south":{"uv":[1,4,2,5],"texture":"#0"},"west":{"uv":[1,4,2,5],"texture":"#0"},"up":{"uv":[1,4,2,5],"texture":"#0"},"down":{"uv":[1,4,2,5],"texture":"#0"}}},{"from":[-0.7453,15.66117,-5.70309],"to":[16.7453,19.14027,4.33544],"rotation":{"angle":22.5,"axis":"z","origin":[8,17.40072,-0.68382]},"faces":{"north":{"uv":[1,4,2,5],"texture":"#0"},"east":{"uv":[1,4,2,5],"texture":"#0"},"south":{"uv":[1,4,2,5],"texture":"#0"},"west":{"uv":[1,4,2,5],"texture":"#0"},"up":{"uv":[1,4,2,5],"texture":"#0"},"down":{"uv":[1,4,2,5],"texture":"#0"}}},{"from":[-0.7453,15.66117,-5.70309],"to":[16.7453,19.14027,4.33544],"rotation":{"angle":0,"axis":"z","origin":[8,17.40072,-0.68382]},"faces":{"north":{"uv":[1,4,2,5],"texture":"#0"},"east":{"uv":[1,4,2,5],"texture":"#0"},"south":{"uv":[1,4,2,5],"texture":"#0"},"west":{"uv":[1,4,2,5],"texture":"#0"},"up":{"uv":[1,4,2,5],"texture":"#0"},"down":{"uv":[1,4,2,5],"texture":"#0"}}},{"from":[-0.7453,15.66117,-5.70309],"to":[16.7453,19.14027,4.33544],"rotation":{"angle":-22.5,"axis":"z","origin":[8,17.40072,-0.68382]},"faces":{"north":{"uv":[1,4,2,5],"texture":"#0"},"east":{"uv":[1,4,2,5],"texture":"#0"},"south":{"uv":[1,4,2,5],"texture":"#0"},"west":{"uv":[1,4,2,5],"texture":"#0"},"up":{"uv":[1,4,2,5],"texture":"#0"},"down":{"uv":[1,4,2,5],"texture":"#0"}}},{"from":[6.26045,8.65542,-5.70309],"to":[9.73955,26.14602,4.33544],"rotation":{"angle":45,"axis":"z","origin":[8,17.40072,-0.68382]},"faces":{"north":{"uv":[1,4,2,5],"texture":"#0"},"east":{"uv":[1,4,2,5],"texture":"#0"},"south":{"uv":[1,4,2,5],"texture":"#0"},"west":{"uv":[1,4,2,5],"texture":"#0"},"up":{"uv":[1,4,2,5],"texture":"#0"},"down":{"uv":[1,4,2,5],"texture":"#0"}}},{"from":[6.26045,8.65542,-5.70309],"to":[9.73955,26.14602,4.33544],"rotation":{"angle":-22.5,"axis":"z","origin":[8,17.40072,-0.68382]},"faces":{"north":{"uv":[1,4,2,5],"texture":"#0"},"east":{"uv":[1,4,2,5],"texture":"#0"},"south":{"uv":[1,4,2,5],"texture":"#0"},"west":{"uv":[1,4,2,5],"texture":"#0"},"up":{"uv":[1,4,2,5],"texture":"#0"},"down":{"uv":[1,4,2,5],"texture":"#0"}}},{"from":[-0.7453,15.66117,-5.70309],"to":[16.7453,19.14027,4.33544],"rotation":{"angle":45,"axis":"z","origin":[8,17.40072,-0.68382]},"faces":{"north":{"uv":[1,4,2,5],"texture":"#0"},"east":{"uv":[1,4,2,5],"texture":"#0"},"south":{"uv":[1,4,2,5],"texture":"#0"},"west":{"uv":[1,4,2,5],"texture":"#0"},"up":{"uv":[1,4,2,5],"texture":"#0"},"down":{"uv":[1,4,2,5],"texture":"#0"}}},{"from":[0.53513,15.91586,-9.79891],"to":[15.46487,18.88557,-1.23015],"rotation":{"angle":-22.5,"axis":"z","origin":[8,17.40072,-5.51453]},"faces":{"north":{"uv":[1,4,2,5],"texture":"#0"},"east":{"uv":[1,4,2,5],"texture":"#0"},"south":{"uv":[1,4,2,5],"texture":"#0"},"west":{"uv":[1,4,2,5],"texture":"#0"},"up":{"uv":[1,4,2,5],"texture":"#0"},"down":{"uv":[1,4,2,5],"texture":"#0"}}},{"from":[6.51514,9.93585,-9.79891],"to":[9.48486,24.86559,-1.23015],"rotation":{"angle":22.5,"axis":"z","origin":[8,17.40072,-5.51453]},"faces":{"north":{"uv":[1,4,2,5],"texture":"#0"},"east":{"uv":[1,4,2,5],"texture":"#0"},"south":{"uv":[1,4,2,5],"texture":"#0"},"west":{"uv":[1,4,2,5],"texture":"#0"},"up":{"uv":[1,4,2,5],"texture":"#0"},"down":{"uv":[1,4,2,5],"texture":"#0"}}},{"from":[6.51515,9.93585,-9.79891],"to":[9.48485,24.86559,-1.23015],"rotation":{"angle":0,"axis":"z","origin":[8,17.40072,-5.51453]},"faces":{"north":{"uv":[1,4,2,5],"texture":"#0"},"east":{"uv":[1,4,2,5],"texture":"#0"},"south":{"uv":[1,4,2,5],"texture":"#0"},"west":{"uv":[1,4,2,5],"texture":"#0"},"up":{"uv":[1,4,2,5],"texture":"#0"},"down":{"uv":[1,4,2,5],"texture":"#0"}}},{"from":[6.51514,9.93585,-9.79891],"to":[9.48486,24.86559,-1.23015],"rotation":{"angle":-45,"axis":"z","origin":[8,17.40072,-5.51453]},"faces":{"north":{"uv":[1,4,2,5],"texture":"#0"},"east":{"uv":[1,4,2,5],"texture":"#0"},"south":{"uv":[1,4,2,5],"texture":"#0"},"west":{"uv":[1,4,2,5],"texture":"#0"},"up":{"uv":[1,4,2,5],"texture":"#0"},"down":{"uv":[1,4,2,5],"texture":"#0"}}},{"from":[0.53513,15.91586,-9.79891],"to":[15.46487,18.88557,-1.23015],"rotation":{"angle":0,"axis":"z","origin":[8,17.40072,-5.51453]},"faces":{"north":{"uv":[1,4,2,5],"texture":"#0"},"east":{"uv":[1,4,2,5],"texture":"#0"},"south":{"uv":[1,4,2,5],"texture":"#0"},"west":{"uv":[1,4,2,5],"texture":"#0"},"up":{"uv":[1,4,2,5],"texture":"#0"},"down":{"uv":[1,4,2,5],"texture":"#0"}}},{"from":[6.51514,9.93585,-9.79891],"to":[9.48486,24.86559,-1.23015],"rotation":{"angle":45,"axis":"z","origin":[8,17.40072,-5.51453]},"faces":{"north":{"uv":[1,4,2,5],"texture":"#0"},"east":{"uv":[1,4,2,5],"texture":"#0"},"south":{"uv":[1,4,2,5],"texture":"#0"},"west":{"uv":[1,4,2,5],"texture":"#0"},"up":{"uv":[1,4,2,5],"texture":"#0"},"down":{"uv":[1,4,2,5],"texture":"#0"}}},{"from":[6.51514,9.93585,-9.79891],"to":[9.48486,24.86559,-1.23015],"rotation":{"angle":-22.5,"axis":"z","origin":[8,17.40072,-5.51453]},"faces":{"north":{"uv":[1,4,2,5],"texture":"#0"},"east":{"uv":[1,4,2,5],"texture":"#0"},"south":{"uv":[1,4,2,5],"texture":"#0"},"west":{"uv":[1,4,2,5],"texture":"#0"},"up":{"uv":[1,4,2,5],"texture":"#0"},"down":{"uv":[1,4,2,5],"texture":"#0"}}},{"from":[0.53513,15.91586,-9.79891],"to":[15.46487,18.88557,-1.23015],"rotation":{"angle":22.5,"axis":"z","origin":[8,17.40072,-5.51453]},"faces":{"north":{"uv":[1,4,2,5],"texture":"#0"},"east":{"uv":[1,4,2,5],"texture":"#0"},"south":{"uv":[1,4,2,5],"texture":"#0"},"west":{"uv":[1,4,2,5],"texture":"#0"},"up":{"uv":[1,4,2,5],"texture":"#0"},"down":{"uv":[1,4,2,5],"texture":"#0"}}},{"from":[2.09735,16.22661,-12.716],"to":[13.90265,18.57483,-5.94048],"rotation":{"angle":0,"axis":"z","origin":[8,17.40072,-9.32824]},"faces":{"north":{"uv":[1,4,2,5],"texture":"#0"},"east":{"uv":[1,4,2,5],"texture":"#0"},"south":{"uv":[1,4,2,5],"texture":"#0"},"west":{"uv":[1,4,2,5],"texture":"#0"},"up":{"uv":[1,4,2,5],"texture":"#0"},"down":{"uv":[1,4,2,5],"texture":"#0"}}},{"from":[2.09735,16.22661,-12.716],"to":[13.90265,18.57483,-5.94048],"rotation":{"angle":-45,"axis":"z","origin":[8,17.40072,-9.32824]},"faces":{"north":{"uv":[1,4,2,5],"texture":"#0"},"east":{"uv":[1,4,2,5],"texture":"#0"},"south":{"uv":[1,4,2,5],"texture":"#0"},"west":{"uv":[1,4,2,5],"texture":"#0"},"up":{"uv":[1,4,2,5],"texture":"#0"},"down":{"uv":[1,4,2,5],"texture":"#0"}}},{"from":[6.82589,11.49807,-12.716],"to":[9.17411,23.30337,-5.94048],"rotation":{"angle":22.5,"axis":"z","origin":[8,17.40072,-9.32824]},"faces":{"north":{"uv":[1,4,2,5],"texture":"#0"},"east":{"uv":[1,4,2,5],"texture":"#0"},"south":{"uv":[1,4,2,5],"texture":"#0"},"west":{"uv":[1,4,2,5],"texture":"#0"},"up":{"uv":[1,4,2,5],"texture":"#0"},"down":{"uv":[1,4,2,5],"texture":"#0"}}},{"from":[6.82589,11.49807,-12.716],"to":[9.17411,23.30337,-5.94048],"rotation":{"angle":0,"axis":"z","origin":[8,17.40072,-9.32824]},"faces":{"north":{"uv":[1,4,2,5],"texture":"#0"},"east":{"uv":[1,4,2,5],"texture":"#0"},"south":{"uv":[1,4,2,5],"texture":"#0"},"west":{"uv":[1,4,2,5],"texture":"#0"},"up":{"uv":[1,4,2,5],"texture":"#0"},"down":{"uv":[1,4,2,5],"texture":"#0"}}},{"from":[2.09735,16.22661,-12.716],"to":[13.90265,18.57483,-5.94048],"rotation":{"angle":-22.5,"axis":"z","origin":[8,17.40072,-9.32824]},"faces":{"north":{"uv":[1,4,2,5],"texture":"#0"},"east":{"uv":[1,4,2,5],"texture":"#0"},"south":{"uv":[1,4,2,5],"texture":"#0"},"west":{"uv":[1,4,2,5],"texture":"#0"},"up":{"uv":[1,4,2,5],"texture":"#0"},"down":{"uv":[1,4,2,5],"texture":"#0"}}},{"from":[6.82589,11.49807,-12.716],"to":[9.17411,23.30337,-5.94048],"rotation":{"angle":-22.5,"axis":"z","origin":[8,17.40072,-9.32824]},"faces":{"north":{"uv":[1,4,2,5],"texture":"#0"},"east":{"uv":[1,4,2,5],"texture":"#0"},"south":{"uv":[1,4,2,5],"texture":"#0"},"west":{"uv":[1,4,2,5],"texture":"#0"},"up":{"uv":[1,4,2,5],"texture":"#0"},"down":{"uv":[1,4,2,5],"texture":"#0"}}},{"from":[2.09735,16.22661,-12.716],"to":[13.90265,18.57483,-5.94048],"rotation":{"angle":45,"axis":"z","origin":[8,17.40072,-9.32824]},"faces":{"north":{"uv":[1,4,2,5],"texture":"#0"},"east":{"uv":[1,4,2,5],"texture":"#0"},"south":{"uv":[1,4,2,5],"texture":"#0"},"west":{"uv":[1,4,2,5],"texture":"#0"},"up":{"uv":[1,4,2,5],"texture":"#0"},"down":{"uv":[1,4,2,5],"texture":"#0"}}},{"from":[2.09735,16.22661,-12.716],"to":[13.90265,18.57483,-5.94048],"rotation":{"angle":22.5,"axis":"z","origin":[8,17.40072,-9.32824]},"faces":{"north":{"uv":[1,4,2,5],"texture":"#0"},"east":{"uv":[1,4,2,5],"texture":"#0"},"south":{"uv":[1,4,2,5],"texture":"#0"},"west":{"uv":[1,4,2,5],"texture":"#0"},"up":{"uv":[1,4,2,5],"texture":"#0"},"down":{"uv":[1,4,2,5],"texture":"#0"}}},{"from":[3.70492,16.54637,-14.75256],"to":[12.29508,18.25506,-9.82233],"rotation":{"angle":0,"axis":"z","origin":[8,17.40072,-12.28745]},"faces":{"north":{"uv":[1,4,2,5],"texture":"#0"},"east":{"uv":[1,4,2,5],"texture":"#0"},"south":{"uv":[1,4,2,5],"texture":"#0"},"west":{"uv":[1,4,2,5],"texture":"#0"},"up":{"uv":[1,4,2,5],"texture":"#0"},"down":{"uv":[1,4,2,5],"texture":"#0"}}},{"from":[7.14566,13.10564,-14.75256],"to":[8.85434,21.6958,-9.82233],"rotation":{"angle":-22.5,"axis":"z","origin":[8,17.40072,-12.28745]},"faces":{"north":{"uv":[1,4,2,5],"texture":"#0"},"east":{"uv":[1,4,2,5],"texture":"#0"},"south":{"uv":[1,4,2,5],"texture":"#0"},"west":{"uv":[1,4,2,5],"texture":"#0"},"up":{"uv":[1,4,2,5],"texture":"#0"},"down":{"uv":[1,4,2,5],"texture":"#0"}}},{"from":[3.70492,16.54637,-14.75256],"to":[12.29508,18.25506,-9.82233],"rotation":{"angle":-22.5,"axis":"z","origin":[8,17.40072,-12.28745]},"faces":{"north":{"uv":[1,4,2,5],"texture":"#0"},"east":{"uv":[1,4,2,5],"texture":"#0"},"south":{"uv":[1,4,2,5],"texture":"#0"},"west":{"uv":[1,4,2,5],"texture":"#0"},"up":{"uv":[1,4,2,5],"texture":"#0"},"down":{"uv":[1,4,2,5],"texture":"#0"}}},{"from":[7.14566,13.10564,-14.75256],"to":[8.85434,21.6958,-9.82233],"rotation":{"angle":45,"axis":"z","origin":[8,17.40072,-12.28745]},"faces":{"north":{"uv":[1,4,2,5],"texture":"#0"},"east":{"uv":[1,4,2,5],"texture":"#0"},"south":{"uv":[1,4,2,5],"texture":"#0"},"west":{"uv":[1,4,2,5],"texture":"#0"},"up":{"uv":[1,4,2,5],"texture":"#0"},"down":{"uv":[1,4,2,5],"texture":"#0"}}},{"from":[7.14566,13.10564,-14.75256],"to":[8.85434,21.6958,-9.82233],"rotation":{"angle":22.5,"axis":"z","origin":[8,17.40072,-12.28745]},"faces":{"north":{"uv":[1,4,2,5],"texture":"#0"},"east":{"uv":[1,4,2,5],"texture":"#0"},"south":{"uv":[1,4,2,5],"texture":"#0"},"west":{"uv":[1,4,2,5],"texture":"#0"},"up":{"uv":[1,4,2,5],"texture":"#0"},"down":{"uv":[1,4,2,5],"texture":"#0"}}},{"from":[7.14566,13.10564,-14.75256],"to":[8.85434,21.6958,-9.82233],"rotation":{"angle":0,"axis":"z","origin":[8,17.40072,-12.28745]},"faces":{"north":{"uv":[1,4,2,5],"texture":"#0"},"east":{"uv":[1,4,2,5],"texture":"#0"},"south":{"uv":[1,4,2,5],"texture":"#0"},"west":{"uv":[1,4,2,5],"texture":"#0"},"up":{"uv":[1,4,2,5],"texture":"#0"},"down":{"uv":[1,4,2,5],"texture":"#0"}}},{"from":[3.70492,16.54637,-14.75256],"to":[12.29508,18.25506,-9.82233],"rotation":{"angle":45,"axis":"z","origin":[8,17.40072,-12.28745]},"faces":{"north":{"uv":[1,4,2,5],"texture":"#0"},"east":{"uv":[1,4,2,5],"texture":"#0"},"south":{"uv":[1,4,2,5],"texture":"#0"},"west":{"uv":[1,4,2,5],"texture":"#0"},"up":{"uv":[1,4,2,5],"texture":"#0"},"down":{"uv":[1,4,2,5],"texture":"#0"}}},{"from":[3.70492,16.54637,-14.75256],"to":[12.29508,18.25506,-9.82233],"rotation":{"angle":22.5,"axis":"z","origin":[8,17.40072,-12.28745]},"faces":{"north":{"uv":[1,4,2,5],"texture":"#0"},"east":{"uv":[1,4,2,5],"texture":"#0"},"south":{"uv":[1,4,2,5],"texture":"#0"},"west":{"uv":[1,4,2,5],"texture":"#0"},"up":{"uv":[1,4,2,5],"texture":"#0"},"down":{"uv":[1,4,2,5],"texture":"#0"}}},{"from":[5.25559,16.85482,-16],"to":[10.74441,17.94662,-12.84975],"rotation":{"angle":0,"axis":"z","origin":[8,17.40072,-14.42488]},"faces":{"north":{"uv":[1,4,2,5],"texture":"#0"},"east":{"uv":[1,4,2,5],"texture":"#0"},"south":{"uv":[1,4,2,5],"texture":"#0"},"west":{"uv":[1,4,2,5],"texture":"#0"},"up":{"uv":[1,4,2,5],"texture":"#0"},"down":{"uv":[1,4,2,5],"texture":"#0"}}},{"from":[5.25559,16.85482,-16],"to":[10.74441,17.94662,-12.84975],"rotation":{"angle":-22.5,"axis":"z","origin":[8,17.40072,-14.42488]},"faces":{"north":{"uv":[1,4,2,5],"texture":"#0"},"east":{"uv":[1,4,2,5],"texture":"#0"},"south":{"uv":[1,4,2,5],"texture":"#0"},"west":{"uv":[1,4,2,5],"texture":"#0"},"up":{"uv":[1,4,2,5],"texture":"#0"},"down":{"uv":[1,4,2,5],"texture":"#0"}}},{"from":[7.4541,14.65631,-16],"to":[8.5459,20.14513,-12.84975],"rotation":{"angle":22.5,"axis":"z","origin":[8,17.40072,-14.42488]},"faces":{"north":{"uv":[1,4,2,5],"texture":"#0"},"east":{"uv":[1,4,2,5],"texture":"#0"},"south":{"uv":[1,4,2,5],"texture":"#0"},"west":{"uv":[1,4,2,5],"texture":"#0"},"up":{"uv":[1,4,2,5],"texture":"#0"},"down":{"uv":[1,4,2,5],"texture":"#0"}}},{"from":[7.4541,14.65631,-16],"to":[8.5459,20.14513,-12.84975],"rotation":{"angle":0,"axis":"z","origin":[8,17.40072,-14.42488]},"faces":{"north":{"uv":[1,4,2,5],"texture":"#0"},"east":{"uv":[1,4,2,5],"texture":"#0"},"south":{"uv":[1,4,2,5],"texture":"#0"},"west":{"uv":[1,4,2,5],"texture":"#0"},"up":{"uv":[1,4,2,5],"texture":"#0"},"down":{"uv":[1,4,2,5],"texture":"#0"}}},{"from":[7.4541,14.65631,-16],"to":[8.5459,20.14513,-12.84975],"rotation":{"angle":-22.5,"axis":"z","origin":[8,17.40072,-14.42488]},"faces":{"north":{"uv":[1,4,2,5],"texture":"#0"},"east":{"uv":[1,4,2,5],"texture":"#0"},"south":{"uv":[1,4,2,5],"texture":"#0"},"west":{"uv":[1,4,2,5],"texture":"#0"},"up":{"uv":[1,4,2,5],"texture":"#0"},"down":{"uv":[1,4,2,5],"texture":"#0"}}},{"from":[7.4541,14.65631,-16],"to":[8.5459,20.14513,-12.84975],"rotation":{"angle":-45,"axis":"z","origin":[8,17.40072,-14.42488]},"faces":{"north":{"uv":[1,4,2,5],"texture":"#0"},"east":{"uv":[1,4,2,5],"texture":"#0"},"south":{"uv":[1,4,2,5],"texture":"#0"},"west":{"uv":[1,4,2,5],"texture":"#0"},"up":{"uv":[1,4,2,5],"texture":"#0"},"down":{"uv":[1,4,2,5],"texture":"#0"}}},{"from":[7.4541,14.65631,-16],"to":[8.5459,20.14513,-12.84975],"rotation":{"angle":45,"axis":"z","origin":[8,17.40072,-14.42488]},"faces":{"north":{"uv":[1,4,2,5],"texture":"#0"},"east":{"uv":[1,4,2,5],"texture":"#0"},"south":{"uv":[1,4,2,5],"texture":"#0"},"west":{"uv":[1,4,2,5],"texture":"#0"},"up":{"uv":[1,4,2,5],"texture":"#0"},"down":{"uv":[1,4,2,5],"texture":"#0"}}},{"from":[5.25559,16.85482,-16],"to":[10.74441,17.94662,-12.84975],"rotation":{"angle":22.5,"axis":"z","origin":[8,17.40072,-14.42488]},"faces":{"north":{"uv":[1,4,2,5],"texture":"#0"},"east":{"uv":[1,4,2,5],"texture":"#0"},"south":{"uv":[1,4,2,5],"texture":"#0"},"west":{"uv":[1,4,2,5],"texture":"#0"},"up":{"uv":[1,4,2,5],"texture":"#0"},"down":{"uv":[1,4,2,5],"texture":"#0"}}},{"from":[5.79138,25.17315,2.33669],"to":[10.20862,28.50419,14.42583],"rotation":{"angle":0,"axis":"z","origin":[8,17.40072,8.38126]},"faces":{"north":{"uv":[1,4,2,5],"texture":"#0"},"east":{"uv":[1,4,2,5],"texture":"#0"},"south":{"uv":[1,4,2,5],"texture":"#0"},"west":{"uv":[1,4,2,5],"texture":"#0"},"up":{"uv":[1,4,2,5],"texture":"#0"},"down":{"uv":[1,4,2,5],"texture":"#0"}}},{"from":[5.79138,25.17315,2.33669],"to":[10.20862,28.50419,14.42583],"rotation":{"angle":-22.5,"axis":"z","origin":[8,17.40072,8.38126]},"faces":{"north":{"uv":[1,4,2,5],"texture":"#0"},"east":{"uv":[1,4,2,5],"texture":"#0"},"south":{"uv":[1,4,2,5],"texture":"#0"},"west":{"uv":[1,4,2,5],"texture":"#0"},"up":{"uv":[1,4,2,5],"texture":"#0"},"down":{"uv":[1,4,2,5],"texture":"#0"}}},{"from":[5.79138,25.17315,2.33669],"to":[10.20862,28.50419,14.42583],"rotation":{"angle":-45,"axis":"z","origin":[8,17.40072,8.38126]},"faces":{"north":{"uv":[1,4,2,5],"texture":"#0"},"east":{"uv":[1,4,2,5],"texture":"#0"},"south":{"uv":[1,4,2,5],"texture":"#0"},"west":{"uv":[1,4,2,5],"texture":"#0"},"up":{"uv":[1,4,2,5],"texture":"#0"},"down":{"uv":[1,4,2,5],"texture":"#0"}}},{"from":[15.77243,15.1921,2.33669],"to":[19.10346,19.60934,14.42583],"rotation":{"angle":22.5,"axis":"z","origin":[8,17.40072,8.38126]},"faces":{"north":{"uv":[1,4,2,5],"texture":"#0"},"east":{"uv":[1,4,2,5],"texture":"#0"},"south":{"uv":[1,4,2,5],"texture":"#0"},"west":{"uv":[1,4,2,5],"texture":"#0"},"up":{"uv":[1,4,2,5],"texture":"#0"},"down":{"uv":[1,4,2,5],"texture":"#0"}}},{"from":[15.77243,15.1921,2.33669],"to":[19.10347,19.60934,14.42583],"rotation":{"angle":0,"axis":"z","origin":[8,17.40072,8.38126]},"faces":{"north":{"uv":[1,4,2,5],"texture":"#0"},"east":{"uv":[1,4,2,5],"texture":"#0"},"south":{"uv":[1,4,2,5],"texture":"#0"},"west":{"uv":[1,4,2,5],"texture":"#0"},"up":{"uv":[1,4,2,5],"texture":"#0"},"down":{"uv":[1,4,2,5],"texture":"#0"}}},{"from":[15.77243,15.1921,2.33669],"to":[19.10347,19.60934,14.42583],"rotation":{"angle":-22.5,"axis":"z","origin":[8,17.40072,8.38126]},"faces":{"north":{"uv":[1,4,2,5],"texture":"#0"},"east":{"uv":[1,4,2,5],"texture":"#0"},"south":{"uv":[1,4,2,5],"texture":"#0"},"west":{"uv":[1,4,2,5],"texture":"#0"},"up":{"uv":[1,4,2,5],"texture":"#0"},"down":{"uv":[1,4,2,5],"texture":"#0"}}},{"from":[15.77243,15.1921,2.33669],"to":[19.10347,19.60934,14.42583],"rotation":{"angle":-45,"axis":"z","origin":[8,17.40072,8.38126]},"faces":{"north":{"uv":[1,4,2,5],"texture":"#0"},"east":{"uv":[1,4,2,5],"texture":"#0"},"south":{"uv":[1,4,2,5],"texture":"#0"},"west":{"uv":[1,4,2,5],"texture":"#0"},"up":{"uv":[1,4,2,5],"texture":"#0"},"down":{"uv":[1,4,2,5],"texture":"#0"}}},{"from":[5.79138,6.29725,2.33669],"to":[10.20862,9.62829,14.42583],"rotation":{"angle":22.5,"axis":"z","origin":[8,17.40072,8.38126]},"faces":{"north":{"uv":[1,4,2,5],"texture":"#0"},"east":{"uv":[1,4,2,5],"texture":"#0"},"south":{"uv":[1,4,2,5],"texture":"#0"},"west":{"uv":[1,4,2,5],"texture":"#0"},"up":{"uv":[1,4,2,5],"texture":"#0"},"down":{"uv":[1,4,2,5],"texture":"#0"}}},{"from":[5.79138,6.29725,2.33669],"to":[10.20862,9.62829,14.42583],"rotation":{"angle":0,"axis":"z","origin":[8,17.40072,8.38126]},"faces":{"north":{"uv":[1,4,2,5],"texture":"#0"},"east":{"uv":[1,4,2,5],"texture":"#0"},"south":{"uv":[1,4,2,5],"texture":"#0"},"west":{"uv":[1,4,2,5],"texture":"#0"},"up":{"uv":[1,4,2,5],"texture":"#0"},"down":{"uv":[1,4,2,5],"texture":"#0"}}},{"from":[5.79138,6.29725,2.33669],"to":[10.20862,9.62829,14.42583],"rotation":{"angle":-22.5,"axis":"z","origin":[8,17.40072,8.38126]},"faces":{"north":{"uv":[1,4,2,5],"texture":"#0"},"east":{"uv":[1,4,2,5],"texture":"#0"},"south":{"uv":[1,4,2,5],"texture":"#0"},"west":{"uv":[1,4,2,5],"texture":"#0"},"up":{"uv":[1,4,2,5],"texture":"#0"},"down":{"uv":[1,4,2,5],"texture":"#0"}}},{"from":[-3.10347,15.1921,2.33669],"to":[0.22757,19.60934,14.42583],"rotation":{"angle":45,"axis":"z","origin":[8,17.40072,8.38126]},"faces":{"north":{"uv":[1,4,2,5],"texture":"#0"},"east":{"uv":[1,4,2,5],"texture":"#0"},"south":{"uv":[1,4,2,5],"texture":"#0"},"west":{"uv":[1,4,2,5],"texture":"#0"},"up":{"uv":[1,4,2,5],"texture":"#0"},"down":{"uv":[1,4,2,5],"texture":"#0"}}},{"from":[-3.10347,15.1921,2.33669],"to":[0.22757,19.60934,14.42583],"rotation":{"angle":22.5,"axis":"z","origin":[8,17.40072,8.38126]},"faces":{"north":{"uv":[1,4,2,5],"texture":"#0"},"east":{"uv":[1,4,2,5],"texture":"#0"},"south":{"uv":[1,4,2,5],"texture":"#0"},"west":{"uv":[1,4,2,5],"texture":"#0"},"up":{"uv":[1,4,2,5],"texture":"#0"},"down":{"uv":[1,4,2,5],"texture":"#0"}}},{"from":[-3.10347,15.1921,2.33669],"to":[0.22757,19.60934,14.42583],"rotation":{"angle":0,"axis":"z","origin":[8,17.40072,8.38126]},"faces":{"north":{"uv":[1,4,2,5],"texture":"#0"},"east":{"uv":[1,4,2,5],"texture":"#0"},"south":{"uv":[1,4,2,5],"texture":"#0"},"west":{"uv":[1,4,2,5],"texture":"#0"},"up":{"uv":[1,4,2,5],"texture":"#0"},"down":{"uv":[1,4,2,5],"texture":"#0"}}},{"from":[-3.10347,15.1921,2.33669],"to":[0.22757,19.60934,14.42583],"rotation":{"angle":-22.5,"axis":"z","origin":[8,17.40072,8.38126]},"faces":{"north":{"uv":[1,4,2,5],"texture":"#0"},"east":{"uv":[1,4,2,5],"texture":"#0"},"south":{"uv":[1,4,2,5],"texture":"#0"},"west":{"uv":[1,4,2,5],"texture":"#0"},"up":{"uv":[1,4,2,5],"texture":"#0"},"down":{"uv":[1,4,2,5],"texture":"#0"}}},{"from":[5.79138,25.17315,2.33669],"to":[10.20862,28.50419,14.42583],"rotation":{"angle":45,"axis":"z","origin":[8,17.40072,8.38126]},"faces":{"north":{"uv":[1,4,2,5],"texture":"#0"},"east":{"uv":[1,4,2,5],"texture":"#0"},"south":{"uv":[1,4,2,5],"texture":"#0"},"west":{"uv":[1,4,2,5],"texture":"#0"},"up":{"uv":[1,4,2,5],"texture":"#0"},"down":{"uv":[1,4,2,5],"texture":"#0"}}},{"from":[5.79138,25.17315,2.33669],"to":[10.20862,28.50419,14.42583],"rotation":{"angle":22.5,"axis":"z","origin":[8,17.40072,8.38126]},"faces":{"north":{"uv":[1,4,2,5],"texture":"#0"},"east":{"uv":[1,4,2,5],"texture":"#0"},"south":{"uv":[1,4,2,5],"texture":"#0"},"west":{"uv":[1,4,2,5],"texture":"#0"},"up":{"uv":[1,4,2,5],"texture":"#0"},"down":{"uv":[1,4,2,5],"texture":"#0"}}},{"from":[5.97041,24.54313,-1.87852],"to":[10.02959,27.60416,8.95152],"rotation":{"angle":0,"axis":"z","origin":[8,17.40072,3.5365]},"faces":{"north":{"uv":[1,4,2,5],"texture":"#0"},"east":{"uv":[1,4,2,5],"texture":"#0"},"south":{"uv":[1,4,2,5],"texture":"#0"},"west":{"uv":[1,4,2,5],"texture":"#0"},"up":{"uv":[1,4,2,5],"texture":"#0"},"down":{"uv":[1,4,2,5],"texture":"#0"}}},{"from":[5.97041,24.54313,-1.87852],"to":[10.02959,27.60416,8.95152],"rotation":{"angle":-22.5,"axis":"z","origin":[8,17.40072,3.5365]},"faces":{"north":{"uv":[1,4,2,5],"texture":"#0"},"east":{"uv":[1,4,2,5],"texture":"#0"},"south":{"uv":[1,4,2,5],"texture":"#0"},"west":{"uv":[1,4,2,5],"texture":"#0"},"up":{"uv":[1,4,2,5],"texture":"#0"},"down":{"uv":[1,4,2,5],"texture":"#0"}}},{"from":[5.97041,24.54313,-1.87852],"to":[10.02959,27.60416,8.95152],"rotation":{"angle":-45,"axis":"z","origin":[8,17.40072,3.5365]},"faces":{"north":{"uv":[1,4,2,5],"texture":"#0"},"east":{"uv":[1,4,2,5],"texture":"#0"},"south":{"uv":[1,4,2,5],"texture":"#0"},"west":{"uv":[1,4,2,5],"texture":"#0"},"up":{"uv":[1,4,2,5],"texture":"#0"},"down":{"uv":[1,4,2,5],"texture":"#0"}}},{"from":[15.14241,15.37113,-1.87852],"to":[18.20344,19.43031,8.95152],"rotation":{"angle":22.5,"axis":"z","origin":[8,17.40072,3.5365]},"faces":{"north":{"uv":[1,4,2,5],"texture":"#0"},"east":{"uv":[1,4,2,5],"texture":"#0"},"south":{"uv":[1,4,2,5],"texture":"#0"},"west":{"uv":[1,4,2,5],"texture":"#0"},"up":{"uv":[1,4,2,5],"texture":"#0"},"down":{"uv":[1,4,2,5],"texture":"#0"}}},{"from":[15.14241,15.37113,-1.87852],"to":[18.20344,19.43031,8.95152],"rotation":{"angle":0,"axis":"z","origin":[8,17.40072,3.5365]},"faces":{"north":{"uv":[1,4,2,5],"texture":"#0"},"east":{"uv":[1,4,2,5],"texture":"#0"},"south":{"uv":[1,4,2,5],"texture":"#0"},"west":{"uv":[1,4,2,5],"texture":"#0"},"up":{"uv":[1,4,2,5],"texture":"#0"},"down":{"uv":[1,4,2,5],"texture":"#0"}}},{"from":[15.14241,15.37113,-1.87852],"to":[18.20344,19.43031,8.95152],"rotation":{"angle":-22.5,"axis":"z","origin":[8,17.40072,3.5365]},"faces":{"north":{"uv":[1,4,2,5],"texture":"#0"},"east":{"uv":[1,4,2,5],"texture":"#0"},"south":{"uv":[1,4,2,5],"texture":"#0"},"west":{"uv":[1,4,2,5],"texture":"#0"},"up":{"uv":[1,4,2,5],"texture":"#0"},"down":{"uv":[1,4,2,5],"texture":"#0"}}},{"from":[15.14241,15.37113,-1.87852],"to":[18.20344,19.43031,8.95152],"rotation":{"angle":-45,"axis":"z","origin":[8,17.40072,3.5365]},"faces":{"north":{"uv":[1,4,2,5],"texture":"#0"},"east":{"uv":[1,4,2,5],"texture":"#0"},"south":{"uv":[1,4,2,5],"texture":"#0"},"west":{"uv":[1,4,2,5],"texture":"#0"},"up":{"uv":[1,4,2,5],"texture":"#0"},"down":{"uv":[1,4,2,5],"texture":"#0"}}},{"from":[5.97041,7.19728,-1.87852],"to":[10.02959,10.25831,8.95152],"rotation":{"angle":22.5,"axis":"z","origin":[8,17.40072,3.5365]},"faces":{"north":{"uv":[1,4,2,5],"texture":"#0"},"east":{"uv":[1,4,2,5],"texture":"#0"},"south":{"uv":[1,4,2,5],"texture":"#0"},"west":{"uv":[1,4,2,5],"texture":"#0"},"up":{"uv":[1,4,2,5],"texture":"#0"},"down":{"uv":[1,4,2,5],"texture":"#0"}}},{"from":[5.97041,7.19728,-1.87852],"to":[10.02959,10.25831,8.95152],"rotation":{"angle":0,"axis":"z","origin":[8,17.40072,3.5365]},"faces":{"north":{"uv":[1,4,2,5],"texture":"#0"},"east":{"uv":[1,4,2,5],"texture":"#0"},"south":{"uv":[1,4,2,5],"texture":"#0"},"west":{"uv":[1,4,2,5],"texture":"#0"},"up":{"uv":[1,4,2,5],"texture":"#0"},"down":{"uv":[1,4,2,5],"texture":"#0"}}},{"from":[5.97041,7.19728,-1.87852],"to":[10.02959,10.25831,8.95152],"rotation":{"angle":-22.5,"axis":"z","origin":[8,17.40072,3.5365]},"faces":{"north":{"uv":[1,4,2,5],"texture":"#0"},"east":{"uv":[1,4,2,5],"texture":"#0"},"south":{"uv":[1,4,2,5],"texture":"#0"},"west":{"uv":[1,4,2,5],"texture":"#0"},"up":{"uv":[1,4,2,5],"texture":"#0"},"down":{"uv":[1,4,2,5],"texture":"#0"}}},{"from":[-2.20344,15.37113,-1.87852],"to":[0.85759,19.43031,8.95152],"rotation":{"angle":45,"axis":"z","origin":[8,17.40072,3.5365]},"faces":{"north":{"uv":[1,4,2,5],"texture":"#0"},"east":{"uv":[1,4,2,5],"texture":"#0"},"south":{"uv":[1,4,2,5],"texture":"#0"},"west":{"uv":[1,4,2,5],"texture":"#0"},"up":{"uv":[1,4,2,5],"texture":"#0"},"down":{"uv":[1,4,2,5],"texture":"#0"}}},{"from":[-2.20344,15.37113,-1.87852],"to":[0.85759,19.43031,8.95152],"rotation":{"angle":22.5,"axis":"z","origin":[8,17.40072,3.5365]},"faces":{"north":{"uv":[1,4,2,5],"texture":"#0"},"east":{"uv":[1,4,2,5],"texture":"#0"},"south":{"uv":[1,4,2,5],"texture":"#0"},"west":{"uv":[1,4,2,5],"texture":"#0"},"up":{"uv":[1,4,2,5],"texture":"#0"},"down":{"uv":[1,4,2,5],"texture":"#0"}}},{"from":[-2.20344,15.37113,-1.87852],"to":[0.85759,19.43031,8.95152],"rotation":{"angle":0,"axis":"z","origin":[8,17.40072,3.5365]},"faces":{"north":{"uv":[1,4,2,5],"texture":"#0"},"east":{"uv":[1,4,2,5],"texture":"#0"},"south":{"uv":[1,4,2,5],"texture":"#0"},"west":{"uv":[1,4,2,5],"texture":"#0"},"up":{"uv":[1,4,2,5],"texture":"#0"},"down":{"uv":[1,4,2,5],"texture":"#0"}}},{"from":[-2.20344,15.37113,-1.87852],"to":[0.85759,19.43031,8.95152],"rotation":{"angle":-22.5,"axis":"z","origin":[8,17.40072,3.5365]},"faces":{"north":{"uv":[1,4,2,5],"texture":"#0"},"east":{"uv":[1,4,2,5],"texture":"#0"},"south":{"uv":[1,4,2,5],"texture":"#0"},"west":{"uv":[1,4,2,5],"texture":"#0"},"up":{"uv":[1,4,2,5],"texture":"#0"},"down":{"uv":[1,4,2,5],"texture":"#0"}}},{"from":[5.97041,24.54313,-1.87852],"to":[10.02959,27.60416,8.95152],"rotation":{"angle":45,"axis":"z","origin":[8,17.40072,3.5365]},"faces":{"north":{"uv":[1,4,2,5],"texture":"#0"},"east":{"uv":[1,4,2,5],"texture":"#0"},"south":{"uv":[1,4,2,5],"texture":"#0"},"west":{"uv":[1,4,2,5],"texture":"#0"},"up":{"uv":[1,4,2,5],"texture":"#0"},"down":{"uv":[1,4,2,5],"texture":"#0"}}},{"from":[5.97041,24.54313,-1.87852],"to":[10.02959,27.60416,8.95152],"rotation":{"angle":22.5,"axis":"z","origin":[8,17.40072,3.5365]},"faces":{"north":{"uv":[1,4,2,5],"texture":"#0"},"east":{"uv":[1,4,2,5],"texture":"#0"},"south":{"uv":[1,4,2,5],"texture":"#0"},"west":{"uv":[1,4,2,5],"texture":"#0"},"up":{"uv":[1,4,2,5],"texture":"#0"},"down":{"uv":[1,4,2,5],"texture":"#0"}}},{"from":[5.54733,26.03201,7.80742],"to":[10.45267,29.73114,32],"rotation":{"angle":0,"axis":"z","origin":[8,17.40072,19.90371]},"faces":{"north":{"uv":[1,4,2,5],"texture":"#0"},"east":{"uv":[1,4,2,5],"texture":"#0"},"south":{"uv":[1,4,2,5],"texture":"#0"},"west":{"uv":[1,4,2,5],"texture":"#0"},"up":{"uv":[1,4,2,5],"texture":"#0"},"down":{"uv":[1,4,2,5],"texture":"#0"}}},{"from":[5.54733,26.03201,7.80742],"to":[10.45267,29.73114,32],"rotation":{"angle":-22.5,"axis":"z","origin":[8,17.40072,19.90371]},"faces":{"north":{"uv":[1,4,2,5],"texture":"#0"},"east":{"uv":[1,4,2,5],"texture":"#0"},"south":{"uv":[1,4,2,5],"texture":"#0"},"west":{"uv":[1,4,2,5],"texture":"#0"},"up":{"uv":[1,4,2,5],"texture":"#0"},"down":{"uv":[1,4,2,5],"texture":"#0"}}},{"from":[5.54733,26.03201,7.80742],"to":[10.45267,29.73114,32],"rotation":{"angle":-45,"axis":"z","origin":[8,17.40072,19.90371]},"faces":{"north":{"uv":[1,4,2,5],"texture":"#0"},"east":{"uv":[1,4,2,5],"texture":"#0"},"south":{"uv":[1,4,2,5],"texture":"#0"},"west":{"uv":[1,4,2,5],"texture":"#0"},"up":{"uv":[1,4,2,5],"texture":"#0"},"down":{"uv":[1,4,2,5],"texture":"#0"}}},{"from":[16.63129,14.94805,7.80742],"to":[20.33042,19.85339,32],"rotation":{"angle":22.5,"axis":"z","origin":[8,17.40072,19.90371]},"faces":{"north":{"uv":[1,4,2,5],"texture":"#0"},"east":{"uv":[1,4,2,5],"texture":"#0"},"south":{"uv":[1,4,2,5],"texture":"#0"},"west":{"uv":[1,4,2,5],"texture":"#0"},"up":{"uv":[1,4,2,5],"texture":"#0"},"down":{"uv":[1,4,2,5],"texture":"#0"}}},{"from":[16.63129,14.94805,7.80742],"to":[20.33042,19.85339,32],"rotation":{"angle":0,"axis":"z","origin":[8,17.40072,19.90371]},"faces":{"north":{"uv":[1,4,2,5],"texture":"#0"},"east":{"uv":[1,4,2,5],"texture":"#0"},"south":{"uv":[1,4,2,5],"texture":"#0"},"west":{"uv":[1,4,2,5],"texture":"#0"},"up":{"uv":[1,4,2,5],"texture":"#0"},"down":{"uv":[1,4,2,5],"texture":"#0"}}},{"from":[16.63129,14.94805,7.80742],"to":[20.33042,19.85339,32],"rotation":{"angle":-22.5,"axis":"z","origin":[8,17.40072,19.90371]},"faces":{"north":{"uv":[1,4,2,5],"texture":"#0"},"east":{"uv":[1,4,2,5],"texture":"#0"},"south":{"uv":[1,4,2,5],"texture":"#0"},"west":{"uv":[1,4,2,5],"texture":"#0"},"up":{"uv":[1,4,2,5],"texture":"#0"},"down":{"uv":[1,4,2,5],"texture":"#0"}}},{"from":[16.63129,14.94805,7.80742],"to":[20.33042,19.85339,32],"rotation":{"angle":-45,"axis":"z","origin":[8,17.40072,19.90371]},"faces":{"north":{"uv":[1,4,2,5],"texture":"#0"},"east":{"uv":[1,4,2,5],"texture":"#0"},"south":{"uv":[1,4,2,5],"texture":"#0"},"west":{"uv":[1,4,2,5],"texture":"#0"},"up":{"uv":[1,4,2,5],"texture":"#0"},"down":{"uv":[1,4,2,5],"texture":"#0"}}},{"from":[5.54733,5.0703,7.80742],"to":[10.45267,8.76943,32],"rotation":{"angle":22.5,"axis":"z","origin":[8,17.40072,19.90371]},"faces":{"north":{"uv":[1,4,2,5],"texture":"#0"},"east":{"uv":[1,4,2,5],"texture":"#0"},"south":{"uv":[1,4,2,5],"texture":"#0"},"west":{"uv":[1,4,2,5],"texture":"#0"},"up":{"uv":[1,4,2,5],"texture":"#0"},"down":{"uv":[1,4,2,5],"texture":"#0"}}},{"from":[5.54733,5.0703,7.80742],"to":[10.45267,8.76943,32],"rotation":{"angle":0,"axis":"z","origin":[8,17.40072,19.90371]},"faces":{"north":{"uv":[1,4,2,5],"texture":"#0"},"east":{"uv":[1,4,2,5],"texture":"#0"},"south":{"uv":[1,4,2,5],"texture":"#0"},"west":{"uv":[1,4,2,5],"texture":"#0"},"up":{"uv":[1,4,2,5],"texture":"#0"},"down":{"uv":[1,4,2,5],"texture":"#0"}}},{"from":[5.54733,5.0703,7.80742],"to":[10.45267,8.76943,32],"rotation":{"angle":-22.5,"axis":"z","origin":[8,17.40072,19.90371]},"faces":{"north":{"uv":[1,4,2,5],"texture":"#0"},"east":{"uv":[1,4,2,5],"texture":"#0"},"south":{"uv":[1,4,2,5],"texture":"#0"},"west":{"uv":[1,4,2,5],"texture":"#0"},"up":{"uv":[1,4,2,5],"texture":"#0"},"down":{"uv":[1,4,2,5],"texture":"#0"}}},{"from":[-4.33042,14.94805,7.80742],"to":[-0.63129,19.85339,32],"rotation":{"angle":45,"axis":"z","origin":[8,17.40072,19.90371]},"faces":{"north":{"uv":[1,4,2,5],"texture":"#0"},"east":{"uv":[1,4,2,5],"texture":"#0"},"south":{"uv":[1,4,2,5],"texture":"#0"},"west":{"uv":[1,4,2,5],"texture":"#0"},"up":{"uv":[1,4,2,5],"texture":"#0"},"down":{"uv":[1,4,2,5],"texture":"#0"}}},{"from":[-4.33042,14.94805,7.80742],"to":[-0.63129,19.85339,32],"rotation":{"angle":22.5,"axis":"z","origin":[8,17.40072,19.90371]},"faces":{"north":{"uv":[1,4,2,5],"texture":"#0"},"east":{"uv":[1,4,2,5],"texture":"#0"},"south":{"uv":[1,4,2,5],"texture":"#0"},"west":{"uv":[1,4,2,5],"texture":"#0"},"up":{"uv":[1,4,2,5],"texture":"#0"},"down":{"uv":[1,4,2,5],"texture":"#0"}}},{"from":[-4.33042,14.94805,7.80742],"to":[-0.63129,19.85339,32],"rotation":{"angle":0,"axis":"z","origin":[8,17.40072,19.90371]},"faces":{"north":{"uv":[1,4,2,5],"texture":"#0"},"east":{"uv":[1,4,2,5],"texture":"#0"},"south":{"uv":[1,4,2,5],"texture":"#0"},"west":{"uv":[1,4,2,5],"texture":"#0"},"up":{"uv":[1,4,2,5],"texture":"#0"},"down":{"uv":[1,4,2,5],"texture":"#0"}}},{"from":[-4.33042,14.94805,7.80742],"to":[-0.63129,19.85339,32],"rotation":{"angle":-22.5,"axis":"z","origin":[8,17.40072,19.90371]},"faces":{"north":{"uv":[1,4,2,5],"texture":"#0"},"east":{"uv":[1,4,2,5],"texture":"#0"},"south":{"uv":[1,4,2,5],"texture":"#0"},"west":{"uv":[1,4,2,5],"texture":"#0"},"up":{"uv":[1,4,2,5],"texture":"#0"},"down":{"uv":[1,4,2,5],"texture":"#0"}}},{"from":[5.54733,26.03201,7.80742],"to":[10.45267,29.73114,32],"rotation":{"angle":45,"axis":"z","origin":[8,17.40072,19.90371]},"faces":{"north":{"uv":[1,4,2,5],"texture":"#0"},"east":{"uv":[1,4,2,5],"texture":"#0"},"south":{"uv":[1,4,2,5],"texture":"#0"},"west":{"uv":[1,4,2,5],"texture":"#0"},"up":{"uv":[1,4,2,5],"texture":"#0"},"down":{"uv":[1,4,2,5],"texture":"#0"}}},{"from":[5.54733,26.03201,7.80742],"to":[10.45267,29.73114,32],"rotation":{"angle":22.5,"axis":"z","origin":[8,17.40072,19.90371]},"faces":{"north":{"uv":[1,4,2,5],"texture":"#0"},"east":{"uv":[1,4,2,5],"texture":"#0"},"south":{"uv":[1,4,2,5],"texture":"#0"},"west":{"uv":[1,4,2,5],"texture":"#0"},"up":{"uv":[1,4,2,5],"texture":"#0"},"down":{"uv":[1,4,2,5],"texture":"#0"}}},{"from":[4.06596,-6.88293,3.148],"to":[4.77247,-6.68791,16.27407],"rotation":{"angle":0,"axis":"z","origin":[4.41921,-6.78542,6.24645]},"faces":{"north":{"uv":[10,1,11,2],"texture":"#0"},"east":{"uv":[10,1,11,2],"texture":"#0"},"south":{"uv":[10,1,11,2],"texture":"#0"},"west":{"uv":[10,1,11,2],"texture":"#0"},"up":{"uv":[10,1,11,2],"texture":"#0"},"down":{"uv":[10,1,11,2],"texture":"#0"}}},{"from":[6.48414,-6.88293,0.73988],"to":[9.51586,-6.68791,1.48887],"rotation":{"angle":0,"axis":"z","origin":[8,-6.78542,1.11438]},"faces":{"north":{"uv":[10,1,11,2],"texture":"#0"},"east":{"uv":[10,1,11,2],"texture":"#0"},"south":{"uv":[10,1,11,2],"texture":"#0"},"west":{"uv":[10,1,11,2],"texture":"#0"},"up":{"uv":[10,1,11,2],"texture":"#0"},"down":{"uv":[10,1,11,2],"texture":"#0"}}},{"from":[3.8498,-6.88293,1.82689],"to":[7.25539,-6.68791,2.62616],"rotation":{"angle":45,"axis":"y","origin":[5.5526,-6.78542,2.22652]},"faces":{"north":{"uv":[10,1,11,2],"texture":"#0"},"east":{"uv":[10,1,11,2],"texture":"#0"},"south":{"uv":[10,1,11,2],"texture":"#0"},"west":{"uv":[10,1,11,2],"texture":"#0"},"up":{"uv":[10,1,11,2],"texture":"#0"},"down":{"uv":[10,1,11,2],"texture":"#0"}}},{"from":[8.74461,-6.88293,1.82689],"to":[12.1502,-6.68791,2.62616],"rotation":{"angle":-45,"axis":"y","origin":[10.4474,-6.78542,2.22652]},"faces":{"north":{"uv":[10,1,11,2],"texture":"#0"},"east":{"uv":[10,1,11,2],"texture":"#0"},"south":{"uv":[10,1,11,2],"texture":"#0"},"west":{"uv":[10,1,11,2],"texture":"#0"},"up":{"uv":[10,1,11,2],"texture":"#0"},"down":{"uv":[10,1,11,2],"texture":"#0"}}},{"from":[11.22753,-6.88293,3.148],"to":[11.93404,-6.68791,16.27407],"rotation":{"angle":0,"axis":"z","origin":[11.58079,-6.78542,6.24645]},"faces":{"north":{"uv":[10,1,11,2],"texture":"#0"},"east":{"uv":[10,1,11,2],"texture":"#0"},"south":{"uv":[10,1,11,2],"texture":"#0"},"west":{"uv":[10,1,11,2],"texture":"#0"},"up":{"uv":[10,1,11,2],"texture":"#0"},"down":{"uv":[10,1,11,2],"texture":"#0"}}},{"from":[4.06596,-2.35431,3.148],"to":[4.77247,-2.15928,16.27407],"rotation":{"angle":0,"axis":"z","origin":[4.41921,-2.25679,6.24645]},"faces":{"north":{"uv":[10,1,11,2],"texture":"#0"},"east":{"uv":[10,1,11,2],"texture":"#0"},"south":{"uv":[10,1,11,2],"texture":"#0"},"west":{"uv":[10,1,11,2],"texture":"#0"},"up":{"uv":[10,1,11,2],"texture":"#0"},"down":{"uv":[10,1,11,2],"texture":"#0"}}},{"from":[6.48414,-2.35431,0.73988],"to":[9.51586,-2.15928,1.48887],"rotation":{"angle":0,"axis":"z","origin":[8,-2.25679,1.11438]},"faces":{"north":{"uv":[10,1,11,2],"texture":"#0"},"east":{"uv":[10,1,11,2],"texture":"#0"},"south":{"uv":[10,1,11,2],"texture":"#0"},"west":{"uv":[10,1,11,2],"texture":"#0"},"up":{"uv":[10,1,11,2],"texture":"#0"},"down":{"uv":[10,1,11,2],"texture":"#0"}}},{"from":[3.8498,-2.35431,1.82689],"to":[7.25539,-2.15928,2.62616],"rotation":{"angle":45,"axis":"y","origin":[5.5526,-2.25679,2.22652]},"faces":{"north":{"uv":[10,1,11,2],"texture":"#0"},"east":{"uv":[10,1,11,2],"texture":"#0"},"south":{"uv":[10,1,11,2],"texture":"#0"},"west":{"uv":[10,1,11,2],"texture":"#0"},"up":{"uv":[10,1,11,2],"texture":"#0"},"down":{"uv":[10,1,11,2],"texture":"#0"}}},{"from":[8.74461,-2.35431,1.82689],"to":[12.1502,-2.15928,2.62616],"rotation":{"angle":-45,"axis":"y","origin":[10.4474,-2.25679,2.22652]},"faces":{"north":{"uv":[10,1,11,2],"texture":"#0"},"east":{"uv":[10,1,11,2],"texture":"#0"},"south":{"uv":[10,1,11,2],"texture":"#0"},"west":{"uv":[10,1,11,2],"texture":"#0"},"up":{"uv":[10,1,11,2],"texture":"#0"},"down":{"uv":[10,1,11,2],"texture":"#0"}}},{"from":[11.22753,-2.35431,3.148],"to":[11.93404,-2.15928,16.27407],"rotation":{"angle":0,"axis":"z","origin":[11.58079,-2.25679,6.24645]},"faces":{"north":{"uv":[10,1,11,2],"texture":"#0"},"east":{"uv":[10,1,11,2],"texture":"#0"},"south":{"uv":[10,1,11,2],"texture":"#0"},"west":{"uv":[10,1,11,2],"texture":"#0"},"up":{"uv":[10,1,11,2],"texture":"#0"},"down":{"uv":[10,1,11,2],"texture":"#0"}}},{"from":[11.22753,-6.68791,16.05696],"to":[11.93404,-2.35431,16.27407],"rotation":{"angle":0,"axis":"z","origin":[11.58079,-4.52111,16.16552]},"faces":{"north":{"uv":[10,1,11,2],"texture":"#0"},"east":{"uv":[10,1,11,2],"texture":"#0"},"south":{"uv":[10,1,11,2],"texture":"#0"},"west":{"uv":[10,1,11,2],"texture":"#0"},"up":{"uv":[10,1,11,2],"texture":"#0"},"down":{"uv":[10,1,11,2],"texture":"#0"}}},{"from":[9.20285,-6.68791,0.82976],"to":[9.41996,-2.35431,1.53627],"rotation":{"angle":-22.5,"axis":"y","origin":[9.3114,-4.52111,1.18302]},"faces":{"north":{"uv":[10,1,11,2],"texture":"#0"},"east":{"uv":[10,1,11,2],"texture":"#0"},"south":{"uv":[10,1,11,2],"texture":"#0"},"west":{"uv":[10,1,11,2],"texture":"#0"},"up":{"uv":[10,1,11,2],"texture":"#0"},"down":{"uv":[10,1,11,2],"texture":"#0"}}},{"from":[11.16339,-6.68791,3.27971],"to":[11.8699,-2.35431,3.49682],"rotation":{"angle":45,"axis":"y","origin":[11.51665,-4.52111,3.38826]},"faces":{"north":{"uv":[10,1,11,2],"texture":"#0"},"east":{"uv":[10,1,11,2],"texture":"#0"},"south":{"uv":[10,1,11,2],"texture":"#0"},"west":{"uv":[10,1,11,2],"texture":"#0"},"up":{"uv":[10,1,11,2],"texture":"#0"},"down":{"uv":[10,1,11,2],"texture":"#0"}}},{"from":[11.22753,-6.68791,11.91153],"to":[11.93404,-2.35431,12.12865],"rotation":{"angle":0,"axis":"z","origin":[11.58079,-4.52111,12.02009]},"faces":{"north":{"uv":[10,1,11,2],"texture":"#0"},"east":{"uv":[10,1,11,2],"texture":"#0"},"south":{"uv":[10,1,11,2],"texture":"#0"},"west":{"uv":[10,1,11,2],"texture":"#0"},"up":{"uv":[10,1,11,2],"texture":"#0"},"down":{"uv":[10,1,11,2],"texture":"#0"}}},{"from":[11.22753,-6.68791,7.66116],"to":[11.93404,-2.35431,7.87827],"rotation":{"angle":0,"axis":"z","origin":[11.58079,-4.52111,7.76972]},"faces":{"north":{"uv":[10,1,11,2],"texture":"#0"},"east":{"uv":[10,1,11,2],"texture":"#0"},"south":{"uv":[10,1,11,2],"texture":"#0"},"west":{"uv":[10,1,11,2],"texture":"#0"},"up":{"uv":[10,1,11,2],"texture":"#0"},"down":{"uv":[10,1,11,2],"texture":"#0"}}},{"from":[6.58004,-6.68791,0.82976],"to":[6.79715,-2.35431,1.53627],"rotation":{"angle":22.5,"axis":"y","origin":[6.6886,-4.52111,1.18302]},"faces":{"north":{"uv":[10,1,11,2],"texture":"#0"},"east":{"uv":[10,1,11,2],"texture":"#0"},"south":{"uv":[10,1,11,2],"texture":"#0"},"west":{"uv":[10,1,11,2],"texture":"#0"},"up":{"uv":[10,1,11,2],"texture":"#0"},"down":{"uv":[10,1,11,2],"texture":"#0"}}},{"from":[4.1301,-6.68791,3.27971],"to":[4.83661,-2.35431,3.49682],"rotation":{"angle":-45,"axis":"y","origin":[4.48335,-4.52111,3.38826]},"faces":{"north":{"uv":[10,1,11,2],"texture":"#0"},"east":{"uv":[10,1,11,2],"texture":"#0"},"south":{"uv":[10,1,11,2],"texture":"#0"},"west":{"uv":[10,1,11,2],"texture":"#0"},"up":{"uv":[10,1,11,2],"texture":"#0"},"down":{"uv":[10,1,11,2],"texture":"#0"}}},{"from":[4.06596,-6.68791,11.91153],"to":[4.77247,-2.35431,12.12865],"rotation":{"angle":0,"axis":"z","origin":[4.41921,-4.52111,12.02009]},"faces":{"north":{"uv":[10,1,11,2],"texture":"#0"},"east":{"uv":[10,1,11,2],"texture":"#0"},"south":{"uv":[10,1,11,2],"texture":"#0"},"west":{"uv":[10,1,11,2],"texture":"#0"},"up":{"uv":[10,1,11,2],"texture":"#0"},"down":{"uv":[10,1,11,2],"texture":"#0"}}},{"from":[4.06596,-6.68791,7.66116],"to":[4.77247,-2.35431,7.87827],"rotation":{"angle":0,"axis":"z","origin":[4.41921,-4.52111,7.76972]},"faces":{"north":{"uv":[10,1,11,2],"texture":"#0"},"east":{"uv":[10,1,11,2],"texture":"#0"},"south":{"uv":[10,1,11,2],"texture":"#0"},"west":{"uv":[10,1,11,2],"texture":"#0"},"up":{"uv":[10,1,11,2],"texture":"#0"},"down":{"uv":[10,1,11,2],"texture":"#0"}}},{"from":[4.06596,-6.68791,16.05696],"to":[4.77247,-2.35431,16.27407],"rotation":{"angle":0,"axis":"z","origin":[4.41921,-4.52111,16.16552]},"faces":{"north":{"uv":[10,1,11,2],"texture":"#0"},"east":{"uv":[10,1,11,2],"texture":"#0"},"south":{"uv":[10,1,11,2],"texture":"#0"},"west":{"uv":[10,1,11,2],"texture":"#0"},"up":{"uv":[10,1,11,2],"texture":"#0"},"down":{"uv":[10,1,11,2],"texture":"#0"}}},{"from":[4.12014,-10.04415,3.20356],"to":[11.87986,-9.17818,30.1129],"rotation":{"angle":0,"axis":"z","origin":[8,-9.61117,14.41359]},"faces":{"north":{"uv":[10,4,11,5],"texture":"#0"},"east":{"uv":[10,4,11,5],"texture":"#0"},"south":{"uv":[10,4,11,5],"texture":"#0"},"west":{"uv":[10,4,11,5],"texture":"#0"},"up":{"uv":[10,4,11,5],"texture":"#0"},"down":{"uv":[10,4,11,5],"texture":"#0"}}},{"from":[6.50118,-10.04415,0.82252],"to":[9.49882,-9.17818,3.20356],"rotation":{"angle":0,"axis":"z","origin":[8,-9.61117,2.01304]},"faces":{"north":{"uv":[10,4,11,5],"texture":"#0"},"east":{"uv":[10,4,11,5],"texture":"#0"},"south":{"uv":[10,4,11,5],"texture":"#0"},"west":{"uv":[10,4,11,5],"texture":"#0"},"up":{"uv":[10,4,11,5],"texture":"#0"},"down":{"uv":[10,4,11,5],"texture":"#0"}}},{"from":[4.28802,-10.04415,1.73924],"to":[7.65532,-9.17818,3.60887],"rotation":{"angle":45,"axis":"y","origin":[5.97167,-9.61117,2.67406]},"faces":{"north":{"uv":[10,4,11,5],"texture":"#0"},"east":{"uv":[10,4,11,5],"texture":"#0"},"south":{"uv":[10,4,11,5],"texture":"#0"},"west":{"uv":[10,4,11,5],"texture":"#0"},"up":{"uv":[10,4,11,5],"texture":"#0"},"down":{"uv":[10,4,11,5],"texture":"#0"}}},{"from":[4.12014,-5.60157,19.30245],"to":[11.87986,-4.70035,31.59439],"rotation":{"angle":45,"axis":"x","origin":[8,-5.15096,25.44842]},"faces":{"north":{"uv":[10,4,11,5],"texture":"#0"},"east":{"uv":[10,4,11,5],"texture":"#0"},"south":{"uv":[10,4,11,5],"texture":"#0"},"west":{"uv":[10,4,11,5],"texture":"#0"},"up":{"uv":[10,4,11,5],"texture":"#0"},"down":{"uv":[10,4,11,5],"texture":"#0"}}},{"from":[8.34468,-10.04415,1.73924],"to":[11.71198,-9.17818,3.60887],"rotation":{"angle":-45,"axis":"y","origin":[10.02833,-9.61117,2.67406]},"faces":{"north":{"uv":[10,4,11,5],"texture":"#0"},"east":{"uv":[10,4,11,5],"texture":"#0"},"south":{"uv":[10,4,11,5],"texture":"#0"},"west":{"uv":[10,4,11,5],"texture":"#0"},"up":{"uv":[10,4,11,5],"texture":"#0"},"down":{"uv":[10,4,11,5],"texture":"#0"}}},{"from":[4.12014,-1.35244,3.20357],"to":[11.87986,-0.48647,21.42119],"rotation":{"angle":0,"axis":"z","origin":[8,-0.91946,10.06774]},"faces":{"north":{"uv":[10,4,11,5],"texture":"#0"},"east":{"uv":[10,4,11,5],"texture":"#0"},"south":{"uv":[10,4,11,5],"texture":"#0"},"west":{"uv":[10,4,11,5],"texture":"#0"},"up":{"uv":[10,4,11,5],"texture":"#0"},"down":{"uv":[10,4,11,5],"texture":"#0"}}},{"from":[6.50118,-1.35244,0.82252],"to":[9.49882,-0.48647,3.20356],"rotation":{"angle":0,"axis":"z","origin":[8,-0.91946,2.01304]},"faces":{"north":{"uv":[10,4,11,5],"texture":"#0"},"east":{"uv":[10,4,11,5],"texture":"#0"},"south":{"uv":[10,4,11,5],"texture":"#0"},"west":{"uv":[10,4,11,5],"texture":"#0"},"up":{"uv":[10,4,11,5],"texture":"#0"},"down":{"uv":[10,4,11,5],"texture":"#0"}}},{"from":[4.28802,-1.35244,1.73924],"to":[7.65532,-0.48647,3.60887],"rotation":{"angle":45,"axis":"y","origin":[5.97167,-0.91946,2.67406]},"faces":{"north":{"uv":[10,4,11,5],"texture":"#0"},"east":{"uv":[10,4,11,5],"texture":"#0"},"south":{"uv":[10,4,11,5],"texture":"#0"},"west":{"uv":[10,4,11,5],"texture":"#0"},"up":{"uv":[10,4,11,5],"texture":"#0"},"down":{"uv":[10,4,11,5],"texture":"#0"}}},{"from":[8.34468,-1.35244,1.73924],"to":[11.71198,-0.48647,3.60887],"rotation":{"angle":-45,"axis":"y","origin":[10.02833,-0.91946,2.67406]},"faces":{"north":{"uv":[10,4,11,5],"texture":"#0"},"east":{"uv":[10,4,11,5],"texture":"#0"},"south":{"uv":[10,4,11,5],"texture":"#0"},"west":{"uv":[10,4,11,5],"texture":"#0"},"up":{"uv":[10,4,11,5],"texture":"#0"},"down":{"uv":[10,4,11,5],"texture":"#0"}}},{"from":[4.12014,-9.17818,3.20357],"to":[4.72027,-6.78527,27.10346],"rotation":{"angle":0,"axis":"z","origin":[4.4202,-7.98173,12.90887]},"faces":{"north":{"uv":[10,4,11,5],"texture":"#0"},"east":{"uv":[10,4,11,5],"texture":"#0"},"south":{"uv":[10,4,11,5],"texture":"#0"},"west":{"uv":[10,4,11,5],"texture":"#0"},"up":{"uv":[10,4,11,5],"texture":"#0"},"down":{"uv":[10,4,11,5],"texture":"#0"}}},{"from":[6.50118,-9.17818,0.82253],"to":[9.49882,-6.78527,1.46465],"rotation":{"angle":0,"axis":"z","origin":[8,-7.98173,1.14359]},"faces":{"north":{"uv":[10,4,11,5],"texture":"#0"},"east":{"uv":[10,4,11,5],"texture":"#0"},"south":{"uv":[10,4,11,5],"texture":"#0"},"west":{"uv":[10,4,11,5],"texture":"#0"},"up":{"uv":[10,4,11,5],"texture":"#0"},"down":{"uv":[10,4,11,5],"texture":"#0"}}},{"from":[3.87161,-9.17818,1.91173],"to":[7.23891,-6.78527,2.60357],"rotation":{"angle":45,"axis":"y","origin":[5.55526,-7.98173,2.25765]},"faces":{"north":{"uv":[10,4,11,5],"texture":"#0"},"east":{"uv":[10,4,11,5],"texture":"#0"},"south":{"uv":[10,4,11,5],"texture":"#0"},"west":{"uv":[10,4,11,5],"texture":"#0"},"up":{"uv":[10,4,11,5],"texture":"#0"},"down":{"uv":[10,4,11,5],"texture":"#0"}}},{"from":[8.76109,-9.17818,1.91173],"to":[12.12839,-6.78527,2.60357],"rotation":{"angle":-45,"axis":"y","origin":[10.44474,-7.98173,2.25765]},"faces":{"north":{"uv":[10,4,11,5],"texture":"#0"},"east":{"uv":[10,4,11,5],"texture":"#0"},"south":{"uv":[10,4,11,5],"texture":"#0"},"west":{"uv":[10,4,11,5],"texture":"#0"},"up":{"uv":[10,4,11,5],"texture":"#0"},"down":{"uv":[10,4,11,5],"texture":"#0"}}},{"from":[11.27973,-9.17818,3.20357],"to":[11.87986,-6.78527,27.10346],"rotation":{"angle":0,"axis":"z","origin":[11.5798,-7.98173,12.90887]},"faces":{"north":{"uv":[10,4,11,5],"texture":"#0"},"east":{"uv":[10,4,11,5],"texture":"#0"},"south":{"uv":[10,4,11,5],"texture":"#0"},"west":{"uv":[10,4,11,5],"texture":"#0"},"up":{"uv":[10,4,11,5],"texture":"#0"},"down":{"uv":[10,4,11,5],"texture":"#0"}}},{"from":[6.78048,-0.89617,1.368],"to":[9.21952,-0.13164,3.47015],"rotation":{"angle":0,"axis":"z","origin":[7.89626,-0.51391,2.41907]},"faces":{"north":{"uv":[10,4,11,5],"texture":"#0"},"east":{"uv":[10,4,11,5],"texture":"#0"},"south":{"uv":[10,4,11,5],"texture":"#0"},"west":{"uv":[10,4,11,5],"texture":"#0"},"up":{"uv":[10,4,11,5],"texture":"#0"},"down":{"uv":[10,4,11,5],"texture":"#0"}}},{"from":[4.82655,-0.89617,2.17734],"to":[7.79944,-0.13164,3.82798],"rotation":{"angle":45,"axis":"y","origin":[6.31299,-0.51391,3.00266]},"faces":{"north":{"uv":[10,4,11,5],"texture":"#0"},"east":{"uv":[10,4,11,5],"texture":"#0"},"south":{"uv":[10,4,11,5],"texture":"#0"},"west":{"uv":[10,4,11,5],"texture":"#0"},"up":{"uv":[10,4,11,5],"texture":"#0"},"down":{"uv":[10,4,11,5],"texture":"#0"}}},{"from":[8.20056,-0.89617,2.17734],"to":[11.17345,-0.13164,3.82798],"rotation":{"angle":-45,"axis":"y","origin":[9.68701,-0.51391,3.00266]},"faces":{"north":{"uv":[10,4,11,5],"texture":"#0"},"east":{"uv":[10,4,11,5],"texture":"#0"},"south":{"uv":[10,4,11,5],"texture":"#0"},"west":{"uv":[10,4,11,5],"texture":"#0"},"up":{"uv":[10,4,11,5],"texture":"#0"},"down":{"uv":[10,4,11,5],"texture":"#0"}}},{"from":[4.12014,-2.27746,3.20357],"to":[4.72027,-1.35244,22.10562],"rotation":{"angle":0,"axis":"z","origin":[4.4202,-1.81495,10.40995]},"faces":{"north":{"uv":[10,4,11,5],"texture":"#0"},"east":{"uv":[10,4,11,5],"texture":"#0"},"south":{"uv":[10,4,11,5],"texture":"#0"},"west":{"uv":[10,4,11,5],"texture":"#0"},"up":{"uv":[10,4,11,5],"texture":"#0"},"down":{"uv":[10,4,11,5],"texture":"#0"}}},{"from":[6.50118,-2.27746,0.82253],"to":[9.49882,-1.35244,1.46465],"rotation":{"angle":0,"axis":"z","origin":[8,-1.81495,1.14359]},"faces":{"north":{"uv":[10,4,11,5],"texture":"#0"},"east":{"uv":[10,4,11,5],"texture":"#0"},"south":{"uv":[10,4,11,5],"texture":"#0"},"west":{"uv":[10,4,11,5],"texture":"#0"},"up":{"uv":[10,4,11,5],"texture":"#0"},"down":{"uv":[10,4,11,5],"texture":"#0"}}},{"from":[3.87161,-2.27746,1.91173],"to":[7.23891,-1.35244,2.60357],"rotation":{"angle":45,"axis":"y","origin":[5.55526,-1.81495,2.25765]},"faces":{"north":{"uv":[10,4,11,5],"texture":"#0"},"east":{"uv":[10,4,11,5],"texture":"#0"},"south":{"uv":[10,4,11,5],"texture":"#0"},"west":{"uv":[10,4,11,5],"texture":"#0"},"up":{"uv":[10,4,11,5],"texture":"#0"},"down":{"uv":[10,4,11,5],"texture":"#0"}}},{"from":[8.76109,-2.27746,1.91173],"to":[12.12839,-1.35244,2.60357],"rotation":{"angle":-45,"axis":"y","origin":[10.44474,-1.81495,2.25765]},"faces":{"north":{"uv":[10,4,11,5],"texture":"#0"},"east":{"uv":[10,4,11,5],"texture":"#0"},"south":{"uv":[10,4,11,5],"texture":"#0"},"west":{"uv":[10,4,11,5],"texture":"#0"},"up":{"uv":[10,4,11,5],"texture":"#0"},"down":{"uv":[10,4,11,5],"texture":"#0"}}},{"from":[11.27973,-2.27746,3.20357],"to":[11.87986,-1.35244,22.10562],"rotation":{"angle":0,"axis":"z","origin":[11.5798,-1.81495,10.40995]},"faces":{"north":{"uv":[10,4,11,5],"texture":"#0"},"east":{"uv":[10,4,11,5],"texture":"#0"},"south":{"uv":[10,4,11,5],"texture":"#0"},"west":{"uv":[10,4,11,5],"texture":"#0"},"up":{"uv":[10,4,11,5],"texture":"#0"},"down":{"uv":[10,4,11,5],"texture":"#0"}}},{"from":[4.12014,-6.78527,16.15848],"to":[4.72027,-2.27745,22.905],"rotation":{"angle":0,"axis":"z","origin":[4.4202,-4.53136,19.53174]},"faces":{"north":{"uv":[10,4,11,5],"texture":"#0"},"east":{"uv":[10,4,11,5],"texture":"#0"},"south":{"uv":[10,4,11,5],"texture":"#0"},"west":{"uv":[10,4,11,5],"texture":"#0"},"up":{"uv":[10,4,11,5],"texture":"#0"},"down":{"uv":[10,4,11,5],"texture":"#0"}}},{"from":[11.27973,-6.78527,16.15848],"to":[11.87986,-2.27745,22.905],"rotation":{"angle":0,"axis":"z","origin":[11.5798,-4.53136,19.53174]},"faces":{"north":{"uv":[10,4,11,5],"texture":"#0"},"east":{"uv":[10,4,11,5],"texture":"#0"},"south":{"uv":[10,4,11,5],"texture":"#0"},"west":{"uv":[10,4,11,5],"texture":"#0"},"up":{"uv":[10,4,11,5],"texture":"#0"},"down":{"uv":[10,4,11,5],"texture":"#0"}}},{"from":[4.12014,-9.17819,27.10346],"to":[4.72027,-7.35723,28.24866],"rotation":{"angle":0,"axis":"z","origin":[4.4202,-8.26771,27.67606]},"faces":{"north":{"uv":[10,4,11,5],"texture":"#0"},"east":{"uv":[10,4,11,5],"texture":"#0"},"south":{"uv":[10,4,11,5],"texture":"#0"},"west":{"uv":[10,4,11,5],"texture":"#0"},"up":{"uv":[10,4,11,5],"texture":"#0"},"down":{"uv":[10,4,11,5],"texture":"#0"}}},{"from":[11.27973,-9.17819,27.10346],"to":[11.87986,-7.35723,28.24866],"rotation":{"angle":0,"axis":"z","origin":[11.5798,-8.26771,27.67606]},"faces":{"north":{"uv":[10,4,11,5],"texture":"#0"},"east":{"uv":[10,4,11,5],"texture":"#0"},"south":{"uv":[10,4,11,5],"texture":"#0"},"west":{"uv":[10,4,11,5],"texture":"#0"},"up":{"uv":[10,4,11,5],"texture":"#0"},"down":{"uv":[10,4,11,5],"texture":"#0"}}},{"from":[4.12014,-9.17819,28.24866],"to":[4.72027,-8.47208,28.86759],"rotation":{"angle":0,"axis":"z","origin":[4.4202,-8.82514,28.55812]},"faces":{"north":{"uv":[10,4,11,5],"texture":"#0"},"east":{"uv":[10,4,11,5],"texture":"#0"},"south":{"uv":[10,4,11,5],"texture":"#0"},"west":{"uv":[10,4,11,5],"texture":"#0"},"up":{"uv":[10,4,11,5],"texture":"#0"},"down":{"uv":[10,4,11,5],"texture":"#0"}}},{"from":[11.27973,-9.17819,28.24866],"to":[11.87986,-8.47208,28.86759],"rotation":{"angle":0,"axis":"z","origin":[11.5798,-8.82514,28.55812]},"faces":{"north":{"uv":[10,4,11,5],"texture":"#0"},"east":{"uv":[10,4,11,5],"texture":"#0"},"south":{"uv":[10,4,11,5],"texture":"#0"},"west":{"uv":[10,4,11,5],"texture":"#0"},"up":{"uv":[10,4,11,5],"texture":"#0"},"down":{"uv":[10,4,11,5],"texture":"#0"}}},{"from":[4.12014,-7.34371,21.06698],"to":[4.72027,-4.65809,26.45717],"rotation":{"angle":45,"axis":"x","origin":[4.4202,-6.0009,23.76208]},"faces":{"north":{"uv":[10,4,11,5],"texture":"#0"},"east":{"uv":[10,4,11,5],"texture":"#0"},"south":{"uv":[10,4,11,5],"texture":"#0"},"west":{"uv":[10,4,11,5],"texture":"#0"},"up":{"uv":[10,4,11,5],"texture":"#0"},"down":{"uv":[10,4,11,5],"texture":"#0"}}},{"from":[11.27973,-7.34371,21.06698],"to":[11.87986,-4.65809,26.45717],"rotation":{"angle":45,"axis":"x","origin":[11.5798,-6.0009,23.76208]},"faces":{"north":{"uv":[10,4,11,5],"texture":"#0"},"east":{"uv":[10,4,11,5],"texture":"#0"},"south":{"uv":[10,4,11,5],"texture":"#0"},"west":{"uv":[10,4,11,5],"texture":"#0"},"up":{"uv":[10,4,11,5],"texture":"#0"},"down":{"uv":[10,4,11,5],"texture":"#0"}}},{"from":[4.67833,-0.9976,3.47015],"to":[11.32167,-0.13164,21.68778],"rotation":{"angle":0,"axis":"z","origin":[8.55819,-0.56462,10.33433]},"faces":{"north":{"uv":[10,4,11,5],"texture":"#0"},"east":{"uv":[10,4,11,5],"texture":"#0"},"south":{"uv":[10,4,11,5],"texture":"#0"},"west":{"uv":[10,4,11,5],"texture":"#0"},"up":{"uv":[10,4,11,5],"texture":"#0"},"down":{"uv":[10,4,11,5],"texture":"#0"}}},{"from":[4.67833,-8.89889,18.05626],"to":[11.32167,-8.03292,29.05575],"rotation":{"angle":45,"axis":"x","origin":[8.55819,-8.4659,29.40972]},"faces":{"north":{"uv":[10,4,11,5],"texture":"#0"},"east":{"uv":[10,4,11,5],"texture":"#0"},"south":{"uv":[10,4,11,5],"texture":"#0"},"west":{"uv":[10,4,11,5],"texture":"#0"},"up":{"uv":[10,4,11,5],"texture":"#0"},"down":{"uv":[10,4,11,5],"texture":"#0"}}},{"from":[4.67833,-9.39614,26.64915],"to":[11.32167,-7.90945,30.11291],"rotation":{"angle":0,"axis":"z","origin":[7.30747,-9.31767,28.05737]},"faces":{"north":{"uv":[10,4,11,5],"texture":"#0"},"east":{"uv":[10,4,11,5],"texture":"#0"},"south":{"uv":[10,4,11,5],"texture":"#0"},"west":{"uv":[10,4,11,5],"texture":"#0"},"up":{"uv":[10,4,11,5],"texture":"#0"},"down":{"uv":[10,4,11,5],"texture":"#0"}}},{"from":[5.62971,-9.53148,19.71951],"to":[10.37029,-4.99021,25.61761],"rotation":{"angle":0,"axis":"z","origin":[8,-7.26084,22.66856]},"faces":{"north":{"uv":[7,4,8,5],"texture":"#0"},"east":{"uv":[7,4,8,5],"texture":"#0"},"south":{"uv":[7,4,8,5],"texture":"#0"},"west":{"uv":[7,4,8,5],"texture":"#0"},"up":{"uv":[7,4,8,5],"texture":"#0"},"down":{"uv":[7,4,8,5],"texture":"#0"}}},{"from":[5.9313,-1.51102,15.11617],"to":[10.42923,0.04425,18.69861],"rotation":{"angle":0,"axis":"z","origin":[8.55819,-0.73339,16.90739]},"faces":{"north":{"uv":[10,4,11,5],"texture":"#0"},"east":{"uv":[10,4,11,5],"texture":"#0"},"south":{"uv":[10,4,11,5],"texture":"#0"},"west":{"uv":[10,4,11,5],"texture":"#0"},"up":{"uv":[10,4,11,5],"texture":"#0"},"down":{"uv":[10,4,11,5],"texture":"#0"}}},{"from":[7.4691,-9.90102,28.64869],"to":[8.5309,-7.33762,30.5786],"rotation":{"angle":45,"axis":"z","origin":[8,-8.61932,29.61364]},"faces":{"north":{"uv":[10,4,11,5],"texture":"#0"},"east":{"uv":[10,4,11,5],"texture":"#0"},"south":{"uv":[10,4,11,5],"texture":"#0"},"west":{"uv":[10,4,11,5],"texture":"#0"},"up":{"uv":[10,4,11,5],"texture":"#0"},"down":{"uv":[10,4,11,5],"texture":"#0"}}},{"from":[7.4691,-9.90102,28.64869],"to":[8.5309,-7.33762,30.5786],"rotation":{"angle":0,"axis":"z","origin":[8,-8.61932,29.61364]},"faces":{"north":{"uv":[10,4,11,5],"texture":"#0"},"east":{"uv":[10,4,11,5],"texture":"#0"},"south":{"uv":[10,4,11,5],"texture":"#0"},"west":{"uv":[10,4,11,5],"texture":"#0"},"up":{"uv":[10,4,11,5],"texture":"#0"},"down":{"uv":[10,4,11,5],"texture":"#0"}}},{"from":[6.7183,-9.15022,28.64869],"to":[9.2817,-8.08842,30.5786],"rotation":{"angle":0,"axis":"z","origin":[8,-8.61932,29.61364]},"faces":{"north":{"uv":[10,4,11,5],"texture":"#0"},"east":{"uv":[10,4,11,5],"texture":"#0"},"south":{"uv":[10,4,11,5],"texture":"#0"},"west":{"uv":[10,4,11,5],"texture":"#0"},"up":{"uv":[10,4,11,5],"texture":"#0"},"down":{"uv":[10,4,11,5],"texture":"#0"}}},{"from":[7.4691,-9.90102,28.64869],"to":[8.5309,-7.33762,30.5786],"rotation":{"angle":-45,"axis":"z","origin":[8,-8.61932,29.61364]},"faces":{"north":{"uv":[10,4,11,5],"texture":"#0"},"east":{"uv":[10,4,11,5],"texture":"#0"},"south":{"uv":[10,4,11,5],"texture":"#0"},"west":{"uv":[10,4,11,5],"texture":"#0"},"up":{"uv":[10,4,11,5],"texture":"#0"},"down":{"uv":[10,4,11,5],"texture":"#0"}}},{"from":[7.62875,-9.51559,30.30014],"to":[8.37125,-7.72304,31.6497],"rotation":{"angle":45,"axis":"z","origin":[8,-8.61932,30.97492]},"faces":{"north":{"uv":[10,4,11,5],"texture":"#0"},"east":{"uv":[10,4,11,5],"texture":"#0"},"south":{"uv":[7,1,8,2],"texture":"#0"},"west":{"uv":[10,4,11,5],"texture":"#0"},"up":{"uv":[10,4,11,5],"texture":"#0"},"down":{"uv":[10,4,11,5],"texture":"#0"}}},{"from":[7.62875,-9.51559,30.30014],"to":[8.37125,-7.72304,31.6497],"rotation":{"angle":0,"axis":"z","origin":[8,-8.61932,30.97492]},"faces":{"north":{"uv":[10,4,11,5],"texture":"#0"},"east":{"uv":[10,4,11,5],"texture":"#0"},"south":{"uv":[7,1,8,2],"texture":"#0"},"west":{"uv":[10,4,11,5],"texture":"#0"},"up":{"uv":[10,4,11,5],"texture":"#0"},"down":{"uv":[10,4,11,5],"texture":"#0"}}},{"from":[7.10373,-8.99057,30.30014],"to":[8.89627,-8.24807,31.6497],"rotation":{"angle":0,"axis":"z","origin":[8,-8.61932,30.97492]},"faces":{"north":{"uv":[10,4,11,5],"texture":"#0"},"east":{"uv":[10,4,11,5],"texture":"#0"},"south":{"uv":[7,1,8,2],"texture":"#0"},"west":{"uv":[10,4,11,5],"texture":"#0"},"up":{"uv":[10,4,11,5],"texture":"#0"},"down":{"uv":[10,4,11,5],"texture":"#0"}}},{"from":[7.62875,-9.51559,30.30014],"to":[8.37125,-7.72304,31.6497],"rotation":{"angle":-45,"axis":"z","origin":[8,-8.61932,30.97492]},"faces":{"north":{"uv":[10,4,11,5],"texture":"#0"},"east":{"uv":[10,4,11,5],"texture":"#0"},"south":{"uv":[7,1,8,2],"texture":"#0"},"west":{"uv":[10,4,11,5],"texture":"#0"},"up":{"uv":[10,4,11,5],"texture":"#0"},"down":{"uv":[10,4,11,5],"texture":"#0"}}},{"from":[1.24787,-9.07529,30.95148],"to":[14.75499,-8.25831,31.1642],"rotation":{"angle":45,"axis":"z","origin":[8.00143,-8.6668,31.05784]},"faces":{"north":{"uv":[1,1,2,2],"texture":"#0"},"east":{"uv":[1,1,2,2],"texture":"#0"},"south":{"uv":[1,1,2,2],"texture":"#0"},"west":{"uv":[1,1,2,2],"texture":"#0"},"up":{"uv":[1,1,2,2],"texture":"#0"},"down":{"uv":[1,1,2,2],"texture":"#0"}}},{"from":[2.86004,-1.10494,6.64768],"to":[3.00568,11.78955,6.79332],"rotation":{"angle":22.5,"axis":"z","origin":[2.93286,2.2319,6.7205]},"faces":{"north":{"uv":[4,1,5,2],"texture":"#0"},"east":{"uv":[4,1,5,2],"texture":"#0"},"south":{"uv":[4,1,5,2],"texture":"#0"},"west":{"uv":[4,1,5,2],"texture":"#0"},"up":{"uv":[4,1,5,2],"texture":"#0"},"down":{"uv":[4,1,5,2],"texture":"#0"}}},{"from":[2.86004,-1.10494,15.78046],"to":[3.00568,8.47112,15.9261],"rotation":{"angle":22.5,"axis":"z","origin":[2.93286,2.2319,15.85328]},"faces":{"north":{"uv":[4,1,5,2],"texture":"#0"},"east":{"uv":[4,1,5,2],"texture":"#0"},"south":{"uv":[4,1,5,2],"texture":"#0"},"west":{"uv":[4,1,5,2],"texture":"#0"},"up":{"uv":[4,1,5,2],"texture":"#0"},"down":{"uv":[4,1,5,2],"texture":"#0"}}},{"from":[7.92718,-1.92272,-1.45687],"to":[8.07282,10.82587,-1.31123],"rotation":{"angle":-22.5,"axis":"x","origin":[8,4.45157,-1.38405]},"faces":{"north":{"uv":[4,1,5,2],"texture":"#0"},"east":{"uv":[4,1,5,2],"texture":"#0"},"south":{"uv":[4,1,5,2],"texture":"#0"},"west":{"uv":[4,1,5,2],"texture":"#0"},"up":{"uv":[4,1,5,2],"texture":"#0"},"down":{"uv":[4,1,5,2],"texture":"#0"}}},{"from":[12.99432,-1.10494,6.64768],"to":[13.13996,11.78955,6.79332],"rotation":{"angle":-22.5,"axis":"z","origin":[13.06714,2.2319,6.7205]},"faces":{"north":{"uv":[4,1,5,2],"texture":"#0"},"east":{"uv":[4,1,5,2],"texture":"#0"},"south":{"uv":[4,1,5,2],"texture":"#0"},"west":{"uv":[4,1,5,2],"texture":"#0"},"up":{"uv":[4,1,5,2],"texture":"#0"},"down":{"uv":[4,1,5,2],"texture":"#0"}}},{"from":[12.99432,-1.10494,15.78046],"to":[13.13996,8.47112,15.9261],"rotation":{"angle":-22.5,"axis":"z","origin":[13.06714,2.2319,15.85328]},"faces":{"north":{"uv":[4,1,5,2],"texture":"#0"},"east":{"uv":[4,1,5,2],"texture":"#0"},"south":{"uv":[4,1,5,2],"texture":"#0"},"west":{"uv":[4,1,5,2],"texture":"#0"},"up":{"uv":[4,1,5,2],"texture":"#0"},"down":{"uv":[4,1,5,2],"texture":"#0"}}},{"from":[4.20906,-3.38272,25.13481],"to":[4.35469,8.75856,25.28045],"rotation":{"angle":45,"axis":"x","origin":[4.28187,-0.39028,25.20763]},"faces":{"north":{"uv":[4,1,5,2],"texture":"#0"},"east":{"uv":[4,1,5,2],"texture":"#0"},"south":{"uv":[4,1,5,2],"texture":"#0"},"west":{"uv":[4,1,5,2],"texture":"#0"},"up":{"uv":[4,1,5,2],"texture":"#0"},"down":{"uv":[4,1,5,2],"texture":"#0"}}},{"from":[11.6453,-3.38272,25.13481],"to":[11.79094,8.75855,25.28045],"rotation":{"angle":45,"axis":"x","origin":[11.71812,-0.39028,25.20763]},"faces":{"north":{"uv":[4,1,5,2],"texture":"#0"},"east":{"uv":[4,1,5,2],"texture":"#0"},"south":{"uv":[4,1,5,2],"texture":"#0"},"west":{"uv":[4,1,5,2],"texture":"#0"},"up":{"uv":[4,1,5,2],"texture":"#0"},"down":{"uv":[4,1,5,2],"texture":"#0"}}},{"from":[4.91256,-0.46206,3.58393],"to":[5.17287,7.18665,3.84424],"rotation":{"angle":0,"axis":"z","origin":[5.04271,2.46381,3.71408]},"faces":{"north":{"uv":[10,4,11,5],"texture":"#0"},"east":{"uv":[10,4,11,5],"texture":"#0"},"south":{"uv":[10,4,11,5],"texture":"#0"},"west":{"uv":[10,4,11,5],"texture":"#0"},"up":{"uv":[10,4,11,5],"texture":"#0"},"down":{"uv":[10,4,11,5],"texture":"#0"}}},{"from":[4.91256,-0.46206,9.78503],"to":[5.17287,5.99799,10.04534],"rotation":{"angle":0,"axis":"z","origin":[5.04271,2.46381,9.91518]},"faces":{"north":{"uv":[10,4,11,5],"texture":"#0"},"east":{"uv":[10,4,11,5],"texture":"#0"},"south":{"uv":[10,4,11,5],"texture":"#0"},"west":{"uv":[10,4,11,5],"texture":"#0"},"up":{"uv":[10,4,11,5],"texture":"#0"},"down":{"uv":[10,4,11,5],"texture":"#0"}}},{"from":[4.91256,-6.05703,28.07935],"to":[5.17287,6.85557,28.33966],"rotation":{"angle":22.5,"axis":"x","origin":[5.04271,0.39927,28.20951]},"faces":{"north":{"uv":[10,4,11,5],"texture":"#0"},"east":{"uv":[10,4,11,5],"texture":"#0"},"south":{"uv":[10,4,11,5],"texture":"#0"},"west":{"uv":[10,4,11,5],"texture":"#0"},"up":{"uv":[10,4,11,5],"texture":"#0"},"down":{"uv":[10,4,11,5],"texture":"#0"}}},{"from":[10.82713,-0.46206,3.58393],"to":[11.08744,7.18665,3.84424],"rotation":{"angle":0,"axis":"z","origin":[10.95729,2.46381,3.71408]},"faces":{"north":{"uv":[10,4,11,5],"texture":"#0"},"east":{"uv":[10,4,11,5],"texture":"#0"},"south":{"uv":[10,4,11,5],"texture":"#0"},"west":{"uv":[10,4,11,5],"texture":"#0"},"up":{"uv":[10,4,11,5],"texture":"#0"},"down":{"uv":[10,4,11,5],"texture":"#0"}}},{"from":[10.82713,-0.46206,9.78503],"to":[11.08744,5.99799,10.04534],"rotation":{"angle":0,"axis":"z","origin":[10.95729,2.46381,9.91518]},"faces":{"north":{"uv":[10,4,11,5],"texture":"#0"},"east":{"uv":[10,4,11,5],"texture":"#0"},"south":{"uv":[10,4,11,5],"texture":"#0"},"west":{"uv":[10,4,11,5],"texture":"#0"},"up":{"uv":[10,4,11,5],"texture":"#0"},"down":{"uv":[10,4,11,5],"texture":"#0"}}},{"from":[10.82713,-6.05703,28.07935],"to":[11.08744,6.85557,28.33966],"rotation":{"angle":22.5,"axis":"x","origin":[10.95729,0.39927,28.20951]},"faces":{"north":{"uv":[10,4,11,5],"texture":"#0"},"east":{"uv":[10,4,11,5],"texture":"#0"},"south":{"uv":[10,4,11,5],"texture":"#0"},"west":{"uv":[10,4,11,5],"texture":"#0"},"up":{"uv":[10,4,11,5],"texture":"#0"},"down":{"uv":[10,4,11,5],"texture":"#0"}}},{"from":[3.57092,-0.92757,21.1161],"to":[3.83124,7.11414,21.37642],"rotation":{"angle":22.5,"axis":"z","origin":[3.70108,3.09329,21.24626]},"faces":{"north":{"uv":[10,4,11,5],"texture":"#0"},"east":{"uv":[10,4,11,5],"texture":"#0"},"south":{"uv":[10,4,11,5],"texture":"#0"},"west":{"uv":[10,4,11,5],"texture":"#0"},"up":{"uv":[10,4,11,5],"texture":"#0"},"down":{"uv":[10,4,11,5],"texture":"#0"}}},{"from":[12.16876,-0.92757,21.1161],"to":[12.42908,7.11414,21.37642],"rotation":{"angle":-22.5,"axis":"z","origin":[12.29892,3.09329,21.24626]},"faces":{"north":{"uv":[10,4,11,5],"texture":"#0"},"east":{"uv":[10,4,11,5],"texture":"#0"},"south":{"uv":[10,4,11,5],"texture":"#0"},"west":{"uv":[10,4,11,5],"texture":"#0"},"up":{"uv":[10,4,11,5],"texture":"#0"},"down":{"uv":[10,4,11,5],"texture":"#0"}}},{"from":[6.9326,-9.41608,17.50172],"to":[7.21591,9.32443,17.78503],"rotation":{"angle":0,"axis":"z","origin":[7.07425,-0.04583,17.64338]},"faces":{"north":{"uv":[1,10,2,11],"texture":"#0"},"east":{"uv":[1,10,2,11],"texture":"#0"},"south":{"uv":[1,10,2,11],"texture":"#0"},"west":{"uv":[1,10,2,11],"texture":"#0"},"up":{"uv":[1,10,2,11],"texture":"#0"},"down":{"uv":[1,10,2,11],"texture":"#0"}}},{"from":[8.78409,-9.41608,17.50172],"to":[9.0674,9.32443,17.78503],"rotation":{"angle":0,"axis":"z","origin":[8.92575,-0.04583,17.64338]},"faces":{"north":{"uv":[1,10,2,11],"texture":"#0"},"east":{"uv":[1,10,2,11],"texture":"#0"},"south":{"uv":[1,10,2,11],"texture":"#0"},"west":{"uv":[1,10,2,11],"texture":"#0"},"up":{"uv":[1,10,2,11],"texture":"#0"},"down":{"uv":[1,10,2,11],"texture":"#0"}}},{"from":[7.06686,-8.49259,17.54945],"to":[8.93314,-8.30474,17.7373],"rotation":{"angle":0,"axis":"z","origin":[8,-8.39867,17.64338]},"faces":{"north":{"uv":[1,10,2,11],"texture":"#0"},"east":{"uv":[1,10,2,11],"texture":"#0"},"south":{"uv":[1,10,2,11],"texture":"#0"},"west":{"uv":[1,10,2,11],"texture":"#0"},"up":{"uv":[1,10,2,11],"texture":"#0"},"down":{"uv":[1,10,2,11],"texture":"#0"}}},{"from":[7.06686,-7.52233,17.54945],"to":[8.93314,-7.33448,17.7373],"rotation":{"angle":0,"axis":"z","origin":[8,-7.42841,17.64338]},"faces":{"north":{"uv":[1,10,2,11],"texture":"#0"},"east":{"uv":[1,10,2,11],"texture":"#0"},"south":{"uv":[1,10,2,11],"texture":"#0"},"west":{"uv":[1,10,2,11],"texture":"#0"},"up":{"uv":[1,10,2,11],"texture":"#0"},"down":{"uv":[1,10,2,11],"texture":"#0"}}},{"from":[7.06686,-6.55208,17.54945],"to":[8.93314,-6.36422,17.7373],"rotation":{"angle":0,"axis":"z","origin":[8,-6.45815,17.64338]},"faces":{"north":{"uv":[1,10,2,11],"texture":"#0"},"east":{"uv":[1,10,2,11],"texture":"#0"},"south":{"uv":[1,10,2,11],"texture":"#0"},"west":{"uv":[1,10,2,11],"texture":"#0"},"up":{"uv":[1,10,2,11],"texture":"#0"},"down":{"uv":[1,10,2,11],"texture":"#0"}}},{"from":[7.06686,-5.58182,17.54945],"to":[8.93314,-5.39396,17.7373],"rotation":{"angle":0,"axis":"z","origin":[8,-5.48789,17.64338]},"faces":{"north":{"uv":[1,10,2,11],"texture":"#0"},"east":{"uv":[1,10,2,11],"texture":"#0"},"south":{"uv":[1,10,2,11],"texture":"#0"},"west":{"uv":[1,10,2,11],"texture":"#0"},"up":{"uv":[1,10,2,11],"texture":"#0"},"down":{"uv":[1,10,2,11],"texture":"#0"}}},{"from":[7.06686,-4.61155,17.54945],"to":[8.93314,-4.4237,17.7373],"rotation":{"angle":0,"axis":"z","origin":[8,-4.51763,17.64338]},"faces":{"north":{"uv":[1,10,2,11],"texture":"#0"},"east":{"uv":[1,10,2,11],"texture":"#0"},"south":{"uv":[1,10,2,11],"texture":"#0"},"west":{"uv":[1,10,2,11],"texture":"#0"},"up":{"uv":[1,10,2,11],"texture":"#0"},"down":{"uv":[1,10,2,11],"texture":"#0"}}},{"from":[7.06686,-3.6413,17.54945],"to":[8.93314,-3.45344,17.7373],"rotation":{"angle":0,"axis":"z","origin":[8,-3.54737,17.64338]},"faces":{"north":{"uv":[1,10,2,11],"texture":"#0"},"east":{"uv":[1,10,2,11],"texture":"#0"},"south":{"uv":[1,10,2,11],"texture":"#0"},"west":{"uv":[1,10,2,11],"texture":"#0"},"up":{"uv":[1,10,2,11],"texture":"#0"},"down":{"uv":[1,10,2,11],"texture":"#0"}}},{"from":[7.06686,-2.67104,17.54945],"to":[8.93314,-2.48318,17.7373],"rotation":{"angle":0,"axis":"z","origin":[8,-2.5771,17.64338]},"faces":{"north":{"uv":[1,10,2,11],"texture":"#0"},"east":{"uv":[1,10,2,11],"texture":"#0"},"south":{"uv":[1,10,2,11],"texture":"#0"},"west":{"uv":[1,10,2,11],"texture":"#0"},"up":{"uv":[1,10,2,11],"texture":"#0"},"down":{"uv":[1,10,2,11],"texture":"#0"}}},{"from":[7.06686,-1.70078,17.54945],"to":[8.93314,-1.51292,17.7373],"rotation":{"angle":0,"axis":"z","origin":[8,-1.60685,17.64338]},"faces":{"north":{"uv":[1,10,2,11],"texture":"#0"},"east":{"uv":[1,10,2,11],"texture":"#0"},"south":{"uv":[1,10,2,11],"texture":"#0"},"west":{"uv":[1,10,2,11],"texture":"#0"},"up":{"uv":[1,10,2,11],"texture":"#0"},"down":{"uv":[1,10,2,11],"texture":"#0"}}},{"from":[7.06686,-0.73052,17.54945],"to":[8.93314,-0.54266,17.7373],"rotation":{"angle":0,"axis":"z","origin":[8,-0.63659,17.64338]},"faces":{"north":{"uv":[1,10,2,11],"texture":"#0"},"east":{"uv":[1,10,2,11],"texture":"#0"},"south":{"uv":[1,10,2,11],"texture":"#0"},"west":{"uv":[1,10,2,11],"texture":"#0"},"up":{"uv":[1,10,2,11],"texture":"#0"},"down":{"uv":[1,10,2,11],"texture":"#0"}}},{"from":[7.06686,0.23974,17.54945],"to":[8.93314,0.42759,17.7373],"rotation":{"angle":0,"axis":"z","origin":[8,0.33366,17.64338]},"faces":{"north":{"uv":[1,10,2,11],"texture":"#0"},"east":{"uv":[1,10,2,11],"texture":"#0"},"south":{"uv":[1,10,2,11],"texture":"#0"},"west":{"uv":[1,10,2,11],"texture":"#0"},"up":{"uv":[1,10,2,11],"texture":"#0"},"down":{"uv":[1,10,2,11],"texture":"#0"}}},{"from":[7.06686,1.21,17.54945],"to":[8.93314,1.39785,17.7373],"rotation":{"angle":0,"axis":"z","origin":[8,1.30394,17.64338]},"faces":{"north":{"uv":[1,10,2,11],"texture":"#0"},"east":{"uv":[1,10,2,11],"texture":"#0"},"south":{"uv":[1,10,2,11],"texture":"#0"},"west":{"uv":[1,10,2,11],"texture":"#0"},"up":{"uv":[1,10,2,11],"texture":"#0"},"down":{"uv":[1,10,2,11],"texture":"#0"}}},{"from":[7.06686,2.18026,17.54945],"to":[8.93314,2.36811,17.7373],"rotation":{"angle":0,"axis":"z","origin":[8,2.2742,17.64338]},"faces":{"north":{"uv":[1,10,2,11],"texture":"#0"},"east":{"uv":[1,10,2,11],"texture":"#0"},"south":{"uv":[1,10,2,11],"texture":"#0"},"west":{"uv":[1,10,2,11],"texture":"#0"},"up":{"uv":[1,10,2,11],"texture":"#0"},"down":{"uv":[1,10,2,11],"texture":"#0"}}},{"from":[7.06686,3.15052,17.54945],"to":[8.93314,3.33837,17.7373],"rotation":{"angle":0,"axis":"z","origin":[8,3.24443,17.64338]},"faces":{"north":{"uv":[1,10,2,11],"texture":"#0"},"east":{"uv":[1,10,2,11],"texture":"#0"},"south":{"uv":[1,10,2,11],"texture":"#0"},"west":{"uv":[1,10,2,11],"texture":"#0"},"up":{"uv":[1,10,2,11],"texture":"#0"},"down":{"uv":[1,10,2,11],"texture":"#0"}}},{"from":[7.06686,4.12078,17.54945],"to":[8.93314,4.30863,17.7373],"rotation":{"angle":0,"axis":"z","origin":[8,4.21472,17.64338]},"faces":{"north":{"uv":[1,10,2,11],"texture":"#0"},"east":{"uv":[1,10,2,11],"texture":"#0"},"south":{"uv":[1,10,2,11],"texture":"#0"},"west":{"uv":[1,10,2,11],"texture":"#0"},"up":{"uv":[1,10,2,11],"texture":"#0"},"down":{"uv":[1,10,2,11],"texture":"#0"}}},{"from":[6.50606,-7.72951,4.00889],"to":[9.49394,-7.28799,6.99676],"rotation":{"angle":0,"axis":"z","origin":[8,-7.50875,5.50283]},"faces":{"north":{"uv":[4,4,5,5],"texture":"#0"},"east":{"uv":[4,4,5,5],"texture":"#0"},"south":{"uv":[4,4,5,5],"texture":"#0"},"west":{"uv":[4,4,5,5],"texture":"#0"},"up":{"uv":[4,4,5,5],"texture":"#0"},"down":{"uv":[4,4,5,5],"texture":"#0"}}},{"from":[6.43854,-7.43848,6.52419],"to":[9.56146,-4.6519,7.06255],"rotation":{"angle":0,"axis":"z","origin":[8,-6.04519,6.79337]},"faces":{"north":{"uv":[4,4,5,5],"texture":"#0"},"east":{"uv":[4,4,5,5],"texture":"#0"},"south":{"uv":[4,4,5,5],"texture":"#0"},"west":{"uv":[4,4,5,5],"texture":"#0"},"up":{"uv":[4,4,5,5],"texture":"#0"},"down":{"uv":[4,4,5,5],"texture":"#0"}}},{"from":[6.67307,-9.4523,4.28189],"to":[6.93061,-7.68211,4.53944],"rotation":{"angle":0,"axis":"z","origin":[6.80184,-8.5672,4.41066]},"faces":{"north":{"uv":[1,7,2,8],"texture":"#0"},"east":{"uv":[1,7,2,8],"texture":"#0"},"south":{"uv":[1,7,2,8],"texture":"#0"},"west":{"uv":[1,7,2,8],"texture":"#0"},"up":{"uv":[1,7,2,8],"texture":"#0"},"down":{"uv":[1,7,2,8],"texture":"#0"}}},{"from":[6.67307,-9.4523,6.5001],"to":[6.93061,-7.68211,6.75765],"rotation":{"angle":0,"axis":"z","origin":[6.80184,-8.5672,6.62888]},"faces":{"north":{"uv":[1,7,2,8],"texture":"#0"},"east":{"uv":[1,7,2,8],"texture":"#0"},"south":{"uv":[1,7,2,8],"texture":"#0"},"west":{"uv":[1,7,2,8],"texture":"#0"},"up":{"uv":[1,7,2,8],"texture":"#0"},"down":{"uv":[1,7,2,8],"texture":"#0"}}},{"from":[9.06939,-9.4523,4.28189],"to":[9.32693,-7.68211,4.53944],"rotation":{"angle":0,"axis":"z","origin":[9.19816,-8.5672,4.41066]},"faces":{"north":{"uv":[1,7,2,8],"texture":"#0"},"east":{"uv":[1,7,2,8],"texture":"#0"},"south":{"uv":[1,7,2,8],"texture":"#0"},"west":{"uv":[1,7,2,8],"texture":"#0"},"up":{"uv":[1,7,2,8],"texture":"#0"},"down":{"uv":[1,7,2,8],"texture":"#0"}}},{"from":[9.06939,-9.4523,6.5001],"to":[9.32693,-7.68211,6.75765],"rotation":{"angle":0,"axis":"z","origin":[9.19816,-8.5672,6.62888]},"faces":{"north":{"uv":[1,7,2,8],"texture":"#0"},"east":{"uv":[1,7,2,8],"texture":"#0"},"south":{"uv":[1,7,2,8],"texture":"#0"},"west":{"uv":[1,7,2,8],"texture":"#0"},"up":{"uv":[1,7,2,8],"texture":"#0"},"down":{"uv":[1,7,2,8],"texture":"#0"}}},{"from":[6.50606,-7.72951,11.06143],"to":[9.49394,-7.28799,14.0493],"rotation":{"angle":0,"axis":"z","origin":[8,-7.50875,12.55537]},"faces":{"north":{"uv":[4,4,5,5],"texture":"#0"},"east":{"uv":[4,4,5,5],"texture":"#0"},"south":{"uv":[4,4,5,5],"texture":"#0"},"west":{"uv":[4,4,5,5],"texture":"#0"},"up":{"uv":[4,4,5,5],"texture":"#0"},"down":{"uv":[4,4,5,5],"texture":"#0"}}},{"from":[6.43854,-7.43848,13.57673],"to":[9.56146,-4.6519,14.11509],"rotation":{"angle":0,"axis":"z","origin":[8,-6.04519,13.84591]},"faces":{"north":{"uv":[4,4,5,5],"texture":"#0"},"east":{"uv":[4,4,5,5],"texture":"#0"},"south":{"uv":[4,4,5,5],"texture":"#0"},"west":{"uv":[4,4,5,5],"texture":"#0"},"up":{"uv":[4,4,5,5],"texture":"#0"},"down":{"uv":[4,4,5,5],"texture":"#0"}}},{"from":[6.67307,-9.4523,11.33443],"to":[6.93061,-7.68211,11.59197],"rotation":{"angle":0,"axis":"z","origin":[6.80184,-8.5672,11.4632]},"faces":{"north":{"uv":[1,7,2,8],"texture":"#0"},"east":{"uv":[1,7,2,8],"texture":"#0"},"south":{"uv":[1,7,2,8],"texture":"#0"},"west":{"uv":[1,7,2,8],"texture":"#0"},"up":{"uv":[1,7,2,8],"texture":"#0"},"down":{"uv":[1,7,2,8],"texture":"#0"}}},{"from":[6.67307,-9.4523,13.55264],"to":[6.93061,-7.68211,13.81019],"rotation":{"angle":0,"axis":"z","origin":[6.80184,-8.5672,13.68141]},"faces":{"north":{"uv":[1,7,2,8],"texture":"#0"},"east":{"uv":[1,7,2,8],"texture":"#0"},"south":{"uv":[1,7,2,8],"texture":"#0"},"west":{"uv":[1,7,2,8],"texture":"#0"},"up":{"uv":[1,7,2,8],"texture":"#0"},"down":{"uv":[1,7,2,8],"texture":"#0"}}},{"from":[9.06939,-9.4523,11.33443],"to":[9.32693,-7.68211,11.59197],"rotation":{"angle":0,"axis":"z","origin":[9.19816,-8.5672,11.4632]},"faces":{"north":{"uv":[1,7,2,8],"texture":"#0"},"east":{"uv":[1,7,2,8],"texture":"#0"},"south":{"uv":[1,7,2,8],"texture":"#0"},"west":{"uv":[1,7,2,8],"texture":"#0"},"up":{"uv":[1,7,2,8],"texture":"#0"},"down":{"uv":[1,7,2,8],"texture":"#0"}}},{"from":[9.06939,-9.4523,13.55264],"to":[9.32693,-7.68211,13.81019],"rotation":{"angle":0,"axis":"z","origin":[9.19816,-8.5672,13.68141]},"faces":{"north":{"uv":[1,7,2,8],"texture":"#0"},"east":{"uv":[1,7,2,8],"texture":"#0"},"south":{"uv":[1,7,2,8],"texture":"#0"},"west":{"uv":[1,7,2,8],"texture":"#0"},"up":{"uv":[1,7,2,8],"texture":"#0"},"down":{"uv":[1,7,2,8],"texture":"#0"}}},{"from":[7.85629,-7.37083,2.10481],"to":[8.15517,-6.64926,2.24639],"rotation":{"angle":0,"axis":"z","origin":[8.00573,-7.01004,2.1756]},"faces":{"north":{"uv":[4,7,5,8],"texture":"#0"},"east":{"uv":[4,7,5,8],"texture":"#0"},"south":{"uv":[4,7,5,8],"texture":"#0"},"west":{"uv":[4,7,5,8],"texture":"#0"},"up":{"uv":[4,7,5,8],"texture":"#0"},"down":{"uv":[4,7,5,8],"texture":"#0"}}},{"from":[7.64495,-7.15948,2.10481],"to":[8.36652,-6.8606,2.24639],"rotation":{"angle":0,"axis":"z","origin":[8.00573,-7.01004,2.1756]},"faces":{"north":{"uv":[4,7,5,8],"texture":"#0"},"east":{"uv":[4,7,5,8],"texture":"#0"},"south":{"uv":[4,7,5,8],"texture":"#0"},"west":{"uv":[4,7,5,8],"texture":"#0"},"up":{"uv":[4,7,5,8],"texture":"#0"},"down":{"uv":[4,7,5,8],"texture":"#0"}}},{"from":[7.85629,-7.37083,2.10481],"to":[8.15517,-6.64926,2.24639],"rotation":{"angle":-45,"axis":"z","origin":[8.00573,-7.01004,2.1756]},"faces":{"north":{"uv":[4,7,5,8],"texture":"#0"},"east":{"uv":[4,7,5,8],"texture":"#0"},"south":{"uv":[4,7,5,8],"texture":"#0"},"west":{"uv":[4,7,5,8],"texture":"#0"},"up":{"uv":[4,7,5,8],"texture":"#0"},"down":{"uv":[4,7,5,8],"texture":"#0"}}},{"from":[7.85629,-7.37083,2.10481],"to":[8.15517,-6.64926,2.24639],"rotation":{"angle":45,"axis":"z","origin":[8.00573,-7.01004,2.1756]},"faces":{"north":{"uv":[4,7,5,8],"texture":"#0"},"east":{"uv":[4,7,5,8],"texture":"#0"},"south":{"uv":[4,7,5,8],"texture":"#0"},"west":{"uv":[4,7,5,8],"texture":"#0"},"up":{"uv":[4,7,5,8],"texture":"#0"},"down":{"uv":[4,7,5,8],"texture":"#0"}}},{"from":[7.07538,-7.48127,2.10481],"to":[7.32861,-6.86993,2.24639],"rotation":{"angle":0,"axis":"z","origin":[7.202,-7.1756,2.1756]},"faces":{"north":{"uv":[4,7,5,8],"texture":"#0"},"east":{"uv":[4,7,5,8],"texture":"#0"},"south":{"uv":[4,7,5,8],"texture":"#0"},"west":{"uv":[4,7,5,8],"texture":"#0"},"up":{"uv":[4,7,5,8],"texture":"#0"},"down":{"uv":[4,7,5,8],"texture":"#0"}}},{"from":[6.89633,-7.30221,2.10481],"to":[7.50766,-7.04899,2.24639],"rotation":{"angle":0,"axis":"z","origin":[7.202,-7.1756,2.1756]},"faces":{"north":{"uv":[4,7,5,8],"texture":"#0"},"east":{"uv":[4,7,5,8],"texture":"#0"},"south":{"uv":[4,7,5,8],"texture":"#0"},"west":{"uv":[4,7,5,8],"texture":"#0"},"up":{"uv":[4,7,5,8],"texture":"#0"},"down":{"uv":[4,7,5,8],"texture":"#0"}}},{"from":[7.07538,-7.48127,2.10481],"to":[7.32861,-6.86993,2.24639],"rotation":{"angle":-45,"axis":"z","origin":[7.202,-7.1756,2.1756]},"faces":{"north":{"uv":[4,7,5,8],"texture":"#0"},"east":{"uv":[4,7,5,8],"texture":"#0"},"south":{"uv":[4,7,5,8],"texture":"#0"},"west":{"uv":[4,7,5,8],"texture":"#0"},"up":{"uv":[4,7,5,8],"texture":"#0"},"down":{"uv":[4,7,5,8],"texture":"#0"}}},{"from":[7.07538,-7.48127,2.10481],"to":[7.32861,-6.86993,2.24639],"rotation":{"angle":45,"axis":"z","origin":[7.202,-7.1756,2.1756]},"faces":{"north":{"uv":[4,7,5,8],"texture":"#0"},"east":{"uv":[4,7,5,8],"texture":"#0"},"south":{"uv":[4,7,5,8],"texture":"#0"},"west":{"uv":[4,7,5,8],"texture":"#0"},"up":{"uv":[4,7,5,8],"texture":"#0"},"down":{"uv":[4,7,5,8],"texture":"#0"}}},{"from":[8.7014,-7.45373,2.09924],"to":[8.96553,-6.81608,2.25195],"rotation":{"angle":0,"axis":"z","origin":[8.83346,-7.13491,2.1756]},"faces":{"north":{"uv":[4,7,5,8],"texture":"#0"},"east":{"uv":[4,7,5,8],"texture":"#0"},"south":{"uv":[4,7,5,8],"texture":"#0"},"west":{"uv":[4,7,5,8],"texture":"#0"},"up":{"uv":[4,7,5,8],"texture":"#0"},"down":{"uv":[4,7,5,8],"texture":"#0"}}},{"from":[8.51464,-7.26697,2.09924],"to":[9.15229,-7.00285,2.25195],"rotation":{"angle":0,"axis":"z","origin":[8.83346,-7.13491,2.1756]},"faces":{"north":{"uv":[4,7,5,8],"texture":"#0"},"east":{"uv":[4,7,5,8],"texture":"#0"},"south":{"uv":[4,7,5,8],"texture":"#0"},"west":{"uv":[4,7,5,8],"texture":"#0"},"up":{"uv":[4,7,5,8],"texture":"#0"},"down":{"uv":[4,7,5,8],"texture":"#0"}}},{"from":[8.7014,-7.45373,2.09924],"to":[8.96553,-6.81608,2.25195],"rotation":{"angle":-45,"axis":"z","origin":[8.83346,-7.13491,2.1756]},"faces":{"north":{"uv":[4,7,5,8],"texture":"#0"},"east":{"uv":[4,7,5,8],"texture":"#0"},"south":{"uv":[4,7,5,8],"texture":"#0"},"west":{"uv":[4,7,5,8],"texture":"#0"},"up":{"uv":[4,7,5,8],"texture":"#0"},"down":{"uv":[4,7,5,8],"texture":"#0"}}},{"from":[8.7014,-7.45373,2.09924],"to":[8.96553,-6.81608,2.25195],"rotation":{"angle":45,"axis":"z","origin":[8.83346,-7.13491,2.1756]},"faces":{"north":{"uv":[4,7,5,8],"texture":"#0"},"east":{"uv":[4,7,5,8],"texture":"#0"},"south":{"uv":[4,7,5,8],"texture":"#0"},"west":{"uv":[4,7,5,8],"texture":"#0"},"up":{"uv":[4,7,5,8],"texture":"#0"},"down":{"uv":[4,7,5,8],"texture":"#0"}}},{"from":[8.74298,-7.35335,2.12187],"to":[8.92395,-6.91646,2.27458],"rotation":{"angle":0,"axis":"z","origin":[8.83346,-7.13491,2.19823]},"faces":{"north":{"uv":[10,7,11,8],"texture":"#0"},"east":{"uv":[10,7,11,8],"texture":"#0"},"south":{"uv":[10,7,11,8],"texture":"#0"},"west":{"uv":[10,7,11,8],"texture":"#0"},"up":{"uv":[10,7,11,8],"texture":"#0"},"down":{"uv":[10,7,11,8],"texture":"#0"}}},{"from":[8.61502,-7.22539,2.12187],"to":[9.05191,-7.04442,2.27458],"rotation":{"angle":0,"axis":"z","origin":[8.83346,-7.13491,2.19823]},"faces":{"north":{"uv":[10,7,11,8],"texture":"#0"},"east":{"uv":[10,7,11,8],"texture":"#0"},"south":{"uv":[10,7,11,8],"texture":"#0"},"west":{"uv":[10,7,11,8],"texture":"#0"},"up":{"uv":[10,7,11,8],"texture":"#0"},"down":{"uv":[10,7,11,8],"texture":"#0"}}},{"from":[8.74298,-7.35335,2.12187],"to":[8.92395,-6.91646,2.27458],"rotation":{"angle":-45,"axis":"z","origin":[8.83346,-7.13491,2.19823]},"faces":{"north":{"uv":[10,7,11,8],"texture":"#0"},"east":{"uv":[10,7,11,8],"texture":"#0"},"south":{"uv":[10,7,11,8],"texture":"#0"},"west":{"uv":[10,7,11,8],"texture":"#0"},"up":{"uv":[10,7,11,8],"texture":"#0"},"down":{"uv":[10,7,11,8],"texture":"#0"}}},{"from":[8.74298,-7.35335,2.12187],"to":[8.92395,-6.91646,2.27458],"rotation":{"angle":45,"axis":"z","origin":[8.83346,-7.13491,2.19823]},"faces":{"north":{"uv":[10,7,11,8],"texture":"#0"},"east":{"uv":[10,7,11,8],"texture":"#0"},"south":{"uv":[10,7,11,8],"texture":"#0"},"west":{"uv":[10,7,11,8],"texture":"#0"},"up":{"uv":[10,7,11,8],"texture":"#0"},"down":{"uv":[10,7,11,8],"texture":"#0"}}},{"from":[7.90754,-7.24711,2.13239],"to":[8.10393,-6.77298,2.27397],"rotation":{"angle":0,"axis":"z","origin":[8.00573,-7.01004,2.20318]},"faces":{"north":{"uv":[10,7,11,8],"texture":"#0"},"east":{"uv":[10,7,11,8],"texture":"#0"},"south":{"uv":[10,7,11,8],"texture":"#0"},"west":{"uv":[10,7,11,8],"texture":"#0"},"up":{"uv":[10,7,11,8],"texture":"#0"},"down":{"uv":[10,7,11,8],"texture":"#0"}}},{"from":[7.76867,-7.10824,2.13239],"to":[8.2428,-6.91185,2.27397],"rotation":{"angle":0,"axis":"z","origin":[8.00573,-7.01004,2.20318]},"faces":{"north":{"uv":[10,7,11,8],"texture":"#0"},"east":{"uv":[10,7,11,8],"texture":"#0"},"south":{"uv":[10,7,11,8],"texture":"#0"},"west":{"uv":[10,7,11,8],"texture":"#0"},"up":{"uv":[10,7,11,8],"texture":"#0"},"down":{"uv":[10,7,11,8],"texture":"#0"}}},{"from":[7.90754,-7.24711,2.13239],"to":[8.10393,-6.77298,2.27397],"rotation":{"angle":-45,"axis":"z","origin":[8.00573,-7.01004,2.20318]},"faces":{"north":{"uv":[10,7,11,8],"texture":"#0"},"east":{"uv":[10,7,11,8],"texture":"#0"},"south":{"uv":[10,7,11,8],"texture":"#0"},"west":{"uv":[10,7,11,8],"texture":"#0"},"up":{"uv":[10,7,11,8],"texture":"#0"},"down":{"uv":[10,7,11,8],"texture":"#0"}}},{"from":[7.90754,-7.24711,2.13239],"to":[8.10393,-6.77298,2.27397],"rotation":{"angle":45,"axis":"z","origin":[8.00573,-7.01004,2.20318]},"faces":{"north":{"uv":[10,7,11,8],"texture":"#0"},"east":{"uv":[10,7,11,8],"texture":"#0"},"south":{"uv":[10,7,11,8],"texture":"#0"},"west":{"uv":[10,7,11,8],"texture":"#0"},"up":{"uv":[10,7,11,8],"texture":"#0"},"down":{"uv":[10,7,11,8],"texture":"#0"}}},{"from":[7.11363,-7.38893,2.15461],"to":[7.29036,-6.96227,2.2718],"rotation":{"angle":0,"axis":"z","origin":[7.202,-7.1756,2.2132]},"faces":{"north":{"uv":[10,7,11,8],"texture":"#0"},"east":{"uv":[10,7,11,8],"texture":"#0"},"south":{"uv":[10,7,11,8],"texture":"#0"},"west":{"uv":[10,7,11,8],"texture":"#0"},"up":{"uv":[10,7,11,8],"texture":"#0"},"down":{"uv":[10,7,11,8],"texture":"#0"}}},{"from":[6.98866,-7.26397,2.15461],"to":[7.41533,-7.08724,2.2718],"rotation":{"angle":0,"axis":"z","origin":[7.202,-7.1756,2.2132]},"faces":{"north":{"uv":[10,7,11,8],"texture":"#0"},"east":{"uv":[10,7,11,8],"texture":"#0"},"south":{"uv":[10,7,11,8],"texture":"#0"},"west":{"uv":[10,7,11,8],"texture":"#0"},"up":{"uv":[10,7,11,8],"texture":"#0"},"down":{"uv":[10,7,11,8],"texture":"#0"}}},{"from":[7.11363,-7.38893,2.15461],"to":[7.29036,-6.96227,2.2718],"rotation":{"angle":-45,"axis":"z","origin":[7.202,-7.1756,2.2132]},"faces":{"north":{"uv":[10,7,11,8],"texture":"#0"},"east":{"uv":[10,7,11,8],"texture":"#0"},"south":{"uv":[10,7,11,8],"texture":"#0"},"west":{"uv":[10,7,11,8],"texture":"#0"},"up":{"uv":[10,7,11,8],"texture":"#0"},"down":{"uv":[10,7,11,8],"texture":"#0"}}},{"from":[7.11363,-7.38893,2.15461],"to":[7.29036,-6.96227,2.2718],"rotation":{"angle":45,"axis":"z","origin":[7.202,-7.1756,2.2132]},"faces":{"north":{"uv":[10,7,11,8],"texture":"#0"},"east":{"uv":[10,7,11,8],"texture":"#0"},"south":{"uv":[10,7,11,8],"texture":"#0"},"west":{"uv":[10,7,11,8],"texture":"#0"},"up":{"uv":[10,7,11,8],"texture":"#0"},"down":{"uv":[10,7,11,8],"texture":"#0"}}},{"from":[8.82441,-7.12636,2.22976],"to":[8.84252,-6.94703,2.29137],"rotation":{"angle":-22.5,"axis":"z","origin":[8.83346,-7.13491,2.26056]},"faces":{"north":{"uv":[4,7,5,8],"texture":"#0"},"east":{"uv":[4,7,5,8],"texture":"#0"},"south":{"uv":[4,7,5,8],"texture":"#0"},"west":{"uv":[4,7,5,8],"texture":"#0"},"up":{"uv":[4,7,5,8],"texture":"#0"},"down":{"uv":[4,7,5,8],"texture":"#0"}}},{"from":[7.9926,-7.00339,2.15232],"to":[8.01887,-6.80909,2.2939],"rotation":{"angle":22.5,"axis":"z","origin":[8.00573,-7.01004,2.22311]},"faces":{"north":{"uv":[4,7,5,8],"texture":"#0"},"east":{"uv":[4,7,5,8],"texture":"#0"},"south":{"uv":[4,7,5,8],"texture":"#0"},"west":{"uv":[4,7,5,8],"texture":"#0"},"up":{"uv":[4,7,5,8],"texture":"#0"},"down":{"uv":[4,7,5,8],"texture":"#0"}}},{"from":[7.19184,-7.14585,2.17414],"to":[7.21215,-6.98209,2.29133],"rotation":{"angle":-22.5,"axis":"z","origin":[7.202,-7.1756,2.23274]},"faces":{"north":{"uv":[4,7,5,8],"texture":"#0"},"east":{"uv":[4,7,5,8],"texture":"#0"},"south":{"uv":[4,7,5,8],"texture":"#0"},"west":{"uv":[4,7,5,8],"texture":"#0"},"up":{"uv":[4,7,5,8],"texture":"#0"},"down":{"uv":[4,7,5,8],"texture":"#0"}}},{"from":[6.57852,-9.37297,1.64563],"to":[9.42148,-6.43693,2.20485],"rotation":{"angle":0,"axis":"z","origin":[8,-7.90495,1.92524]},"faces":{"north":{"uv":[7,7,8,8],"texture":"#0"},"east":{"uv":[7,7,8,8],"texture":"#0"},"south":{"uv":[7,7,8,8],"texture":"#0"},"west":{"uv":[7,7,8,8],"texture":"#0"},"up":{"uv":[7,7,8,8],"texture":"#0"},"down":{"uv":[7,7,8,8],"texture":"#0"}}},{"from":[9.61051,-9.19932,2.80688],"to":[10.62889,-8.14759,5.11964],"rotation":{"angle":0,"axis":"z","origin":[10.1197,-8.67345,3.96326]},"faces":{"north":{"uv":[7,7,8,8],"texture":"#0"},"east":{"uv":[7,7,8,8],"texture":"#0"},"south":{"uv":[7,7,8,8],"texture":"#0"},"west":{"uv":[7,7,8,8],"texture":"#0"},"up":{"uv":[7,7,8,8],"texture":"#0"},"down":{"uv":[7,7,8,8],"texture":"#0"}}},{"from":[8.92124,-9.29258,2.0161],"to":[10.20873,-7.76261,3.40676],"rotation":{"angle":0,"axis":"z","origin":[9.56498,-8.52759,2.71143]},"faces":{"north":{"uv":[7,7,8,8],"texture":"#0"},"east":{"uv":[7,7,8,8],"texture":"#0"},"south":{"uv":[7,7,8,8],"texture":"#0"},"west":{"uv":[7,7,8,8],"texture":"#0"},"up":{"uv":[7,7,8,8],"texture":"#0"},"down":{"uv":[7,7,8,8],"texture":"#0"}}},{"from":[9.92737,-8.25277,3.68604],"to":[10.31203,-8.08215,4.55962],"rotation":{"angle":0,"axis":"z","origin":[10.1197,-8.16746,4.12283]},"faces":{"north":{"uv":[7,7,8,8],"texture":"#0"},"east":{"uv":[7,7,8,8],"texture":"#0"},"south":{"uv":[7,7,8,8],"texture":"#0"},"west":{"uv":[7,7,8,8],"texture":"#0"},"up":{"uv":[7,7,8,8],"texture":"#0"},"down":{"uv":[7,7,8,8],"texture":"#0"}}},{"from":[10.06721,-8.35125,3.87927],"to":[10.17219,-6.87326,3.98236],"rotation":{"angle":-22.5,"axis":"x","origin":[10.1197,-7.61226,3.93081]},"faces":{"north":{"uv":[7,7,8,8],"texture":"#0"},"east":{"uv":[7,7,8,8],"texture":"#0"},"south":{"uv":[7,7,8,8],"texture":"#0"},"west":{"uv":[7,7,8,8],"texture":"#0"},"up":{"uv":[7,7,8,8],"texture":"#0"},"down":{"uv":[7,7,8,8],"texture":"#0"}}},{"from":[10.0339,-6.9871,3.49508],"to":[10.2055,-6.5403,3.66358],"rotation":{"angle":-22.5,"axis":"x","origin":[10.1197,-6.7637,3.57933]},"faces":{"north":{"uv":[7,7,8,8],"texture":"#0"},"east":{"uv":[7,7,8,8],"texture":"#0"},"south":{"uv":[7,7,8,8],"texture":"#0"},"west":{"uv":[7,7,8,8],"texture":"#0"},"up":{"uv":[7,7,8,8],"texture":"#0"},"down":{"uv":[7,7,8,8],"texture":"#0"}}}],"display":{"head":{"translation":[0,29.75,8.25],"scale":[4,4,4]}},"groups":[{"name":"balloon_front","origin":[0,0,0],"children":[0,1,2,3,4,5,6,7,8,9,10,11,12,13,14,15,16,17,18,19,20,21,22,23,24,25,26,27,28,29,30,31,32,33,34,35,36,37,38,39,40,41,42,43,44,45,46,47,48,49,50,51,52,53,54,55,56,57,58,59,60,61,62,63,64,65,66,67,68,69,70,71,72,73,74,75,76,77,78,79,80,81,82,83,84,85,86,87]},{"name":"window_frame","origin":[0,0,0],"children":[88,89,90,91,92,93,94,95,96,97,98,99,100,101,102,103,104,105,106,107]},{"name":"box","origin":[0,0,0],"children":[108,109,110,111,112,113,114,115,116,117,118,119,120,121,122,123,124,125,126,127,128,129,130,131,132,133,134,135,136,137,138,139,140,141,142]},{"name":"box_turbine_cover","origin":[0,0,0],"children":[143,144,145,146]},{"name":"box_front_turbine","origin":[0,0,0],"children":[147,148,149,150,151]},{"name":"ropes","origin":[0,0,0],"children":[152,153,154,155,156,157,158]},{"name":"supports_front","origin":[0,0,0],"children":[159,160,161,162,163,164,165,166]},{"name":"ladder_front","origin":[0,0,0],"children":[167,168,169,170,171,172,173,174,175,176,177,178,179,180,181,182]},{"name":"chair","origin":[0,0,0],"children":[183,184,185,186,187,188,189,190,191,192,193,194]},{"name":"instruments","origin":[0,0,0],"children":[195,196,197,198,199,200,201,202,203,204,205,206,207,208,209,210,211,212,213,214,215,216,217,218,219,220,221]},{"name":"instrument_holder","origin":[0,0,0],"children":[222,223,224,225,226,227]}]}