{"credit":"Made with Blockbench","textures":{"0":"item/gun/placeholder"},"elements":[{"from":[7.50955,10.37555,-16],"to":[8.49045,11.35645,-2.81932],"rotation":{"angle":0,"axis":"z","origin":[8,10.866,-9.40966]},"faces":{"north":{"uv":[1,1,2,2],"texture":"#0"},"east":{"uv":[1,1,2,2],"texture":"#0"},"south":{"uv":[1,1,2,2],"texture":"#0"},"west":{"uv":[1,1,2,2],"texture":"#0"},"up":{"uv":[1,1,2,2],"texture":"#0"},"down":{"uv":[1,1,2,2],"texture":"#0"}}},{"from":[7.37871,9.13806,-6.94876],"to":[8.62129,11.62335,3.12123],"rotation":{"angle":0,"axis":"z","origin":[8,10.3807,-0.94963]},"faces":{"north":{"uv":[1,1,2,2],"texture":"#0"},"east":{"uv":[1,1,2,2],"texture":"#0"},"south":{"uv":[1,1,2,2],"texture":"#0"},"west":{"uv":[1,1,2,2],"texture":"#0"},"up":{"uv":[1,1,2,2],"texture":"#0"},"down":{"uv":[1,1,2,2],"texture":"#0"}}},{"from":[7.37871,8.95169,3.12123],"to":[8.62129,11.67544,20.06168],"rotation":{"angle":0,"axis":"z","origin":[8,10.31357,11.59145]},"faces":{"north":{"uv":[1,1,2,2],"texture":"#0"},"east":{"uv":[1,1,2,2],"texture":"#0"},"south":{"uv":[1,1,2,2],"texture":"#0"},"west":{"uv":[1,1,2,2],"texture":"#0"},"up":{"uv":[1,1,2,2],"texture":"#0"},"down":{"uv":[1,1,2,2],"texture":"#0"}}},{"from":[7.67871,11.45169,14.22123],"to":[8.32129,12.17544,18.16168],"rotation":{"angle":0,"axis":"y","origin":[8,10.31357,11.59145]},"faces":{"north":{"uv":[1,1,2,2],"texture":"#0"},"east":{"uv":[1,1,2,2],"texture":"#0"},"south":{"uv":[1,1,2,2],"texture":"#0"},"west":{"uv":[1,1,2,2],"texture":"#0"},"up":{"uv":[1,1,2,2],"texture":"#0"},"down":{"uv":[1,1,2,2],"texture":"#0"}}},{"from":[7.67871,12.25169,14.22123],"to":[8.32129,12.97544,18.16168],"rotation":{"angle":0,"axis":"y","origin":[8,10.31357,11.59145]},"faces":{"north":{"uv":[1,1,2,2],"texture":"#0"},"east":{"uv":[1,1,2,2],"texture":"#0"},"south":{"uv":[1,1,2,2],"texture":"#0"},"west":{"uv":[1,1,2,2],"texture":"#0"},"up":{"uv":[1,1,2,2],"texture":"#0"},"down":{"uv":[1,1,2,2],"texture":"#0"}}},{"from":[7.67871,13.05169,14.22123],"to":[8.32129,13.77544,18.16168],"rotation":{"angle":0,"axis":"y","origin":[8,10.31357,11.59145]},"faces":{"north":{"uv":[1,1,2,2],"texture":"#0"},"east":{"uv":[1,1,2,2],"texture":"#0"},"south":{"uv":[1,1,2,2],"texture":"#0"},"west":{"uv":[1,1,2,2],"texture":"#0"},"up":{"uv":[1,1,2,2],"texture":"#0"},"down":{"uv":[1,1,2,2],"texture":"#0"}}},{"from":[7.42871,11.05169,17.87123],"to":[8.57129,14.02544,18.16168],"rotation":{"angle":0,"axis":"y","origin":[8,10.31357,11.59145]},"faces":{"north":{"uv":[1,1,2,2],"texture":"#0"},"east":{"uv":[1,1,2,2],"texture":"#0"},"south":{"uv":[1,1,2,2],"texture":"#0"},"west":{"uv":[1,1,2,2],"texture":"#0"},"up":{"uv":[1,1,2,2],"texture":"#0"},"down":{"uv":[1,1,2,2],"texture":"#0"}}},{"from":[7.65084,7.30022,15.28198],"to":[8.34916,9.69993,15.86861],"rotation":{"angle":0,"axis":"z","origin":[8,8.50007,15.5753]},"faces":{"north":{"uv":[1,1,2,2],"texture":"#0"},"east":{"uv":[1,1,2,2],"texture":"#0"},"south":{"uv":[1,1,2,2],"texture":"#0"},"west":{"uv":[1,1,2,2],"texture":"#0"},"up":{"uv":[1,1,2,2],"texture":"#0"},"down":{"uv":[1,1,2,2],"texture":"#0"}}},{"from":[7.65084,7.30022,18.23438],"to":[8.34916,9.69993,18.821],"rotation":{"angle":0,"axis":"z","origin":[8,8.50007,18.52769]},"faces":{"north":{"uv":[1,1,2,2],"texture":"#0"},"east":{"uv":[1,1,2,2],"texture":"#0"},"south":{"uv":[1,1,2,2],"texture":"#0"},"west":{"uv":[1,1,2,2],"texture":"#0"},"up":{"uv":[1,1,2,2],"texture":"#0"},"down":{"uv":[1,1,2,2],"texture":"#0"}}},{"from":[7.65084,7.20724,15.5805],"to":[8.34916,7.71261,18.63713],"rotation":{"angle":0,"axis":"z","origin":[8,7.45992,17.10882]},"faces":{"north":{"uv":[1,1,2,2],"texture":"#0"},"east":{"uv":[1,1,2,2],"texture":"#0"},"south":{"uv":[1,1,2,2],"texture":"#0"},"west":{"uv":[1,1,2,2],"texture":"#0"},"up":{"uv":[1,1,2,2],"texture":"#0"},"down":{"uv":[1,1,2,2],"texture":"#0"}}},{"from":[7.37871,6.69796,19.0716],"to":[8.62129,9.30204,31.99354],"rotation":{"angle":22.5,"axis":"x","origin":[8,8,25.53257]},"faces":{"north":{"uv":[1,1,2,2],"texture":"#0"},"east":{"uv":[1,1,2,2],"texture":"#0"},"south":{"uv":[1,1,2,2],"texture":"#0"},"west":{"uv":[1,1,2,2],"texture":"#0"},"up":{"uv":[1,1,2,2],"texture":"#0"},"down":{"uv":[1,1,2,2],"texture":"#0"}}},{"from":[7.37871,6.73043,25.44259],"to":[8.62129,9.42108,32],"rotation":{"angle":0,"axis":"z","origin":[8,8.07575,28.72129]},"faces":{"north":{"uv":[1,1,2,2],"texture":"#0"},"east":{"uv":[1,1,2,2],"texture":"#0"},"south":{"uv":[1,1,2,2],"texture":"#0"},"west":{"uv":[1,1,2,2],"texture":"#0"},"up":{"uv":[1,1,2,2],"texture":"#0"},"down":{"uv":[1,1,2,2],"texture":"#0"}}},{"from":[7.65084,7.82816,16.91305],"to":[8.34916,10.22786,17.16313],"rotation":{"angle":0,"axis":"z","origin":[8,9.02801,17.03809]},"faces":{"north":{"uv":[1,1,2,2],"texture":"#0"},"east":{"uv":[1,1,2,2],"texture":"#0"},"south":{"uv":[1,1,2,2],"texture":"#0"},"west":{"uv":[1,1,2,2],"texture":"#0"},"up":{"uv":[1,1,2,2],"texture":"#0"},"down":{"uv":[1,1,2,2],"texture":"#0"}}}],"display":{"thirdperson_righthand":{"translation":[0,0,-3.75],"scale":[0.5,0.5,0.5]},"thirdperson_lefthand":{"translation":[0,0,-3.75],"scale":[0.5,0.5,0.5]},"firstperson_righthand":{"rotation":[26.5,18.75,0],"translation":[-6.75,1,-5.75],"scale":[1,1,0.75]},"firstperson_lefthand":{"translation":[0,0,-8.25],"scale":[1,1,0.75]},"gui":{"rotation":[99.76,-55.59,98.07],"translation":[0.75,0.5,0],"scale":[1,0.6,0.6]},"head":{"translation":[0,6,-2]},"fixed":{"rotation":[0,90,0],"translation":[0,0,-2.25]}},"groups":[{"name":"rifle","origin":[0,0,0],"color":0,"children":[0,1,2,3,4,5,6,7,8,9,10,11,12]}]}