{
	"credit": "Made with Blockbench",
	"textures": {
		"0": "grimurrp:models/weapons/xeth_ww1_shotgun_m97_diffuse",
		"2": "grimurrp:models/weapons/greycrystal",
		"particle": "grimurrp:models/weapons/animatedcrystal1"
	},
	"elements": [
		{
			"from": [7.76765, 9.86039, 18.38959],
			"to": [8.23235, 10.37828, 29.9664],
			"rotation": {"angle": 0, "axis": "y", "origin": [8, 10.11933, 26.178]},
			"faces": {
				"north": {"uv": [8.25, 0.25, 8.5, 0.5], "rotation": 270, "texture": "#0"},
				"east": {"uv": [8.5, 0.25, 8.25, 0.5], "rotation": 90, "texture": "#0"},
				"south": {"uv": [8.25, 0.25, 8.5, 0.5], "rotation": 270, "texture": "#0"},
				"west": {"uv": [8.5, 0.25, 8.25, 0.5], "rotation": 90, "texture": "#0"},
				"up": {"uv": [8.5, 0.25, 8.25, 0.5], "rotation": 270, "texture": "#0"},
				"down": {"uv": [8.5, 0.25, 8.25, 0.5], "rotation": 270, "texture": "#0"}
			}
		},
		{
			"from": [7.76865, 6.4523, 14.62472],
			"to": [8.23135, 7.87808, 29.99756],
			"rotation": {"angle": 22.5, "axis": "x", "origin": [8, 7.16519, 23.31114]},
			"faces": {
				"north": {"uv": [8.25, 0.25, 8.5, 0.5], "rotation": 270, "texture": "#0"},
				"east": {"uv": [8.5, 0.25, 8.25, 0.5], "rotation": 90, "texture": "#0"},
				"south": {"uv": [8.25, 0.25, 8.5, 0.5], "rotation": 270, "texture": "#0"},
				"west": {"uv": [8.5, 0.25, 8.25, 0.5], "rotation": 90, "texture": "#0"},
				"up": {"uv": [8.5, 0.25, 8.25, 0.5], "rotation": 270, "texture": "#0"},
				"down": {"uv": [8.5, 0.25, 8.25, 0.5], "rotation": 270, "texture": "#0"}
			}
		},
		{
			"from": [7.55175, 6.63805, 14.62622],
			"to": [8.44825, 7.70739, 29.95971],
			"rotation": {"angle": 22.5, "axis": "x", "origin": [8, 7.17272, 23.29297]},
			"faces": {
				"north": {"uv": [8.25, 0.25, 8.5, 0.5], "rotation": 270, "texture": "#0"},
				"east": {"uv": [8.5, 0.25, 8.25, 0.5], "rotation": 90, "texture": "#0"},
				"south": {"uv": [8.25, 0.25, 8.5, 0.5], "rotation": 270, "texture": "#0"},
				"west": {"uv": [8.5, 0.25, 8.25, 0.5], "rotation": 90, "texture": "#0"},
				"up": {"uv": [8.5, 0.25, 8.25, 0.5], "rotation": 270, "texture": "#0"},
				"down": {"uv": [8.5, 0.25, 8.25, 0.5], "rotation": 270, "texture": "#0"}
			}
		},
		{
			"from": [7.37314, 6.81453, 14.77605],
			"to": [8.62686, 8.27616, 30],
			"rotation": {"angle": 22.5, "axis": "x", "origin": [8, 7.54534, 23.38803]},
			"faces": {
				"north": {"uv": [8.25, 0.25, 8.5, 0.5], "rotation": 270, "texture": "#0"},
				"east": {"uv": [8.5, 0.25, 8.25, 0.5], "rotation": 90, "texture": "#0"},
				"south": {"uv": [8.25, 0.25, 8.5, 0.5], "rotation": 270, "texture": "#0"},
				"west": {"uv": [8.5, 0.25, 8.25, 0.5], "rotation": 90, "texture": "#0"},
				"up": {"uv": [8.5, 0.25, 8.25, 0.5], "rotation": 270, "texture": "#0"},
				"down": {"uv": [8.5, 0.25, 8.25, 0.5], "rotation": 270, "texture": "#0"}
			}
		},
		{
			"from": [7.60156, 9.55907, 18.38959],
			"to": [8.57168, 10.11699, 29.9664],
			"rotation": {"angle": 45, "axis": "z", "origin": [8.08662, 9.83803, 26.178]},
			"faces": {
				"north": {"uv": [8.25, 0.25, 8.5, 0.5], "rotation": 270, "texture": "#0"},
				"east": {"uv": [8.5, 0.25, 8.25, 0.5], "rotation": 90, "texture": "#0"},
				"south": {"uv": [8.25, 0.25, 8.5, 0.5], "rotation": 270, "texture": "#0"},
				"west": {"uv": [8.5, 0.25, 8.25, 0.5], "rotation": 90, "texture": "#0"},
				"up": {"uv": [8.5, 0.25, 8.25, 0.5], "rotation": 270, "texture": "#0"},
				"down": {"uv": [8.5, 0.25, 8.25, 0.5], "rotation": 270, "texture": "#0"}
			}
		},
		{
			"from": [7.63442, 9.35297, 18.38959],
			"to": [8.19235, 10.32309, 29.9664],
			"rotation": {"angle": 45, "axis": "z", "origin": [7.91338, 9.83803, 26.178]},
			"faces": {
				"north": {"uv": [8.25, 0.25, 8.5, 0.5], "rotation": 270, "texture": "#0"},
				"east": {"uv": [8.5, 0.25, 8.25, 0.5], "rotation": 90, "texture": "#0"},
				"south": {"uv": [8.25, 0.25, 8.5, 0.5], "rotation": 270, "texture": "#0"},
				"west": {"uv": [8.5, 0.25, 8.25, 0.5], "rotation": 90, "texture": "#0"},
				"up": {"uv": [8.5, 0.25, 8.25, 0.5], "rotation": 270, "texture": "#0"},
				"down": {"uv": [8.5, 0.25, 8.25, 0.5], "rotation": 270, "texture": "#0"}
			}
		},
		{
			"from": [7.37314, 6.36995, 24.42386],
			"to": [8.62686, 7.43899, 29.9664],
			"rotation": {"angle": 0, "axis": "y", "origin": [8, 6.90447, 28.19513]},
			"faces": {
				"north": {"uv": [8.25, 0.25, 8.5, 0.5], "rotation": 270, "texture": "#0"},
				"east": {"uv": [8.5, 0.25, 8.25, 0.5], "rotation": 90, "texture": "#0"},
				"south": {"uv": [8.25, 0.25, 8.5, 0.5], "rotation": 270, "texture": "#0"},
				"west": {"uv": [8.5, 0.25, 8.25, 0.5], "rotation": 90, "texture": "#0"},
				"up": {"uv": [8.5, 0.25, 8.25, 0.5], "rotation": 270, "texture": "#0"},
				"down": {"uv": [8.5, 0.25, 8.25, 0.5], "rotation": 270, "texture": "#0"}
			}
		},
		{
			"from": [7.37314, 4.91759, 28.05055],
			"to": [8.62686, 6.36995, 29.9664],
			"rotation": {"angle": 0, "axis": "y", "origin": [8, 5.64377, 30.00848]},
			"faces": {
				"north": {"uv": [8.25, 0.25, 8.5, 0.5], "rotation": 270, "texture": "#0"},
				"east": {"uv": [8.5, 0.25, 8.25, 0.5], "rotation": 90, "texture": "#0"},
				"south": {"uv": [8.25, 0.25, 8.5, 0.5], "rotation": 270, "texture": "#0"},
				"west": {"uv": [8.5, 0.25, 8.25, 0.5], "rotation": 90, "texture": "#0"},
				"up": {"uv": [8.5, 0.25, 8.25, 0.5], "rotation": 270, "texture": "#0"},
				"down": {"uv": [8.5, 0.25, 8.25, 0.5], "rotation": 270, "texture": "#0"}
			}
		},
		{
			"from": [7.76835, 3.96104, 29.21503],
			"to": [8.23163, 5.38682, 29.96641],
			"rotation": {"angle": 0, "axis": "y", "origin": [7.99999, 4.67393, 29.51572]},
			"faces": {
				"north": {"uv": [8.25, 0.25, 8.5, 0.5], "rotation": 270, "texture": "#0"},
				"east": {"uv": [8.5, 0.25, 8.25, 0.5], "rotation": 90, "texture": "#0"},
				"south": {"uv": [8.25, 0.25, 8.5, 0.5], "rotation": 270, "texture": "#0"},
				"west": {"uv": [8.5, 0.25, 8.25, 0.5], "rotation": 90, "texture": "#0"},
				"up": {"uv": [8.5, 0.25, 8.25, 0.5], "rotation": 270, "texture": "#0"},
				"down": {"uv": [8.5, 0.25, 8.25, 0.5], "rotation": 270, "texture": "#0"}
			}
		},
		{
			"from": [7.37314, 4.36681, 29.21502],
			"to": [7.83642, 4.91759, 29.9664],
			"rotation": {"angle": 0, "axis": "y", "origin": [8.60478, 4.2047, 29.51571]},
			"faces": {
				"north": {"uv": [8.25, 0.25, 8.5, 0.5], "rotation": 270, "texture": "#0"},
				"east": {"uv": [8.5, 0.25, 8.25, 0.5], "rotation": 90, "texture": "#0"},
				"south": {"uv": [8.25, 0.25, 8.5, 0.5], "rotation": 270, "texture": "#0"},
				"west": {"uv": [8.5, 0.25, 8.25, 0.5], "rotation": 90, "texture": "#0"},
				"up": {"uv": [8.5, 0.25, 8.25, 0.5], "rotation": 270, "texture": "#0"},
				"down": {"uv": [8.5, 0.25, 8.25, 0.5], "rotation": 270, "texture": "#0"}
			}
		},
		{
			"from": [8.16358, 4.36681, 29.21502],
			"to": [8.62686, 4.91759, 29.9664],
			"rotation": {"angle": 0, "axis": "y", "origin": [7.59522, 4.2047, 29.51571]},
			"faces": {
				"north": {"uv": [8.25, 0.25, 8.5, 0.5], "rotation": 270, "texture": "#0"},
				"east": {"uv": [8.5, 0.25, 8.25, 0.5], "rotation": 90, "texture": "#0"},
				"south": {"uv": [8.25, 0.25, 8.5, 0.5], "rotation": 270, "texture": "#0"},
				"west": {"uv": [8.5, 0.25, 8.25, 0.5], "rotation": 90, "texture": "#0"},
				"up": {"uv": [8.5, 0.25, 8.25, 0.5], "rotation": 270, "texture": "#0"},
				"down": {"uv": [8.5, 0.25, 8.25, 0.5], "rotation": 270, "texture": "#0"}
			}
		},
		{
			"from": [7.42867, 4.22218, 29.21503],
			"to": [8.39879, 4.78109, 29.96641],
			"rotation": {"angle": 45, "axis": "z", "origin": [7.91373, 4.50164, 29.51572]},
			"faces": {
				"north": {"uv": [8.25, 0.25, 8.5, 0.5], "rotation": 270, "texture": "#0"},
				"east": {"uv": [8.5, 0.25, 8.25, 0.5], "rotation": 90, "texture": "#0"},
				"south": {"uv": [8.25, 0.25, 8.5, 0.5], "rotation": 270, "texture": "#0"},
				"west": {"uv": [8.5, 0.25, 8.25, 0.5], "rotation": 90, "texture": "#0"},
				"up": {"uv": [8.5, 0.25, 8.25, 0.5], "rotation": 270, "texture": "#0"},
				"down": {"uv": [8.5, 0.25, 8.25, 0.5], "rotation": 270, "texture": "#0"}
			}
		},
		{
			"from": [7.80678, 4.01656, 29.21503],
			"to": [8.36573, 4.98669, 29.96641],
			"rotation": {"angle": 45, "axis": "z", "origin": [8.08626, 4.50162, 29.51572]},
			"faces": {
				"north": {"uv": [8.25, 0.25, 8.5, 0.5], "rotation": 270, "texture": "#0"},
				"east": {"uv": [8.5, 0.25, 8.25, 0.5], "rotation": 90, "texture": "#0"},
				"south": {"uv": [8.25, 0.25, 8.5, 0.5], "rotation": 270, "texture": "#0"},
				"west": {"uv": [8.5, 0.25, 8.25, 0.5], "rotation": 90, "texture": "#0"},
				"up": {"uv": [8.5, 0.25, 8.25, 0.5], "rotation": 270, "texture": "#0"},
				"down": {"uv": [8.5, 0.25, 8.25, 0.5], "rotation": 270, "texture": "#0"}
			}
		},
		{
			"from": [7.57181, 10.15082, 15.48853],
			"to": [8.42819, 10.65053, 21.2978],
			"rotation": {"angle": 22.5, "axis": "x", "origin": [8, 10.40068, 18.39317]},
			"faces": {
				"north": {"uv": [8.25, 0.25, 8.5, 0.5], "rotation": 270, "texture": "#0"},
				"east": {"uv": [8.5, 0.25, 8.25, 0.5], "rotation": 90, "texture": "#0"},
				"south": {"uv": [8.25, 0.25, 8.5, 0.5], "rotation": 270, "texture": "#0"},
				"west": {"uv": [8.5, 0.25, 8.25, 0.5], "rotation": 90, "texture": "#0"},
				"up": {"uv": [8.5, 0.25, 8.25, 0.5], "rotation": 270, "texture": "#0"},
				"down": {"uv": [8.5, 0.25, 8.25, 0.5], "rotation": 270, "texture": "#0"}
			}
		},
		{
			"from": [7.37314, 7.15951, 19.37381],
			"to": [8.62686, 9.98376, 29.9664],
			"rotation": {"angle": 0, "axis": "y", "origin": [8, 8.57163, 25.67011]},
			"faces": {
				"north": {"uv": [8.25, 0.25, 8.5, 0.5], "rotation": 270, "texture": "#0"},
				"east": {"uv": [8.5, 0.25, 8.25, 0.5], "rotation": 90, "texture": "#0"},
				"south": {"uv": [8.25, 0.25, 8.5, 0.5], "rotation": 270, "texture": "#0"},
				"west": {"uv": [8.5, 0.25, 8.25, 0.5], "rotation": 90, "texture": "#0"},
				"up": {"uv": [8.5, 0.25, 8.25, 0.5], "rotation": 270, "texture": "#0"},
				"down": {"uv": [8.5, 0.25, 8.25, 0.5], "rotation": 270, "texture": "#0"}
			}
		},
		{
			"from": [7.37314, 6.94455, 18.92648],
			"to": [8.62686, 9.57793, 20.40193],
			"rotation": {"angle": -22.5, "axis": "x", "origin": [8, 8.26124, 19.66421]},
			"faces": {
				"north": {"uv": [8.25, 0.25, 8.5, 0.5], "rotation": 270, "texture": "#0"},
				"east": {"uv": [8.5, 0.25, 8.25, 0.5], "rotation": 90, "texture": "#0"},
				"south": {"uv": [8.25, 0.25, 8.5, 0.5], "rotation": 270, "texture": "#0"},
				"west": {"uv": [8.5, 0.25, 8.25, 0.5], "rotation": 90, "texture": "#0"},
				"up": {"uv": [8.5, 0.25, 8.25, 0.5], "rotation": 270, "texture": "#0"},
				"down": {"uv": [8.5, 0.25, 8.25, 0.5], "rotation": 270, "texture": "#0"}
			}
		},
		{
			"from": [7.55175, 6.83066, 18.48571],
			"to": [8.44825, 9.67011, 20.2518],
			"rotation": {"angle": -22.5, "axis": "x", "origin": [8, 8.25039, 19.36876]},
			"faces": {
				"north": {"uv": [8.25, 0.25, 8.5, 0.5], "rotation": 270, "texture": "#0"},
				"east": {"uv": [8.5, 0.25, 8.25, 0.5], "rotation": 90, "texture": "#0"},
				"south": {"uv": [8.25, 0.25, 8.5, 0.5], "rotation": 270, "texture": "#0"},
				"west": {"uv": [8.5, 0.25, 8.25, 0.5], "rotation": 90, "texture": "#0"},
				"up": {"uv": [8.5, 0.25, 8.25, 0.5], "rotation": 270, "texture": "#0"},
				"down": {"uv": [8.5, 0.25, 8.25, 0.5], "rotation": 270, "texture": "#0"}
			}
		},
		{
			"from": [7.84775, 7.96816, 13.58401],
			"to": [8.15225, 8.11986, 14.98013],
			"rotation": {"angle": 0, "axis": "y", "origin": [8, 8.04401, 14.28207]},
			"faces": {
				"north": {"uv": [8.25, 1, 8.5, 1.25], "rotation": 90, "texture": "#0"},
				"east": {"uv": [8.25, 1, 8.5, 1.25], "rotation": 180, "texture": "#0"},
				"south": {"uv": [8.25, 1, 8.5, 1.25], "rotation": 270, "texture": "#0"},
				"west": {"uv": [8.25, 1, 8.5, 1.25], "texture": "#0"},
				"up": {"uv": [8.5, 1, 8.25, 1.25], "rotation": 270, "texture": "#0"},
				"down": {"uv": [8.5, 1, 8.25, 1.25], "rotation": 90, "texture": "#0"}
			}
		},
		{
			"from": [7.84775, 8.43316, 15.2098],
			"to": [8.15225, 9.4011, 15.44514],
			"rotation": {"angle": 0, "axis": "y", "origin": [8, 8.91713, 15.32747]},
			"faces": {
				"north": {"uv": [8.5, 1, 8.25, 1.25], "rotation": 90, "texture": "#0"},
				"east": {"uv": [8.25, 1, 8.5, 1.25], "rotation": 270, "texture": "#0"},
				"south": {"uv": [8.5, 1, 8.25, 1.25], "rotation": 90, "texture": "#0"},
				"west": {"uv": [8.25, 1, 8.5, 1.25], "rotation": 270, "texture": "#0"},
				"up": {"uv": [8.25, 1, 8.5, 1.25], "rotation": 270, "texture": "#0"},
				"down": {"uv": [8.25, 1, 8.5, 1.25], "rotation": 270, "texture": "#0"}
			}
		},
		{
			"from": [7.84775, 8.80045, 14.48339],
			"to": [8.15225, 9.60722, 14.66698],
			"rotation": {"angle": -22.5, "axis": "x", "origin": [8, 9.20384, 14.57518]},
			"faces": {
				"north": {"uv": [8.5, 1, 8.25, 1.25], "rotation": 90, "texture": "#0"},
				"east": {"uv": [8.25, 1, 8.5, 1.25], "rotation": 270, "texture": "#0"},
				"south": {"uv": [8.5, 1, 8.25, 1.25], "rotation": 90, "texture": "#0"},
				"west": {"uv": [8.25, 1, 8.5, 1.25], "rotation": 270, "texture": "#0"},
				"up": {"uv": [8.25, 1, 8.5, 1.25], "rotation": 270, "texture": "#0"},
				"down": {"uv": [8.25, 1, 8.5, 1.25], "rotation": 270, "texture": "#0"}
			}
		},
		{
			"from": [7.84775, 7.93864, 13.32385],
			"to": [8.15225, 8.59625, 13.51275],
			"rotation": {"angle": -45, "axis": "x", "origin": [8, 8.26745, 13.4183]},
			"faces": {
				"north": {"uv": [8.5, 1, 8.25, 1.25], "rotation": 90, "texture": "#0"},
				"east": {"uv": [8.25, 1, 8.5, 1.25], "rotation": 270, "texture": "#0"},
				"south": {"uv": [8.5, 1, 8.25, 1.25], "rotation": 90, "texture": "#0"},
				"west": {"uv": [8.25, 1, 8.5, 1.25], "rotation": 270, "texture": "#0"},
				"up": {"uv": [8.25, 1, 8.5, 1.25], "rotation": 270, "texture": "#0"},
				"down": {"uv": [8.25, 1, 8.5, 1.25], "rotation": 270, "texture": "#0"}
			}
		},
		{
			"from": [7.84775, 7.93864, 15.0514],
			"to": [8.15225, 8.59625, 15.2403],
			"rotation": {"angle": 45, "axis": "x", "origin": [8, 8.26745, 15.14585]},
			"faces": {
				"north": {"uv": [8.5, 1, 8.25, 1.25], "rotation": 90, "texture": "#0"},
				"east": {"uv": [8.25, 1, 8.5, 1.25], "rotation": 270, "texture": "#0"},
				"south": {"uv": [8.5, 1, 8.25, 1.25], "rotation": 90, "texture": "#0"},
				"west": {"uv": [8.25, 1, 8.5, 1.25], "rotation": 270, "texture": "#0"},
				"up": {"uv": [8.25, 1, 8.5, 1.25], "rotation": 270, "texture": "#0"},
				"down": {"uv": [8.25, 1, 8.5, 1.25], "rotation": 270, "texture": "#0"}
			}
		},
		{
			"from": [7.84775, 8.2654, 14.64233],
			"to": [8.15225, 8.86629, 14.81436],
			"rotation": {"angle": 0, "axis": "y", "origin": [8, 8.56584, 14.72834]},
			"faces": {
				"north": {"uv": [8.5, 1, 8.25, 1.25], "rotation": 90, "texture": "#0"},
				"east": {"uv": [8.25, 1, 8.5, 1.25], "rotation": 270, "texture": "#0"},
				"south": {"uv": [8.5, 1, 8.25, 1.25], "rotation": 90, "texture": "#0"},
				"west": {"uv": [8.25, 1, 8.5, 1.25], "rotation": 270, "texture": "#0"},
				"up": {"uv": [8.25, 1, 8.5, 1.25], "rotation": 270, "texture": "#0"},
				"down": {"uv": [8.25, 1, 8.5, 1.25], "rotation": 270, "texture": "#0"}
			}
		},
		{
			"from": [7.84775, 8.43316, 13.11901],
			"to": [8.15225, 9.07805, 13.29545],
			"rotation": {"angle": 0, "axis": "y", "origin": [8, 8.7556, 13.20723]},
			"faces": {
				"north": {"uv": [8.5, 1, 8.25, 1.25], "rotation": 90, "texture": "#0"},
				"east": {"uv": [8.25, 1, 8.5, 1.25], "rotation": 270, "texture": "#0"},
				"south": {"uv": [8.5, 1, 8.25, 1.25], "rotation": 90, "texture": "#0"},
				"west": {"uv": [8.25, 1, 8.5, 1.25], "rotation": 270, "texture": "#0"},
				"up": {"uv": [8.25, 1, 8.5, 1.25], "rotation": 270, "texture": "#0"},
				"down": {"uv": [8.25, 1, 8.5, 1.25], "rotation": 270, "texture": "#0"}
			}
		},
		{
			"from": [7.84775, 9.17463, 13.90242],
			"to": [8.15225, 9.39402, 14.6353],
			"rotation": {"angle": 22.5, "axis": "x", "origin": [8, 9.28432, 14.26886]},
			"faces": {
				"north": {"uv": [8.5, 1, 8.25, 1.25], "rotation": 90, "texture": "#0"},
				"east": {"uv": [8.25, 1, 8.5, 1.25], "rotation": 270, "texture": "#0"},
				"south": {"uv": [8.5, 1, 8.25, 1.25], "rotation": 90, "texture": "#0"},
				"west": {"uv": [8.25, 1, 8.5, 1.25], "rotation": 270, "texture": "#0"},
				"up": {"uv": [8.25, 1, 8.5, 1.25], "rotation": 270, "texture": "#0"},
				"down": {"uv": [8.25, 1, 8.5, 1.25], "rotation": 270, "texture": "#0"}
			}
		},
		{
			"from": [7.84775, 9.0724, 12.88159],
			"to": [8.15225, 9.71729, 13.53287],
			"rotation": {"angle": 45, "axis": "x", "origin": [8, 9.39485, 13.20723]},
			"faces": {
				"north": {"uv": [8.5, 1, 8.25, 1.25], "rotation": 90, "texture": "#0"},
				"east": {"uv": [8.25, 1, 8.5, 1.25], "rotation": 270, "texture": "#0"},
				"south": {"uv": [8.5, 1, 8.25, 1.25], "rotation": 90, "texture": "#0"},
				"west": {"uv": [8.25, 1, 8.5, 1.25], "rotation": 270, "texture": "#0"},
				"up": {"uv": [8.25, 1, 8.5, 1.25], "rotation": 270, "texture": "#0"},
				"down": {"uv": [8.25, 1, 8.5, 1.25], "rotation": 270, "texture": "#0"}
			}
		},
		{
			"from": [7.84775, 9.18696, 14.66867],
			"to": [8.15225, 9.47536, 15.44456],
			"rotation": {"angle": 45, "axis": "x", "origin": [8, 9.33116, 15.05662]},
			"faces": {
				"north": {"uv": [8.5, 1, 8.25, 1.25], "rotation": 90, "texture": "#0"},
				"east": {"uv": [8.25, 1, 8.5, 1.25], "rotation": 270, "texture": "#0"},
				"south": {"uv": [8.5, 1, 8.25, 1.25], "rotation": 90, "texture": "#0"},
				"west": {"uv": [8.25, 1, 8.5, 1.25], "rotation": 270, "texture": "#0"},
				"up": {"uv": [8.25, 1, 8.5, 1.25], "rotation": 270, "texture": "#0"},
				"down": {"uv": [8.25, 1, 8.5, 1.25], "rotation": 270, "texture": "#0"}
			}
		},
		{
			"from": [7.84775, 9.29559, 13.50722],
			"to": [8.15225, 9.4473, 15.04662],
			"rotation": {"angle": 0, "axis": "y", "origin": [8, 9.37144, 14.27692]},
			"faces": {
				"north": {"uv": [8.25, 1, 8.5, 1.25], "rotation": 90, "texture": "#0"},
				"east": {"uv": [8.25, 1, 8.5, 1.25], "rotation": 180, "texture": "#0"},
				"south": {"uv": [8.25, 1, 8.5, 1.25], "rotation": 270, "texture": "#0"},
				"west": {"uv": [8.25, 1, 8.5, 1.25], "texture": "#0"},
				"up": {"uv": [8.5, 1, 8.25, 1.25], "rotation": 270, "texture": "#0"},
				"down": {"uv": [8.5, 1, 8.25, 1.25], "rotation": 90, "texture": "#0"}
			}
		},
		{
			"from": [7.34352, 9.69882, 11.08702],
			"to": [8.65648, 11.1803, 15.03984],
			"rotation": {"angle": 0, "axis": "y", "origin": [8, 10.43956, 11.57593]},
			"faces": {
				"north": {"uv": [9.25, 1.75, 9, 2], "rotation": 90, "texture": "#0"},
				"east": {"uv": [9, 1.75, 9.25, 2], "rotation": 270, "texture": "#0"},
				"south": {"uv": [9.25, 1.75, 9, 2], "rotation": 90, "texture": "#0"},
				"west": {"uv": [9, 1.75, 9.25, 2], "rotation": 270, "texture": "#0"},
				"up": {"uv": [9.25, 1.75, 9, 2], "rotation": 180, "texture": "#0"},
				"down": {"uv": [9.25, 1.75, 9, 2], "texture": "#0"}
			}
		},
		{
			"from": [7.34351, 9.7349, 13.9862],
			"to": [8.65649, 11.98312, 16.30158],
			"rotation": {"angle": 22.5, "axis": "x", "origin": [8, 10.85901, 15.14389]},
			"faces": {
				"north": {"uv": [9, 1.75, 9.25, 2], "rotation": 270, "texture": "#0"},
				"east": {"uv": [9.25, 1.75, 9, 2], "rotation": 90, "texture": "#0"},
				"south": {"uv": [9, 1.75, 9.25, 2], "rotation": 270, "texture": "#0"},
				"west": {"uv": [9.25, 1.75, 9, 2], "rotation": 90, "texture": "#0"},
				"up": {"uv": [9.25, 1.75, 9, 2], "rotation": 270, "texture": "#0"},
				"down": {"uv": [9.25, 1.75, 9, 2], "rotation": 270, "texture": "#0"}
			}
		},
		{
			"from": [7.34352, 11.1803, 11.08317],
			"to": [8.65648, 11.98898, 14.5045],
			"rotation": {"angle": 0, "axis": "y", "origin": [8, 11.58464, 13.81884]},
			"faces": {
				"north": {"uv": [9.25, 1.75, 9, 2], "rotation": 90, "texture": "#0"},
				"east": {"uv": [9, 1.75, 9.25, 2], "rotation": 270, "texture": "#0"},
				"south": {"uv": [9.25, 1.75, 9, 2], "rotation": 90, "texture": "#0"},
				"west": {"uv": [9, 1.75, 9.25, 2], "rotation": 270, "texture": "#0"},
				"up": {"uv": [9.25, 1.75, 9, 2], "rotation": 180, "texture": "#0"},
				"down": {"uv": [9.25, 1.75, 9, 2], "texture": "#0"}
			}
		},
		{
			"from": [7.80765, 11.14015, 11.08317],
			"to": [8.30488, 12.34058, 14.5045],
			"rotation": {"angle": -45, "axis": "z", "origin": [8.05627, 11.74036, 13.81884]},
			"faces": {
				"north": {"uv": [9.25, 1.75, 9, 2], "rotation": 90, "texture": "#0"},
				"east": {"uv": [9, 1.75, 9.25, 2], "rotation": 270, "texture": "#0"},
				"south": {"uv": [9.25, 1.75, 9, 2], "rotation": 90, "texture": "#0"},
				"west": {"uv": [9, 1.75, 9.25, 2], "rotation": 270, "texture": "#0"},
				"up": {"uv": [9.25, 1.75, 9, 2], "rotation": 180, "texture": "#0"},
				"down": {"uv": [9.25, 1.75, 9, 2], "texture": "#0"}
			}
		},
		{
			"from": [7.69512, 11.14015, 11.08702],
			"to": [8.19235, 12.34058, 14.5045],
			"rotation": {"angle": 45, "axis": "z", "origin": [7.94374, 11.74036, 11.30826]},
			"faces": {
				"north": {"uv": [9.25, 1.75, 9, 2], "rotation": 90, "texture": "#0"},
				"east": {"uv": [9, 1.75, 9.25, 2], "rotation": 270, "texture": "#0"},
				"south": {"uv": [9.25, 1.75, 9, 2], "rotation": 90, "texture": "#0"},
				"west": {"uv": [9, 1.75, 9.25, 2], "rotation": 270, "texture": "#0"},
				"up": {"uv": [9.25, 1.75, 9, 2], "rotation": 180, "texture": "#0"},
				"down": {"uv": [9.25, 1.75, 9, 2], "texture": "#0"}
			}
		},
		{
			"from": [7.34352, 11.1803, 13.06984],
			"to": [7.76393, 11.98898, 13.16494],
			"rotation": {"angle": 0, "axis": "y", "origin": [7.55372, 11.58464, 11.61739]},
			"faces": {
				"north": {"uv": [9.25, 1.75, 9, 2], "rotation": 90, "texture": "#0"},
				"east": {"uv": [9, 1.75, 9.25, 2], "rotation": 270, "texture": "#0"},
				"south": {"uv": [9.25, 1.75, 9, 2], "rotation": 90, "texture": "#0"},
				"west": {"uv": [9, 1.75, 9.25, 2], "rotation": 270, "texture": "#0"},
				"up": {"uv": [9.25, 1.75, 9, 2], "rotation": 180, "texture": "#0"},
				"down": {"uv": [9.25, 1.75, 9, 2], "texture": "#0"}
			}
		},
		{
			"from": [7.69512, 11.14015, 11.08702],
			"to": [8.06723, 12.34058, 14.5045],
			"rotation": {"angle": 0, "axis": "y", "origin": [7.88117, 11.74036, 11.30826]},
			"faces": {
				"north": {"uv": [9.25, 1.75, 9, 2], "rotation": 90, "texture": "#0"},
				"east": {"uv": [9, 1.75, 9.25, 2], "rotation": 270, "texture": "#0"},
				"south": {"uv": [9.25, 1.75, 9, 2], "rotation": 90, "texture": "#0"},
				"west": {"uv": [9, 1.75, 9.25, 2], "rotation": 270, "texture": "#0"},
				"up": {"uv": [9.25, 1.75, 9, 2], "rotation": 180, "texture": "#0"},
				"down": {"uv": [9.25, 1.75, 9, 2], "texture": "#0"}
			}
		},
		{
			"from": [8.06723, 11.14015, 11.08317],
			"to": [8.30488, 12.34058, 14.5045],
			"rotation": {"angle": 0, "axis": "y", "origin": [8.18606, 11.74036, 13.81884]},
			"faces": {
				"north": {"uv": [9.25, 1.75, 9, 2], "rotation": 90, "texture": "#0"},
				"east": {"uv": [9, 1.75, 9.25, 2], "rotation": 270, "texture": "#0"},
				"south": {"uv": [9.25, 1.75, 9, 2], "rotation": 90, "texture": "#0"},
				"west": {"uv": [9, 1.75, 9.25, 2], "rotation": 270, "texture": "#0"},
				"up": {"uv": [9.25, 1.75, 9, 2], "rotation": 180, "texture": "#0"},
				"down": {"uv": [9.25, 1.75, 9, 2], "texture": "#0"}
			}
		},
		{
			"from": [7.80765, 9.34722, 11.08702],
			"to": [8.30488, 10.54765, 15.78327],
			"rotation": {"angle": 45, "axis": "z", "origin": [8.05626, 9.94743, 11.94764]},
			"faces": {
				"north": {"uv": [9.25, 1.75, 9, 2], "rotation": 90, "texture": "#0"},
				"east": {"uv": [9, 1.75, 9.25, 2], "rotation": 270, "texture": "#0"},
				"south": {"uv": [9.25, 1.75, 9, 2], "rotation": 90, "texture": "#0"},
				"west": {"uv": [9, 1.75, 9.25, 2], "rotation": 270, "texture": "#0"},
				"up": {"uv": [9.25, 1.75, 9, 2], "rotation": 180, "texture": "#0"},
				"down": {"uv": [9.25, 1.75, 9, 2], "texture": "#0"}
			}
		},
		{
			"from": [7.69512, 9.34722, 11.08702],
			"to": [8.19235, 10.54765, 15.78327],
			"rotation": {"angle": -45, "axis": "z", "origin": [7.94374, 9.94743, 11.94764]},
			"faces": {
				"north": {"uv": [9.25, 1.75, 9, 2], "rotation": 90, "texture": "#0"},
				"east": {"uv": [9, 1.75, 9.25, 2], "rotation": 270, "texture": "#0"},
				"south": {"uv": [9.25, 1.75, 9, 2], "rotation": 90, "texture": "#0"},
				"west": {"uv": [9, 1.75, 9.25, 2], "rotation": 270, "texture": "#0"},
				"up": {"uv": [9.25, 1.75, 9, 2], "rotation": 180, "texture": "#0"},
				"down": {"uv": [9.25, 1.75, 9, 2], "texture": "#0"}
			}
		},
		{
			"from": [7.69512, 9.34722, 11.08702],
			"to": [8.30488, 10.54765, 15.78327],
			"rotation": {"angle": 0, "axis": "y", "origin": [8, 9.94743, 11.94764]},
			"faces": {
				"north": {"uv": [9.25, 1.75, 9, 2], "rotation": 90, "texture": "#0"},
				"east": {"uv": [9, 1.75, 9.25, 2], "rotation": 270, "texture": "#0"},
				"south": {"uv": [9.25, 1.75, 9, 2], "rotation": 90, "texture": "#0"},
				"west": {"uv": [9, 1.75, 9.25, 2], "rotation": 270, "texture": "#0"},
				"up": {"uv": [9.25, 1.75, 9, 2], "rotation": 180, "texture": "#0"},
				"down": {"uv": [9.25, 1.75, 9, 2], "texture": "#0"}
			}
		},
		{
			"from": [7.41041, 9.87682, 10.56097],
			"to": [8.5896, 12.43365, 11.22165],
			"rotation": {"angle": 0, "axis": "y", "origin": [8, 10.90524, 10.89131]},
			"faces": {
				"north": {"uv": [9.25, 1.75, 9, 2], "rotation": 90, "texture": "#0"},
				"east": {"uv": [9, 1.75, 9.25, 2], "rotation": 270, "texture": "#0"},
				"south": {"uv": [9.25, 1.75, 9, 2], "rotation": 90, "texture": "#0"},
				"west": {"uv": [9, 1.75, 9.25, 2], "rotation": 270, "texture": "#0"},
				"up": {"uv": [9.25, 1.75, 9, 2], "rotation": 180, "texture": "#0"},
				"down": {"uv": [9.25, 1.75, 9, 2], "texture": "#0"}
			}
		},
		{
			"from": [7.41041, 9.87682, 5.70029],
			"to": [8.5896, 10.98365, 10.56097],
			"rotation": {"angle": 0, "axis": "y", "origin": [8, 10.90524, 11.23063]},
			"faces": {
				"north": {"uv": [9.25, 1.75, 9, 2], "rotation": 90, "texture": "#0"},
				"east": {"uv": [9, 1.75, 9.25, 2], "rotation": 270, "texture": "#0"},
				"south": {"uv": [9.25, 1.75, 9, 2], "rotation": 90, "texture": "#0"},
				"west": {"uv": [9, 1.75, 9.25, 2], "rotation": 270, "texture": "#0"},
				"up": {"uv": [9.25, 1.75, 9, 2], "rotation": 180, "texture": "#0"},
				"down": {"uv": [9.25, 1.75, 9, 2], "texture": "#0"}
			}
		},
		{
			"from": [7.72618, 12.4213, 5.66097],
			"to": [8.17275, 12.74943, 11.22165],
			"rotation": {"angle": 45, "axis": "z", "origin": [7.94947, 12.21037, 10.89131]},
			"faces": {
				"north": {"uv": [9.25, 1.75, 9, 2], "rotation": 90, "texture": "#0"},
				"east": {"uv": [9, 1.75, 9.25, 2], "rotation": 270, "texture": "#0"},
				"south": {"uv": [9.25, 1.75, 9, 2], "rotation": 90, "texture": "#0"},
				"west": {"uv": [9, 1.75, 9.25, 2], "rotation": 270, "texture": "#0"},
				"up": {"uv": [9.25, 1.75, 9, 2], "rotation": 180, "texture": "#0"},
				"down": {"uv": [9.25, 1.75, 9, 2], "texture": "#0"}
			}
		},
		{
			"from": [7.82724, 12.4213, 5.66097],
			"to": [8.27382, 12.74943, 11.22165],
			"rotation": {"angle": -45, "axis": "z", "origin": [8.05053, 12.21037, 10.89131]},
			"faces": {
				"north": {"uv": [9.25, 1.75, 9, 2], "rotation": 90, "texture": "#0"},
				"east": {"uv": [9, 1.75, 9.25, 2], "rotation": 270, "texture": "#0"},
				"south": {"uv": [9.25, 1.75, 9, 2], "rotation": 90, "texture": "#0"},
				"west": {"uv": [9, 1.75, 9.25, 2], "rotation": 270, "texture": "#0"},
				"up": {"uv": [9.25, 1.75, 9, 2], "rotation": 180, "texture": "#0"},
				"down": {"uv": [9.25, 1.75, 9, 2], "texture": "#0"}
			}
		},
		{
			"from": [7.82724, 9.56105, 10.56097],
			"to": [8.27382, 10.63917, 11.22165],
			"rotation": {"angle": 45, "axis": "z", "origin": [8.05053, 10.10011, 10.89131]},
			"faces": {
				"north": {"uv": [9.25, 1.75, 9, 2], "rotation": 90, "texture": "#0"},
				"east": {"uv": [9, 1.75, 9.25, 2], "rotation": 270, "texture": "#0"},
				"south": {"uv": [9.25, 1.75, 9, 2], "rotation": 90, "texture": "#0"},
				"west": {"uv": [9, 1.75, 9.25, 2], "rotation": 270, "texture": "#0"},
				"up": {"uv": [9.25, 1.75, 9, 2], "rotation": 180, "texture": "#0"},
				"down": {"uv": [9.25, 1.75, 9, 2], "texture": "#0"}
			}
		},
		{
			"from": [7.72618, 9.56105, 10.56097],
			"to": [8.17275, 10.63917, 11.22165],
			"rotation": {"angle": -45, "axis": "z", "origin": [7.94947, 10.10011, 10.89131]},
			"faces": {
				"north": {"uv": [9.25, 1.75, 9, 2], "rotation": 90, "texture": "#0"},
				"east": {"uv": [9, 1.75, 9.25, 2], "rotation": 270, "texture": "#0"},
				"south": {"uv": [9.25, 1.75, 9, 2], "rotation": 90, "texture": "#0"},
				"west": {"uv": [9, 1.75, 9.25, 2], "rotation": 270, "texture": "#0"},
				"up": {"uv": [9.25, 1.75, 9, 2], "rotation": 180, "texture": "#0"},
				"down": {"uv": [9.25, 1.75, 9, 2], "texture": "#0"}
			}
		},
		{
			"from": [7.72618, 12.21105, 5.71097],
			"to": [8.27382, 12.74943, 11.22165],
			"rotation": {"angle": 0, "axis": "y", "origin": [8, 11.40524, 10.89131]},
			"faces": {
				"north": {"uv": [9.25, 1.75, 9, 2], "rotation": 90, "texture": "#0"},
				"east": {"uv": [9, 1.75, 9.25, 2], "rotation": 270, "texture": "#0"},
				"south": {"uv": [9.25, 1.75, 9, 2], "rotation": 90, "texture": "#0"},
				"west": {"uv": [9, 1.75, 9.25, 2], "rotation": 270, "texture": "#0"},
				"up": {"uv": [9.25, 1.75, 9, 2], "rotation": 180, "texture": "#0"},
				"down": {"uv": [9.25, 1.75, 9, 2], "texture": "#0"}
			}
		},
		{
			"from": [7.41041, 9.87682, 5.06097],
			"to": [8.5896, 12.43365, 5.72165],
			"rotation": {"angle": 0, "axis": "y", "origin": [8, 10.90524, 5.39131]},
			"faces": {
				"north": {"uv": [9.25, 1.75, 9, 2], "rotation": 90, "texture": "#0"},
				"east": {"uv": [9, 1.75, 9.25, 2], "rotation": 270, "texture": "#0"},
				"south": {"uv": [9.25, 1.75, 9, 2], "rotation": 90, "texture": "#0"},
				"west": {"uv": [9, 1.75, 9.25, 2], "rotation": 270, "texture": "#0"},
				"up": {"uv": [9.25, 1.75, 9, 2], "rotation": 180, "texture": "#0"},
				"down": {"uv": [9.25, 1.75, 9, 2], "texture": "#0"}
			}
		},
		{
			"from": [7.72618, 11.6713, 5.06097],
			"to": [8.17275, 12.74943, 5.72165],
			"rotation": {"angle": 45, "axis": "z", "origin": [7.94947, 12.21037, 5.39131]},
			"faces": {
				"north": {"uv": [9.25, 1.75, 9, 2], "rotation": 90, "texture": "#0"},
				"east": {"uv": [9, 1.75, 9.25, 2], "rotation": 270, "texture": "#0"},
				"south": {"uv": [9.25, 1.75, 9, 2], "rotation": 90, "texture": "#0"},
				"west": {"uv": [9, 1.75, 9.25, 2], "rotation": 270, "texture": "#0"},
				"up": {"uv": [9.25, 1.75, 9, 2], "rotation": 180, "texture": "#0"},
				"down": {"uv": [9.25, 1.75, 9, 2], "texture": "#0"}
			}
		},
		{
			"from": [7.82724, 11.6713, 5.06097],
			"to": [8.27382, 12.74943, 5.72165],
			"rotation": {"angle": -45, "axis": "z", "origin": [8.05053, 12.21037, 5.39131]},
			"faces": {
				"north": {"uv": [9.25, 1.75, 9, 2], "rotation": 90, "texture": "#0"},
				"east": {"uv": [9, 1.75, 9.25, 2], "rotation": 270, "texture": "#0"},
				"south": {"uv": [9.25, 1.75, 9, 2], "rotation": 90, "texture": "#0"},
				"west": {"uv": [9, 1.75, 9.25, 2], "rotation": 270, "texture": "#0"},
				"up": {"uv": [9.25, 1.75, 9, 2], "rotation": 180, "texture": "#0"},
				"down": {"uv": [9.25, 1.75, 9, 2], "texture": "#0"}
			}
		},
		{
			"from": [7.82724, 9.56105, 5.06097],
			"to": [8.27382, 10.63917, 5.72165],
			"rotation": {"angle": 45, "axis": "z", "origin": [8.05053, 10.10011, 5.39131]},
			"faces": {
				"north": {"uv": [9.25, 1.75, 9, 2], "rotation": 90, "texture": "#0"},
				"east": {"uv": [9, 1.75, 9.25, 2], "rotation": 270, "texture": "#0"},
				"south": {"uv": [9.25, 1.75, 9, 2], "rotation": 90, "texture": "#0"},
				"west": {"uv": [9, 1.75, 9.25, 2], "rotation": 270, "texture": "#0"},
				"up": {"uv": [9.25, 1.75, 9, 2], "rotation": 180, "texture": "#0"},
				"down": {"uv": [9.25, 1.75, 9, 2], "texture": "#0"}
			}
		},
		{
			"from": [7.72618, 9.56105, 5.06097],
			"to": [8.17275, 10.63917, 5.72165],
			"rotation": {"angle": -45, "axis": "z", "origin": [7.94947, 10.10011, 5.39131]},
			"faces": {
				"north": {"uv": [9.25, 1.75, 9, 2], "rotation": 90, "texture": "#0"},
				"east": {"uv": [9, 1.75, 9.25, 2], "rotation": 270, "texture": "#0"},
				"south": {"uv": [9.25, 1.75, 9, 2], "rotation": 90, "texture": "#0"},
				"west": {"uv": [9, 1.75, 9.25, 2], "rotation": 270, "texture": "#0"},
				"up": {"uv": [9.25, 1.75, 9, 2], "rotation": 180, "texture": "#0"},
				"down": {"uv": [9.25, 1.75, 9, 2], "texture": "#0"}
			}
		},
		{
			"from": [7.72618, 9.56105, 5.06097],
			"to": [8.27382, 12.74943, 5.72165],
			"rotation": {"angle": 0, "axis": "y", "origin": [8, 11.40524, 5.39131]},
			"faces": {
				"north": {"uv": [9.25, 1.75, 9, 2], "rotation": 90, "texture": "#0"},
				"east": {"uv": [9, 1.75, 9.25, 2], "rotation": 270, "texture": "#0"},
				"south": {"uv": [9.25, 1.75, 9, 2], "rotation": 90, "texture": "#0"},
				"west": {"uv": [9, 1.75, 9.25, 2], "rotation": 270, "texture": "#0"},
				"up": {"uv": [9.25, 1.75, 9, 2], "rotation": 180, "texture": "#0"},
				"down": {"uv": [9.25, 1.75, 9, 2], "texture": "#0"}
			}
		},
		{
			"from": [7.48805, 10.32578, 5.30402],
			"to": [7.82492, 10.9277, 10.76095],
			"rotation": {"angle": -45, "axis": "z", "origin": [7.65648, 10.62674, 5.53249]},
			"faces": {
				"north": {"uv": [8.5, 0.25, 8.25, 0.5], "rotation": 90, "texture": "#0"},
				"east": {"uv": [8.25, 0.25, 8.5, 0.5], "rotation": 270, "texture": "#0"},
				"south": {"uv": [8.5, 0.25, 8.25, 0.5], "rotation": 90, "texture": "#0"},
				"west": {"uv": [8.25, 0.25, 8.5, 0.5], "rotation": 270, "texture": "#0"},
				"up": {"uv": [8.5, 0.25, 8.25, 0.5], "rotation": 180, "texture": "#0"},
				"down": {"uv": [8.5, 0.25, 8.25, 0.5], "texture": "#0"}
			}
		},
		{
			"from": [7.48805, 9.27707, 5.30402],
			"to": [7.82492, 9.87899, 10.76095],
			"rotation": {"angle": 45, "axis": "z", "origin": [7.65649, 9.57803, 5.53249]},
			"faces": {
				"north": {"uv": [8.5, 0.25, 8.25, 0.5], "rotation": 90, "texture": "#0"},
				"east": {"uv": [8.25, 0.25, 8.5, 0.5], "rotation": 270, "texture": "#0"},
				"south": {"uv": [8.5, 0.25, 8.25, 0.5], "rotation": 90, "texture": "#0"},
				"west": {"uv": [8.25, 0.25, 8.5, 0.5], "rotation": 270, "texture": "#0"},
				"up": {"uv": [8.5, 0.25, 8.25, 0.5], "rotation": 180, "texture": "#0"},
				"down": {"uv": [8.5, 0.25, 8.25, 0.5], "texture": "#0"}
			}
		},
		{
			"from": [7.7502, 9.24612, 5.30402],
			"to": [8.2498, 10.95865, 10.76095],
			"rotation": {"angle": 0, "axis": "y", "origin": [8, 10.10239, 5.53249]},
			"faces": {
				"north": {"uv": [8.5, 0.25, 8.25, 0.5], "rotation": 90, "texture": "#0"},
				"east": {"uv": [8.25, 0.25, 8.5, 0.5], "rotation": 270, "texture": "#0"},
				"south": {"uv": [8.5, 0.25, 8.25, 0.5], "rotation": 90, "texture": "#0"},
				"west": {"uv": [8.25, 0.25, 8.5, 0.5], "rotation": 270, "texture": "#0"},
				"up": {"uv": [8.5, 0.25, 8.25, 0.5], "rotation": 180, "texture": "#0"},
				"down": {"uv": [8.5, 0.25, 8.25, 0.5], "texture": "#0"}
			}
		},
		{
			"from": [7.32457, 9.67174, 5.30402],
			"to": [8.67543, 10.53303, 10.76095],
			"rotation": {"angle": 0, "axis": "y", "origin": [8, 10.10239, 5.53249]},
			"faces": {
				"north": {"uv": [8.5, 0.25, 8.25, 0.5], "rotation": 90, "texture": "#0"},
				"east": {"uv": [8.25, 0.25, 8.5, 0.5], "rotation": 270, "texture": "#0"},
				"south": {"uv": [8.5, 0.25, 8.25, 0.5], "rotation": 90, "texture": "#0"},
				"west": {"uv": [8.25, 0.25, 8.5, 0.5], "rotation": 270, "texture": "#0"},
				"up": {"uv": [8.5, 0.25, 8.25, 0.5], "rotation": 180, "texture": "#0"},
				"down": {"uv": [8.5, 0.25, 8.25, 0.5], "texture": "#0"}
			}
		},
		{
			"from": [8.17508, 10.32578, 5.30402],
			"to": [8.51195, 10.9277, 10.76095],
			"rotation": {"angle": 45, "axis": "z", "origin": [8.34351, 10.62674, 5.53249]},
			"faces": {
				"north": {"uv": [8.5, 0.25, 8.25, 0.5], "rotation": 90, "texture": "#0"},
				"east": {"uv": [8.25, 0.25, 8.5, 0.5], "rotation": 270, "texture": "#0"},
				"south": {"uv": [8.5, 0.25, 8.25, 0.5], "rotation": 90, "texture": "#0"},
				"west": {"uv": [8.25, 0.25, 8.5, 0.5], "rotation": 270, "texture": "#0"},
				"up": {"uv": [8.5, 0.25, 8.25, 0.5], "rotation": 180, "texture": "#0"},
				"down": {"uv": [8.5, 0.25, 8.25, 0.5], "texture": "#0"}
			}
		},
		{
			"from": [8.17508, 9.27707, 5.30402],
			"to": [8.51195, 9.87899, 10.76095],
			"rotation": {"angle": -45, "axis": "z", "origin": [8.34351, 9.57803, 5.53249]},
			"faces": {
				"north": {"uv": [8.5, 0.25, 8.25, 0.5], "rotation": 90, "texture": "#0"},
				"east": {"uv": [8.25, 0.25, 8.5, 0.5], "rotation": 270, "texture": "#0"},
				"south": {"uv": [8.5, 0.25, 8.25, 0.5], "rotation": 90, "texture": "#0"},
				"west": {"uv": [8.25, 0.25, 8.5, 0.5], "rotation": 270, "texture": "#0"},
				"up": {"uv": [8.5, 0.25, 8.25, 0.5], "rotation": 180, "texture": "#0"},
				"down": {"uv": [8.5, 0.25, 8.25, 0.5], "texture": "#0"}
			}
		},
		{
			"from": [7.7, 12.5, 7.25],
			"to": [8.3, 13.6, 7.7],
			"rotation": {"angle": 0, "axis": "y", "origin": [0, 0, 3]},
			"faces": {
				"north": {"uv": [9, 0.75, 9.35, 1.3], "texture": "#0"},
				"east": {"uv": [9, 0.75, 9.35, 1.3], "texture": "#0"},
				"south": {"uv": [9, 0.75, 9.35, 1.3], "texture": "#0"},
				"west": {"uv": [9, 0.75, 9.35, 1.3], "texture": "#0"},
				"up": {"uv": [9, 0.75, 9.35, 1.3], "texture": "#0"},
				"down": {"uv": [9, 0.75, 9.35, 1.3], "texture": "#0"}
			}
		},
		{
			"from": [7.7, 11.5, 13.15],
			"to": [8.3, 13.6, 13.6],
			"rotation": {"angle": 0, "axis": "y", "origin": [0, 0, 3]},
			"faces": {
				"north": {"uv": [8.75, 0.75, 9.35, 1.3], "texture": "#0"},
				"east": {"uv": [8.75, 0.75, 9.35, 1.3], "texture": "#0"},
				"south": {"uv": [8.75, 0.75, 9.35, 1.3], "texture": "#0"},
				"west": {"uv": [8.75, 0.75, 9.35, 1.3], "texture": "#0"},
				"up": {"uv": [8.75, 0.75, 9.35, 1.3], "texture": "#0"},
				"down": {"uv": [8.75, 0.75, 9.35, 1.3], "texture": "#0"}
			}
		},
		{
			"from": [7.7, 11.3, 13.35],
			"to": [8.3, 13.4, 14.7],
			"rotation": {"angle": 45, "axis": "x", "origin": [8, 13, 13]},
			"faces": {
				"north": {"uv": [9, 0.75, 9.35, 1.3], "texture": "#0"},
				"east": {"uv": [9, 0.75, 9.35, 1.3], "texture": "#0"},
				"south": {"uv": [9, 0.75, 9.35, 1.3], "texture": "#0"},
				"west": {"uv": [9, 0.75, 9.35, 1.3], "texture": "#0"},
				"up": {"uv": [9, 0.75, 9.35, 1.3], "texture": "#0"},
				"down": {"uv": [9, 0.75, 9.35, 1.3], "texture": "#0"}
			}
		},
		{
			"from": [7.6, 13.6, 7.05],
			"to": [8.4, 14.5, 13.7],
			"rotation": {"angle": 0, "axis": "y", "origin": [0, 0, 3]},
			"faces": {
				"north": {"uv": [8.75, 0.75, 9.3, 1.35], "texture": "#0"},
				"east": {"uv": [8.75, 0.75, 9.3, 1.35], "texture": "#0"},
				"south": {"uv": [8.75, 0.75, 9.3, 1.35], "texture": "#0"},
				"west": {"uv": [8.75, 0.75, 9.3, 1.35], "texture": "#0"},
				"up": {"uv": [8.75, 0.75, 9.3, 1.35], "texture": "#0"},
				"down": {"uv": [8.75, 0.75, 9.3, 1.35], "texture": "#0"}
			}
		},
		{
			"from": [7.5, 13.5, 13.65],
			"to": [8.5, 14.6, 15.05],
			"rotation": {"angle": 0, "axis": "y", "origin": [0, 0, 3]},
			"faces": {
				"north": {"uv": [8.75, 0.75, 9.35, 1.3], "texture": "#0"},
				"east": {"uv": [8.75, 0.75, 9.35, 1.3], "texture": "#0"},
				"south": {"uv": [8.75, 0.75, 9.35, 1.3], "texture": "#0"},
				"west": {"uv": [8.75, 0.75, 9.35, 1.3], "texture": "#0"},
				"up": {"uv": [8.75, 0.75, 9.35, 1.3], "texture": "#0"},
				"down": {"uv": [8.75, 0.75, 9.35, 1.3], "texture": "#0"}
			}
		},
		{
			"from": [7.625, 14.5, 15.05],
			"to": [8.375, 14.6, 15.3],
			"rotation": {"angle": 0, "axis": "y", "origin": [0, 0, 2.9]},
			"faces": {
				"north": {"uv": [8.75, 0.75, 9.35, 1.3], "texture": "#0"},
				"east": {"uv": [8.75, 0.75, 9.35, 1.3], "texture": "#0"},
				"south": {"uv": [8.75, 0.75, 9.35, 1.3], "texture": "#0"},
				"west": {"uv": [8.75, 0.75, 9.35, 1.3], "texture": "#0"},
				"up": {"uv": [8.75, 0.75, 9.35, 1.3], "texture": "#0"},
				"down": {"uv": [8.75, 0.75, 9.35, 1.3], "texture": "#0"}
			}
		},
		{
			"from": [7.625, 13.6, 15.05],
			"to": [8.375, 14.5, 15.1],
			"rotation": {"angle": 0, "axis": "y", "origin": [0, 0, 2.9]},
			"faces": {
				"north": {"uv": [8.75, 0.75, 9.35, 1.3], "texture": "#0"},
				"east": {"uv": [8.75, 0.75, 9.35, 1.3], "texture": "#0"},
				"south": {"uv": [8.75, 2.25, 9.35, 2.8], "texture": "#0"},
				"west": {"uv": [8.75, 0.75, 9.35, 1.3], "texture": "#0"},
				"up": {"uv": [8.75, 0.75, 9.35, 1.3], "texture": "#0"},
				"down": {"uv": [8.75, 0.75, 9.35, 1.3], "texture": "#0"}
			}
		},
		{
			"from": [7.625, 13.5, 15.05],
			"to": [8.375, 13.6, 15.3],
			"rotation": {"angle": 0, "axis": "y", "origin": [0, -1, 2.9]},
			"faces": {
				"north": {"uv": [8.75, 0.75, 9.35, 1.3], "texture": "#0"},
				"east": {"uv": [8.75, 0.75, 9.35, 1.3], "texture": "#0"},
				"south": {"uv": [8.75, 0.75, 9.35, 1.3], "texture": "#0"},
				"west": {"uv": [8.75, 0.75, 9.35, 1.3], "texture": "#0"},
				"up": {"uv": [8.75, 0.75, 9.35, 1.3], "texture": "#0"},
				"down": {"uv": [8.75, 0.75, 9.35, 1.3], "texture": "#0"}
			}
		},
		{
			"from": [8.375, 13.5, 15.05],
			"to": [8.5, 14.6, 15.3],
			"rotation": {"angle": 0, "axis": "y", "origin": [0, 0, 2.7]},
			"faces": {
				"north": {"uv": [8.75, 0.75, 9.35, 1.3], "texture": "#0"},
				"east": {"uv": [8.75, 0.75, 9.35, 1.3], "texture": "#0"},
				"south": {"uv": [8.75, 0.75, 9.35, 1.3], "texture": "#0"},
				"west": {"uv": [8.75, 0.75, 9.35, 1.3], "texture": "#0"},
				"up": {"uv": [8.75, 0.75, 9.35, 1.3], "texture": "#0"},
				"down": {"uv": [8.75, 0.75, 9.35, 1.3], "texture": "#0"}
			}
		},
		{
			"from": [7.5, 13.5, 15.05],
			"to": [7.625, 14.6, 15.3],
			"rotation": {"angle": 0, "axis": "y", "origin": [-0.875, 0, 2.7]},
			"faces": {
				"north": {"uv": [8.75, 0.75, 9.35, 1.3], "texture": "#0"},
				"east": {"uv": [8.75, 0.75, 9.35, 1.3], "texture": "#0"},
				"south": {"uv": [8.75, 0.75, 9.35, 1.3], "texture": "#0"},
				"west": {"uv": [8.75, 0.75, 9.35, 1.3], "texture": "#0"},
				"up": {"uv": [8.75, 0.75, 9.35, 1.3], "texture": "#0"},
				"down": {"uv": [8.75, 0.75, 9.35, 1.3], "texture": "#0"}
			}
		},
		{
			"from": [7.5, 13.5, 5.4],
			"to": [7.625, 14.6, 5.65],
			"rotation": {"angle": 0, "axis": "y", "origin": [-0.875, 0, -6.95]},
			"faces": {
				"north": {"uv": [8.75, 0.75, 9.35, 1.3], "texture": "#0"},
				"east": {"uv": [8.75, 0.75, 9.35, 1.3], "texture": "#0"},
				"south": {"uv": [8.75, 0.75, 9.35, 1.3], "texture": "#0"},
				"west": {"uv": [8.75, 0.75, 9.35, 1.3], "texture": "#0"},
				"up": {"uv": [8.75, 0.75, 9.35, 1.3], "texture": "#0"},
				"down": {"uv": [8.75, 0.75, 9.35, 1.3], "texture": "#0"}
			}
		},
		{
			"from": [7.625, 14.5, 5.4],
			"to": [8.375, 14.6, 5.65],
			"rotation": {"angle": 0, "axis": "y", "origin": [0, 0, -6.75]},
			"faces": {
				"north": {"uv": [8.75, 0.75, 9.35, 1.3], "texture": "#0"},
				"east": {"uv": [8.75, 0.75, 9.35, 1.3], "texture": "#0"},
				"south": {"uv": [8.75, 0.75, 9.35, 1.3], "texture": "#0"},
				"west": {"uv": [8.75, 0.75, 9.35, 1.3], "texture": "#0"},
				"up": {"uv": [8.75, 0.75, 9.35, 1.3], "texture": "#0"},
				"down": {"uv": [8.75, 0.75, 9.35, 1.3], "texture": "#0"}
			}
		},
		{
			"from": [7.625, 13.6, 5.6],
			"to": [8.375, 14.5, 5.65],
			"rotation": {"angle": 0, "axis": "y", "origin": [0, 0, -6.75]},
			"faces": {
				"north": {"uv": [8.75, 2.25, 9.35, 2.8], "texture": "#0"},
				"east": {"uv": [8.75, 0.75, 9.35, 1.3], "texture": "#0"},
				"south": {"uv": [8.75, 0.75, 9.35, 1.3], "texture": "#0"},
				"west": {"uv": [8.75, 0.75, 9.35, 1.3], "texture": "#0"},
				"up": {"uv": [8.75, 0.75, 9.35, 1.3], "texture": "#0"},
				"down": {"uv": [8.75, 0.75, 9.35, 1.3], "texture": "#0"}
			}
		},
		{
			"from": [8.375, 13.5, 5.4],
			"to": [8.5, 14.6, 5.65],
			"rotation": {"angle": 0, "axis": "y", "origin": [0, 0, -6.95]},
			"faces": {
				"north": {"uv": [8.75, 0.75, 9.35, 1.3], "texture": "#0"},
				"east": {"uv": [8.75, 0.75, 9.35, 1.3], "texture": "#0"},
				"south": {"uv": [8.75, 0.75, 9.35, 1.3], "texture": "#0"},
				"west": {"uv": [8.75, 0.75, 9.35, 1.3], "texture": "#0"},
				"up": {"uv": [8.75, 0.75, 9.35, 1.3], "texture": "#0"},
				"down": {"uv": [8.75, 0.75, 9.35, 1.3], "texture": "#0"}
			}
		},
		{
			"from": [7.625, 13.5, 5.4],
			"to": [8.375, 13.6, 5.65],
			"rotation": {"angle": 0, "axis": "y", "origin": [0, -1, -6.75]},
			"faces": {
				"north": {"uv": [8.75, 0.75, 9.35, 1.3], "texture": "#0"},
				"east": {"uv": [8.75, 0.75, 9.35, 1.3], "texture": "#0"},
				"south": {"uv": [8.75, 0.75, 9.35, 1.3], "texture": "#0"},
				"west": {"uv": [8.75, 0.75, 9.35, 1.3], "texture": "#0"},
				"up": {"uv": [8.75, 0.75, 9.35, 1.3], "texture": "#0"},
				"down": {"uv": [8.75, 0.75, 9.35, 1.3], "texture": "#0"}
			}
		},
		{
			"from": [7.5, 13.5, 5.65],
			"to": [8.5, 14.6, 7.1],
			"rotation": {"angle": 0, "axis": "y", "origin": [0, 0, 3]},
			"faces": {
				"north": {"uv": [8.75, 0.75, 9.35, 1.3], "texture": "#0"},
				"east": {"uv": [8.75, 0.75, 9.35, 1.3], "texture": "#0"},
				"south": {"uv": [8.75, 0.75, 9.35, 1.3], "texture": "#0"},
				"west": {"uv": [8.75, 0.75, 9.35, 1.3], "texture": "#0"},
				"up": {"uv": [8.75, 0.75, 9.35, 1.3], "texture": "#0"},
				"down": {"uv": [8.75, 0.75, 9.35, 1.3], "texture": "#0"}
			}
		},
		{
			"from": [7.7, 11, -2.5],
			"to": [8.3, 11.6, 5.5],
			"rotation": {"angle": 0, "axis": "y", "origin": [0, 0, 3]},
			"faces": {
				"north": {"uv": [0, 0, 0.1, 0.1], "texture": "#0"},
				"east": {"uv": [0, 0, 5.8, 0.1], "texture": "#0"},
				"south": {"uv": [0, 0, 0.1, 0.1], "texture": "#0"},
				"west": {"uv": [0, 0, 5.8, 0.1], "texture": "#0"},
				"up": {"uv": [0, 0, 0.1, 5.8], "texture": "#0"},
				"down": {"uv": [8.25, 1, 8.35, 1.3], "texture": "#0"}
			}
		},
		{
			"from": [7.5, 10.8, -3.3],
			"to": [8.5, 11.8, -2.3],
			"rotation": {"angle": 0, "axis": "y", "origin": [0, 0, 3]},
			"faces": {
				"north": {"uv": [0, 0, 0.1, 0.1], "texture": "#0"},
				"east": {"uv": [0, 0, 5.8, 0.1], "texture": "#0"},
				"south": {"uv": [0, 0, 0.1, 0.1], "texture": "#0"},
				"west": {"uv": [0, 0, 5.8, 0.1], "texture": "#0"},
				"up": {"uv": [0, 0, 0.1, 5.8], "texture": "#0"},
				"down": {"uv": [8.25, 1, 8.35, 1.3], "texture": "#0"}
			}
		},
		{
			"from": [7.2, 9.25, 4.2],
			"to": [8.8, 13.35, 4.5],
			"rotation": {"angle": 0, "axis": "y", "origin": [0, 0, 3]},
			"faces": {
				"north": {"uv": [0, 0, 0.1, 0.1], "texture": "#0"},
				"east": {"uv": [0, 0, 5.8, 0.1], "texture": "#0"},
				"south": {"uv": [0, 0, 0.1, 0.1], "texture": "#0"},
				"west": {"uv": [0, 0, 5.8, 0.1], "texture": "#0"},
				"up": {"uv": [0, 0, 0.1, 5.8], "texture": "#0"},
				"down": {"uv": [8.25, 1, 8.35, 1.3], "texture": "#0"}
			}
		},
		{
			"from": [7.3, 9.6125, 3.2],
			"to": [8.7, 12.9975, 3.5],
			"rotation": {"angle": 0, "axis": "y", "origin": [0, 0, 3]},
			"faces": {
				"north": {"uv": [0, 0, 0.1, 0.1], "texture": "#0"},
				"east": {"uv": [0, 0, 5.8, 0.1], "texture": "#0"},
				"south": {"uv": [0, 0, 0.1, 0.1], "texture": "#0"},
				"west": {"uv": [0, 0, 5.8, 0.1], "texture": "#0"},
				"up": {"uv": [0, 0, 0.1, 5.8], "texture": "#0"},
				"down": {"uv": [8.25, 1, 8.35, 1.3], "texture": "#0"}
			}
		},
		{
			"from": [7.55, 9.875, 2.2],
			"to": [8.45, 12.7625, 2.5],
			"rotation": {"angle": 0, "axis": "y", "origin": [0, 0, 3]},
			"faces": {
				"north": {"uv": [0, 0, 0.1, 0.1], "texture": "#0"},
				"east": {"uv": [0, 0, 5.8, 0.1], "texture": "#0"},
				"south": {"uv": [0, 0, 0.1, 0.1], "texture": "#0"},
				"west": {"uv": [0, 0, 5.8, 0.1], "texture": "#0"},
				"up": {"uv": [0, 0, 0.1, 5.8], "texture": "#0"},
				"down": {"uv": [8.25, 1, 8.35, 1.3], "texture": "#0"}
			}
		},
		{
			"from": [8.13683, 10.49688, 3.2],
			"to": [9.73683, 11.89688, 3.5],
			"rotation": {"angle": 45, "axis": "z", "origin": [7.88683, 11.19688, 3]},
			"faces": {
				"north": {"uv": [0, 0, 0.1, 0.1], "rotation": 90, "texture": "#0"},
				"east": {"uv": [8.25, 1, 8.35, 1.3], "rotation": 270, "texture": "#0"},
				"south": {"uv": [0, 0, 0.1, 0.1], "rotation": 270, "texture": "#0"},
				"west": {"uv": [0, 0, 0.1, 5.8], "rotation": 270, "texture": "#0"},
				"up": {"uv": [0, 0, 5.8, 0.1], "rotation": 270, "texture": "#0"},
				"down": {"uv": [0, 0, 5.8, 0.1], "rotation": 270, "texture": "#0"}
			}
		},
		{
			"from": [7.88683, 10.45938, 2.2],
			"to": [9.48683, 11.65938, 2.5],
			"rotation": {"angle": 45, "axis": "z", "origin": [7.63683, 10.95938, 2]},
			"faces": {
				"north": {"uv": [0, 0, 0.1, 0.1], "rotation": 90, "texture": "#0"},
				"east": {"uv": [8.25, 1, 8.35, 1.3], "rotation": 270, "texture": "#0"},
				"south": {"uv": [0, 0, 0.1, 0.1], "rotation": 270, "texture": "#0"},
				"west": {"uv": [0, 0, 0.1, 5.8], "rotation": 270, "texture": "#0"},
				"up": {"uv": [0, 0, 5.8, 0.1], "rotation": 270, "texture": "#0"},
				"down": {"uv": [0, 0, 5.8, 0.1], "rotation": 270, "texture": "#0"}
			}
		},
		{
			"from": [7.26967, 9.55178, 2.2],
			"to": [8.86967, 10.75178, 2.5],
			"rotation": {"angle": 45, "axis": "z", "origin": [7.01967, 10.05178, 2]},
			"faces": {
				"north": {"uv": [0, 0, 0.1, 0.1], "rotation": 90, "texture": "#0"},
				"east": {"uv": [8.25, 1, 8.35, 1.3], "rotation": 270, "texture": "#0"},
				"south": {"uv": [0, 0, 0.1, 0.1], "rotation": 270, "texture": "#0"},
				"west": {"uv": [0, 0, 0.1, 5.8], "rotation": 270, "texture": "#0"},
				"up": {"uv": [0, 0, 5.8, 0.1], "rotation": 270, "texture": "#0"},
				"down": {"uv": [0, 0, 5.8, 0.1], "rotation": 270, "texture": "#0"}
			}
		},
		{
			"from": [7.69853, 10.71397, 2.2],
			"to": [9.29853, 11.91397, 2.5],
			"rotation": {"angle": 0, "axis": "y", "origin": [7.44853, 11.21397, 2]},
			"faces": {
				"north": {"uv": [0, 0, 0.1, 0.1], "rotation": 90, "texture": "#0"},
				"east": {"uv": [8.25, 1, 8.35, 1.3], "rotation": 270, "texture": "#0"},
				"south": {"uv": [0, 0, 0.1, 0.1], "rotation": 270, "texture": "#0"},
				"west": {"uv": [0, 0, 0.1, 5.8], "rotation": 270, "texture": "#0"},
				"up": {"uv": [0, 0, 5.8, 0.1], "rotation": 270, "texture": "#0"},
				"down": {"uv": [0, 0, 5.8, 0.1], "rotation": 270, "texture": "#0"}
			}
		},
		{
			"from": [7.74541, 11.02714, 2.2],
			"to": [9.34541, 12.22714, 2.5],
			"rotation": {"angle": -45, "axis": "z", "origin": [7.49541, 11.52714, 2]},
			"faces": {
				"north": {"uv": [0, 0, 0.1, 0.1], "rotation": 90, "texture": "#0"},
				"east": {"uv": [8.25, 1, 8.35, 1.3], "rotation": 270, "texture": "#0"},
				"south": {"uv": [0, 0, 0.1, 0.1], "rotation": 270, "texture": "#0"},
				"west": {"uv": [0, 0, 0.1, 5.8], "rotation": 270, "texture": "#0"},
				"up": {"uv": [0, 0, 5.8, 0.1], "rotation": 270, "texture": "#0"},
				"down": {"uv": [0, 0, 5.8, 0.1], "rotation": 270, "texture": "#0"}
			}
		},
		{
			"from": [7.12825, 11.9443, 2.2],
			"to": [8.72825, 13.1443, 2.5],
			"rotation": {"angle": -45, "axis": "z", "origin": [6.87825, 12.4443, 2]},
			"faces": {
				"north": {"uv": [0, 0, 0.1, 0.1], "rotation": 90, "texture": "#0"},
				"east": {"uv": [8.25, 1, 8.35, 1.3], "rotation": 270, "texture": "#0"},
				"south": {"uv": [0, 0, 0.1, 0.1], "rotation": 270, "texture": "#0"},
				"west": {"uv": [0, 0, 0.1, 5.8], "rotation": 270, "texture": "#0"},
				"up": {"uv": [0, 0, 5.8, 0.1], "rotation": 270, "texture": "#0"},
				"down": {"uv": [0, 0, 5.8, 0.1], "rotation": 270, "texture": "#0"}
			}
		},
		{
			"from": [6.70147, 10.71397, 2.2],
			"to": [8.30147, 11.91397, 2.5],
			"rotation": {"angle": 0, "axis": "y", "origin": [6.45147, 11.21397, 2]},
			"faces": {
				"north": {"uv": [0, 0, 0.1, 0.1], "rotation": 90, "texture": "#0"},
				"east": {"uv": [8.25, 1, 8.35, 1.3], "rotation": 270, "texture": "#0"},
				"south": {"uv": [0, 0, 0.1, 0.1], "rotation": 270, "texture": "#0"},
				"west": {"uv": [0, 0, 0.1, 5.8], "rotation": 270, "texture": "#0"},
				"up": {"uv": [0, 0, 5.8, 0.1], "rotation": 270, "texture": "#0"},
				"down": {"uv": [0, 0, 5.8, 0.1], "rotation": 270, "texture": "#0"}
			}
		},
		{
			"from": [8.08995, 10.61005, 3.2],
			"to": [9.68995, 12.01005, 3.5],
			"rotation": {"angle": 0, "axis": "y", "origin": [7.83995, 11.31005, 3]},
			"faces": {
				"north": {"uv": [0, 0, 0.1, 0.1], "rotation": 90, "texture": "#0"},
				"east": {"uv": [8.25, 1, 8.35, 1.3], "rotation": 270, "texture": "#0"},
				"south": {"uv": [0, 0, 0.1, 0.1], "rotation": 270, "texture": "#0"},
				"west": {"uv": [0, 0, 0.1, 5.8], "rotation": 270, "texture": "#0"},
				"up": {"uv": [0, 0, 5.8, 0.1], "rotation": 270, "texture": "#0"},
				"down": {"uv": [0, 0, 5.8, 0.1], "rotation": 270, "texture": "#0"}
			}
		},
		{
			"from": [8.13683, 10.72322, 3.2],
			"to": [9.73683, 12.12322, 3.5],
			"rotation": {"angle": -45, "axis": "z", "origin": [7.88683, 11.42322, 3]},
			"faces": {
				"north": {"uv": [0, 0, 0.1, 0.1], "rotation": 90, "texture": "#0"},
				"east": {"uv": [8.25, 1, 8.35, 1.3], "rotation": 270, "texture": "#0"},
				"south": {"uv": [0, 0, 0.1, 0.1], "rotation": 270, "texture": "#0"},
				"west": {"uv": [0, 0, 0.1, 5.8], "rotation": 270, "texture": "#0"},
				"up": {"uv": [0, 0, 5.8, 0.1], "rotation": 270, "texture": "#0"},
				"down": {"uv": [0, 0, 5.8, 0.1], "rotation": 270, "texture": "#0"}
			}
		},
		{
			"from": [6.87825, 11.9818, 3.2],
			"to": [8.47825, 13.3818, 3.5],
			"rotation": {"angle": -45, "axis": "z", "origin": [6.62825, 12.6818, 3]},
			"faces": {
				"north": {"uv": [0, 0, 0.1, 0.1], "rotation": 90, "texture": "#0"},
				"east": {"uv": [8.25, 1, 8.35, 1.3], "rotation": 270, "texture": "#0"},
				"south": {"uv": [0, 0, 0.1, 0.1], "rotation": 270, "texture": "#0"},
				"west": {"uv": [0, 0, 0.1, 5.8], "rotation": 270, "texture": "#0"},
				"up": {"uv": [0, 0, 5.8, 0.1], "rotation": 270, "texture": "#0"},
				"down": {"uv": [0, 0, 5.8, 0.1], "rotation": 270, "texture": "#0"}
			}
		},
		{
			"from": [6.31005, 10.61005, 3.2],
			"to": [7.91005, 12.01005, 3.5],
			"rotation": {"angle": 0, "axis": "y", "origin": [6.06005, 11.31005, 3]},
			"faces": {
				"north": {"uv": [0, 0, 0.1, 0.1], "rotation": 90, "texture": "#0"},
				"east": {"uv": [8.25, 1, 8.35, 1.3], "rotation": 270, "texture": "#0"},
				"south": {"uv": [0, 0, 0.1, 0.1], "rotation": 270, "texture": "#0"},
				"west": {"uv": [0, 0, 0.1, 5.8], "rotation": 270, "texture": "#0"},
				"up": {"uv": [0, 0, 5.8, 0.1], "rotation": 270, "texture": "#0"},
				"down": {"uv": [0, 0, 5.8, 0.1], "rotation": 270, "texture": "#0"}
			}
		},
		{
			"from": [6.87825, 9.2383, 3.2],
			"to": [8.47825, 10.6383, 3.5],
			"rotation": {"angle": 45, "axis": "z", "origin": [6.62825, 9.9383, 3]},
			"faces": {
				"north": {"uv": [0, 0, 0.1, 0.1], "rotation": 90, "texture": "#0"},
				"east": {"uv": [8.25, 1, 8.35, 1.3], "rotation": 270, "texture": "#0"},
				"south": {"uv": [0, 0, 0.1, 0.1], "rotation": 270, "texture": "#0"},
				"west": {"uv": [0, 0, 0.1, 5.8], "rotation": 270, "texture": "#0"},
				"up": {"uv": [0, 0, 5.8, 0.1], "rotation": 270, "texture": "#0"},
				"down": {"uv": [0, 0, 5.8, 0.1], "rotation": 270, "texture": "#0"}
			}
		},
		{
			"from": [5.95, 10.5, 4.2],
			"to": [10.05, 12.1, 4.5],
			"rotation": {"angle": 0, "axis": "y", "origin": [8, 11.3, 3]},
			"faces": {
				"north": {"uv": [0, 0, 0.1, 0.1], "rotation": 90, "texture": "#0"},
				"east": {"uv": [8.25, 1, 8.35, 1.3], "rotation": 270, "texture": "#0"},
				"south": {"uv": [0, 0, 0.1, 0.1], "rotation": 270, "texture": "#0"},
				"west": {"uv": [0, 0, 0.1, 5.8], "rotation": 270, "texture": "#0"},
				"up": {"uv": [0, 0, 5.8, 0.1], "rotation": 270, "texture": "#0"},
				"down": {"uv": [0, 0, 5.8, 0.1], "rotation": 270, "texture": "#0"}
			}
		},
		{
			"from": [6.03388, 10.35975, 4.2],
			"to": [8.13388, 12.13475, 4.5],
			"rotation": {"angle": -45, "axis": "z", "origin": [8.08388, 11.33475, 3]},
			"faces": {
				"north": {"uv": [0, 0, 0.1, 0.1], "rotation": 90, "texture": "#0"},
				"east": {"uv": [8.25, 1, 8.35, 1.3], "rotation": 270, "texture": "#0"},
				"south": {"uv": [0, 0, 0.1, 0.1], "rotation": 270, "texture": "#0"},
				"west": {"uv": [0, 0, 0.1, 5.8], "rotation": 270, "texture": "#0"},
				"up": {"uv": [0, 0, 5.8, 0.1], "rotation": 270, "texture": "#0"},
				"down": {"uv": [0, 0, 5.8, 0.1], "rotation": 270, "texture": "#0"}
			}
		},
		{
			"from": [7.39896, 8.99467, 4.2],
			"to": [9.49896, 10.76967, 4.5],
			"rotation": {"angle": -45, "axis": "z", "origin": [9.44896, 9.96967, 3]},
			"faces": {
				"north": {"uv": [0, 0, 0.1, 0.1], "rotation": 90, "texture": "#0"},
				"east": {"uv": [8.25, 1, 8.35, 1.3], "rotation": 270, "texture": "#0"},
				"south": {"uv": [0, 0, 0.1, 0.1], "rotation": 270, "texture": "#0"},
				"west": {"uv": [0, 0, 0.1, 5.8], "rotation": 270, "texture": "#0"},
				"up": {"uv": [0, 0, 5.8, 0.1], "rotation": 270, "texture": "#0"},
				"down": {"uv": [0, 0, 5.8, 0.1], "rotation": 270, "texture": "#0"}
			}
		},
		{
			"from": [5.91525, 10.40888, 4.2],
			"to": [8.01525, 12.18388, 4.5],
			"rotation": {"angle": 45, "axis": "z", "origin": [7.96525, 11.38388, 3]},
			"faces": {
				"north": {"uv": [0, 0, 0.1, 0.1], "rotation": 90, "texture": "#0"},
				"east": {"uv": [8.25, 1, 8.35, 1.3], "rotation": 270, "texture": "#0"},
				"south": {"uv": [0, 0, 0.1, 0.1], "rotation": 270, "texture": "#0"},
				"west": {"uv": [0, 0, 0.1, 5.8], "rotation": 270, "texture": "#0"},
				"up": {"uv": [0, 0, 5.8, 0.1], "rotation": 270, "texture": "#0"},
				"down": {"uv": [0, 0, 5.8, 0.1], "rotation": 270, "texture": "#0"}
			}
		},
		{
			"from": [7.28033, 11.77396, 4.2],
			"to": [9.38033, 13.54896, 4.5],
			"rotation": {"angle": 45, "axis": "z", "origin": [9.33033, 12.74896, 3]},
			"faces": {
				"north": {"uv": [0, 0, 0.1, 0.1], "rotation": 90, "texture": "#0"},
				"east": {"uv": [8.25, 1, 8.35, 1.3], "rotation": 270, "texture": "#0"},
				"south": {"uv": [0, 0, 0.1, 0.1], "rotation": 270, "texture": "#0"},
				"west": {"uv": [0, 0, 0.1, 5.8], "rotation": 270, "texture": "#0"},
				"up": {"uv": [0, 0, 5.8, 0.1], "rotation": 270, "texture": "#0"},
				"down": {"uv": [0, 0, 5.8, 0.1], "rotation": 270, "texture": "#0"}
			}
		},
		{
			"from": [7.85, 11.45, 5.2],
			"to": [8.15, 11.75, 11],
			"rotation": {"angle": 0, "axis": "y", "origin": [0, 0, 3]},
			"faces": {
				"north": {"uv": [0, 0, 0.1, 0.1], "texture": "#0"},
				"east": {"uv": [0, 0, 5.8, 0.1], "texture": "#0"},
				"south": {"uv": [0, 0, 0.1, 0.1], "texture": "#0"},
				"west": {"uv": [0, 0, 5.8, 0.1], "texture": "#0"},
				"up": {"uv": [0, 0, 0.1, 5.8], "texture": "#0"},
				"down": {"uv": [8.25, 1, 8.35, 1.3], "texture": "#0"}
			}
		},
		{
			"from": [7.5, 11.35, 6.6],
			"to": [8.5, 11.85, 9.6],
			"rotation": {"angle": 0, "axis": "y", "origin": [8, 11.6, 6.6]},
			"faces": {
				"north": {"uv": [0.5, 2, 5.5, 4.5], "texture": "#2"},
				"east": {"uv": [0.5, 0.5, 5.5, 1.5], "texture": "#2"},
				"south": {"uv": [0.5, 2, 5.5, 4.5], "texture": "#2"},
				"west": {"uv": [0.5, 0.5, 5.5, 1.5], "texture": "#2"},
				"up": {"uv": [0.5, 2, 5.5, 4.5], "texture": "#2"},
				"down": {"uv": [0.5, 2, 5.5, 4.5], "texture": "#2"}
			}
		},
		{
			"from": [7.75, 11.1, 6.6],
			"to": [8.25, 12.1, 9.6],
			"rotation": {"angle": 0, "axis": "y", "origin": [8, 11.6, 6.6]},
			"faces": {
				"north": {"uv": [1.25, 3, 3.75, 3.5], "rotation": 90, "texture": "#2"},
				"east": {"uv": [1.25, 3, 3.75, 3.5], "rotation": 90, "texture": "#2"},
				"south": {"uv": [1.25, 3, 3.75, 3.5], "rotation": 90, "texture": "#2"},
				"west": {"uv": [1.25, 3, 3.75, 3.5], "rotation": 90, "texture": "#2"},
				"up": {"uv": [0.5, 0.5, 5.5, 1.5], "rotation": 90, "texture": "#2"},
				"down": {"uv": [0.5, 0.5, 5.5, 1.5], "rotation": 90, "texture": "#2"}
			}
		},
		{
			"from": [7.75, 11.83806, 9.40866],
			"to": [8.25, 12.13806, 10.05866],
			"rotation": {"angle": 22.5, "axis": "x", "origin": [12, 11.63806, 9.40866]},
			"faces": {
				"north": {"uv": [2, 2.75, 2.3, 3.4], "rotation": 90, "texture": "#2"},
				"east": {"uv": [2, 2.75, 2.3, 3.4], "rotation": 90, "texture": "#2"},
				"south": {"uv": [2, 2.75, 2.3, 3.4], "rotation": 90, "texture": "#2"},
				"west": {"uv": [2, 2.75, 2.3, 3.4], "rotation": 90, "texture": "#2"},
				"up": {"uv": [6, 0.75, 7.8, 1.4], "rotation": 90, "texture": "#2"},
				"down": {"uv": [2, 2.75, 2.3, 3.4], "rotation": 90, "texture": "#2"}
			}
		},
		{
			"from": [7.46194, 11.35, 9.40866],
			"to": [7.76194, 11.85, 10.05866],
			"rotation": {"angle": 22.5, "axis": "y", "origin": [7.96194, 18.6, 9.40866]},
			"faces": {
				"north": {"uv": [2.5, 3.25, 3.15, 3.75], "texture": "#2"},
				"east": {"uv": [2.5, 3.25, 3.15, 3.75], "texture": "#2"},
				"south": {"uv": [2.5, 3.25, 3.15, 3.75], "texture": "#2"},
				"west": {"uv": [6, 0.75, 7.65, 1.25], "texture": "#2"},
				"up": {"uv": [2.5, 3.25, 3.15, 3.75], "texture": "#2"},
				"down": {"uv": [2.5, 3.25, 3.15, 3.75], "texture": "#2"}
			}
		},
		{
			"from": [8.23806, 11.35, 9.40866],
			"to": [8.53806, 11.85, 10.05866],
			"rotation": {"angle": -22.5, "axis": "y", "origin": [8.03806, 4.6, 9.40866]},
			"faces": {
				"north": {"uv": [2.25, 2.5, 3.4, 3], "rotation": 180, "texture": "#2"},
				"east": {"uv": [6.25, 0.5, 7.9, 1.5], "rotation": 180, "texture": "#2"},
				"south": {"uv": [2.25, 2.5, 3.4, 3], "rotation": 180, "texture": "#2"},
				"west": {"uv": [2.25, 2.5, 3.4, 3], "rotation": 180, "texture": "#2"},
				"up": {"uv": [2.25, 2.5, 3.4, 3], "rotation": 180, "texture": "#2"},
				"down": {"uv": [2.25, 2.5, 3.4, 3], "rotation": 180, "texture": "#2"}
			}
		},
		{
			"from": [7.75, 11.11522, 9.67654],
			"to": [8.25, 11.41522, 10.32654],
			"rotation": {"angle": -22.5, "axis": "x", "origin": [16, 10.91522, 9.67654]},
			"faces": {
				"north": {"uv": [3, 2.75, 3.3, 3.4], "rotation": 90, "texture": "#2"},
				"east": {"uv": [3, 2.75, 3.3, 3.4], "rotation": 90, "texture": "#2"},
				"south": {"uv": [3, 2.75, 3.3, 3.4], "rotation": 90, "texture": "#2"},
				"west": {"uv": [3, 2.75, 3.3, 3.4], "rotation": 90, "texture": "#2"},
				"up": {"uv": [3, 2.75, 3.3, 3.4], "rotation": 90, "texture": "#2"},
				"down": {"uv": [6, 0.75, 7.8, 1.4], "rotation": 90, "texture": "#2"}
			}
		},
		{
			"from": [7.75, 11.36397, 5.92294],
			"to": [8.25, 11.66397, 6.57294],
			"rotation": {"angle": 22.5, "axis": "x", "origin": [12, 11.16397, 5.92294]},
			"faces": {
				"north": {"uv": [2.5, 3, 2.8, 3.65], "rotation": 90, "texture": "#2"},
				"east": {"uv": [2.5, 3, 2.8, 3.65], "rotation": 90, "texture": "#2"},
				"south": {"uv": [2.5, 3, 2.8, 3.65], "rotation": 90, "texture": "#2"},
				"west": {"uv": [2.5, 3, 2.8, 3.65], "rotation": 90, "texture": "#2"},
				"up": {"uv": [2.5, 3, 2.8, 3.65], "rotation": 90, "texture": "#2"},
				"down": {"uv": [6, 0.5, 7.3, 1.15], "rotation": 90, "texture": "#2"}
			}
		},
		{
			"from": [7.76397, 11.35, 5.92294],
			"to": [8.06397, 11.85, 6.57294],
			"rotation": {"angle": -22.5, "axis": "y", "origin": [7.56397, 4.6, 5.92294]},
			"faces": {
				"north": {"uv": [1.5, 2.75, 3.65, 3.75], "rotation": 180, "texture": "#2"},
				"east": {"uv": [1.5, 2.75, 3.65, 3.75], "rotation": 180, "texture": "#2"},
				"south": {"uv": [1.5, 2.75, 3.65, 3.75], "rotation": 180, "texture": "#2"},
				"west": {"uv": [6, 0.5, 7.95, 1.5], "rotation": 180, "texture": "#2"},
				"up": {"uv": [1.5, 2.75, 3.65, 3.75], "rotation": 180, "texture": "#2"},
				"down": {"uv": [1.5, 2.75, 3.65, 3.75], "rotation": 180, "texture": "#2"}
			}
		},
		{
			"from": [7.75, 11.58932, 6.19082],
			"to": [8.25, 11.88932, 6.84082],
			"rotation": {"angle": -22.5, "axis": "x", "origin": [16, 11.38932, 6.19082]},
			"faces": {
				"north": {"uv": [2.75, 2.75, 3.05, 3.4], "rotation": 90, "texture": "#2"},
				"east": {"uv": [2.75, 2.75, 3.05, 3.4], "rotation": 90, "texture": "#2"},
				"south": {"uv": [2.75, 2.75, 3.05, 3.4], "rotation": 90, "texture": "#2"},
				"west": {"uv": [2.75, 2.75, 3.05, 3.4], "rotation": 90, "texture": "#2"},
				"up": {"uv": [6.2, 0.6, 7.8, 1.475], "rotation": 90, "texture": "#2"},
				"down": {"uv": [2.75, 2.75, 3.05, 3.4], "rotation": 90, "texture": "#2"}
			}
		},
		{
			"from": [7.93603, 11.35, 5.92294],
			"to": [8.23603, 11.85, 6.57294],
			"rotation": {"angle": 22.5, "axis": "y", "origin": [8.43603, 18.6, 5.92294]},
			"faces": {
				"north": {"uv": [2.25, 2.5, 3.65, 3], "texture": "#2"},
				"east": {"uv": [6.25, 0.65, 7.9, 1.5], "texture": "#2"},
				"south": {"uv": [2.25, 2.5, 3.65, 3], "texture": "#2"},
				"west": {"uv": [2.25, 2.5, 3.65, 3], "texture": "#2"},
				"up": {"uv": [2.25, 2.5, 3.65, 3], "texture": "#2"},
				"down": {"uv": [2.25, 2.5, 3.65, 3], "texture": "#2"}
			}
		},
		{
			"from": [7.77695, 12.12929, 6.6],
			"to": [8.12695, 12.32929, 9.6],
			"rotation": {"angle": 45, "axis": "z", "origin": [8.21525, 11.75963, 6.6]},
			"faces": {
				"north": {"uv": [1.5, 3, 4.2, 3.5], "rotation": 90, "texture": "#2"},
				"east": {"uv": [1.5, 3, 4.2, 3.5], "rotation": 90, "texture": "#2"},
				"south": {"uv": [1.5, 3, 4.2, 3.5], "rotation": 90, "texture": "#2"},
				"west": {"uv": [1.5, 3, 4.2, 3.5], "rotation": 90, "texture": "#2"},
				"up": {"uv": [0.5, 0.5, 5.45, 1.5], "rotation": 90, "texture": "#2"},
				"down": {"uv": [1.5, 3, 4.2, 3.5], "rotation": 90, "texture": "#2"}
			}
		},
		{
			"from": [6.68493, 12.79116, 6.6],
			"to": [6.88493, 13.14116, 9.6],
			"rotation": {"angle": 45, "axis": "z", "origin": [9.25459, 13.22946, 6.6]},
			"faces": {
				"north": {"uv": [1.5, 3, 4.5, 3.35], "texture": "#2"},
				"east": {"uv": [1.5, 3, 4.5, 3.35], "texture": "#2"},
				"south": {"uv": [1.5, 3, 4.5, 3.35], "texture": "#2"},
				"west": {"uv": [0.5, 0.5, 5.5, 1.475], "texture": "#2"},
				"up": {"uv": [1.5, 3, 4.5, 3.35], "texture": "#2"},
				"down": {"uv": [1.5, 3, 4.5, 3.35], "texture": "#2"}
			}
		},
		{
			"from": [6.71023, 14.81144, 6.6],
			"to": [6.91023, 15.16144, 9.6],
			"rotation": {"angle": 45, "axis": "z", "origin": [11.27989, 15.24974, 6.6]},
			"faces": {
				"north": {"uv": [1.5, 3, 4.5, 3.35], "texture": "#2"},
				"east": {"uv": [0.5, 0.5, 5.5, 1.475], "texture": "#2"},
				"south": {"uv": [1.5, 3, 4.5, 3.35], "texture": "#2"},
				"west": {"uv": [1.5, 3, 4.5, 3.35], "texture": "#2"},
				"up": {"uv": [1.5, 3, 4.5, 3.35], "texture": "#2"},
				"down": {"uv": [1.5, 3, 4.5, 3.35], "texture": "#2"}
			}
		},
		{
			"from": [9.09263, 11.8136, 6.6],
			"to": [9.44263, 12.0136, 9.6],
			"rotation": {"angle": 45, "axis": "z", "origin": [9.53093, 10.44394, 6.6]},
			"faces": {
				"north": {"uv": [2, 2.75, 4.2, 3.25], "rotation": 90, "texture": "#2"},
				"east": {"uv": [2, 2.75, 4.2, 3.25], "rotation": 90, "texture": "#2"},
				"south": {"uv": [2, 2.75, 4.2, 3.25], "rotation": 90, "texture": "#2"},
				"west": {"uv": [2, 2.75, 4.2, 3.25], "rotation": 90, "texture": "#2"},
				"up": {"uv": [2, 2.75, 4.2, 3.25], "rotation": 90, "texture": "#2"},
				"down": {"uv": [0.5, 0.5, 5.45, 1.5], "rotation": 90, "texture": "#2"}
			}
		},
		{
			"from": [7.275, 11.87071, 12.97071],
			"to": [7.4, 11.97071, 13.37071],
			"rotation": {"angle": 0, "axis": "y", "origin": [8, 10.87071, 13.07071]},
			"faces": {
				"north": {"uv": [9.75, 8, 10.65, 8.6], "texture": "#0"},
				"east": {"uv": [9.75, 8, 10.65, 8.6], "texture": "#0"},
				"south": {"uv": [9.75, 8, 10.65, 8.6], "texture": "#0"},
				"west": {"uv": [9.75, 8, 10.65, 8.6], "texture": "#0"},
				"up": {"uv": [9.75, 8, 10.65, 8.6], "texture": "#0"},
				"down": {"uv": [9.75, 8, 10.65, 8.6], "texture": "#0"}
			}
		},
		{
			"from": [7.3, 11.49571, 13.14571],
			"to": [7.4, 11.84571, 13.19571],
			"rotation": {"angle": 0, "axis": "y", "origin": [8, 10.87071, 13.07071]},
			"faces": {
				"north": {"uv": [9.75, 8, 10.65, 8.6], "texture": "#0"},
				"east": {"uv": [9.75, 8, 10.65, 8.6], "texture": "#0"},
				"south": {"uv": [9.75, 8, 10.65, 8.6], "texture": "#0"},
				"west": {"uv": [9.75, 8, 10.65, 8.6], "texture": "#0"},
				"up": {"uv": [9.75, 8, 10.65, 8.6], "texture": "#0"},
				"down": {"uv": [9.75, 8, 10.65, 8.6], "texture": "#0"}
			}
		},
		{
			"from": [7.325, 9.99571, 12.97071],
			"to": [7.4, 11.94571, 13.37071],
			"rotation": {"angle": 0, "axis": "y", "origin": [8, 10.87071, 13.07071]},
			"faces": {
				"north": {"uv": [8.25, 7.75, 8.65, 8.45], "texture": "#0"},
				"east": {"uv": [8.25, 7.75, 8.65, 8.45], "texture": "#0"},
				"south": {"uv": [8.25, 7.75, 8.65, 8.45], "texture": "#0"},
				"west": {"uv": [8, 10, 9.65, 14.2], "texture": "#0"},
				"up": {"uv": [8.25, 7.75, 8.65, 8.45], "texture": "#0"},
				"down": {"uv": [8.25, 7.75, 8.65, 8.45], "texture": "#0"}
			}
		},
		{
			"from": [7.325, 9.97071, 12.97071],
			"to": [7.4, 11.92071, 13.34571],
			"rotation": {"angle": 22.5, "axis": "x", "origin": [8, 10.87071, 13.17071]},
			"faces": {
				"north": {"uv": [8.25, 7.75, 8.65, 8.45], "texture": "#0"},
				"east": {"uv": [8.25, 7.75, 8.65, 8.45], "texture": "#0"},
				"south": {"uv": [8.25, 7.75, 8.65, 8.45], "texture": "#0"},
				"west": {"uv": [8, 10, 9.65, 14.2], "texture": "#0"},
				"up": {"uv": [8.25, 7.75, 8.65, 8.45], "texture": "#0"},
				"down": {"uv": [8.25, 7.75, 8.65, 8.45], "texture": "#0"}
			}
		},
		{
			"from": [7.325, 9.97071, 12.94571],
			"to": [7.4, 11.92071, 13.34571],
			"rotation": {"angle": 45, "axis": "x", "origin": [8, 10.87071, 13.17071]},
			"faces": {
				"north": {"uv": [8.25, 7.75, 8.65, 8.45], "texture": "#0"},
				"east": {"uv": [8.25, 7.75, 8.65, 8.45], "texture": "#0"},
				"south": {"uv": [8.25, 7.75, 8.65, 8.45], "texture": "#0"},
				"west": {"uv": [8, 10, 9.9, 14.2], "texture": "#0"},
				"up": {"uv": [8.25, 7.75, 8.65, 8.45], "texture": "#0"},
				"down": {"uv": [8.25, 7.75, 8.65, 8.45], "texture": "#0"}
			}
		},
		{
			"from": [7.325, 10.74571, 12.22071],
			"to": [7.4, 11.12071, 14.17071],
			"rotation": {"angle": -22.5, "axis": "x", "origin": [8, 10.87071, 13.17071]},
			"faces": {
				"north": {"uv": [8.25, 7.75, 8.65, 8.45], "rotation": 90, "texture": "#0"},
				"east": {"uv": [8.25, 7.75, 8.65, 8.45], "rotation": 90, "texture": "#0"},
				"south": {"uv": [8.25, 7.75, 8.65, 8.45], "rotation": 90, "texture": "#0"},
				"west": {"uv": [8, 10, 9.65, 14.2], "rotation": 90, "texture": "#0"},
				"up": {"uv": [8.25, 7.75, 8.65, 8.45], "rotation": 90, "texture": "#0"},
				"down": {"uv": [8.25, 7.75, 8.65, 8.45], "rotation": 90, "texture": "#0"}
			}
		},
		{
			"from": [7.325, 10.77071, 12.22071],
			"to": [7.4, 11.12071, 14.17071],
			"rotation": {"angle": 0, "axis": "y", "origin": [8, 10.87071, 13.17071]},
			"faces": {
				"north": {"uv": [8.25, 7.75, 8.65, 8.45], "rotation": 90, "texture": "#0"},
				"east": {"uv": [8.25, 7.75, 8.65, 8.45], "rotation": 90, "texture": "#0"},
				"south": {"uv": [8.25, 7.75, 8.65, 8.45], "rotation": 90, "texture": "#0"},
				"west": {"uv": [8, 10, 9.65, 14.2], "rotation": 90, "texture": "#0"},
				"up": {"uv": [8.25, 7.75, 8.65, 8.45], "rotation": 90, "texture": "#0"},
				"down": {"uv": [8.25, 7.75, 8.65, 8.45], "rotation": 90, "texture": "#0"}
			}
		},
		{
			"from": [7.325, 10.74571, 12.17071],
			"to": [7.4, 11.14571, 14.12071],
			"rotation": {"angle": 22.5, "axis": "x", "origin": [8, 10.87071, 13.17071]},
			"faces": {
				"north": {"uv": [8.25, 7.75, 8.65, 8.45], "rotation": 90, "texture": "#0"},
				"east": {"uv": [8.25, 7.75, 8.65, 8.45], "rotation": 90, "texture": "#0"},
				"south": {"uv": [8.25, 7.75, 8.65, 8.45], "rotation": 90, "texture": "#0"},
				"west": {"uv": [8, 10, 9.65, 14.2], "rotation": 90, "texture": "#0"},
				"up": {"uv": [8.25, 7.75, 8.65, 8.45], "rotation": 90, "texture": "#0"},
				"down": {"uv": [8.25, 7.75, 8.65, 8.45], "rotation": 90, "texture": "#0"}
			}
		},
		{
			"from": [7.325, 10.74571, 12.14571],
			"to": [7.4, 11.17071, 14.09571],
			"rotation": {"angle": 45, "axis": "x", "origin": [8, 10.87071, 13.17071]},
			"faces": {
				"north": {"uv": [8.25, 7.75, 8.65, 8.45], "rotation": 90, "texture": "#0"},
				"east": {"uv": [8.25, 7.75, 8.65, 8.45], "rotation": 90, "texture": "#0"},
				"south": {"uv": [8.25, 7.75, 8.65, 8.45], "rotation": 90, "texture": "#0"},
				"west": {"uv": [8, 10, 9.65, 14.2], "rotation": 90, "texture": "#0"},
				"up": {"uv": [8.25, 7.75, 8.65, 8.45], "rotation": 90, "texture": "#0"},
				"down": {"uv": [8.25, 7.75, 8.65, 8.45], "rotation": 90, "texture": "#0"}
			}
		},
		{
			"from": [7.325, 9.97071, 13.04571],
			"to": [7.4, 11.92071, 13.39571],
			"rotation": {"angle": -22.5, "axis": "x", "origin": [8, 10.87071, 13.17071]},
			"faces": {
				"north": {"uv": [8.25, 7.75, 8.65, 8.45], "rotation": 180, "texture": "#0"},
				"east": {"uv": [8.25, 7.75, 8.65, 8.45], "rotation": 180, "texture": "#0"},
				"south": {"uv": [8.25, 7.75, 8.65, 8.45], "rotation": 180, "texture": "#0"},
				"west": {"uv": [8, 10, 9.65, 14.2], "rotation": 180, "texture": "#0"},
				"up": {"uv": [8.25, 7.75, 8.65, 8.45], "rotation": 180, "texture": "#0"},
				"down": {"uv": [8.25, 7.75, 8.65, 8.45], "rotation": 180, "texture": "#0"}
			}
		},
		{
			"from": [7.275, 11.90178, 12.92692],
			"to": [7.4, 12.00178, 13.32692],
			"rotation": {"angle": 22.5, "axis": "x", "origin": [8, 10.87071, 13.07071]},
			"faces": {
				"north": {"uv": [9.75, 8, 10.65, 8.6], "texture": "#0"},
				"east": {"uv": [9.75, 8, 10.65, 8.6], "texture": "#0"},
				"south": {"uv": [9.75, 8, 10.65, 8.6], "texture": "#0"},
				"west": {"uv": [9.75, 8, 10.65, 8.6], "texture": "#0"},
				"up": {"uv": [9.75, 8, 10.65, 8.6], "texture": "#0"},
				"down": {"uv": [9.75, 8, 10.65, 8.6], "texture": "#0"}
			}
		},
		{
			"from": [7.3, 11.52678, 13.10192],
			"to": [7.4, 11.87678, 13.15192],
			"rotation": {"angle": 22.5, "axis": "x", "origin": [8, 10.87071, 13.07071]},
			"faces": {
				"north": {"uv": [9.75, 8, 10.65, 8.6], "texture": "#0"},
				"east": {"uv": [9.75, 8, 10.65, 8.6], "texture": "#0"},
				"south": {"uv": [9.75, 8, 10.65, 8.6], "texture": "#0"},
				"west": {"uv": [9.75, 8, 10.65, 8.6], "texture": "#0"},
				"up": {"uv": [9.75, 8, 10.65, 8.6], "texture": "#0"},
				"down": {"uv": [9.75, 8, 10.65, 8.6], "texture": "#0"}
			}
		},
		{
			"from": [7.275, 11.91373, 12.87458],
			"to": [7.4, 12.01373, 13.27458],
			"rotation": {"angle": 45, "axis": "x", "origin": [8, 10.87071, 13.07071]},
			"faces": {
				"north": {"uv": [9.75, 8, 10.65, 8.6], "texture": "#0"},
				"east": {"uv": [9.75, 8, 10.65, 8.6], "texture": "#0"},
				"south": {"uv": [9.75, 8, 10.65, 8.6], "texture": "#0"},
				"west": {"uv": [9.75, 8, 10.65, 8.6], "texture": "#0"},
				"up": {"uv": [9.75, 8, 10.65, 8.6], "texture": "#0"},
				"down": {"uv": [9.75, 8, 10.65, 8.6], "texture": "#0"}
			}
		},
		{
			"from": [7.3, 11.53873, 13.04958],
			"to": [7.4, 11.88873, 13.09958],
			"rotation": {"angle": 45, "axis": "x", "origin": [8, 10.87071, 13.07071]},
			"faces": {
				"north": {"uv": [9.75, 8, 10.65, 8.6], "texture": "#0"},
				"east": {"uv": [9.75, 8, 10.65, 8.6], "texture": "#0"},
				"south": {"uv": [9.75, 8, 10.65, 8.6], "texture": "#0"},
				"west": {"uv": [9.75, 8, 10.65, 8.6], "texture": "#0"},
				"up": {"uv": [9.75, 8, 10.65, 8.6], "texture": "#0"},
				"down": {"uv": [9.75, 8, 10.65, 8.6], "texture": "#0"}
			}
		},
		{
			"from": [7.275, 10.71978, 14.10474],
			"to": [7.4, 11.11978, 14.20474],
			"rotation": {"angle": -22.5, "axis": "x", "origin": [8, 10.87071, 13.07071]},
			"faces": {
				"north": {"uv": [9.75, 8, 10.65, 8.6], "rotation": 90, "texture": "#0"},
				"east": {"uv": [9.75, 8, 10.65, 8.6], "rotation": 90, "texture": "#0"},
				"south": {"uv": [9.75, 8, 10.65, 8.6], "rotation": 90, "texture": "#0"},
				"west": {"uv": [9.75, 8, 10.65, 8.6], "rotation": 90, "texture": "#0"},
				"up": {"uv": [9.75, 8, 10.65, 8.6], "rotation": 90, "texture": "#0"},
				"down": {"uv": [9.75, 8, 10.65, 8.6], "rotation": 90, "texture": "#0"}
			}
		},
		{
			"from": [7.3, 10.89478, 13.72974],
			"to": [7.4, 10.94478, 14.07974],
			"rotation": {"angle": -22.5, "axis": "x", "origin": [8, 10.87071, 13.07071]},
			"faces": {
				"north": {"uv": [9.75, 8, 10.65, 8.6], "rotation": 90, "texture": "#0"},
				"east": {"uv": [9.75, 8, 10.65, 8.6], "rotation": 90, "texture": "#0"},
				"south": {"uv": [9.75, 8, 10.65, 8.6], "rotation": 90, "texture": "#0"},
				"west": {"uv": [9.75, 8, 10.65, 8.6], "rotation": 90, "texture": "#0"},
				"up": {"uv": [9.75, 8, 10.65, 8.6], "rotation": 90, "texture": "#0"},
				"down": {"uv": [9.75, 8, 10.65, 8.6], "rotation": 90, "texture": "#0"}
			}
		},
		{
			"from": [7.275, 10.76524, 14.07618],
			"to": [7.4, 11.16524, 14.17618],
			"rotation": {"angle": 0, "axis": "y", "origin": [8, 10.87071, 13.07071]},
			"faces": {
				"north": {"uv": [9.75, 8, 10.65, 8.6], "rotation": 90, "texture": "#0"},
				"east": {"uv": [9.75, 8, 10.65, 8.6], "rotation": 90, "texture": "#0"},
				"south": {"uv": [9.75, 8, 10.65, 8.6], "rotation": 90, "texture": "#0"},
				"west": {"uv": [9.75, 8, 10.65, 8.6], "rotation": 90, "texture": "#0"},
				"up": {"uv": [9.75, 8, 10.65, 8.6], "rotation": 90, "texture": "#0"},
				"down": {"uv": [9.75, 8, 10.65, 8.6], "rotation": 90, "texture": "#0"}
			}
		},
		{
			"from": [7.3, 10.94024, 13.70118],
			"to": [7.4, 10.99024, 14.05118],
			"rotation": {"angle": 0, "axis": "y", "origin": [8, 10.87071, 13.07071]},
			"faces": {
				"north": {"uv": [9.75, 8, 10.65, 8.6], "rotation": 90, "texture": "#0"},
				"east": {"uv": [9.75, 8, 10.65, 8.6], "rotation": 90, "texture": "#0"},
				"south": {"uv": [9.75, 8, 10.65, 8.6], "rotation": 90, "texture": "#0"},
				"west": {"uv": [9.75, 8, 10.65, 8.6], "rotation": 90, "texture": "#0"},
				"up": {"uv": [9.75, 8, 10.65, 8.6], "rotation": 90, "texture": "#0"},
				"down": {"uv": [9.75, 8, 10.65, 8.6], "rotation": 90, "texture": "#0"}
			}
		},
		{
			"from": [7.275, 10.79381, 14.12164],
			"to": [7.4, 11.19381, 14.22164],
			"rotation": {"angle": 22.5, "axis": "x", "origin": [8, 11.09381, 13.12164]},
			"faces": {
				"north": {"uv": [9.75, 8, 10.65, 8.6], "rotation": 90, "texture": "#0"},
				"east": {"uv": [9.75, 8, 10.65, 8.6], "rotation": 90, "texture": "#0"},
				"south": {"uv": [9.75, 8, 10.65, 8.6], "rotation": 90, "texture": "#0"},
				"west": {"uv": [9.75, 8, 10.65, 8.6], "rotation": 90, "texture": "#0"},
				"up": {"uv": [9.75, 8, 10.65, 8.6], "rotation": 90, "texture": "#0"},
				"down": {"uv": [9.75, 8, 10.65, 8.6], "rotation": 90, "texture": "#0"}
			}
		},
		{
			"from": [7.3, 10.96881, 13.74664],
			"to": [7.4, 11.01881, 14.09664],
			"rotation": {"angle": 22.5, "axis": "x", "origin": [8, 11.09381, 13.12164]},
			"faces": {
				"north": {"uv": [9.75, 8, 10.65, 8.6], "rotation": 90, "texture": "#0"},
				"east": {"uv": [9.75, 8, 10.65, 8.6], "rotation": 90, "texture": "#0"},
				"south": {"uv": [9.75, 8, 10.65, 8.6], "rotation": 90, "texture": "#0"},
				"west": {"uv": [9.75, 8, 10.65, 8.6], "rotation": 90, "texture": "#0"},
				"up": {"uv": [9.75, 8, 10.65, 8.6], "rotation": 90, "texture": "#0"},
				"down": {"uv": [9.75, 8, 10.65, 8.6], "rotation": 90, "texture": "#0"}
			}
		},
		{
			"from": [7.275, 9.95078, 12.91778],
			"to": [7.4, 10.05078, 13.31778],
			"rotation": {"angle": -22.5, "axis": "x", "origin": [8, 11.09381, 13.12164]},
			"faces": {
				"north": {"uv": [9.75, 8, 10.65, 8.6], "rotation": 180, "texture": "#0"},
				"east": {"uv": [9.75, 8, 10.65, 8.6], "rotation": 180, "texture": "#0"},
				"south": {"uv": [9.75, 8, 10.65, 8.6], "rotation": 180, "texture": "#0"},
				"west": {"uv": [9.75, 8, 10.65, 8.6], "rotation": 180, "texture": "#0"},
				"up": {"uv": [9.75, 8, 10.65, 8.6], "rotation": 180, "texture": "#0"},
				"down": {"uv": [9.75, 8, 10.65, 8.6], "rotation": 180, "texture": "#0"}
			}
		},
		{
			"from": [7.275, 10.83759, 14.15272],
			"to": [7.4, 11.23759, 14.25272],
			"rotation": {"angle": 45, "axis": "x", "origin": [8, 11.09381, 13.12164]},
			"faces": {
				"north": {"uv": [9.75, 8, 10.65, 8.6], "rotation": 90, "texture": "#0"},
				"east": {"uv": [9.75, 8, 10.65, 8.6], "rotation": 90, "texture": "#0"},
				"south": {"uv": [9.75, 8, 10.65, 8.6], "rotation": 90, "texture": "#0"},
				"west": {"uv": [9.75, 8, 10.65, 8.6], "rotation": 90, "texture": "#0"},
				"up": {"uv": [9.75, 8, 10.65, 8.6], "rotation": 90, "texture": "#0"},
				"down": {"uv": [9.75, 8, 10.65, 8.6], "rotation": 90, "texture": "#0"}
			}
		},
		{
			"from": [7.275, 9.95977, 12.97071],
			"to": [7.4, 10.05977, 13.37071],
			"rotation": {"angle": 0, "axis": "y", "origin": [8, 11.09381, 13.12164]},
			"faces": {
				"north": {"uv": [9.75, 8, 10.65, 8.6], "rotation": 180, "texture": "#0"},
				"east": {"uv": [9.75, 8, 10.65, 8.6], "rotation": 180, "texture": "#0"},
				"south": {"uv": [9.75, 8, 10.65, 8.6], "rotation": 180, "texture": "#0"},
				"west": {"uv": [9.75, 8, 10.65, 8.6], "rotation": 180, "texture": "#0"},
				"up": {"uv": [9.75, 8, 10.65, 8.6], "rotation": 180, "texture": "#0"},
				"down": {"uv": [9.75, 8, 10.65, 8.6], "rotation": 180, "texture": "#0"}
			}
		},
		{
			"from": [7.275, 10.93477, 13.14571],
			"to": [7.4, 11.03477, 13.24571],
			"rotation": {"angle": 0, "axis": "y", "origin": [8, 11.09381, 13.12164]},
			"faces": {
				"north": {"uv": [9.75, 8, 10.65, 8.6], "rotation": 180, "texture": "#0"},
				"east": {"uv": [9.75, 8, 10.65, 8.6], "rotation": 180, "texture": "#0"},
				"south": {"uv": [9.75, 8, 10.65, 8.6], "rotation": 180, "texture": "#0"},
				"west": {"uv": [9.75, 8, 10.65, 8.6], "rotation": 180, "texture": "#0"},
				"up": {"uv": [9.75, 8, 10.65, 8.6], "rotation": 180, "texture": "#0"},
				"down": {"uv": [9.75, 8, 10.65, 8.6], "rotation": 180, "texture": "#0"}
			}
		},
		{
			"from": [7.3, 10.23483, 12.74569],
			"to": [7.4, 10.53483, 13.64569],
			"rotation": {"angle": 0, "axis": "y", "origin": [7.3, 10.3848, 13.1957]},
			"faces": {
				"north": {"uv": [8.5, 5.25, 8.9, 5.6], "texture": "#2"},
				"east": {"uv": [8.5, 5.25, 8.9, 5.6], "texture": "#2"},
				"south": {"uv": [8.5, 5.25, 8.9, 5.6], "texture": "#2"},
				"west": {"uv": [0.5, 5, 9.025, 8.475], "texture": "#2"},
				"up": {"uv": [8.5, 5.25, 8.9, 5.6], "rotation": 180, "texture": "#2"},
				"down": {"uv": [8.5, 5.25, 8.9, 5.6], "rotation": 180, "texture": "#2"}
			}
		},
		{
			"from": [7.3, 10.96787, 12.73067],
			"to": [7.4, 11.01787, 13.18067],
			"rotation": {"angle": -22.5, "axis": "x", "origin": [8, 10.91881, 13.19664]},
			"faces": {
				"north": {"uv": [9.75, 9.25, 10.4, 9.85], "texture": "#0"},
				"east": {"uv": [9.75, 9.25, 10.4, 9.85], "rotation": 270, "texture": "#0"},
				"south": {"uv": [9.75, 9.25, 10.4, 9.85], "rotation": 180, "texture": "#0"},
				"west": {"uv": [9.75, 9.25, 10.4, 9.85], "rotation": 90, "texture": "#0"},
				"up": {"uv": [9.75, 9.25, 10.4, 9.85], "rotation": 180, "texture": "#0"},
				"down": {"uv": [9.75, 9.25, 10.4, 9.85], "texture": "#0"}
			}
		},
		{
			"from": [7.275, 9.98834, 13.01617],
			"to": [7.4, 10.08834, 13.41617],
			"rotation": {"angle": 22.5, "axis": "x", "origin": [8, 11.09381, 13.12164]},
			"faces": {
				"north": {"uv": [9.75, 8, 10.65, 8.6], "rotation": 180, "texture": "#0"},
				"east": {"uv": [9.75, 8, 10.65, 8.6], "rotation": 180, "texture": "#0"},
				"south": {"uv": [9.75, 8, 10.65, 8.6], "rotation": 180, "texture": "#0"},
				"west": {"uv": [9.75, 8, 10.65, 8.6], "rotation": 180, "texture": "#0"},
				"up": {"uv": [9.75, 8, 10.65, 8.6], "rotation": 180, "texture": "#0"},
				"down": {"uv": [9.75, 8, 10.65, 8.6], "rotation": 180, "texture": "#0"}
			}
		},
		{
			"from": [7.275, 9.88324, 13.04306],
			"to": [7.4, 9.98324, 13.44306],
			"rotation": {"angle": 45, "axis": "x", "origin": [8, 11.01431, 13.29927]},
			"faces": {
				"north": {"uv": [9.75, 8, 10.65, 8.6], "rotation": 180, "texture": "#0"},
				"east": {"uv": [9.75, 8, 10.65, 8.6], "rotation": 180, "texture": "#0"},
				"south": {"uv": [9.75, 8, 10.65, 8.6], "rotation": 180, "texture": "#0"},
				"west": {"uv": [9.75, 8, 10.65, 8.6], "rotation": 180, "texture": "#0"},
				"up": {"uv": [9.75, 8, 10.65, 8.6], "rotation": 180, "texture": "#0"},
				"down": {"uv": [9.75, 8, 10.65, 8.6], "rotation": 180, "texture": "#0"}
			}
		},
		{
			"from": [7.275, 10.81818, 12.15625],
			"to": [7.4, 11.21818, 12.25625],
			"rotation": {"angle": -22.5, "axis": "x", "origin": [8, 11.01431, 13.29927]},
			"faces": {
				"north": {"uv": [9.75, 8, 10.65, 8.6], "rotation": 270, "texture": "#0"},
				"east": {"uv": [9.75, 8, 10.65, 8.6], "rotation": 270, "texture": "#0"},
				"south": {"uv": [9.75, 8, 10.65, 8.6], "rotation": 270, "texture": "#0"},
				"west": {"uv": [9.75, 8, 10.65, 8.6], "rotation": 270, "texture": "#0"},
				"up": {"uv": [9.75, 8, 10.65, 8.6], "rotation": 270, "texture": "#0"},
				"down": {"uv": [9.75, 8, 10.65, 8.6], "rotation": 270, "texture": "#0"}
			}
		},
		{
			"from": [7.3, 10.99318, 12.28125],
			"to": [7.4, 11.04318, 12.63125],
			"rotation": {"angle": -22.5, "axis": "x", "origin": [8, 11.01431, 13.29927]},
			"faces": {
				"north": {"uv": [9.75, 8, 10.65, 8.6], "rotation": 270, "texture": "#0"},
				"east": {"uv": [9.75, 8, 10.65, 8.6], "rotation": 270, "texture": "#0"},
				"south": {"uv": [9.75, 8, 10.65, 8.6], "rotation": 270, "texture": "#0"},
				"west": {"uv": [9.75, 8, 10.65, 8.6], "rotation": 270, "texture": "#0"},
				"up": {"uv": [9.75, 8, 10.65, 8.6], "rotation": 270, "texture": "#0"},
				"down": {"uv": [9.75, 8, 10.65, 8.6], "rotation": 270, "texture": "#0"}
			}
		},
		{
			"from": [7.275, 10.76524, 12.16524],
			"to": [7.4, 11.16524, 12.26524],
			"rotation": {"angle": 0, "axis": "y", "origin": [8, 11.01431, 13.29927]},
			"faces": {
				"north": {"uv": [9.75, 8, 10.65, 8.6], "rotation": 270, "texture": "#0"},
				"east": {"uv": [9.75, 8, 10.65, 8.6], "rotation": 270, "texture": "#0"},
				"south": {"uv": [9.75, 8, 10.65, 8.6], "rotation": 270, "texture": "#0"},
				"west": {"uv": [9.75, 8, 10.65, 8.6], "rotation": 270, "texture": "#0"},
				"up": {"uv": [9.75, 8, 10.65, 8.6], "rotation": 270, "texture": "#0"},
				"down": {"uv": [9.75, 8, 10.65, 8.6], "rotation": 270, "texture": "#0"}
			}
		},
		{
			"from": [7.3, 10.94024, 12.29024],
			"to": [7.4, 10.99024, 12.64024],
			"rotation": {"angle": 0, "axis": "y", "origin": [8, 11.01431, 13.29927]},
			"faces": {
				"north": {"uv": [9.75, 8, 10.65, 8.6], "rotation": 270, "texture": "#0"},
				"east": {"uv": [9.75, 8, 10.65, 8.6], "rotation": 270, "texture": "#0"},
				"south": {"uv": [9.75, 8, 10.65, 8.6], "rotation": 270, "texture": "#0"},
				"west": {"uv": [9.75, 8, 10.65, 8.6], "rotation": 270, "texture": "#0"},
				"up": {"uv": [9.75, 8, 10.65, 8.6], "rotation": 270, "texture": "#0"},
				"down": {"uv": [9.75, 8, 10.65, 8.6], "rotation": 270, "texture": "#0"}
			}
		},
		{
			"from": [7.275, 10.71978, 12.19381],
			"to": [7.4, 11.11978, 12.29381],
			"rotation": {"angle": 22.5, "axis": "x", "origin": [8, 11.01431, 13.29927]},
			"faces": {
				"north": {"uv": [9.75, 8, 10.65, 8.6], "rotation": 270, "texture": "#0"},
				"east": {"uv": [9.75, 8, 10.65, 8.6], "rotation": 270, "texture": "#0"},
				"south": {"uv": [9.75, 8, 10.65, 8.6], "rotation": 270, "texture": "#0"},
				"west": {"uv": [9.75, 8, 10.65, 8.6], "rotation": 270, "texture": "#0"},
				"up": {"uv": [9.75, 8, 10.65, 8.6], "rotation": 270, "texture": "#0"},
				"down": {"uv": [9.75, 8, 10.65, 8.6], "rotation": 270, "texture": "#0"}
			}
		},
		{
			"from": [7.3, 10.89478, 12.31881],
			"to": [7.4, 10.94478, 12.66881],
			"rotation": {"angle": 22.5, "axis": "x", "origin": [8, 11.01431, 13.29927]},
			"faces": {
				"north": {"uv": [9.75, 8, 10.65, 8.6], "rotation": 270, "texture": "#0"},
				"east": {"uv": [9.75, 8, 10.65, 8.6], "rotation": 270, "texture": "#0"},
				"south": {"uv": [9.75, 8, 10.65, 8.6], "rotation": 270, "texture": "#0"},
				"west": {"uv": [9.75, 8, 10.65, 8.6], "rotation": 270, "texture": "#0"},
				"up": {"uv": [9.75, 8, 10.65, 8.6], "rotation": 270, "texture": "#0"},
				"down": {"uv": [9.75, 8, 10.65, 8.6], "rotation": 270, "texture": "#0"}
			}
		},
		{
			"from": [7.275, 11.9145, 13.00178],
			"to": [7.4, 12.0145, 13.40178],
			"rotation": {"angle": -22.5, "axis": "x", "origin": [8, 10.90903, 13.29632]},
			"faces": {
				"north": {"uv": [9.75, 8, 10.65, 8.6], "texture": "#0"},
				"east": {"uv": [9.75, 8, 10.65, 8.6], "texture": "#0"},
				"south": {"uv": [9.75, 8, 10.65, 8.6], "texture": "#0"},
				"west": {"uv": [9.75, 8, 10.65, 8.6], "texture": "#0"},
				"up": {"uv": [9.75, 8, 10.65, 8.6], "texture": "#0"},
				"down": {"uv": [9.75, 8, 10.65, 8.6], "texture": "#0"}
			}
		},
		{
			"from": [7.3, 11.5395, 13.17678],
			"to": [7.4, 11.8895, 13.22678],
			"rotation": {"angle": -22.5, "axis": "x", "origin": [8, 10.90903, 13.29632]},
			"faces": {
				"north": {"uv": [9.75, 8, 10.65, 8.6], "texture": "#0"},
				"east": {"uv": [9.75, 8, 10.65, 8.6], "texture": "#0"},
				"south": {"uv": [9.75, 8, 10.65, 8.6], "texture": "#0"},
				"west": {"uv": [9.75, 8, 10.65, 8.6], "texture": "#0"},
				"up": {"uv": [9.75, 8, 10.65, 8.6], "texture": "#0"},
				"down": {"uv": [9.75, 8, 10.65, 8.6], "texture": "#0"}
			}
		},
		{
			"from": [7.275, 10.65996, 12.16228],
			"to": [7.4, 11.05996, 12.26228],
			"rotation": {"angle": 45, "axis": "x", "origin": [8, 10.90903, 13.29632]},
			"faces": {
				"north": {"uv": [9.75, 8, 10.65, 8.6], "rotation": 270, "texture": "#0"},
				"east": {"uv": [9.75, 8, 10.65, 8.6], "rotation": 270, "texture": "#0"},
				"south": {"uv": [9.75, 8, 10.65, 8.6], "rotation": 270, "texture": "#0"},
				"west": {"uv": [9.75, 8, 10.65, 8.6], "rotation": 270, "texture": "#0"},
				"up": {"uv": [9.75, 8, 10.65, 8.6], "rotation": 270, "texture": "#0"},
				"down": {"uv": [9.75, 8, 10.65, 8.6], "rotation": 270, "texture": "#0"}
			}
		},
		{
			"from": [7.3, 10.83496, 12.28728],
			"to": [7.4, 10.88496, 12.63728],
			"rotation": {"angle": 45, "axis": "x", "origin": [8, 10.90903, 13.29632]},
			"faces": {
				"north": {"uv": [9.75, 8, 10.65, 8.6], "rotation": 270, "texture": "#0"},
				"east": {"uv": [9.75, 8, 10.65, 8.6], "rotation": 270, "texture": "#0"},
				"south": {"uv": [9.75, 8, 10.65, 8.6], "rotation": 270, "texture": "#0"},
				"west": {"uv": [9.75, 8, 10.65, 8.6], "rotation": 270, "texture": "#0"},
				"up": {"uv": [9.75, 8, 10.65, 8.6], "rotation": 270, "texture": "#0"},
				"down": {"uv": [9.75, 8, 10.65, 8.6], "rotation": 270, "texture": "#0"}
			}
		}
	],
	"display": {
		"thirdperson_righthand": {
			"translation": [-0.25, -1, -6.25],
			"scale": [0.78, 0.78, 0.78]
		},
		"thirdperson_lefthand": {
			"translation": [-11, -1, -6],
			"scale": [0.78, 0.78, 0.78]
		},
		"firstperson_righthand": {
			"rotation": [0, 1, 0],
			"translation": [-0.25, 0.5, -2.75]
		},
		"firstperson_lefthand": {
			"translation": [-9, 1.25, 1.5]
		},
		"ground": {
			"rotation": [0, 0, 90],
			"translation": [0, -1.75, 0]
		},
		"gui": {
			"rotation": [90, -57, 90],
			"translation": [3.5, 1.75, 0],
			"scale": [0.6, 0.6, 0.6]
		},
		"head": {
			"rotation": [85.5, -5.75, -74],
			"translation": [5, -13.25, 3],
			"scale": [1.2, 1.2, 1.2]
		},
		"fixed": {
			"rotation": [0, 90, 0],
			"translation": [-4.25, -2, -2.5]
		}
	},
	"groups": [
		{
			"name": "lightninggun",
			"origin": [8, 8, 8],
			"color": 0,
			"children": [
				{
					"name": "stock",
					"origin": [0, 0, 0],
					"color": 0,
					"children": [0, 1, 2, 3, 4, 5, 6, 7, 8, 9, 10, 11, 12, 13, 14, 15, 16]
				},
				{
					"name": "trigger",
					"origin": [0, 0, 0],
					"color": 0,
					"children": [17, 18, 19, 20, 21, 22, 23, 24, 25, 26, 27]
				},
				{
					"name": "magazine",
					"origin": [0, 0, 0],
					"color": 0,
					"children": [28, 29]
				},
				{
					"name": "magazine_top",
					"origin": [0, 0, 0],
					"color": 0,
					"children": [30, 31, 32, 33, 34, 35, 36, 37, 38]
				},
				{
					"name": "magazine_front",
					"origin": [0, 0, 0],
					"color": 0,
					"children": [39, 40, 41, 42, 43, 44, 45]
				},
				{
					"name": "magazine_front",
					"origin": [0, 0, 0],
					"color": 0,
					"children": [46, 47, 48, 49, 50, 51]
				},
				{
					"name": "grip",
					"origin": [8, 8, 8],
					"color": 0,
					"children": [52, 53, 54, 55, 56, 57]
				},
				{
					"name": "scope",
					"origin": [8, 8, 8],
					"color": 0,
					"children": [58, 59, 60, 61, 62, 63, 64, 65, 66, 67, 68, 69, 70, 71, 72, 73]
				},
				{
					"name": "coil",
					"origin": [8, 8, 8],
					"color": 0,
					"children": [74, 75, 76, 77, 78, 79, 80, 81, 82, 83, 84, 85, 86, 87, 88, 89, 90, 91, 92, 93, 94, 95]
				},
				{
					"name": "crystal",
					"origin": [8, 8, 8],
					"color": 0,
					"children": [96, 97, 98, 99, 100, 101, 102, 103, 104, 105, 106, 107, 108, 109, 110]
				},
				{
					"name": "dial",
					"origin": [8, 8, 8],
					"color": 0,
					"children": [111, 112, 113, 114, 115, 116, 117, 118, 119, 120, 121, 122, 123, 124, 125, 126, 127, 128, 129, 130, 131, 132, 133, 134, 135, 136, 137, 138, 139, 140, 141, 142, 143, 144, 145, 146, 147, 148]
				}
			]
		}
	]
}