{
	"credit": "Made with Blockbench",
	"textures": {
		"1": "item/gun/xeth_rifle1",
		"particle": "item/xeth_ww1_rifles"
	},
	"elements": [
		{
			"from": [7.40394, 7.62351, -3.13089],
			"to": [8.59606, 9.51634, -2.89445],
			"rotation": {"angle": 0, "axis": "y", "origin": [8, 5.37203, 22.52405]},
			"faces": {
				"north": {"uv": [7.25, 3.15, 9.625, 6.15], "texture": "#1"},
				"east": {"uv": [7.25, 3.15, 9.625, 6.15], "texture": "#1"},
				"south": {"uv": [7.25, 3.15, 9.625, 6.15], "texture": "#1"},
				"west": {"uv": [7.25, 3.15, 9.625, 6.15], "texture": "#1"},
				"up": {"uv": [7.25, 3.15, 9.625, 6.15], "texture": "#1"},
				"down": {"uv": [7.25, 3.15, 9.625, 6.15], "texture": "#1"}
			}
		},
		{
			"from": [7.77894, 8.92351, -10.40589],
			"to": [8.21894, 9.36634, -3.06945],
			"rotation": {"angle": 0, "axis": "y", "origin": [8, 5.37203, 21.62405]},
			"faces": {
				"north": {"uv": [0.35, 3.5, 3.1, 6], "texture": "#1"},
				"east": {"uv": [2.45, 3.5, 3.45, 4.5], "texture": "#1"},
				"south": {"uv": [11.7, 3.25, 12.7, 4.25], "texture": "#1"},
				"west": {"uv": [2.55, 3.45, 3.55, 4.45], "texture": "#1"},
				"up": {"uv": [2.45, 3.5, 3.45, 4.5], "texture": "#1"},
				"down": {"uv": [2.4, 3.45, 3.4, 4.45], "texture": "#1"}
			}
		},
		{
			"from": [7.95394, 8.17351, -9.15589],
			"to": [8.06894, 8.31634, -3.06945],
			"rotation": {"angle": 0, "axis": "y", "origin": [8, 5.37203, 21.62405]},
			"faces": {
				"north": {"uv": [7.25, 3.15, 9.625, 6.15], "texture": "#1"},
				"east": {"uv": [7.25, 3.15, 9.625, 6.15], "texture": "#1"},
				"south": {"uv": [7.25, 3.15, 9.625, 6.15], "texture": "#1"},
				"west": {"uv": [7.25, 3.15, 9.625, 6.15], "texture": "#1"},
				"up": {"uv": [7.25, 3.15, 9.625, 6.15], "texture": "#1"},
				"down": {"uv": [7.25, 3.15, 9.625, 6.15], "texture": "#1"}
			}
		},
		{
			"from": [7.67894, 8.94851, -7.08089],
			"to": [8.31894, 9.49134, -3.06945],
			"rotation": {"angle": 0, "axis": "y", "origin": [8, 5.37203, 21.62405]},
			"faces": {
				"north": {"uv": [13.25, 3.15, 14.25, 4.15], "texture": "#1"},
				"east": {"uv": [13.25, 3.15, 14.25, 4.15], "texture": "#1"},
				"south": {"uv": [13.25, 3.15, 14.25, 4.15], "texture": "#1"},
				"west": {"uv": [13.25, 3.15, 14.25, 4.15], "texture": "#1"},
				"up": {"uv": [13.25, 3.15, 14.25, 4.15], "texture": "#1"},
				"down": {"uv": [13.25, 3.15, 14.25, 4.15], "texture": "#1"}
			}
		},
		{
			"from": [7.67894, 7.77051, -7.08089],
			"to": [8.31894, 7.93834, -3.06945],
			"rotation": {"angle": 0, "axis": "y", "origin": [8, 3.21903, 21.62405]},
			"faces": {
				"north": {"uv": [13.25, 3.15, 14.25, 4.15], "texture": "#1"},
				"east": {"uv": [13.25, 3.15, 14.25, 4.15], "texture": "#1"},
				"south": {"uv": [13.25, 3.15, 14.25, 4.15], "texture": "#1"},
				"west": {"uv": [13.25, 3.15, 14.25, 4.15], "texture": "#1"},
				"up": {"uv": [13.25, 3.15, 14.25, 4.15], "texture": "#1"},
				"down": {"uv": [13.25, 3.15, 14.25, 4.15], "texture": "#1"}
			}
		},
		{
			"from": [10.34515, 10.3045, -7.08089],
			"to": [10.68515, 10.47233, -3.06945],
			"rotation": {"angle": 45, "axis": "z", "origin": [10.36621, 6.35302, 21.62405]},
			"faces": {
				"north": {"uv": [13.25, 3.15, 14.25, 4.15], "texture": "#1"},
				"east": {"uv": [13.25, 3.15, 14.25, 4.15], "texture": "#1"},
				"south": {"uv": [13.25, 3.15, 14.25, 4.15], "texture": "#1"},
				"west": {"uv": [13.25, 3.15, 14.25, 4.15], "texture": "#1"},
				"up": {"uv": [13.25, 3.15, 14.25, 4.15], "texture": "#1"},
				"down": {"uv": [13.25, 3.15, 14.25, 4.15], "texture": "#1"}
			}
		},
		{
			"from": [10.5211, 10.35697, -7.08089],
			"to": [10.8611, 10.5248, -3.06945],
			"rotation": {"angle": 45, "axis": "z", "origin": [12.54216, 6.40549, 21.62405]},
			"faces": {
				"north": {"uv": [13.25, 3.15, 14.25, 4.15], "texture": "#1"},
				"east": {"uv": [13.25, 3.15, 14.25, 4.15], "texture": "#1"},
				"south": {"uv": [13.25, 3.15, 14.25, 4.15], "texture": "#1"},
				"west": {"uv": [13.25, 3.15, 14.25, 4.15], "texture": "#1"},
				"up": {"uv": [13.25, 3.15, 14.25, 4.15], "texture": "#1"},
				"down": {"uv": [13.25, 3.15, 14.25, 4.15], "texture": "#1"}
			}
		},
		{
			"from": [7.43852, 8.81092, -7.08089],
			"to": [7.60635, 9.25092, -3.06945],
			"rotation": {"angle": 0, "axis": "y", "origin": [11.55783, 8.93198, 21.62405]},
			"faces": {
				"north": {"uv": [13.25, 3.15, 13.75, 4.15], "rotation": 180, "texture": "#1"},
				"east": {"uv": [13.25, 3.15, 13.75, 4.15], "rotation": 180, "texture": "#1"},
				"south": {"uv": [13.25, 3.15, 13.75, 4.15], "rotation": 180, "texture": "#1"},
				"west": {"uv": [13.25, 3.15, 13.75, 4.15], "rotation": 180, "texture": "#1"},
				"up": {"uv": [13.25, 3.15, 13.75, 4.15], "rotation": 180, "texture": "#1"},
				"down": {"uv": [13.25, 3.15, 13.75, 4.15], "rotation": 180, "texture": "#1"}
			}
		},
		{
			"from": [8.39153, 8.86092, -7.08089],
			"to": [8.55936, 9.25092, -3.06945],
			"rotation": {"angle": 0, "axis": "y", "origin": [12.51084, 9.93198, 21.62405]},
			"faces": {
				"north": {"uv": [13.25, 3.15, 13.75, 4.15], "rotation": 180, "texture": "#1"},
				"east": {"uv": [13.25, 3.15, 13.75, 4.15], "rotation": 180, "texture": "#1"},
				"south": {"uv": [13.25, 3.15, 13.75, 4.15], "rotation": 180, "texture": "#1"},
				"west": {"uv": [13.25, 3.15, 13.75, 4.15], "rotation": 180, "texture": "#1"},
				"up": {"uv": [13.25, 3.15, 13.75, 4.15], "rotation": 180, "texture": "#1"},
				"down": {"uv": [13.25, 3.15, 13.75, 4.15], "rotation": 180, "texture": "#1"}
			}
		},
		{
			"from": [7.43852, 8.01092, -7.08089],
			"to": [7.60635, 8.45092, -3.06945],
			"rotation": {"angle": 0, "axis": "y", "origin": [11.55783, 8.93198, 21.62405]},
			"faces": {
				"north": {"uv": [13.25, 3.15, 13.75, 4.15], "rotation": 180, "texture": "#1"},
				"east": {"uv": [13.25, 3.15, 13.75, 4.15], "rotation": 180, "texture": "#1"},
				"south": {"uv": [13.25, 3.15, 13.75, 4.15], "rotation": 180, "texture": "#1"},
				"west": {"uv": [13.25, 3.15, 13.75, 4.15], "rotation": 180, "texture": "#1"},
				"up": {"uv": [13.25, 3.15, 13.75, 4.15], "rotation": 180, "texture": "#1"},
				"down": {"uv": [13.25, 3.15, 13.75, 4.15], "rotation": 180, "texture": "#1"}
			}
		},
		{
			"from": [8.39153, 8.01092, -7.08089],
			"to": [8.55936, 8.50092, -3.06945],
			"rotation": {"angle": 0, "axis": "y", "origin": [12.51084, 9.93198, 21.62405]},
			"faces": {
				"north": {"uv": [13.25, 3.15, 13.75, 4.15], "rotation": 180, "texture": "#1"},
				"east": {"uv": [13.25, 3.15, 13.75, 4.15], "rotation": 180, "texture": "#1"},
				"south": {"uv": [13.25, 3.15, 13.75, 4.15], "rotation": 180, "texture": "#1"},
				"west": {"uv": [13.25, 3.15, 13.75, 4.15], "rotation": 180, "texture": "#1"},
				"up": {"uv": [13.25, 3.15, 13.75, 4.15], "rotation": 180, "texture": "#1"},
				"down": {"uv": [13.25, 3.15, 13.75, 4.15], "rotation": 180, "texture": "#1"}
			}
		},
		{
			"from": [8.39153, 8.50092, -7.08089],
			"to": [8.55936, 8.86092, -6.56945],
			"rotation": {"angle": 0, "axis": "y", "origin": [11.51084, 10.92198, 21.62405]},
			"faces": {
				"north": {"uv": [13.25, 3.15, 13.75, 4.15], "rotation": 180, "texture": "#1"},
				"east": {"uv": [13.25, 3.15, 13.75, 4.15], "rotation": 180, "texture": "#1"},
				"south": {"uv": [13.25, 3.15, 13.75, 4.15], "rotation": 180, "texture": "#1"},
				"west": {"uv": [13.25, 3.15, 13.75, 4.15], "rotation": 180, "texture": "#1"},
				"up": {"uv": [13.25, 3.15, 13.75, 4.15], "rotation": 180, "texture": "#1"},
				"down": {"uv": [13.25, 3.15, 13.75, 4.15], "rotation": 180, "texture": "#1"}
			}
		},
		{
			"from": [7.43852, 8.45092, -7.08089],
			"to": [7.60635, 8.81092, -6.56945],
			"rotation": {"angle": 0, "axis": "y", "origin": [9.55783, 10.87198, 21.62405]},
			"faces": {
				"north": {"uv": [13.25, 3.15, 13.75, 4.15], "rotation": 180, "texture": "#1"},
				"east": {"uv": [13.25, 3.15, 13.75, 4.15], "rotation": 180, "texture": "#1"},
				"south": {"uv": [13.25, 3.15, 13.75, 4.15], "rotation": 180, "texture": "#1"},
				"west": {"uv": [13.25, 3.15, 13.75, 4.15], "rotation": 180, "texture": "#1"},
				"up": {"uv": [13.25, 3.15, 13.75, 4.15], "rotation": 180, "texture": "#1"},
				"down": {"uv": [13.25, 3.15, 13.75, 4.15], "rotation": 180, "texture": "#1"}
			}
		},
		{
			"from": [8.39153, 8.50092, -5.88089],
			"to": [8.55936, 8.86092, -5.46945],
			"rotation": {"angle": 0, "axis": "y", "origin": [11.51084, 10.92198, 21.62405]},
			"faces": {
				"north": {"uv": [13.25, 3.15, 13.75, 4.15], "rotation": 180, "texture": "#1"},
				"east": {"uv": [13.25, 3.15, 13.75, 4.15], "rotation": 180, "texture": "#1"},
				"south": {"uv": [13.25, 3.15, 13.75, 4.15], "rotation": 180, "texture": "#1"},
				"west": {"uv": [13.25, 3.15, 13.75, 4.15], "rotation": 180, "texture": "#1"},
				"up": {"uv": [13.25, 3.15, 13.75, 4.15], "rotation": 180, "texture": "#1"},
				"down": {"uv": [13.25, 3.15, 13.75, 4.15], "rotation": 180, "texture": "#1"}
			}
		},
		{
			"from": [7.43852, 8.45092, -5.88089],
			"to": [7.60635, 8.81092, -5.46945],
			"rotation": {"angle": 0, "axis": "y", "origin": [9.55783, 10.87198, 21.62405]},
			"faces": {
				"north": {"uv": [13.25, 3.15, 13.75, 4.15], "rotation": 180, "texture": "#1"},
				"east": {"uv": [13.25, 3.15, 13.75, 4.15], "rotation": 180, "texture": "#1"},
				"south": {"uv": [13.25, 3.15, 13.75, 4.15], "rotation": 180, "texture": "#1"},
				"west": {"uv": [13.25, 3.15, 13.75, 4.15], "rotation": 180, "texture": "#1"},
				"up": {"uv": [13.25, 3.15, 13.75, 4.15], "rotation": 180, "texture": "#1"},
				"down": {"uv": [13.25, 3.15, 13.75, 4.15], "rotation": 180, "texture": "#1"}
			}
		},
		{
			"from": [8.39153, 8.50092, -4.73089],
			"to": [8.55936, 8.86092, -4.31945],
			"rotation": {"angle": 0, "axis": "y", "origin": [11.51084, 10.92198, 21.62405]},
			"faces": {
				"north": {"uv": [13.25, 3.15, 13.75, 4.15], "rotation": 180, "texture": "#1"},
				"east": {"uv": [13.25, 3.15, 13.75, 4.15], "rotation": 180, "texture": "#1"},
				"south": {"uv": [13.25, 3.15, 13.75, 4.15], "rotation": 180, "texture": "#1"},
				"west": {"uv": [13.25, 3.15, 13.75, 4.15], "rotation": 180, "texture": "#1"},
				"up": {"uv": [13.25, 3.15, 13.75, 4.15], "rotation": 180, "texture": "#1"},
				"down": {"uv": [13.25, 3.15, 13.75, 4.15], "rotation": 180, "texture": "#1"}
			}
		},
		{
			"from": [7.43852, 8.45092, -4.73089],
			"to": [7.60635, 8.81092, -4.31945],
			"rotation": {"angle": 0, "axis": "y", "origin": [9.55783, 10.87198, 21.62405]},
			"faces": {
				"north": {"uv": [13.25, 3.15, 13.75, 4.15], "rotation": 180, "texture": "#1"},
				"east": {"uv": [13.25, 3.15, 13.75, 4.15], "rotation": 180, "texture": "#1"},
				"south": {"uv": [13.25, 3.15, 13.75, 4.15], "rotation": 180, "texture": "#1"},
				"west": {"uv": [13.25, 3.15, 13.75, 4.15], "rotation": 180, "texture": "#1"},
				"up": {"uv": [13.25, 3.15, 13.75, 4.15], "rotation": 180, "texture": "#1"},
				"down": {"uv": [13.25, 3.15, 13.75, 4.15], "rotation": 180, "texture": "#1"}
			}
		},
		{
			"from": [7.43852, 8.45092, -3.58089],
			"to": [7.60635, 8.81092, -3.06945],
			"rotation": {"angle": 0, "axis": "y", "origin": [9.55783, 10.87198, 24.12405]},
			"faces": {
				"north": {"uv": [13.25, 3.15, 13.75, 4.15], "rotation": 180, "texture": "#1"},
				"east": {"uv": [13.25, 3.15, 13.75, 4.15], "rotation": 180, "texture": "#1"},
				"south": {"uv": [13.25, 3.15, 13.75, 4.15], "rotation": 180, "texture": "#1"},
				"west": {"uv": [13.25, 3.15, 13.75, 4.15], "rotation": 180, "texture": "#1"},
				"up": {"uv": [13.25, 3.15, 13.75, 4.15], "rotation": 180, "texture": "#1"},
				"down": {"uv": [13.25, 3.15, 13.75, 4.15], "rotation": 180, "texture": "#1"}
			}
		},
		{
			"from": [8.39153, 8.50092, -3.58089],
			"to": [8.55936, 8.86092, -3.06945],
			"rotation": {"angle": 0, "axis": "y", "origin": [10.51084, 10.92198, 25.12405]},
			"faces": {
				"north": {"uv": [13.25, 3.15, 13.75, 4.15], "rotation": 180, "texture": "#1"},
				"east": {"uv": [13.25, 3.15, 13.75, 4.15], "rotation": 180, "texture": "#1"},
				"south": {"uv": [13.25, 3.15, 13.75, 4.15], "rotation": 180, "texture": "#1"},
				"west": {"uv": [13.25, 3.15, 13.75, 4.15], "rotation": 180, "texture": "#1"},
				"up": {"uv": [13.25, 3.15, 13.75, 4.15], "rotation": 180, "texture": "#1"},
				"down": {"uv": [13.25, 3.15, 13.75, 4.15], "rotation": 180, "texture": "#1"}
			}
		},
		{
			"from": [5.31211, 10.303, -7.08089],
			"to": [5.65211, 10.47083, -3.06945],
			"rotation": {"angle": -45, "axis": "z", "origin": [5.63317, 6.35152, 21.62405]},
			"faces": {
				"north": {"uv": [13.25, 3.15, 14.25, 4.15], "texture": "#1"},
				"east": {"uv": [13.25, 3.15, 14.25, 4.15], "texture": "#1"},
				"south": {"uv": [13.25, 3.15, 14.25, 4.15], "texture": "#1"},
				"west": {"uv": [13.25, 3.15, 14.25, 4.15], "texture": "#1"},
				"up": {"uv": [13.25, 3.15, 14.25, 4.15], "texture": "#1"},
				"down": {"uv": [13.25, 3.15, 14.25, 4.15], "texture": "#1"}
			}
		},
		{
			"from": [4.84326, 9.64837, -7.08089],
			"to": [5.18326, 9.8162, -3.06945],
			"rotation": {"angle": -45, "axis": "z", "origin": [4.16432, 5.69689, 21.62405]},
			"faces": {
				"north": {"uv": [13.25, 3.15, 14.25, 4.15], "texture": "#1"},
				"east": {"uv": [13.25, 3.15, 14.25, 4.15], "texture": "#1"},
				"south": {"uv": [13.25, 3.15, 14.25, 4.15], "texture": "#1"},
				"west": {"uv": [13.25, 3.15, 14.25, 4.15], "texture": "#1"},
				"up": {"uv": [13.25, 3.15, 14.25, 4.15], "texture": "#1"},
				"down": {"uv": [13.25, 3.15, 14.25, 4.15], "texture": "#1"}
			}
		},
		{
			"from": [7.37894, 7.72351, -8.00589],
			"to": [8.61894, 9.41634, -7.06945],
			"rotation": {"angle": 0, "axis": "y", "origin": [8, 5.37203, 21.62405]},
			"faces": {
				"north": {"uv": [14.75, 3.15, 15.75, 4.15], "texture": "#1"},
				"east": {"uv": [14.75, 3.15, 15.75, 4.15], "texture": "#1"},
				"south": {"uv": [14.75, 3.15, 15.75, 4.15], "texture": "#1"},
				"west": {"uv": [14.75, 3.15, 15.75, 4.15], "texture": "#1"},
				"up": {"uv": [14.75, 3.15, 15.75, 4.15], "texture": "#1"},
				"down": {"uv": [14.75, 3.15, 15.75, 4.15], "texture": "#1"}
			}
		},
		{
			"from": [7.87894, 7.52351, -7.90589],
			"to": [8.11894, 9.21634, -7.36945],
			"rotation": {"angle": 0, "axis": "y", "origin": [8, 5.37203, 21.62405]},
			"faces": {
				"north": {"uv": [13.25, 3.15, 14.25, 4.15], "texture": "#1"},
				"east": {"uv": [13.25, 3.15, 14.25, 4.15], "texture": "#1"},
				"south": {"uv": [13.25, 3.15, 14.25, 4.15], "texture": "#1"},
				"west": {"uv": [13.25, 3.15, 14.25, 4.15], "texture": "#1"},
				"up": {"uv": [13.25, 3.15, 14.25, 4.15], "texture": "#1"},
				"down": {"uv": [13.25, 3.15, 14.25, 4.15], "texture": "#1"}
			}
		},
		{
			"from": [7.68969, 5.81035, 11.07421],
			"to": [8.31031, 6.76448, 11.27816],
			"rotation": {"angle": 0, "axis": "y", "origin": [8, 6.28742, 11.17619]},
			"faces": {
				"north": {"uv": [15.5, 3.5, 15, 4], "rotation": 90, "texture": "#1"},
				"east": {"uv": [15, 3.5, 15.5, 4], "rotation": 270, "texture": "#1"},
				"south": {"uv": [15.5, 3.5, 15, 4], "rotation": 90, "texture": "#1"},
				"west": {"uv": [15, 3.5, 15.5, 4], "rotation": 270, "texture": "#1"},
				"up": {"uv": [15, 3.5, 15.5, 4], "rotation": 270, "texture": "#1"},
				"down": {"uv": [15, 3.5, 15.5, 4], "rotation": 270, "texture": "#1"}
			}
		},
		{
			"from": [7.68969, 5.30831, 9.46155],
			"to": [8.31031, 5.51226, 10.77612],
			"rotation": {"angle": 0, "axis": "y", "origin": [8, 5.41029, 10.11883]},
			"faces": {
				"north": {"uv": [15, 3.5, 15.5, 4], "rotation": 90, "texture": "#1"},
				"east": {"uv": [15, 3.5, 15.5, 4], "rotation": 180, "texture": "#1"},
				"south": {"uv": [15, 3.5, 15.5, 4], "rotation": 270, "texture": "#1"},
				"west": {"uv": [15, 3.5, 15.5, 4], "texture": "#1"},
				"up": {"uv": [15.5, 3.5, 15, 4], "rotation": 270, "texture": "#1"},
				"down": {"uv": [15.5, 3.5, 15, 4], "rotation": 90, "texture": "#1"}
			}
		},
		{
			"from": [7.68969, 5.27644, 9.18066],
			"to": [8.31031, 5.98644, 9.38461],
			"rotation": {"angle": -45, "axis": "x", "origin": [8, 5.63144, 9.28263]},
			"faces": {
				"north": {"uv": [15.5, 3.5, 15, 4], "rotation": 90, "texture": "#1"},
				"east": {"uv": [15, 3.5, 15.5, 4], "rotation": 270, "texture": "#1"},
				"south": {"uv": [15.5, 3.5, 15, 4], "rotation": 90, "texture": "#1"},
				"west": {"uv": [15, 3.5, 15.5, 4], "rotation": 270, "texture": "#1"},
				"up": {"uv": [15, 3.5, 15.5, 4], "rotation": 270, "texture": "#1"},
				"down": {"uv": [15, 3.5, 15.5, 4], "rotation": 270, "texture": "#1"}
			}
		},
		{
			"from": [7.68969, 5.27644, 10.85306],
			"to": [8.31031, 5.98644, 11.05701],
			"rotation": {"angle": 45, "axis": "x", "origin": [8, 5.63144, 10.95503]},
			"faces": {
				"north": {"uv": [15.5, 3.5, 15, 4], "rotation": 90, "texture": "#1"},
				"east": {"uv": [15, 3.5, 15.5, 4], "rotation": 270, "texture": "#1"},
				"south": {"uv": [15.5, 3.5, 15, 4], "rotation": 90, "texture": "#1"},
				"west": {"uv": [15, 3.5, 15.5, 4], "rotation": 270, "texture": "#1"},
				"up": {"uv": [15, 3.5, 15.5, 4], "rotation": 270, "texture": "#1"},
				"down": {"uv": [15, 3.5, 15.5, 4], "rotation": 270, "texture": "#1"}
			}
		},
		{
			"from": [7.68969, 5.90735, 10.34342],
			"to": [8.31031, 6.79091, 10.50824],
			"rotation": {"angle": 0, "axis": "y", "origin": [8, 6.27745, 10.42583]},
			"faces": {
				"north": {"uv": [7, 3, 9.5, 6], "rotation": 270, "texture": "#1"},
				"east": {"uv": [7, 3, 9.5, 6], "rotation": 270, "texture": "#1"},
				"south": {"uv": [7, 3, 9.5, 6], "rotation": 270, "texture": "#1"},
				"west": {"uv": [7, 3, 9.5, 6], "rotation": 270, "texture": "#1"},
				"up": {"uv": [7, 3, 9.5, 6], "rotation": 270, "texture": "#1"},
				"down": {"uv": [7, 3, 9.5, 6], "rotation": 270, "texture": "#1"}
			}
		},
		{
			"from": [7.68969, 5.58862, 10.21639],
			"to": [8.31031, 6.02824, 10.37622],
			"rotation": {"angle": 45, "axis": "x", "origin": [8, 5.80843, 10.29631]},
			"faces": {
				"north": {"uv": [7, 3, 9.5, 6], "rotation": 270, "texture": "#1"},
				"east": {"uv": [7, 3, 9.5, 6], "rotation": 270, "texture": "#1"},
				"south": {"uv": [7, 3, 9.5, 6], "rotation": 270, "texture": "#1"},
				"west": {"uv": [7, 3, 9.5, 6], "rotation": 270, "texture": "#1"},
				"up": {"uv": [7, 3, 9.5, 6], "rotation": 270, "texture": "#1"},
				"down": {"uv": [7, 3, 9.5, 6], "rotation": 270, "texture": "#1"}
			}
		},
		{
			"from": [7.68969, 5.81035, 8.95951],
			"to": [8.31031, 6.8197, 9.16345],
			"rotation": {"angle": 0, "axis": "y", "origin": [8, 6.17675, 9.06148]},
			"faces": {
				"north": {"uv": [15.5, 3.5, 15, 4], "rotation": 90, "texture": "#1"},
				"east": {"uv": [15, 3.5, 15.5, 4], "rotation": 270, "texture": "#1"},
				"south": {"uv": [15.5, 3.5, 15, 4], "rotation": 90, "texture": "#1"},
				"west": {"uv": [15, 3.5, 15.5, 4], "rotation": 270, "texture": "#1"},
				"up": {"uv": [15, 3.5, 15.5, 4], "rotation": 270, "texture": "#1"},
				"down": {"uv": [15, 3.5, 15.5, 4], "rotation": 270, "texture": "#1"}
			}
		},
		{
			"from": [7.9, 8.07351, 12.33055],
			"to": [8.09212, 8.91634, 12.48055],
			"rotation": {"angle": 0, "axis": "y", "origin": [8, 5.37203, 21.56049]},
			"faces": {
				"north": {"uv": [14.75, 3.1, 15.75, 4.1], "texture": "#1"},
				"east": {"uv": [14.75, 3.1, 15.75, 4.1], "texture": "#1"},
				"south": {"uv": [14.75, 3.1, 15.75, 4.1], "texture": "#1"},
				"west": {"uv": [14.75, 3.1, 15.75, 4.1], "texture": "#1"},
				"up": {"uv": [14.75, 3.1, 15.75, 4.1], "texture": "#1"},
				"down": {"uv": [14.75, 3.1, 15.75, 4.1], "texture": "#1"}
			}
		},
		{
			"from": [7.52894, 8.82351, 2.83055],
			"to": [8.47106, 9.66634, 6.26699],
			"rotation": {"angle": 0, "axis": "y", "origin": [8, 5.37203, 21.56049]},
			"faces": {
				"north": {"uv": [14.75, 3.1, 15.75, 4.1], "texture": "#1"},
				"east": {"uv": [14.75, 3.1, 15.75, 4.1], "texture": "#1"},
				"south": {"uv": [14.75, 3.1, 15.75, 4.1], "texture": "#1"},
				"west": {"uv": [14.75, 3.1, 15.75, 4.1], "texture": "#1"},
				"up": {"uv": [14.75, 3.1, 15.75, 4.1], "texture": "#1"},
				"down": {"uv": [14.75, 3.1, 15.75, 4.1], "texture": "#1"}
			}
		},
		{
			"from": [7.57894, 8.82351, -3.00589],
			"to": [8.42106, 9.46634, 2.83055],
			"rotation": {"angle": 0, "axis": "y", "origin": [8, 5.37203, 21.62405]},
			"faces": {
				"north": {"uv": [14.75, 3.1, 15.75, 4.1], "texture": "#1"},
				"east": {"uv": [14.75, 3.1, 15.75, 4.1], "texture": "#1"},
				"south": {"uv": [14.75, 3.1, 15.75, 4.1], "texture": "#1"},
				"west": {"uv": [14.75, 3.1, 15.75, 4.1], "texture": "#1"},
				"up": {"uv": [14.75, 3.1, 15.75, 4.1], "texture": "#1"},
				"down": {"uv": [14.75, 3.1, 15.75, 4.1], "texture": "#1"}
			}
		},
		{
			"from": [8.27894, 9.27351, 4.33055],
			"to": [8.82106, 9.56634, 4.61699],
			"rotation": {"angle": 0, "axis": "y", "origin": [8, 5.37203, 21.56049]},
			"faces": {
				"north": {"uv": [13.3, 4.75, 14.3, 5.875], "texture": "#1"},
				"east": {"uv": [13.3, 4.75, 14.3, 5.875], "texture": "#1"},
				"south": {"uv": [13.3, 4.75, 14.3, 5.875], "texture": "#1"},
				"west": {"uv": [13.3, 4.75, 14.3, 5.875], "texture": "#1"},
				"up": {"uv": [13.3, 4.75, 14.3, 5.875], "texture": "#1"},
				"down": {"uv": [13.3, 4.75, 14.3, 5.875], "texture": "#1"}
			}
		},
		{
			"from": [8.77894, 9.22351, 4.28055],
			"to": [9.02106, 9.61634, 4.66699],
			"rotation": {"angle": 0, "axis": "y", "origin": [8, 5.37203, 21.56049]},
			"faces": {
				"north": {"uv": [7.3, 3.25, 9.55, 6.25], "texture": "#1"},
				"east": {"uv": [7.3, 3.25, 9.55, 6.25], "texture": "#1"},
				"south": {"uv": [7.3, 3.25, 9.55, 6.25], "texture": "#1"},
				"west": {"uv": [7.3, 3.25, 9.55, 6.25], "texture": "#1"},
				"up": {"uv": [7.3, 3.25, 9.55, 6.25], "texture": "#1"},
				"down": {"uv": [7.3, 3.25, 9.55, 6.25], "texture": "#1"}
			}
		},
		{
			"from": [7.62894, 8.82351, 4.58055],
			"to": [8.37106, 9.56634, 9.51699],
			"rotation": {"angle": 0, "axis": "y", "origin": [8, 5.37203, 21.56049]},
			"faces": {
				"north": {"uv": [13.125, 4.8, 14.125, 5.8], "texture": "#1"},
				"east": {"uv": [13.125, 4.8, 14.125, 5.8], "texture": "#1"},
				"south": {"uv": [13.125, 4.8, 14.125, 5.8], "texture": "#1"},
				"west": {"uv": [13.125, 4.8, 14.125, 5.8], "texture": "#1"},
				"up": {"uv": [13.125, 4.8, 14.125, 5.8], "texture": "#1"},
				"down": {"uv": [13.125, 4.8, 14.125, 5.8], "texture": "#1"}
			}
		},
		{
			"from": [7.52285, 5.52412, 12.87198],
			"to": [8.47715, 6.68904, 16.02043],
			"rotation": {"angle": 45, "axis": "x", "origin": [8, 6.10658, 13.82121]},
			"faces": {
				"north": {"uv": [3.5, 10, 10, 15.5], "texture": "#1"},
				"east": {"uv": [10, 10, 3.5, 15.5], "texture": "#1"},
				"south": {"uv": [3.5, 10, 10, 15.5], "texture": "#1"},
				"west": {"uv": [10, 11.5, 3.5, 15.5], "texture": "#1"},
				"up": {"uv": [12.5, 10.5, 3, 13], "rotation": 270, "texture": "#1"},
				"down": {"uv": [13, 13, 4.5, 15.5], "rotation": 270, "texture": "#1"}
			}
		},
		{
			"from": [7.50394, 5.02351, 14.08055],
			"to": [8.49606, 7.11634, 23.31699],
			"rotation": {"angle": 0, "axis": "y", "origin": [8, 5.37203, 21.56049]},
			"faces": {
				"north": {"uv": [7.5, 10, 10, 13.5], "texture": "#1"},
				"east": {"uv": [14.5, 11, 0.5, 14.5], "texture": "#1"},
				"south": {"uv": [7.5, 10, 10, 13.5], "texture": "#1"},
				"west": {"uv": [14.5, 11, 0.5, 14.5], "texture": "#1"},
				"up": {"uv": [15.5, 13, 0.5, 15.5], "rotation": 270, "texture": "#1"},
				"down": {"uv": [13, 13, 1.5, 14.5], "rotation": 270, "texture": "#1"}
			}
		},
		{
			"from": [7.51247, 3.42491, 18.90279],
			"to": [8.48753, 5.42808, 23.317],
			"rotation": {"angle": 0, "axis": "y", "origin": [8, 3.9391, 22.85275]},
			"faces": {
				"north": {"uv": [3.5, 10, 10, 15.5], "texture": "#1"},
				"east": {"uv": [10, 13, 3.5, 15.5], "texture": "#1"},
				"south": {"uv": [3.5, 10, 10, 15.5], "texture": "#1"},
				"west": {"uv": [10, 13, 3.5, 15.5], "texture": "#1"},
				"up": {"uv": [10, 10, 3.5, 15.5], "rotation": 180, "texture": "#1"},
				"down": {"uv": [10, 10, 3.5, 15.5], "rotation": 180, "texture": "#1"}
			}
		},
		{
			"from": [7.52252, 5.4944, 11.74919],
			"to": [8.47748, 6.98741, 14.91182],
			"rotation": {"angle": 22.5, "axis": "x", "origin": [8, 6.4212, 14.78545]},
			"faces": {
				"north": {"uv": [3.5, 10, 10, 15.5], "texture": "#1"},
				"east": {"uv": [14.5, 11, 7, 14.5], "texture": "#1"},
				"south": {"uv": [3.5, 10, 10, 15.5], "texture": "#1"},
				"west": {"uv": [14.5, 11, 7, 14.5], "texture": "#1"},
				"up": {"uv": [11, 9.5, 5.5, 14], "texture": "#1"},
				"down": {"uv": [10, 10, 3.5, 15.5], "rotation": 180, "texture": "#1"}
			}
		},
		{
			"from": [7.5086, 4.41366, 15.14216],
			"to": [8.4914, 5.96359, 19.40776],
			"rotation": {"angle": 22.5, "axis": "x", "origin": [8, 5.18862, 16.66989]},
			"faces": {
				"north": {"uv": [3.5, 10, 10, 15.5], "texture": "#1"},
				"east": {"uv": [10, 13.5, 3.5, 15.5], "texture": "#1"},
				"south": {"uv": [3.5, 10, 10, 15.5], "texture": "#1"},
				"west": {"uv": [15, 13.5, 8.5, 15.5], "texture": "#1"},
				"up": {"uv": [10, 10, 3.5, 15.5], "rotation": 180, "texture": "#1"},
				"down": {"uv": [10, 10, 3.5, 15.5], "rotation": 180, "texture": "#1"}
			}
		},
		{
			"from": [7.51247, 7.04689, 14.79851],
			"to": [8.48753, 7.89609, 23.31699],
			"rotation": {"angle": 0, "axis": "y", "origin": [8, 7.12286, 21.56049]},
			"faces": {
				"north": {"uv": [3, 9, 7, 10], "texture": "#1"},
				"east": {"uv": [15, 9, 3, 10], "texture": "#1"},
				"south": {"uv": [3, 9, 9, 10.5], "texture": "#1"},
				"west": {"uv": [15, 9, 3, 10], "texture": "#1"},
				"up": {"uv": [15, 8.5, 1, 11], "rotation": 270, "texture": "#1"},
				"down": {"uv": [15, 8.5, 1, 11], "rotation": 270, "texture": "#1"}
			}
		},
		{
			"from": [7.53747, 4.51805, 13.98788],
			"to": [8.46253, 5.36725, 14.50636],
			"rotation": {"angle": 22.5, "axis": "x", "origin": [8, 4.59402, 20.74986]},
			"faces": {
				"north": {"uv": [3, 9, 7, 10], "texture": "#1"},
				"east": {"uv": [15, 9, 3, 10], "texture": "#1"},
				"south": {"uv": [3, 9, 9, 10.5], "texture": "#1"},
				"west": {"uv": [15, 9, 3, 10], "texture": "#1"},
				"up": {"uv": [15, 8.5, 1, 11], "rotation": 270, "texture": "#1"},
				"down": {"uv": [15, 8.5, 1, 11], "rotation": 270, "texture": "#1"}
			}
		},
		{
			"from": [7.46185, 3.3648, 23.1785],
			"to": [8.53815, 7.94404, 23.41169],
			"rotation": {"angle": 0, "axis": "y", "origin": [8, 5.40442, 23.2951]},
			"faces": {
				"north": {"uv": [15, 3.5, 15.5, 4], "rotation": 270, "texture": "#1"},
				"east": {"uv": [15.5, 3.5, 15, 4], "rotation": 90, "texture": "#1"},
				"south": {"uv": [15, 3.5, 15.5, 4], "rotation": 270, "texture": "#1"},
				"west": {"uv": [15.5, 3.5, 15, 4], "rotation": 90, "texture": "#1"},
				"up": {"uv": [15.5, 3.5, 15, 4], "rotation": 270, "texture": "#1"},
				"down": {"uv": [15.5, 3.5, 15, 4], "rotation": 270, "texture": "#1"}
			}
		},
		{
			"from": [7.50394, 6.72351, 1.58055],
			"to": [8.49606, 9.06634, 12.31699],
			"rotation": {"angle": 0, "axis": "y", "origin": [8, 5.37203, 21.56049]},
			"faces": {
				"north": {"uv": [7.5, 10, 10, 13.5], "texture": "#1"},
				"east": {"uv": [14.5, 11, 0.5, 14.5], "texture": "#1"},
				"south": {"uv": [7.5, 10, 10, 13.5], "texture": "#1"},
				"west": {"uv": [14.5, 11, 0.5, 14.5], "texture": "#1"},
				"up": {"uv": [15.5, 13, 0.5, 15.5], "rotation": 270, "texture": "#1"},
				"down": {"uv": [13, 13, 1.5, 14.5], "rotation": 270, "texture": "#1"}
			}
		},
		{
			"from": [7.50394, 6.72351, -0.65589],
			"to": [8.49606, 9.06634, 1.58055],
			"rotation": {"angle": 0, "axis": "y", "origin": [8, 5.37203, 22.52405]},
			"faces": {
				"north": {"uv": [4.5, 11, 0.5, 14.5], "texture": "#1"},
				"east": {"uv": [4.5, 11, 0.5, 14.5], "texture": "#1"},
				"south": {"uv": [4.5, 11, 0.5, 14.5], "texture": "#1"},
				"west": {"uv": [4.5, 11, 0.5, 14.5], "texture": "#1"},
				"up": {"uv": [4.5, 11, 0.5, 14.5], "texture": "#1"},
				"down": {"uv": [4.5, 11, 0.5, 14.5], "texture": "#1"}
			}
		},
		{
			"from": [7.50394, 7.72351, -2.90589],
			"to": [8.49606, 9.06634, -0.64445],
			"rotation": {"angle": 0, "axis": "y", "origin": [8, 5.37203, 22.52405]},
			"faces": {
				"north": {"uv": [5, 11, 0.5, 13.5], "texture": "#1"},
				"east": {"uv": [5, 11, 0.5, 13.5], "texture": "#1"},
				"south": {"uv": [5, 11, 0.5, 13.5], "texture": "#1"},
				"west": {"uv": [5, 11, 0.5, 13.5], "texture": "#1"},
				"up": {"uv": [5, 11, 0.5, 13.5], "texture": "#1"},
				"down": {"uv": [5, 11, 0.5, 13.5], "texture": "#1"}
			}
		},
		{
			"from": [7.52894, -1.97326, -5.9577],
			"to": [8.47106, -0.63043, -3.32126],
			"rotation": {"angle": 22.5, "axis": "x", "origin": [8, -4.32474, 19.87224]},
			"faces": {
				"north": {"uv": [3.5, 11, 0.5, 13.5], "texture": "#1"},
				"east": {"uv": [3.5, 11, 0.5, 13.5], "texture": "#1"},
				"south": {"uv": [3.5, 11, 0.5, 13.5], "texture": "#1"},
				"west": {"uv": [3.5, 11, 0.5, 13.5], "texture": "#1"},
				"up": {"uv": [3.5, 11, 0.5, 13.5], "texture": "#1"},
				"down": {"uv": [3.5, 11, 0.5, 13.5], "texture": "#1"}
			}
		},
		{
			"from": [7.55394, 3.89851, 1.83055],
			"to": [8.44606, 6.74134, 3.06699],
			"rotation": {"angle": 0, "axis": "y", "origin": [8, 5.37203, 21.56049]},
			"faces": {
				"north": {"uv": [10, 0, 12.5, 2.5], "texture": "#1"},
				"east": {"uv": [10, 0, 12.5, 2.5], "texture": "#1"},
				"south": {"uv": [10, 0, 12.5, 2.5], "texture": "#1"},
				"west": {"uv": [10, 0, 12.5, 2.5], "texture": "#1"},
				"up": {"uv": [10, 0, 12.5, 2.5], "texture": "#1"},
				"down": {"uv": [10, 0, 12.5, 2.5], "texture": "#1"}
			}
		},
		{
			"from": [7.68969, 3.81035, 4.95951],
			"to": [8.31031, 6.8197, 8.16345],
			"rotation": {"angle": 0, "axis": "y", "origin": [8, 6.17675, 9.06148]},
			"faces": {
				"north": {"uv": [15.5, 3.5, 15, 4], "rotation": 90, "texture": "#1"},
				"east": {"uv": [15, 3.5, 15.5, 4], "rotation": 270, "texture": "#1"},
				"south": {"uv": [15.5, 3.5, 15, 4], "rotation": 90, "texture": "#1"},
				"west": {"uv": [15, 3.5, 15.5, 4], "rotation": 270, "texture": "#1"},
				"up": {"uv": [15, 3.5, 15.5, 4], "rotation": 270, "texture": "#1"},
				"down": {"uv": [15, 3.5, 15.5, 4], "rotation": 270, "texture": "#1"}
			}
		},
		{
			"from": [7.71469, -0.02656, 7.32389],
			"to": [8.28531, 2.98279, 10.52783],
			"rotation": {"angle": 22.5, "axis": "x", "origin": [8, 9.33984, 11.42586]},
			"faces": {
				"north": {"uv": [15.5, 3.5, 15, 4], "rotation": 90, "texture": "#1"},
				"east": {"uv": [15, 3.5, 15.5, 4], "rotation": 270, "texture": "#1"},
				"south": {"uv": [15.5, 3.5, 15, 4], "rotation": 90, "texture": "#1"},
				"west": {"uv": [15, 3.5, 15.5, 4], "rotation": 270, "texture": "#1"},
				"up": {"uv": [15, 3.5, 15.5, 4], "rotation": 270, "texture": "#1"},
				"down": {"uv": [15, 3.5, 15.5, 4], "rotation": 270, "texture": "#1"}
			}
		},
		{
			"from": [7.68969, 5.90735, 4.44342],
			"to": [8.31031, 6.79091, 4.75824],
			"rotation": {"angle": 0, "axis": "y", "origin": [8, 6.27745, 4.67583]},
			"faces": {
				"north": {"uv": [14, 3.5, 13.5, 4], "rotation": 90, "texture": "#1"},
				"east": {"uv": [13.5, 3.5, 14, 4], "rotation": 270, "texture": "#1"},
				"south": {"uv": [14, 3.5, 13.5, 4], "rotation": 90, "texture": "#1"},
				"west": {"uv": [13.5, 3.5, 14, 4], "rotation": 270, "texture": "#1"},
				"up": {"uv": [13.5, 3.5, 14, 4], "rotation": 270, "texture": "#1"},
				"down": {"uv": [13.5, 3.5, 14, 4], "rotation": 270, "texture": "#1"}
			}
		},
		{
			"from": [7.68969, 5.63235, 4.59342],
			"to": [8.31031, 5.91591, 4.75824],
			"rotation": {"angle": 0, "axis": "y", "origin": [8, 6.27745, 4.67583]},
			"faces": {
				"north": {"uv": [14, 3.5, 13.5, 4], "rotation": 90, "texture": "#1"},
				"east": {"uv": [13.5, 3.5, 14, 4], "rotation": 270, "texture": "#1"},
				"south": {"uv": [14, 3.5, 13.5, 4], "rotation": 90, "texture": "#1"},
				"west": {"uv": [13.5, 3.5, 14, 4], "rotation": 270, "texture": "#1"},
				"up": {"uv": [13.5, 3.5, 14, 4], "rotation": 270, "texture": "#1"},
				"down": {"uv": [13.5, 3.5, 14, 4], "rotation": 270, "texture": "#1"}
			}
		},
		{
			"from": [7.68969, 5.12072, 5.17349],
			"to": [8.31031, 5.46034, 5.33332],
			"rotation": {"angle": 45, "axis": "x", "origin": [8, 6.24053, 5.25341]},
			"faces": {
				"north": {"uv": [14, 3.5, 13.5, 4], "rotation": 90, "texture": "#1"},
				"east": {"uv": [13.5, 3.5, 14, 4], "rotation": 270, "texture": "#1"},
				"south": {"uv": [14, 3.5, 13.5, 4], "rotation": 90, "texture": "#1"},
				"west": {"uv": [13.5, 3.5, 14, 4], "rotation": 270, "texture": "#1"},
				"up": {"uv": [13.5, 3.5, 14, 4], "rotation": 270, "texture": "#1"},
				"down": {"uv": [13.5, 3.5, 14, 4], "rotation": 270, "texture": "#1"}
			}
		},
		{
			"from": [7.63969, 4.41035, 5.40951],
			"to": [8.36031, 6.8197, 5.61345],
			"rotation": {"angle": 0, "axis": "y", "origin": [8, 6.17675, 9.06148]},
			"faces": {
				"north": {"uv": [13.5, 3.5, 14, 4], "rotation": 270, "texture": "#1"},
				"east": {"uv": [13.5, 3.5, 14, 4], "rotation": 270, "texture": "#1"},
				"south": {"uv": [13.5, 3.5, 14, 4], "rotation": 270, "texture": "#1"},
				"west": {"uv": [13.5, 3.5, 14, 4], "rotation": 270, "texture": "#1"},
				"up": {"uv": [13.5, 3.5, 14, 4], "rotation": 270, "texture": "#1"},
				"down": {"uv": [13.5, 3.5, 14, 4], "rotation": 270, "texture": "#1"}
			}
		},
		{
			"from": [7.63969, 0.36464, 7.13725],
			"to": [8.36031, 2.82399, 7.34119],
			"rotation": {"angle": 22.5, "axis": "x", "origin": [8, 7.18104, 10.48922]},
			"faces": {
				"north": {"uv": [7.375, 3.375, 9.625, 6.25], "rotation": 270, "texture": "#1"},
				"east": {"uv": [7.375, 3.375, 9.625, 6.25], "rotation": 270, "texture": "#1"},
				"south": {"uv": [7.375, 3.375, 9.625, 6.25], "rotation": 270, "texture": "#1"},
				"west": {"uv": [7.375, 3.375, 9.625, 6.25], "rotation": 270, "texture": "#1"},
				"up": {"uv": [7.375, 3.375, 9.625, 6.25], "rotation": 270, "texture": "#1"},
				"down": {"uv": [7.375, 3.375, 9.625, 6.25], "rotation": 270, "texture": "#1"}
			}
		},
		{
			"from": [7.63969, 0.48964, 6.83725],
			"to": [8.36031, 2.87399, 7.04119],
			"rotation": {"angle": 22.5, "axis": "x", "origin": [7, 7.23104, 10.18922]},
			"faces": {
				"north": {"uv": [13.5, 3.5, 14, 4], "rotation": 270, "texture": "#1"},
				"east": {"uv": [13.5, 3.5, 14, 4], "rotation": 270, "texture": "#1"},
				"south": {"uv": [13.5, 3.5, 14, 4], "rotation": 270, "texture": "#1"},
				"west": {"uv": [13.5, 3.5, 14, 4], "rotation": 270, "texture": "#1"},
				"up": {"uv": [13.5, 3.5, 14, 4], "rotation": 270, "texture": "#1"},
				"down": {"uv": [13.5, 3.5, 14, 4], "rotation": 270, "texture": "#1"}
			}
		},
		{
			"from": [7.63969, 0.37945, 7.46009],
			"to": [8.36031, 2.8888, 7.66403],
			"rotation": {"angle": 22.5, "axis": "x", "origin": [8, 7.24585, 10.51206]},
			"faces": {
				"north": {"uv": [13.5, 3.5, 14, 4], "rotation": 270, "texture": "#1"},
				"east": {"uv": [13.5, 3.5, 14, 4], "rotation": 270, "texture": "#1"},
				"south": {"uv": [13.5, 3.5, 14, 4], "rotation": 270, "texture": "#1"},
				"west": {"uv": [13.5, 3.5, 14, 4], "rotation": 270, "texture": "#1"},
				"up": {"uv": [13.5, 3.5, 14, 4], "rotation": 270, "texture": "#1"},
				"down": {"uv": [13.5, 3.5, 14, 4], "rotation": 270, "texture": "#1"}
			}
		},
		{
			"from": [7.63969, 0.39425, 7.78292],
			"to": [8.36031, 2.9536, 7.98686],
			"rotation": {"angle": 22.5, "axis": "x", "origin": [8, 7.31065, 10.53489]},
			"faces": {
				"north": {"uv": [7.375, 3.375, 9.625, 6.25], "rotation": 270, "texture": "#1"},
				"east": {"uv": [7.375, 3.375, 9.625, 6.25], "rotation": 270, "texture": "#1"},
				"south": {"uv": [7.375, 3.375, 9.625, 6.25], "rotation": 270, "texture": "#1"},
				"west": {"uv": [7.375, 3.375, 9.625, 6.25], "rotation": 270, "texture": "#1"},
				"up": {"uv": [7.375, 3.375, 9.625, 6.25], "rotation": 270, "texture": "#1"},
				"down": {"uv": [7.375, 3.375, 9.625, 6.25], "rotation": 270, "texture": "#1"}
			}
		},
		{
			"from": [7.63969, 0.40906, 8.10576],
			"to": [8.36031, 3.01841, 8.3097],
			"rotation": {"angle": 22.5, "axis": "x", "origin": [8, 7.37546, 10.55773]},
			"faces": {
				"north": {"uv": [13.5, 3.5, 14, 4], "rotation": 270, "texture": "#1"},
				"east": {"uv": [13.5, 3.5, 14, 4], "rotation": 270, "texture": "#1"},
				"south": {"uv": [13.5, 3.5, 14, 4], "rotation": 270, "texture": "#1"},
				"west": {"uv": [13.5, 3.5, 14, 4], "rotation": 270, "texture": "#1"},
				"up": {"uv": [13.5, 3.5, 14, 4], "rotation": 270, "texture": "#1"},
				"down": {"uv": [13.5, 3.5, 14, 4], "rotation": 270, "texture": "#1"}
			}
		},
		{
			"from": [7.63969, 0.42386, 8.4286],
			"to": [8.36031, 3.08321, 8.63254],
			"rotation": {"angle": 22.5, "axis": "x", "origin": [8, 7.44026, 10.58057]},
			"faces": {
				"north": {"uv": [7.375, 3.375, 9.625, 6.25], "rotation": 270, "texture": "#1"},
				"east": {"uv": [7.375, 3.375, 9.625, 6.25], "rotation": 270, "texture": "#1"},
				"south": {"uv": [7.375, 3.375, 9.625, 6.25], "rotation": 270, "texture": "#1"},
				"west": {"uv": [7.375, 3.375, 9.625, 6.25], "rotation": 270, "texture": "#1"},
				"up": {"uv": [7.375, 3.375, 9.625, 6.25], "rotation": 270, "texture": "#1"},
				"down": {"uv": [7.375, 3.375, 9.625, 6.25], "rotation": 270, "texture": "#1"}
			}
		},
		{
			"from": [7.63969, 0.43867, 8.75143],
			"to": [8.36031, 3.14802, 8.95537],
			"rotation": {"angle": 22.5, "axis": "x", "origin": [8, 7.50507, 10.6034]},
			"faces": {
				"north": {"uv": [13.5, 3.5, 14, 4], "rotation": 270, "texture": "#1"},
				"east": {"uv": [13.5, 3.5, 14, 4], "rotation": 270, "texture": "#1"},
				"south": {"uv": [13.5, 3.5, 14, 4], "rotation": 270, "texture": "#1"},
				"west": {"uv": [13.5, 3.5, 14, 4], "rotation": 270, "texture": "#1"},
				"up": {"uv": [13.5, 3.5, 14, 4], "rotation": 270, "texture": "#1"},
				"down": {"uv": [13.5, 3.5, 14, 4], "rotation": 270, "texture": "#1"}
			}
		},
		{
			"from": [7.63969, 0.45347, 9.07427],
			"to": [8.36031, 3.21282, 9.27821],
			"rotation": {"angle": 22.5, "axis": "x", "origin": [8, 7.56987, 10.62624]},
			"faces": {
				"north": {"uv": [7.375, 3.375, 9.625, 6.25], "rotation": 270, "texture": "#1"},
				"east": {"uv": [7.375, 3.375, 9.625, 6.25], "rotation": 270, "texture": "#1"},
				"south": {"uv": [7.375, 3.375, 9.625, 6.25], "rotation": 270, "texture": "#1"},
				"west": {"uv": [7.375, 3.375, 9.625, 6.25], "rotation": 270, "texture": "#1"},
				"up": {"uv": [7.375, 3.375, 9.625, 6.25], "rotation": 270, "texture": "#1"},
				"down": {"uv": [7.375, 3.375, 9.625, 6.25], "rotation": 270, "texture": "#1"}
			}
		},
		{
			"from": [7.63969, 4.36035, 5.70951],
			"to": [8.36031, 6.8197, 5.91345],
			"rotation": {"angle": 0, "axis": "y", "origin": [8, 6.17675, 9.06148]},
			"faces": {
				"north": {"uv": [7.375, 3.375, 9.625, 6.25], "rotation": 270, "texture": "#1"},
				"east": {"uv": [7.375, 3.375, 9.625, 6.25], "rotation": 270, "texture": "#1"},
				"south": {"uv": [7.375, 3.375, 9.625, 6.25], "rotation": 270, "texture": "#1"},
				"west": {"uv": [7.375, 3.375, 9.625, 6.25], "rotation": 270, "texture": "#1"},
				"up": {"uv": [7.375, 3.375, 9.625, 6.25], "rotation": 270, "texture": "#1"},
				"down": {"uv": [7.375, 3.375, 9.625, 6.25], "rotation": 270, "texture": "#1"}
			}
		},
		{
			"from": [7.63969, 4.31035, 6.00951],
			"to": [8.36031, 6.8197, 6.21345],
			"rotation": {"angle": 0, "axis": "y", "origin": [8, 6.17675, 9.06148]},
			"faces": {
				"north": {"uv": [13.5, 3.5, 14, 4], "rotation": 270, "texture": "#1"},
				"east": {"uv": [13.5, 3.5, 14, 4], "rotation": 270, "texture": "#1"},
				"south": {"uv": [13.5, 3.5, 14, 4], "rotation": 270, "texture": "#1"},
				"west": {"uv": [13.5, 3.5, 14, 4], "rotation": 270, "texture": "#1"},
				"up": {"uv": [13.5, 3.5, 14, 4], "rotation": 270, "texture": "#1"},
				"down": {"uv": [13.5, 3.5, 14, 4], "rotation": 270, "texture": "#1"}
			}
		},
		{
			"from": [7.63969, 4.26035, 6.30951],
			"to": [8.36031, 6.8197, 6.51345],
			"rotation": {"angle": 0, "axis": "y", "origin": [8, 6.17675, 9.06148]},
			"faces": {
				"north": {"uv": [7.375, 3.375, 9.625, 6.25], "rotation": 270, "texture": "#1"},
				"east": {"uv": [7.375, 3.375, 9.625, 6.25], "rotation": 270, "texture": "#1"},
				"south": {"uv": [7.375, 3.375, 9.625, 6.25], "rotation": 270, "texture": "#1"},
				"west": {"uv": [7.375, 3.375, 9.625, 6.25], "rotation": 270, "texture": "#1"},
				"up": {"uv": [7.375, 3.375, 9.625, 6.25], "rotation": 270, "texture": "#1"},
				"down": {"uv": [7.375, 3.375, 9.625, 6.25], "rotation": 270, "texture": "#1"}
			}
		},
		{
			"from": [7.63969, 4.21035, 6.60951],
			"to": [8.36031, 6.8197, 6.81345],
			"rotation": {"angle": 0, "axis": "y", "origin": [8, 6.17675, 9.06148]},
			"faces": {
				"north": {"uv": [13.5, 3.5, 14, 4], "rotation": 270, "texture": "#1"},
				"east": {"uv": [13.5, 3.5, 14, 4], "rotation": 270, "texture": "#1"},
				"south": {"uv": [13.5, 3.5, 14, 4], "rotation": 270, "texture": "#1"},
				"west": {"uv": [13.5, 3.5, 14, 4], "rotation": 270, "texture": "#1"},
				"up": {"uv": [13.5, 3.5, 14, 4], "rotation": 270, "texture": "#1"},
				"down": {"uv": [13.5, 3.5, 14, 4], "rotation": 270, "texture": "#1"}
			}
		},
		{
			"from": [7.63969, 4.16035, 6.90951],
			"to": [8.36031, 6.8197, 7.11345],
			"rotation": {"angle": 0, "axis": "y", "origin": [8, 6.17675, 9.06148]},
			"faces": {
				"north": {"uv": [7.375, 3.375, 9.625, 6.25], "rotation": 270, "texture": "#1"},
				"east": {"uv": [7.375, 3.375, 9.625, 6.25], "rotation": 270, "texture": "#1"},
				"south": {"uv": [7.375, 3.375, 9.625, 6.25], "rotation": 270, "texture": "#1"},
				"west": {"uv": [7.375, 3.375, 9.625, 6.25], "rotation": 270, "texture": "#1"},
				"up": {"uv": [7.375, 3.375, 9.625, 6.25], "rotation": 270, "texture": "#1"},
				"down": {"uv": [7.375, 3.375, 9.625, 6.25], "rotation": 270, "texture": "#1"}
			}
		},
		{
			"from": [7.63969, 4.11035, 7.20951],
			"to": [8.36031, 6.8197, 7.41345],
			"rotation": {"angle": 0, "axis": "y", "origin": [8, 6.17675, 9.06148]},
			"faces": {
				"north": {"uv": [13.5, 3.5, 14, 4], "rotation": 270, "texture": "#1"},
				"east": {"uv": [13.5, 3.5, 14, 4], "rotation": 270, "texture": "#1"},
				"south": {"uv": [13.5, 3.5, 14, 4], "rotation": 270, "texture": "#1"},
				"west": {"uv": [13.5, 3.5, 14, 4], "rotation": 270, "texture": "#1"},
				"up": {"uv": [13.5, 3.5, 14, 4], "rotation": 270, "texture": "#1"},
				"down": {"uv": [13.5, 3.5, 14, 4], "rotation": 270, "texture": "#1"}
			}
		},
		{
			"from": [7.63969, 4.06035, 7.50951],
			"to": [8.36031, 6.8197, 7.71345],
			"rotation": {"angle": 0, "axis": "y", "origin": [8, 6.17675, 9.06148]},
			"faces": {
				"north": {"uv": [7.375, 3.375, 9.625, 6.25], "rotation": 270, "texture": "#1"},
				"east": {"uv": [7.375, 3.375, 9.625, 6.25], "rotation": 270, "texture": "#1"},
				"south": {"uv": [7.375, 3.375, 9.625, 6.25], "rotation": 270, "texture": "#1"},
				"west": {"uv": [7.375, 3.375, 9.625, 6.25], "rotation": 270, "texture": "#1"},
				"up": {"uv": [7.375, 3.375, 9.625, 6.25], "rotation": 270, "texture": "#1"},
				"down": {"uv": [7.375, 3.375, 9.625, 6.25], "rotation": 270, "texture": "#1"}
			}
		},
		{
			"from": [7.87894, 9.24851, -9.65589],
			"to": [8.11894, 9.59134, -9.41945],
			"rotation": {"angle": 0, "axis": "y", "origin": [8, 5.37203, 21.62405]},
			"faces": {
				"north": {"uv": [7.375, 3.375, 9.625, 6.25], "texture": "#1"},
				"east": {"uv": [7.375, 3.375, 9.625, 6.25], "texture": "#1"},
				"south": {"uv": [7.375, 3.375, 9.625, 6.25], "texture": "#1"},
				"west": {"uv": [7.375, 3.375, 9.625, 6.25], "texture": "#1"},
				"up": {"uv": [7.375, 3.375, 9.625, 6.25], "texture": "#1"},
				"down": {"uv": [7.375, 3.375, 9.625, 6.25], "texture": "#1"}
			}
		},
		{
			"from": [7.67894, 9.24851, -0.15589],
			"to": [8.31894, 9.59134, 1.18055],
			"rotation": {"angle": 0, "axis": "y", "origin": [8, 5.37203, 21.62405]},
			"faces": {
				"north": {"uv": [4, 3.5, 6.5, 6], "texture": "#1"},
				"east": {"uv": [4, 3.5, 6.5, 6], "texture": "#1"},
				"south": {"uv": [4, 3.5, 6.5, 6], "texture": "#1"},
				"west": {"uv": [4, 3.5, 6.5, 6], "texture": "#1"},
				"up": {"uv": [4, 3.5, 6.5, 6], "texture": "#1"},
				"down": {"uv": [4, 3.5, 6.5, 6], "texture": "#1"}
			}
		},
		{
			"from": [7.62894, 9.24851, 0.96911],
			"to": [7.86894, 9.79134, 1.08055],
			"rotation": {"angle": 0, "axis": "y", "origin": [8, 5.37203, 21.62405]},
			"faces": {
				"north": {"uv": [7.5, 3.5, 9.5, 6], "texture": "#1"},
				"east": {"uv": [7.5, 3.5, 9.5, 6], "texture": "#1"},
				"south": {"uv": [7.5, 3.5, 9.5, 6], "texture": "#1"},
				"west": {"uv": [7.5, 3.5, 9.5, 6], "texture": "#1"},
				"up": {"uv": [7.5, 3.5, 9.5, 6], "texture": "#1"},
				"down": {"uv": [7.5, 3.5, 9.5, 6], "texture": "#1"}
			}
		},
		{
			"from": [4.63533, 10.58052, 0.97],
			"to": [4.87533, 10.82335, 1.081],
			"rotation": {"angle": -45, "axis": "z", "origin": [5.00639, 6.40404, 21.62405]},
			"faces": {
				"north": {"uv": [7.5, 3.5, 9.5, 6], "texture": "#1"},
				"east": {"uv": [7.5, 3.5, 9.5, 6], "texture": "#1"},
				"south": {"uv": [7.5, 3.5, 9.5, 6], "texture": "#1"},
				"west": {"uv": [7.5, 3.5, 9.5, 6], "texture": "#1"},
				"up": {"uv": [7.5, 3.5, 9.5, 6], "texture": "#1"},
				"down": {"uv": [7.5, 3.5, 9.5, 6], "texture": "#1"}
			}
		},
		{
			"from": [8.12894, 9.24851, 0.96911],
			"to": [8.36894, 9.79134, 1.08055],
			"rotation": {"angle": 0, "axis": "y", "origin": [8, 5.37203, 21.62405]},
			"faces": {
				"north": {"uv": [7.5, 3.5, 9.5, 6], "texture": "#1"},
				"east": {"uv": [7.5, 3.5, 9.5, 6], "texture": "#1"},
				"south": {"uv": [7.5, 3.5, 9.5, 6], "texture": "#1"},
				"west": {"uv": [7.5, 3.5, 9.5, 6], "texture": "#1"},
				"up": {"uv": [7.5, 3.5, 9.5, 6], "texture": "#1"},
				"down": {"uv": [7.5, 3.5, 9.5, 6], "texture": "#1"}
			}
		},
		{
			"from": [11.12192, 10.58202, 0.97],
			"to": [11.36192, 10.82485, 1.081],
			"rotation": {"angle": 45, "axis": "z", "origin": [10.99298, 6.40554, 21.62405]},
			"faces": {
				"north": {"uv": [7.5, 3.5, 9.5, 6], "texture": "#1"},
				"east": {"uv": [7.5, 3.5, 9.5, 6], "texture": "#1"},
				"south": {"uv": [7.5, 3.5, 9.5, 6], "texture": "#1"},
				"west": {"uv": [7.5, 3.5, 9.5, 6], "texture": "#1"},
				"up": {"uv": [7.5, 3.5, 9.5, 6], "texture": "#1"},
				"down": {"uv": [7.5, 3.5, 9.5, 6], "texture": "#1"}
			}
		},
		{
			"from": [7.65394, 9.24851, 0.94411],
			"to": [8.34394, 9.69134, 1.10555],
			"rotation": {"angle": 0, "axis": "y", "origin": [8, 5.37203, 21.62405]},
			"faces": {
				"north": {"uv": [7.5, 3.5, 9.5, 6], "texture": "#1"},
				"east": {"uv": [7.5, 3.5, 9.5, 6], "texture": "#1"},
				"south": {"uv": [7.5, 3.5, 9.5, 6], "texture": "#1"},
				"west": {"uv": [7.5, 3.5, 9.5, 6], "texture": "#1"},
				"up": {"uv": [7.5, 3.5, 9.5, 6], "texture": "#1"},
				"down": {"uv": [7.5, 3.5, 9.5, 6], "texture": "#1"}
			}
		},
		{
			"from": [7.97894, 9.34851, -9.63089],
			"to": [8.01894, 9.76634, -9.44445],
			"rotation": {"angle": 0, "axis": "y", "origin": [8, 5.37203, 21.62405]},
			"faces": {
				"north": {"uv": [7.375, 3.375, 9.625, 6.25], "texture": "#1"},
				"east": {"uv": [7.375, 3.375, 9.625, 6.25], "texture": "#1"},
				"south": {"uv": [7.375, 3.375, 9.625, 6.25], "texture": "#1"},
				"west": {"uv": [7.375, 3.375, 9.625, 6.25], "texture": "#1"},
				"up": {"uv": [7.375, 3.375, 9.625, 6.25], "texture": "#1"},
				"down": {"uv": [7.375, 3.375, 9.625, 6.25], "texture": "#1"}
			}
		},
		{
			"from": [7.75394, 8.89851, -9.65589],
			"to": [8.24394, 9.39134, -9.41945],
			"rotation": {"angle": 0, "axis": "y", "origin": [8, 5.37203, 21.62405]},
			"faces": {
				"north": {"uv": [7.25, 3.25, 9.625, 6.125], "texture": "#1"},
				"east": {"uv": [7.25, 3.25, 9.625, 6.125], "texture": "#1"},
				"south": {"uv": [7.25, 3.25, 9.625, 6.125], "texture": "#1"},
				"west": {"uv": [7.25, 3.25, 9.625, 6.125], "texture": "#1"},
				"up": {"uv": [7.25, 3.25, 9.625, 6.125], "texture": "#1"},
				"down": {"uv": [7.25, 3.25, 9.625, 6.125], "texture": "#1"}
			}
		},
		{
			"from": [7.47894, 7.39851, 2.24411],
			"to": [8.52894, 8.74851, 2.54411],
			"rotation": {"angle": 0, "axis": "y", "origin": [7.4789, 8.1235, 2.3941]},
			"faces": {
				"north": {"uv": [14.75, 3.1, 15.75, 4.1], "texture": "#1"},
				"east": {"uv": [14.75, 3.1, 15.75, 4.1], "texture": "#1"},
				"south": {"uv": [14.75, 3.1, 15.75, 4.1], "texture": "#1"},
				"west": {"uv": [14.75, 3.1, 15.75, 4.1], "texture": "#1"},
				"up": {"uv": [14.75, 3.1, 15.75, 4.1], "texture": "#1"},
				"down": {"uv": [14.75, 3.1, 15.75, 4.1], "texture": "#1"}
			}
		},
		{
			"from": [7.47894, 7.37351, 2.24411],
			"to": [8.52894, 8.74851, 2.54411],
			"rotation": {"angle": -22.5, "axis": "x", "origin": [7.4789, 8.1235, 2.3941]},
			"faces": {
				"north": {"uv": [14.75, 3.1, 15.75, 4.1], "texture": "#1"},
				"east": {"uv": [14.75, 3.1, 15.75, 4.1], "texture": "#1"},
				"south": {"uv": [14.75, 3.1, 15.75, 4.1], "texture": "#1"},
				"west": {"uv": [14.75, 3.1, 15.75, 4.1], "texture": "#1"},
				"up": {"uv": [14.75, 3.1, 15.75, 4.1], "texture": "#1"},
				"down": {"uv": [14.75, 3.1, 15.75, 4.1], "texture": "#1"}
			}
		},
		{
			"from": [7.47894, 7.42351, 2.24411],
			"to": [8.52894, 8.74851, 2.54411],
			"rotation": {"angle": -45, "axis": "x", "origin": [7.4789, 8.1235, 2.3941]},
			"faces": {
				"north": {"uv": [14.75, 3.1, 15.75, 4.1], "texture": "#1"},
				"east": {"uv": [14.75, 3.1, 15.75, 4.1], "texture": "#1"},
				"south": {"uv": [14.75, 3.1, 15.75, 4.1], "texture": "#1"},
				"west": {"uv": [14.75, 3.1, 15.75, 4.1], "texture": "#1"},
				"up": {"uv": [14.75, 3.1, 15.75, 4.1], "texture": "#1"},
				"down": {"uv": [14.75, 3.1, 15.75, 4.1], "texture": "#1"}
			}
		},
		{
			"from": [7.47894, 7.97351, 1.74409],
			"to": [8.52894, 8.27351, 3.06909],
			"rotation": {"angle": 22.5, "axis": "x", "origin": [7.4789, 8.1235, 2.3941]},
			"faces": {
				"north": {"uv": [14.75, 3.1, 15.75, 4.1], "rotation": 180, "texture": "#1"},
				"east": {"uv": [14.75, 3.1, 15.75, 4.1], "rotation": 90, "texture": "#1"},
				"south": {"uv": [14.75, 3.1, 15.75, 4.1], "texture": "#1"},
				"west": {"uv": [14.75, 3.1, 15.75, 4.1], "rotation": 270, "texture": "#1"},
				"up": {"uv": [14.75, 3.1, 15.75, 4.1], "texture": "#1"},
				"down": {"uv": [14.75, 3.1, 15.75, 4.1], "rotation": 180, "texture": "#1"}
			}
		},
		{
			"from": [7.47894, 7.97351, 1.71909],
			"to": [8.52894, 8.27351, 3.06909],
			"rotation": {"angle": 0, "axis": "y", "origin": [7.4789, 8.1235, 2.3941]},
			"faces": {
				"north": {"uv": [14.75, 3.1, 15.75, 4.1], "rotation": 180, "texture": "#1"},
				"east": {"uv": [14.75, 3.1, 15.75, 4.1], "rotation": 90, "texture": "#1"},
				"south": {"uv": [14.75, 3.1, 15.75, 4.1], "texture": "#1"},
				"west": {"uv": [14.75, 3.1, 15.75, 4.1], "rotation": 270, "texture": "#1"},
				"up": {"uv": [14.75, 3.1, 15.75, 4.1], "texture": "#1"},
				"down": {"uv": [14.75, 3.1, 15.75, 4.1], "rotation": 180, "texture": "#1"}
			}
		},
		{
			"from": [7.47894, 7.97351, 1.71909],
			"to": [8.52894, 8.27351, 3.04409],
			"rotation": {"angle": -22.5, "axis": "x", "origin": [7.4789, 8.1235, 2.3941]},
			"faces": {
				"north": {"uv": [14.75, 3.1, 15.75, 4.1], "rotation": 180, "texture": "#1"},
				"east": {"uv": [14.75, 3.1, 15.75, 4.1], "rotation": 90, "texture": "#1"},
				"south": {"uv": [14.75, 3.1, 15.75, 4.1], "texture": "#1"},
				"west": {"uv": [14.75, 3.1, 15.75, 4.1], "rotation": 270, "texture": "#1"},
				"up": {"uv": [14.75, 3.1, 15.75, 4.1], "texture": "#1"},
				"down": {"uv": [14.75, 3.1, 15.75, 4.1], "rotation": 180, "texture": "#1"}
			}
		},
		{
			"from": [7.47894, 7.97351, 1.69409],
			"to": [8.52894, 8.27351, 3.01909],
			"rotation": {"angle": -45, "axis": "x", "origin": [7.4789, 8.1235, 2.3941]},
			"faces": {
				"north": {"uv": [14.75, 3.1, 15.75, 4.1], "rotation": 180, "texture": "#1"},
				"east": {"uv": [14.75, 3.1, 15.75, 4.1], "rotation": 90, "texture": "#1"},
				"south": {"uv": [14.75, 3.1, 15.75, 4.1], "texture": "#1"},
				"west": {"uv": [14.75, 3.1, 15.75, 4.1], "rotation": 270, "texture": "#1"},
				"up": {"uv": [14.75, 3.1, 15.75, 4.1], "texture": "#1"},
				"down": {"uv": [14.75, 3.1, 15.75, 4.1], "rotation": 180, "texture": "#1"}
			}
		},
		{
			"from": [7.47894, 7.39849, 2.24409],
			"to": [8.52894, 8.74849, 2.54409],
			"rotation": {"angle": 22.5, "axis": "x", "origin": [7.4789, 8.1235, 2.3941]},
			"faces": {
				"north": {"uv": [14.75, 3.1, 15.75, 4.1], "rotation": 180, "texture": "#1"},
				"east": {"uv": [14.75, 3.1, 15.75, 4.1], "rotation": 180, "texture": "#1"},
				"south": {"uv": [14.75, 3.1, 15.75, 4.1], "rotation": 180, "texture": "#1"},
				"west": {"uv": [14.75, 3.1, 15.75, 4.1], "rotation": 180, "texture": "#1"},
				"up": {"uv": [14.75, 3.1, 15.75, 4.1], "texture": "#1"},
				"down": {"uv": [14.75, 3.1, 15.75, 4.1], "texture": "#1"}
			}
		},
		{
			"from": [7.45394, 8.72351, 2.24411],
			"to": [8.55394, 8.82351, 2.54411],
			"rotation": {"angle": 0, "axis": "y", "origin": [7.4789, 7.9235, 2.5441]},
			"faces": {
				"north": {"uv": [14.75, 4.6, 15.75, 5.6], "texture": "#1"},
				"east": {"uv": [14.75, 4.6, 15.75, 5.6], "texture": "#1"},
				"south": {"uv": [14.75, 4.6, 15.75, 5.6], "texture": "#1"},
				"west": {"uv": [14.75, 4.6, 15.75, 5.6], "texture": "#1"},
				"up": {"uv": [14.75, 4.6, 15.75, 5.6], "texture": "#1"},
				"down": {"uv": [14.75, 4.6, 15.75, 5.6], "texture": "#1"}
			}
		},
		{
			"from": [7.45394, 8.7698, 2.31136],
			"to": [8.55394, 8.8698, 2.61136],
			"rotation": {"angle": -22.5, "axis": "x", "origin": [7.4789, 7.9235, 2.5441]},
			"faces": {
				"north": {"uv": [14.75, 4.6, 15.75, 5.6], "texture": "#1"},
				"east": {"uv": [14.75, 4.6, 15.75, 5.6], "texture": "#1"},
				"south": {"uv": [14.75, 4.6, 15.75, 5.6], "texture": "#1"},
				"west": {"uv": [14.75, 4.6, 15.75, 5.6], "texture": "#1"},
				"up": {"uv": [14.75, 4.6, 15.75, 5.6], "texture": "#1"},
				"down": {"uv": [14.75, 4.6, 15.75, 5.6], "texture": "#1"}
			}
		},
		{
			"from": [7.45394, 8.78683, 2.39121],
			"to": [8.55394, 8.88683, 2.69121],
			"rotation": {"angle": -45, "axis": "x", "origin": [7.4789, 7.9235, 2.5441]},
			"faces": {
				"north": {"uv": [14.75, 4.6, 15.75, 5.6], "texture": "#1"},
				"east": {"uv": [14.75, 4.6, 15.75, 5.6], "texture": "#1"},
				"south": {"uv": [14.75, 4.6, 15.75, 5.6], "texture": "#1"},
				"west": {"uv": [14.75, 4.6, 15.75, 5.6], "texture": "#1"},
				"up": {"uv": [14.75, 4.6, 15.75, 5.6], "texture": "#1"},
				"down": {"uv": [14.75, 4.6, 15.75, 5.6], "texture": "#1"}
			}
		},
		{
			"from": [7.45394, 7.8509, 1.59559],
			"to": [8.55394, 8.1509, 1.69559],
			"rotation": {"angle": 22.5, "axis": "x", "origin": [7.4789, 7.9235, 2.5441]},
			"faces": {
				"north": {"uv": [14.75, 4.6, 15.75, 5.6], "rotation": 90, "texture": "#1"},
				"east": {"uv": [14.75, 4.6, 15.75, 5.6], "rotation": 90, "texture": "#1"},
				"south": {"uv": [14.75, 4.6, 15.75, 5.6], "rotation": 90, "texture": "#1"},
				"west": {"uv": [14.75, 4.6, 15.75, 5.6], "rotation": 90, "texture": "#1"},
				"up": {"uv": [14.75, 4.6, 15.75, 5.6], "rotation": 90, "texture": "#1"},
				"down": {"uv": [14.75, 4.6, 15.75, 5.6], "rotation": 90, "texture": "#1"}
			}
		},
		{
			"from": [7.45394, 7.91941, 3.04821],
			"to": [8.55394, 8.21941, 3.14821],
			"rotation": {"angle": 0, "axis": "y", "origin": [7.4789, 7.91942, 2.2482]},
			"faces": {
				"north": {"uv": [14.75, 4.6, 15.75, 5.6], "rotation": 270, "texture": "#1"},
				"east": {"uv": [14.75, 4.6, 15.75, 5.6], "rotation": 270, "texture": "#1"},
				"south": {"uv": [14.75, 4.6, 15.75, 5.6], "rotation": 270, "texture": "#1"},
				"west": {"uv": [14.75, 4.6, 15.75, 5.6], "rotation": 270, "texture": "#1"},
				"up": {"uv": [14.75, 4.6, 15.75, 5.6], "rotation": 270, "texture": "#1"},
				"down": {"uv": [14.75, 4.6, 15.75, 5.6], "rotation": 270, "texture": "#1"}
			}
		},
		{
			"from": [7.45394, 7.85215, 3.0945],
			"to": [8.55394, 8.15215, 3.1945],
			"rotation": {"angle": -22.5, "axis": "x", "origin": [7.4789, 7.91942, 2.2482]},
			"faces": {
				"north": {"uv": [14.75, 4.6, 15.75, 5.6], "rotation": 270, "texture": "#1"},
				"east": {"uv": [14.75, 4.6, 15.75, 5.6], "rotation": 270, "texture": "#1"},
				"south": {"uv": [14.75, 4.6, 15.75, 5.6], "rotation": 270, "texture": "#1"},
				"west": {"uv": [14.75, 4.6, 15.75, 5.6], "rotation": 270, "texture": "#1"},
				"up": {"uv": [14.75, 4.6, 15.75, 5.6], "rotation": 270, "texture": "#1"},
				"down": {"uv": [14.75, 4.6, 15.75, 5.6], "rotation": 270, "texture": "#1"}
			}
		},
		{
			"from": [7.45394, 8.78275, 2.09532],
			"to": [8.55394, 8.88275, 2.39532],
			"rotation": {"angle": 45, "axis": "x", "origin": [7.4789, 7.91942, 2.2482]},
			"faces": {
				"north": {"uv": [14.75, 4.6, 15.75, 5.6], "texture": "#1"},
				"east": {"uv": [14.75, 4.6, 15.75, 5.6], "texture": "#1"},
				"south": {"uv": [14.75, 4.6, 15.75, 5.6], "texture": "#1"},
				"west": {"uv": [14.75, 4.6, 15.75, 5.6], "texture": "#1"},
				"up": {"uv": [14.75, 4.6, 15.75, 5.6], "texture": "#1"},
				"down": {"uv": [14.75, 4.6, 15.75, 5.6], "texture": "#1"}
			}
		},
		{
			"from": [7.45394, 8.76793, 2.17561],
			"to": [8.55394, 8.86793, 2.47561],
			"rotation": {"angle": 22.5, "axis": "x", "origin": [7.4789, 7.91942, 2.2482]},
			"faces": {
				"north": {"uv": [14.75, 4.6, 15.75, 5.6], "texture": "#1"},
				"east": {"uv": [14.75, 4.6, 15.75, 5.6], "texture": "#1"},
				"south": {"uv": [14.75, 4.6, 15.75, 5.6], "texture": "#1"},
				"west": {"uv": [14.75, 4.6, 15.75, 5.6], "texture": "#1"},
				"up": {"uv": [14.75, 4.6, 15.75, 5.6], "texture": "#1"},
				"down": {"uv": [14.75, 4.6, 15.75, 5.6], "texture": "#1"}
			}
		},
		{
			"from": [7.45394, 7.91941, 1.64001],
			"to": [8.55394, 8.21941, 1.74001],
			"rotation": {"angle": 0, "axis": "y", "origin": [7.4789, 8.2194, 2.54002]},
			"faces": {
				"north": {"uv": [14.75, 4.6, 15.75, 5.6], "rotation": 90, "texture": "#1"},
				"east": {"uv": [14.75, 4.6, 15.75, 5.6], "rotation": 90, "texture": "#1"},
				"south": {"uv": [14.75, 4.6, 15.75, 5.6], "rotation": 90, "texture": "#1"},
				"west": {"uv": [14.75, 4.6, 15.75, 5.6], "rotation": 90, "texture": "#1"},
				"up": {"uv": [14.75, 4.6, 15.75, 5.6], "rotation": 90, "texture": "#1"},
				"down": {"uv": [14.75, 4.6, 15.75, 5.6], "rotation": 90, "texture": "#1"}
			}
		},
		{
			"from": [7.45394, 7.98666, 1.59372],
			"to": [8.55394, 8.28666, 1.69372],
			"rotation": {"angle": -22.5, "axis": "x", "origin": [7.4789, 8.2194, 2.54002]},
			"faces": {
				"north": {"uv": [14.75, 4.6, 15.75, 5.6], "rotation": 90, "texture": "#1"},
				"east": {"uv": [14.75, 4.6, 15.75, 5.6], "rotation": 90, "texture": "#1"},
				"south": {"uv": [14.75, 4.6, 15.75, 5.6], "rotation": 90, "texture": "#1"},
				"west": {"uv": [14.75, 4.6, 15.75, 5.6], "rotation": 90, "texture": "#1"},
				"up": {"uv": [14.75, 4.6, 15.75, 5.6], "rotation": 90, "texture": "#1"},
				"down": {"uv": [14.75, 4.6, 15.75, 5.6], "rotation": 90, "texture": "#1"}
			}
		},
		{
			"from": [7.45394, 8.06651, 1.57669],
			"to": [8.55394, 8.36651, 1.67669],
			"rotation": {"angle": -45, "axis": "x", "origin": [7.4789, 8.2194, 2.54002]},
			"faces": {
				"north": {"uv": [14.75, 4.6, 15.75, 5.6], "rotation": 90, "texture": "#1"},
				"east": {"uv": [14.75, 4.6, 15.75, 5.6], "rotation": 90, "texture": "#1"},
				"south": {"uv": [14.75, 4.6, 15.75, 5.6], "rotation": 90, "texture": "#1"},
				"west": {"uv": [14.75, 4.6, 15.75, 5.6], "rotation": 90, "texture": "#1"},
				"up": {"uv": [14.75, 4.6, 15.75, 5.6], "rotation": 90, "texture": "#1"},
				"down": {"uv": [14.75, 4.6, 15.75, 5.6], "rotation": 90, "texture": "#1"}
			}
		},
		{
			"from": [7.45394, 7.27089, 2.31262],
			"to": [8.55394, 7.37089, 2.61262],
			"rotation": {"angle": 22.5, "axis": "x", "origin": [7.4789, 8.2194, 2.54002]},
			"faces": {
				"north": {"uv": [14.75, 4.6, 15.75, 5.6], "rotation": 180, "texture": "#1"},
				"east": {"uv": [14.75, 4.6, 15.75, 5.6], "rotation": 180, "texture": "#1"},
				"south": {"uv": [14.75, 4.6, 15.75, 5.6], "rotation": 180, "texture": "#1"},
				"west": {"uv": [14.75, 4.6, 15.75, 5.6], "rotation": 180, "texture": "#1"},
				"up": {"uv": [14.75, 4.6, 15.75, 5.6], "rotation": 180, "texture": "#1"},
				"down": {"uv": [14.75, 4.6, 15.75, 5.6], "rotation": 180, "texture": "#1"}
			}
		},
		{
			"from": [7.45394, 7.31531, 2.24411],
			"to": [8.55394, 7.41531, 2.54411],
			"rotation": {"angle": 0, "axis": "y", "origin": [7.4789, 8.21532, 2.24412]},
			"faces": {
				"north": {"uv": [14.75, 4.6, 15.75, 5.6], "rotation": 180, "texture": "#1"},
				"east": {"uv": [14.75, 4.6, 15.75, 5.6], "rotation": 180, "texture": "#1"},
				"south": {"uv": [14.75, 4.6, 15.75, 5.6], "rotation": 180, "texture": "#1"},
				"west": {"uv": [14.75, 4.6, 15.75, 5.6], "rotation": 180, "texture": "#1"},
				"up": {"uv": [14.75, 4.6, 15.75, 5.6], "rotation": 180, "texture": "#1"},
				"down": {"uv": [14.75, 4.6, 15.75, 5.6], "rotation": 180, "texture": "#1"}
			}
		},
		{
			"from": [7.45394, 7.26902, 2.17686],
			"to": [8.55394, 7.36902, 2.47686],
			"rotation": {"angle": -22.5, "axis": "x", "origin": [7.4789, 8.21532, 2.24412]},
			"faces": {
				"north": {"uv": [14.75, 4.6, 15.75, 5.6], "rotation": 180, "texture": "#1"},
				"east": {"uv": [14.75, 4.6, 15.75, 5.6], "rotation": 180, "texture": "#1"},
				"south": {"uv": [14.75, 4.6, 15.75, 5.6], "rotation": 180, "texture": "#1"},
				"west": {"uv": [14.75, 4.6, 15.75, 5.6], "rotation": 180, "texture": "#1"},
				"up": {"uv": [14.75, 4.6, 15.75, 5.6], "rotation": 180, "texture": "#1"},
				"down": {"uv": [14.75, 4.6, 15.75, 5.6], "rotation": 180, "texture": "#1"}
			}
		},
		{
			"from": [7.45394, 7.25199, 2.09701],
			"to": [8.55394, 7.35199, 2.39701],
			"rotation": {"angle": -45, "axis": "x", "origin": [7.4789, 8.21532, 2.24412]},
			"faces": {
				"north": {"uv": [14.75, 4.6, 15.75, 5.6], "rotation": 180, "texture": "#1"},
				"east": {"uv": [14.75, 4.6, 15.75, 5.6], "rotation": 180, "texture": "#1"},
				"south": {"uv": [14.75, 4.6, 15.75, 5.6], "rotation": 180, "texture": "#1"},
				"west": {"uv": [14.75, 4.6, 15.75, 5.6], "rotation": 180, "texture": "#1"},
				"up": {"uv": [14.75, 4.6, 15.75, 5.6], "rotation": 180, "texture": "#1"},
				"down": {"uv": [14.75, 4.6, 15.75, 5.6], "rotation": 180, "texture": "#1"}
			}
		},
		{
			"from": [7.45394, 7.98791, 3.09263],
			"to": [8.55394, 8.28791, 3.19263],
			"rotation": {"angle": 22.5, "axis": "x", "origin": [7.4789, 8.21532, 2.24412]},
			"faces": {
				"north": {"uv": [14.75, 4.6, 15.75, 5.6], "rotation": 270, "texture": "#1"},
				"east": {"uv": [14.75, 4.6, 15.75, 5.6], "rotation": 270, "texture": "#1"},
				"south": {"uv": [14.75, 4.6, 15.75, 5.6], "rotation": 270, "texture": "#1"},
				"west": {"uv": [14.75, 4.6, 15.75, 5.6], "rotation": 270, "texture": "#1"},
				"up": {"uv": [14.75, 4.6, 15.75, 5.6], "rotation": 270, "texture": "#1"},
				"down": {"uv": [14.75, 4.6, 15.75, 5.6], "rotation": 270, "texture": "#1"}
			}
		},
		{
			"from": [7.42894, 7.62351, 2.34411],
			"to": [8.57894, 8.37351, 2.44411],
			"rotation": {"angle": 0, "axis": "y", "origin": [7.4789, 8.1235, 2.3941]},
			"faces": {
				"north": {"uv": [7.8, 3.85, 8.3, 4.35], "texture": "#1"},
				"east": {"uv": [7.8, 3.85, 8.3, 4.35], "texture": "#1"},
				"south": {"uv": [7.8, 3.85, 8.3, 4.35], "texture": "#1"},
				"west": {"uv": [7.8, 3.85, 8.3, 4.35], "texture": "#1"},
				"up": {"uv": [7.8, 3.85, 8.3, 4.35], "texture": "#1"},
				"down": {"uv": [7.8, 3.85, 8.3, 4.35], "texture": "#1"}
			}
		},
		{
			"from": [7.42894, 8.37351, 2.01911],
			"to": [8.57894, 8.47351, 2.76911],
			"rotation": {"angle": 0, "axis": "y", "origin": [7.4789, 8.1235, 2.3941]},
			"faces": {
				"north": {"uv": [7.8, 3.8, 8.3, 4.3], "texture": "#1"},
				"east": {"uv": [7.8, 3.8, 8.3, 4.3], "texture": "#1"},
				"south": {"uv": [7.8, 3.8, 8.3, 4.3], "texture": "#1"},
				"west": {"uv": [7.8, 3.8, 8.3, 4.3], "texture": "#1"},
				"up": {"uv": [7.8, 3.8, 8.3, 4.3], "texture": "#1"},
				"down": {"uv": [7.8, 3.8, 8.3, 4.3], "texture": "#1"}
			}
		},
		{
			"from": [7.42894, 7.54851, 2.29411],
			"to": [8.57894, 7.62351, 2.49411],
			"rotation": {"angle": 0, "axis": "y", "origin": [7.4789, 8.1235, 2.3941]},
			"faces": {
				"north": {"uv": [7.8, 3.8, 8.3, 4.3], "texture": "#1"},
				"east": {"uv": [7.8, 3.8, 8.3, 4.3], "texture": "#1"},
				"south": {"uv": [7.8, 3.8, 8.3, 4.3], "texture": "#1"},
				"west": {"uv": [7.8, 3.8, 8.3, 4.3], "texture": "#1"},
				"up": {"uv": [7.8, 3.8, 8.3, 4.3], "texture": "#1"},
				"down": {"uv": [7.8, 3.8, 8.3, 4.3], "texture": "#1"}
			}
		},
		{
			"from": [7.42894, 8.04851, 2.11911],
			"to": [8.57894, 8.09851, 2.66911],
			"rotation": {"angle": 0, "axis": "y", "origin": [7.4789, 8.1235, 2.3941]},
			"faces": {
				"north": {"uv": [7.8, 3.8, 8.3, 4.3], "texture": "#1"},
				"east": {"uv": [7.8, 3.8, 8.3, 4.3], "texture": "#1"},
				"south": {"uv": [7.8, 3.8, 8.3, 4.3], "texture": "#1"},
				"west": {"uv": [7.8, 3.8, 8.3, 4.3], "texture": "#1"},
				"up": {"uv": [7.8, 3.8, 8.3, 4.3], "texture": "#1"},
				"down": {"uv": [7.8, 3.8, 8.3, 4.3], "texture": "#1"}
			}
		},
		{
			"from": [7.42894, 7.94851, 2.06909],
			"to": [8.57894, 8.22351, 2.11909],
			"rotation": {"angle": 0, "axis": "y", "origin": [7.4789, 8.1235, 2.3941]},
			"faces": {
				"north": {"uv": [7.8, 3.8, 8.3, 4.3], "rotation": 270, "texture": "#1"},
				"east": {"uv": [7.8, 3.8, 8.3, 4.3], "rotation": 270, "texture": "#1"},
				"south": {"uv": [7.8, 3.8, 8.3, 4.3], "rotation": 270, "texture": "#1"},
				"west": {"uv": [7.8, 3.8, 8.3, 4.3], "rotation": 270, "texture": "#1"},
				"up": {"uv": [7.8, 3.8, 8.3, 4.3], "rotation": 270, "texture": "#1"},
				"down": {"uv": [7.8, 3.8, 8.3, 4.3], "rotation": 270, "texture": "#1"}
			}
		},
		{
			"from": [7.42894, 8.0055, 2.08262],
			"to": [8.57894, 8.0805, 2.13262],
			"rotation": {"angle": -22.5, "axis": "x", "origin": [7.4789, 7.98049, 2.40763]},
			"faces": {
				"north": {"uv": [7.8, 3.8, 8.3, 4.3], "rotation": 270, "texture": "#1"},
				"east": {"uv": [7.8, 3.8, 8.3, 4.3], "rotation": 270, "texture": "#1"},
				"south": {"uv": [7.8, 3.8, 8.3, 4.3], "rotation": 270, "texture": "#1"},
				"west": {"uv": [7.8, 3.8, 8.3, 4.3], "rotation": 270, "texture": "#1"},
				"up": {"uv": [7.8, 3.8, 8.3, 4.3], "rotation": 270, "texture": "#1"},
				"down": {"uv": [7.8, 3.8, 8.3, 4.3], "rotation": 270, "texture": "#1"}
			}
		},
		{
			"from": [7.42894, 7.63905, 2.48912],
			"to": [8.57894, 7.71405, 2.53912],
			"rotation": {"angle": 45, "axis": "x", "origin": [7.4789, 7.61404, 2.81413]},
			"faces": {
				"north": {"uv": [7.8, 3.8, 8.3, 4.3], "rotation": 270, "texture": "#1"},
				"east": {"uv": [7.8, 3.8, 8.3, 4.3], "rotation": 270, "texture": "#1"},
				"south": {"uv": [7.8, 3.8, 8.3, 4.3], "rotation": 270, "texture": "#1"},
				"west": {"uv": [7.8, 3.8, 8.3, 4.3], "rotation": 270, "texture": "#1"},
				"up": {"uv": [7.8, 3.8, 8.3, 4.3], "rotation": 270, "texture": "#1"},
				"down": {"uv": [7.8, 3.8, 8.3, 4.3], "rotation": 270, "texture": "#1"}
			}
		},
		{
			"from": [7.42894, 7.80885, 2.67521],
			"to": [8.57894, 7.85885, 2.75021],
			"rotation": {"angle": -22.5, "axis": "x", "origin": [7.4789, 7.53384, 2.6502]},
			"faces": {
				"north": {"uv": [7.8, 3.8, 8.3, 4.3], "texture": "#1"},
				"east": {"uv": [7.8, 3.8, 8.3, 4.3], "texture": "#1"},
				"south": {"uv": [7.8, 3.8, 8.3, 4.3], "texture": "#1"},
				"west": {"uv": [7.8, 3.8, 8.3, 4.3], "texture": "#1"},
				"up": {"uv": [7.8, 3.8, 8.3, 4.3], "texture": "#1"},
				"down": {"uv": [7.8, 3.8, 8.3, 4.3], "texture": "#1"}
			}
		},
		{
			"from": [7.42894, 8.06333, 2.07332],
			"to": [8.57894, 8.13833, 2.12332],
			"rotation": {"angle": -45, "axis": "x", "origin": [7.4789, 8.03832, 2.39833]},
			"faces": {
				"north": {"uv": [7.8, 3.8, 8.3, 4.3], "rotation": 270, "texture": "#1"},
				"east": {"uv": [7.8, 3.8, 8.3, 4.3], "rotation": 270, "texture": "#1"},
				"south": {"uv": [7.8, 3.8, 8.3, 4.3], "rotation": 270, "texture": "#1"},
				"west": {"uv": [7.8, 3.8, 8.3, 4.3], "rotation": 270, "texture": "#1"},
				"up": {"uv": [7.8, 3.8, 8.3, 4.3], "rotation": 270, "texture": "#1"},
				"down": {"uv": [7.8, 3.8, 8.3, 4.3], "rotation": 270, "texture": "#1"}
			}
		},
		{
			"from": [7.42894, 7.76317, 2.26759],
			"to": [8.57894, 7.81317, 2.34259],
			"rotation": {"angle": 22.5, "axis": "x", "origin": [7.4789, 8.08818, 2.3676]},
			"faces": {
				"north": {"uv": [7.8, 3.8, 8.3, 4.3], "rotation": 180, "texture": "#1"},
				"east": {"uv": [7.8, 3.8, 8.3, 4.3], "rotation": 180, "texture": "#1"},
				"south": {"uv": [7.8, 3.8, 8.3, 4.3], "rotation": 180, "texture": "#1"},
				"west": {"uv": [7.8, 3.8, 8.3, 4.3], "rotation": 180, "texture": "#1"},
				"up": {"uv": [7.8, 3.8, 8.3, 4.3], "rotation": 180, "texture": "#1"},
				"down": {"uv": [7.8, 3.8, 8.3, 4.3], "rotation": 180, "texture": "#1"}
			}
		},
		{
			"from": [7.42894, 7.77588, 2.60988],
			"to": [8.57894, 7.85088, 2.65988],
			"rotation": {"angle": 22.5, "axis": "x", "origin": [7.4789, 7.75087, 2.93489]},
			"faces": {
				"north": {"uv": [7.8, 3.8, 8.3, 4.3], "rotation": 270, "texture": "#1"},
				"east": {"uv": [7.8, 3.8, 8.3, 4.3], "rotation": 270, "texture": "#1"},
				"south": {"uv": [7.8, 3.8, 8.3, 4.3], "rotation": 270, "texture": "#1"},
				"west": {"uv": [7.8, 3.8, 8.3, 4.3], "rotation": 270, "texture": "#1"},
				"up": {"uv": [7.8, 3.8, 8.3, 4.3], "rotation": 270, "texture": "#1"},
				"down": {"uv": [7.8, 3.8, 8.3, 4.3], "rotation": 270, "texture": "#1"}
			}
		},
		{
			"from": [7.42894, 7.94851, 2.66909],
			"to": [8.57894, 8.22351, 2.71909],
			"rotation": {"angle": 0, "axis": "y", "origin": [7.4789, 8.1235, 2.3941]},
			"faces": {
				"north": {"uv": [7.8, 3.8, 8.3, 4.3], "rotation": 270, "texture": "#1"},
				"east": {"uv": [7.8, 3.8, 8.3, 4.3], "rotation": 270, "texture": "#1"},
				"south": {"uv": [7.8, 3.8, 8.3, 4.3], "rotation": 270, "texture": "#1"},
				"west": {"uv": [7.8, 3.8, 8.3, 4.3], "rotation": 270, "texture": "#1"},
				"up": {"uv": [7.8, 3.8, 8.3, 4.3], "rotation": 270, "texture": "#1"},
				"down": {"uv": [7.8, 3.8, 8.3, 4.3], "rotation": 270, "texture": "#1"}
			}
		},
		{
			"from": [7.42894, 7.79851, 2.21911],
			"to": [8.57894, 7.84851, 2.56911],
			"rotation": {"angle": 0, "axis": "y", "origin": [7.4789, 8.1235, 2.3941]},
			"faces": {
				"north": {"uv": [7.8, 3.8, 8.3, 4.3], "texture": "#1"},
				"east": {"uv": [7.8, 3.8, 8.3, 4.3], "texture": "#1"},
				"south": {"uv": [7.8, 3.8, 8.3, 4.3], "texture": "#1"},
				"west": {"uv": [7.8, 3.8, 8.3, 4.3], "texture": "#1"},
				"up": {"uv": [7.8, 3.8, 8.3, 4.3], "texture": "#1"},
				"down": {"uv": [7.8, 3.8, 8.3, 4.3], "texture": "#1"}
			}
		},
		{
			"from": [7.40394, 8.12351, 8.61911],
			"to": [8.55394, 8.26634, 12.10555],
			"rotation": {"angle": 0, "axis": "y", "origin": [8, 5.37203, 22.52405]},
			"faces": {
				"north": {"uv": [7.25, 3.15, 9.625, 6.15], "texture": "#1"},
				"east": {"uv": [7.25, 3.15, 9.625, 6.15], "texture": "#1"},
				"south": {"uv": [7.25, 3.15, 9.625, 6.15], "texture": "#1"},
				"west": {"uv": [7.25, 3.15, 9.625, 6.15], "texture": "#1"},
				"up": {"uv": [7.25, 3.15, 9.625, 6.15], "texture": "#1"},
				"down": {"uv": [7.25, 3.15, 9.625, 6.15], "texture": "#1"}
			}
		},
		{
			"from": [7.39, 8.12351, 11.86911],
			"to": [8.59, 8.76634, 12.35555],
			"rotation": {"angle": 0, "axis": "y", "origin": [8, 5.37203, 22.52405]},
			"faces": {
				"north": {"uv": [7.25, 3.15, 9.625, 6.15], "texture": "#1"},
				"east": {"uv": [7.25, 3.15, 9.625, 6.15], "texture": "#1"},
				"south": {"uv": [7.25, 3.15, 9.625, 6.15], "texture": "#1"},
				"west": {"uv": [7.25, 3.15, 9.625, 6.15], "texture": "#1"},
				"up": {"uv": [7.25, 3.15, 9.625, 6.15], "texture": "#1"},
				"down": {"uv": [7.25, 3.15, 9.625, 6.15], "texture": "#1"}
			}
		},
		{
			"from": [7.40394, 8.62351, 8.61911],
			"to": [8.55394, 8.76634, 12.10555],
			"rotation": {"angle": 0, "axis": "y", "origin": [8, 5.37203, 22.52405]},
			"faces": {
				"north": {"uv": [7.25, 3.15, 9.625, 6.15], "texture": "#1"},
				"east": {"uv": [7.25, 3.15, 9.625, 6.15], "texture": "#1"},
				"south": {"uv": [7.25, 3.15, 9.625, 6.15], "texture": "#1"},
				"west": {"uv": [7.25, 3.15, 9.625, 6.15], "texture": "#1"},
				"up": {"uv": [7.25, 3.15, 9.625, 6.15], "texture": "#1"},
				"down": {"uv": [7.25, 3.15, 9.625, 6.15], "texture": "#1"}
			}
		},
		{
			"from": [7.52894, 8.82351, 7.58055],
			"to": [8.47106, 9.66634, 12.51699],
			"rotation": {"angle": 0, "axis": "y", "origin": [8, 5.37203, 21.56049]},
			"faces": {
				"north": {"uv": [14.75, 3.1, 15.75, 4.1], "texture": "#1"},
				"east": {"uv": [14.75, 3.1, 15.75, 4.1], "texture": "#1"},
				"south": {"uv": [14.75, 3.1, 15.75, 4.1], "texture": "#1"},
				"west": {"uv": [14.75, 3.1, 15.75, 4.1], "texture": "#1"},
				"up": {"uv": [14.75, 3.1, 15.75, 4.1], "texture": "#1"},
				"down": {"uv": [14.75, 3.1, 15.75, 4.1], "texture": "#1"}
			}
		},
		{
			"from": [7.90394, 7.87351, 14.86911],
			"to": [8.05394, 8.01634, 23.16911],
			"rotation": {"angle": 0, "axis": "y", "origin": [8, 5.37203, 22.52405]},
			"faces": {
				"north": {"uv": [7.25, 3.15, 9.625, 6.15], "texture": "#1"},
				"east": {"uv": [7.25, 3.15, 9.625, 6.15], "texture": "#1"},
				"south": {"uv": [7.25, 3.15, 9.625, 6.15], "texture": "#1"},
				"west": {"uv": [7.25, 3.15, 9.625, 6.15], "texture": "#1"},
				"up": {"uv": [7.25, 3.15, 9.625, 6.15], "texture": "#1"},
				"down": {"uv": [7.25, 3.15, 9.625, 6.15], "texture": "#1"}
			}
		},
		{
			"from": [7.43969, 6.65735, 1.69342],
			"to": [8.56031, 6.79091, 3.25824],
			"rotation": {"angle": 0, "axis": "y", "origin": [8, 6.27745, 4.67583]},
			"faces": {
				"north": {"uv": [7.5, 3.5, 9.5, 5.875], "rotation": 270, "texture": "#1"},
				"east": {"uv": [7.5, 3.5, 9.5, 5.875], "rotation": 270, "texture": "#1"},
				"south": {"uv": [7.5, 3.5, 9.5, 5.875], "rotation": 270, "texture": "#1"},
				"west": {"uv": [7.5, 3.5, 9.5, 5.875], "rotation": 270, "texture": "#1"},
				"up": {"uv": [7.5, 3.5, 9.5, 5.875], "rotation": 270, "texture": "#1"},
				"down": {"uv": [7.5, 3.5, 9.5, 5.875], "rotation": 270, "texture": "#1"}
			}
		}
	],
	"display": {
		"thirdperson_righthand": {
			"translation": [0, 1, -2],
			"scale": [0, 0, 0]
		},
		"firstperson_righthand": {
			"translation": [0, 2.75, -0.25],
			"scale": [0, 0, 0]
		},
		"firstperson_lefthand": {
			"translation": [-8.95, 6.5, 8.25],
			"scale": [1, 1, 0.28]
		},
		"gui": {
			"rotation": [52.96, -40.13, 55.91],
			"translation": [-1.25, 0, 0],
			"scale": [1, 0.9, 0.8]
		},
		"fixed": {
			"rotation": [0, 90, 0]
		}
	},
	"groups": [
		{
			"name": "gun",
			"origin": [8, 8, 8],
			"color": 0,
			"children": [
				{
					"name": "barrel",
					"origin": [8, 8, 8],
					"color": 0,
					"children": [0, 1, 2, 3, 4, 5, 6, 7, 8, 9, 10, 11, 12, 13, 14, 15, 16, 17, 18, 19, 20, 21, 22]
				},
				{
					"name": "trigger",
					"origin": [8, 8, 8],
					"color": 0,
					"children": [23, 24, 25, 26, 27, 28, 29]
				},
				{
					"name": "action",
					"origin": [8, 8, 8],
					"color": 0,
					"children": [30, 31, 32, 33, 34, 35]
				},
				{
					"name": "stock",
					"origin": [0, 0, 0],
					"color": 0,
					"children": [36, 37, 38, 39, 40, 41, 42, 43, 44, 45, 46, 47, 48]
				},
				{
					"name": "magazine",
					"origin": [8, 8, 8],
					"color": 0,
					"children": [
						49,
						50,
						51,
						52,
						53,
						{
							"name": "maglines",
							"origin": [8, 8, 8],
							"color": 0,
							"children": [54, 55, 56, 57, 58, 59, 60, 61, 62, 63, 64, 65, 66, 67, 68, 69]
						}
					]
				},
				{
					"name": "ironsights",
					"origin": [8, 8, 8],
					"color": 0,
					"children": [70, 71, 72, 73, 74, 75, 76, 77, 78]
				},
				{
					"name": "insignia",
					"origin": [8, 8, 8],
					"color": 0,
					"children": [
						{
							"name": "background",
							"origin": [8, 8, 8],
							"color": 0,
							"children": [79, 80, 81, 82, 83, 84, 85, 86]
						},
						{
							"name": "border",
							"origin": [8, 8, 8],
							"color": 0,
							"children": [87, 88, 89, 90, 91, 92, 93, 94, 95, 96, 97, 98, 99, 100, 101, 102]
						},
						{
							"name": "symbol",
							"origin": [8, 8, 8],
							"color": 0,
							"children": [103, 104, 105, 106, 107, 108, 109, 110, 111, 112, 113, 114, 115]
						}
					]
				},
				{
					"name": "group",
					"origin": [8, 6.27745, 4.67583],
					"color": 0,
					"children": [116, 117, 118, 119, 120, 121]
				}
			]
		}
	]
}