{
	"credit": "Made with Blockbench",
	"textures": {
		"1": "item/gun/xeth_rifle1",
		"particle": "item/gun/xeth_rifle1"
	},
	"elements": [
		{
			"from": [-15.99, 7.25, 6.75],
			"to": [-7.24, 9, 7.75],
			"rotation": {"angle": 0, "axis": "y", "origin": [0, 0, 5.75]},
			"faces": {
				"north": {"uv": [0, 8, 16, 9.75], "texture": "#1"},
				"east": {"uv": [0, 8, 16, 9.75], "texture": "#1"},
				"south": {"uv": [0, 8, 16, 9.75], "texture": "#1"},
				"west": {"uv": [0, 0.5, 16, 2.25], "texture": "#1"},
				"up": {"uv": [0, 8, 16, 9.75], "texture": "#1"},
				"down": {"uv": [0, 8, 16, 9.75], "texture": "#1"}
			}
		},
		{
			"from": [-2, 9, 6.5],
			"to": [21, 11, 8],
			"rotation": {"angle": 0, "axis": "y", "origin": [0, 0, 5.75]},
			"faces": {
				"north": {"uv": [0, 10.5, 16, 12], "texture": "#1"},
				"east": {"uv": [0, 10.5, 16, 12], "texture": "#1"},
				"south": {"uv": [0, 10.5, 16, 12], "texture": "#1"},
				"west": {"uv": [0, 10.5, 16, 12], "texture": "#1"},
				"up": {"uv": [0, 10.5, 16, 12], "texture": "#1"},
				"down": {"uv": [0, 10.5, 16, 12], "texture": "#1"}
			}
		},
		{
			"from": [18.96, 0.7, 6.75],
			"to": [21.71, 2.7, 7.75],
			"rotation": {"angle": 22.5, "axis": "z", "origin": [0, 0, 5.75]},
			"faces": {
				"north": {"uv": [0, 10.5, 4.75, 11.5], "texture": "#1"},
				"east": {"uv": [0, 10.5, 4.75, 11.5], "texture": "#1"},
				"south": {"uv": [0, 10.5, 4.75, 11.5], "texture": "#1"},
				"west": {"uv": [0, 10.5, 4.75, 11.5], "texture": "#1"},
				"up": {"uv": [0, 10.5, 4.75, 11.5], "texture": "#1"},
				"down": {"uv": [0, 10.5, 4.75, 11.5], "texture": "#1"}
			}
		},
		{
			"from": [-0.5, 5.5, 6.6],
			"to": [6.7, 7.5, 7.85],
			"rotation": {"angle": 45, "axis": "z", "origin": [0, 0, 5.75]},
			"faces": {
				"north": {"uv": [0, 8, 2, 15.2], "rotation": 90, "texture": "#1"},
				"east": {"uv": [0, 8, 2, 15.2], "rotation": 90, "texture": "#1"},
				"south": {"uv": [0, 8, 2, 15.2], "rotation": 90, "texture": "#1"},
				"west": {"uv": [0, 8, 2, 15.2], "rotation": 90, "texture": "#1"},
				"up": {"uv": [0, 8, 2, 15.2], "rotation": 90, "texture": "#1"},
				"down": {"uv": [0, 8, 2, 15.2], "rotation": 90, "texture": "#1"}
			}
		},
		{
			"from": [-2, 7.85, 6.5],
			"to": [17, 9, 8],
			"rotation": {"angle": 0, "axis": "y", "origin": [0, 0, 5.75]},
			"faces": {
				"north": {"uv": [0, 10.5, 16, 12], "texture": "#1"},
				"east": {"uv": [0, 10.5, 16, 12], "texture": "#1"},
				"south": {"uv": [0, 10.5, 16, 12], "texture": "#1"},
				"west": {"uv": [0, 10.5, 16, 12], "texture": "#1"},
				"up": {"uv": [0, 10.5, 16, 12], "texture": "#1"},
				"down": {"uv": [0, 10.5, 16, 12], "texture": "#1"}
			}
		},
		{
			"from": [-15.99, 3.56, 6.75],
			"to": [-4.24, 5.31, 7.75],
			"rotation": {"angle": 0, "axis": "y", "origin": [0, 0, 5.75]},
			"faces": {
				"north": {"uv": [0, 8, 12.1, 9.75], "texture": "#1"},
				"east": {"uv": [0, 8, 12.1, 9.75], "texture": "#1"},
				"south": {"uv": [0, 8, 12.1, 9.75], "texture": "#1"},
				"west": {"uv": [0, 0, 12.1, 1.75], "texture": "#1"},
				"up": {"uv": [0, 8, 12.1, 9.75], "texture": "#1"},
				"down": {"uv": [0, 8, 12.1, 9.75], "texture": "#1"}
			}
		},
		{
			"from": [13, 7.7, 6.37],
			"to": [16.75, 10.25, 8.12],
			"rotation": {"angle": 0, "axis": "y", "origin": [0, 0, 5.75]},
			"faces": {
				"north": {"uv": [4.5, 0, 9.25, 1.25], "texture": "#1"},
				"east": {"uv": [4.5, 0, 9.25, 1.25], "texture": "#1"},
				"south": {"uv": [4.5, 0, 9.25, 1.25], "texture": "#1"},
				"west": {"uv": [4.5, 0, 9.25, 1.25], "texture": "#1"},
				"up": {"uv": [4.5, 0, 9.25, 1.25], "texture": "#1"},
				"down": {"uv": [4.5, 0, 9.25, 1.25], "texture": "#1"}
			}
		},
		{
			"from": [-7.35, 4.4, 6.47],
			"to": [-4.7, 7.25, 7.97],
			"rotation": {"angle": 0, "axis": "y", "origin": [0, 0, 5.75]},
			"faces": {
				"north": {"uv": [0, 8, 2.6, 10.15], "rotation": 270, "texture": "#1"},
				"east": {"uv": [0, 8, 2.6, 10.15], "rotation": 270, "texture": "#1"},
				"south": {"uv": [0, 8, 2.6, 10.15], "rotation": 270, "texture": "#1"},
				"west": {"uv": [0, 8, 2.6, 10.15], "rotation": 270, "texture": "#1"},
				"up": {"uv": [0, 8, 2.6, 10.15], "rotation": 270, "texture": "#1"},
				"down": {"uv": [0, 8, 2.6, 10.15], "rotation": 270, "texture": "#1"}
			}
		},
		{
			"from": [-6.35, 5.39, 6.48],
			"to": [-3.2, 7.24, 7.96],
			"rotation": {"angle": 0, "axis": "y", "origin": [0, 0, 5.75]},
			"faces": {
				"north": {"uv": [0, 8, 2.6, 10.15], "rotation": 270, "texture": "#1"},
				"east": {"uv": [0, 8, 2.6, 10.15], "rotation": 270, "texture": "#1"},
				"south": {"uv": [0, 8, 2.6, 10.15], "rotation": 270, "texture": "#1"},
				"west": {"uv": [0, 8, 2.6, 10.15], "rotation": 270, "texture": "#1"},
				"up": {"uv": [0, 8, 2.6, 10.15], "rotation": 270, "texture": "#1"},
				"down": {"uv": [0, 8, 2.6, 10.15], "rotation": 270, "texture": "#1"}
			}
		},
		{
			"from": [-1.35, 8.65, 6.759],
			"to": [1.05, 11.25, 7.749],
			"rotation": {"angle": 45, "axis": "z", "origin": [0, 0, 5.75]},
			"faces": {
				"north": {"uv": [0, 8, 2.6, 10.15], "rotation": 270, "texture": "#1"},
				"east": {"uv": [0, 8, 2.6, 10.15], "rotation": 270, "texture": "#1"},
				"south": {"uv": [0, 8, 2.6, 10.15], "rotation": 270, "texture": "#1"},
				"west": {"uv": [0, 8, 2.6, 10.15], "rotation": 270, "texture": "#1"},
				"up": {"uv": [0, 8, 2.6, 10.15], "rotation": 270, "texture": "#1"},
				"down": {"uv": [0, 8, 2.6, 10.15], "rotation": 270, "texture": "#1"}
			}
		},
		{
			"from": [-16, 3.9, 6.5],
			"to": [-7.35, 8.25, 8],
			"rotation": {"angle": 0, "axis": "y", "origin": [0, 0, 5.75]},
			"faces": {
				"north": {"uv": [0, 9.6, 16, 16], "rotation": 270, "texture": "#1"},
				"east": {"uv": [0, 9.6, 16, 16], "rotation": 270, "texture": "#1"},
				"south": {"uv": [0, 9.6, 16, 16], "rotation": 270, "texture": "#1"},
				"west": {"uv": [0, 0, 16, 1.9], "rotation": 270, "texture": "#1"},
				"up": {"uv": [0, 9.6, 16, 16], "rotation": 270, "texture": "#1"},
				"down": {"uv": [0, 9.6, 16, 16], "rotation": 270, "texture": "#1"}
			}
		},
		{
			"from": [-2.25, 2.74, 6.75],
			"to": [0.75, 3.49, 7.75],
			"rotation": {"angle": -22.5, "axis": "z", "origin": [0, 0.5, 5.75]},
			"faces": {
				"north": {"uv": [7, 3, 10, 6.5], "texture": "#1"},
				"east": {"uv": [7, 3, 10, 6.5], "texture": "#1"},
				"south": {"uv": [7, 3, 10, 6.5], "texture": "#1"},
				"west": {"uv": [7, 3, 10, 6.5], "texture": "#1"},
				"up": {"uv": [7, 3, 10, 6.5], "texture": "#1"},
				"down": {"uv": [7, 3, 10, 6.5], "texture": "#1"}
			}
		},
		{
			"from": [-2, 2.75, 6.82],
			"to": [0, 8.75, 7.67],
			"rotation": {"angle": -22.5, "axis": "z", "origin": [0, 0.5, 5.75]},
			"faces": {
				"north": {"uv": [13, 3, 14.5, 4.5], "rotation": 90, "texture": "#1"},
				"east": {"uv": [13, 3, 14.5, 4.5], "rotation": 90, "texture": "#1"},
				"south": {"uv": [13, 3, 14.5, 4.5], "rotation": 90, "texture": "#1"},
				"west": {"uv": [13, 3, 14.5, 4.5], "rotation": 90, "texture": "#1"},
				"up": {"uv": [13, 3, 14.5, 4.5], "rotation": 90, "texture": "#1"},
				"down": {"uv": [13, 3, 14.5, 4.5], "rotation": 90, "texture": "#1"}
			}
		},
		{
			"from": [0.25, 7.25, 6.74],
			"to": [3.25, 8, 7.77],
			"rotation": {"angle": 0, "axis": "y", "origin": [0, 0.5, 5.75]},
			"faces": {
				"north": {"uv": [7, 3.5, 10, 6.53], "texture": "#1"},
				"east": {"uv": [7, 3.5, 10, 6.53], "texture": "#1"},
				"south": {"uv": [7, 3.5, 10, 6.53], "texture": "#1"},
				"west": {"uv": [7, 3.5, 10, 6.53], "texture": "#1"},
				"up": {"uv": [7, 3.5, 10, 6.53], "texture": "#1"},
				"down": {"uv": [7, 3.5, 10, 6.53], "texture": "#1"}
			}
		},
		{
			"from": [7.5, 7.45, 6.62],
			"to": [12.25, 8, 7.87],
			"rotation": {"angle": 0, "axis": "y", "origin": [0, 0, 5.75]},
			"faces": {
				"north": {"uv": [0, 10.5, 4.75, 11.75], "texture": "#1"},
				"east": {"uv": [0, 10.5, 4.75, 11.75], "texture": "#1"},
				"south": {"uv": [0, 10.5, 4.75, 11.75], "texture": "#1"},
				"west": {"uv": [0, 10.5, 4.75, 11.75], "texture": "#1"},
				"up": {"uv": [0, 10.5, 4.75, 11.75], "texture": "#1"},
				"down": {"uv": [0, 10.5, 4.75, 11.75], "texture": "#1"}
			}
		},
		{
			"from": [21, 9, 6.749],
			"to": [23, 10.5, 7.759],
			"rotation": {"angle": 0, "axis": "y", "origin": [0, 0, 5.75]},
			"faces": {
				"north": {"uv": [0, 10.5, 1, 12.5], "rotation": 270, "texture": "#1"},
				"east": {"uv": [0, 10.5, 1, 12.5], "rotation": 270, "texture": "#1"},
				"south": {"uv": [0, 10.5, 1, 12.5], "rotation": 270, "texture": "#1"},
				"west": {"uv": [0, 10.5, 1, 12.5], "rotation": 270, "texture": "#1"},
				"up": {"uv": [0, 10.5, 1, 12.5], "rotation": 270, "texture": "#1"},
				"down": {"uv": [0, 10.5, 1, 12.5], "rotation": 270, "texture": "#1"}
			}
		},
		{
			"from": [22, 10.25, 6.75],
			"to": [22.25, 11.4, 7.75],
			"rotation": {"angle": 0, "axis": "y", "origin": [0, 0, 5.75]},
			"faces": {
				"north": {"uv": [8, 5, 9, 5.25], "rotation": 270, "texture": "#1"},
				"east": {"uv": [8, 5, 9, 5.25], "rotation": 270, "texture": "#1"},
				"south": {"uv": [8, 5, 9, 5.25], "rotation": 270, "texture": "#1"},
				"west": {"uv": [8, 5, 9, 5.25], "rotation": 270, "texture": "#1"},
				"up": {"uv": [8, 5, 9, 5.25], "rotation": 270, "texture": "#1"},
				"down": {"uv": [8, 5, 9, 5.25], "rotation": 270, "texture": "#1"}
			}
		},
		{
			"from": [-0.03, 10.25, 6.75],
			"to": [0.22, 11.4, 7.75],
			"rotation": {"angle": 0, "axis": "y", "origin": [0, 0, 5.75]},
			"faces": {
				"north": {"uv": [8, 5, 9, 5.25], "rotation": 270, "texture": "#1"},
				"east": {"uv": [8, 5, 9, 5.25], "rotation": 270, "texture": "#1"},
				"south": {"uv": [8, 5, 9, 5.25], "rotation": 270, "texture": "#1"},
				"west": {"uv": [8, 5, 9, 5.25], "rotation": 270, "texture": "#1"},
				"up": {"uv": [8, 5, 9, 5.25], "rotation": 270, "texture": "#1"},
				"down": {"uv": [8, 5, 9, 5.25], "rotation": 270, "texture": "#1"}
			}
		},
		{
			"from": [10.25, 10.25, 6.75],
			"to": [10.5, 11.4, 7.75],
			"rotation": {"angle": 0, "axis": "y", "origin": [0, 0, 5.75]},
			"faces": {
				"north": {"uv": [8, 5, 9, 5.25], "rotation": 270, "texture": "#1"},
				"east": {"uv": [8, 5, 9, 5.25], "rotation": 270, "texture": "#1"},
				"south": {"uv": [8, 5, 9, 5.25], "rotation": 270, "texture": "#1"},
				"west": {"uv": [8, 5, 9, 5.25], "rotation": 270, "texture": "#1"},
				"up": {"uv": [8, 5, 9, 5.25], "rotation": 270, "texture": "#1"},
				"down": {"uv": [8, 5, 9, 5.25], "rotation": 270, "texture": "#1"}
			}
		},
		{
			"from": [-2.28, 10.5, 6.85],
			"to": [31.97, 11.29, 7.65],
			"rotation": {"angle": 0, "axis": "y", "origin": [0, 0, 5.75]},
			"faces": {
				"north": {"uv": [6, 1, 12, 1.3], "texture": "#1"},
				"south": {"uv": [6, 1, 12, 1.3], "texture": "#1"},
				"west": {"uv": [6, 1, 12, 1.3], "texture": "#1"},
				"up": {"uv": [6, 1, 12, 1.3], "texture": "#1"},
				"down": {"uv": [6, 1, 12, 1.3], "texture": "#1"}
			}
		},
		{
			"from": [-3.446, 9, 6.845],
			"to": [-1.796, 10.15, 7.655],
			"rotation": {"angle": 0, "axis": "y", "origin": [0, 0, 5.75]},
			"faces": {
				"north": {"uv": [0, 0, 16, 2.15], "texture": "#1"},
				"east": {"uv": [0, 0, 16, 2.15], "texture": "#1"},
				"south": {"uv": [0, 0, 16, 2.15], "texture": "#1"},
				"west": {"uv": [0, 0, 16, 2.15], "texture": "#1"},
				"up": {"uv": [0, 0, 16, 2.15], "texture": "#1"},
				"down": {"uv": [0, 0, 16, 2.15], "texture": "#1"}
			}
		},
		{
			"from": [4.71, 8.6, 6.839],
			"to": [6.36, 9.6, 7.659],
			"rotation": {"angle": 45, "axis": "z", "origin": [0, 0, 5.75]},
			"faces": {
				"north": {"uv": [0, 0, 15.5, 2.65], "rotation": 270, "texture": "#1"},
				"east": {"uv": [0, 0, 15.5, 2.65], "rotation": 270, "texture": "#1"},
				"south": {"uv": [0, 0, 15.5, 2.65], "rotation": 270, "texture": "#1"},
				"west": {"uv": [0, 0, 15.5, 2.65], "rotation": 270, "texture": "#1"},
				"up": {"uv": [0, 0, 15.5, 2.65], "rotation": 270, "texture": "#1"},
				"down": {"uv": [0, 0, 15.5, 2.65], "rotation": 270, "texture": "#1"}
			}
		},
		{
			"from": [-2.446, 8.75, 6.65],
			"to": [-0.796, 10.4, 7.85],
			"rotation": {"angle": 0, "axis": "y", "origin": [0, 0, 5.75]},
			"faces": {
				"north": {"uv": [7.5, 3.5, 7.15, 6.4], "texture": "#1"},
				"east": {"uv": [7.5, 3.5, 7.15, 6.4], "texture": "#1"},
				"south": {"uv": [7.5, 3.5, 7.15, 6.4], "texture": "#1"},
				"west": {"uv": [7.5, 3.5, 7.15, 6.4], "texture": "#1"},
				"up": {"uv": [7.5, 3.5, 7.15, 6.4], "texture": "#1"},
				"down": {"uv": [7.5, 3.5, 7.15, 6.4], "texture": "#1"}
			}
		},
		{
			"from": [5.72, 4.4, 7.1],
			"to": [6.12, 4.95, 7.4],
			"rotation": {"angle": 22.5, "axis": "z", "origin": [0, 0.5, 5.75]},
			"faces": {
				"north": {"uv": [4.5, 3.5, 5.55, 5.9], "rotation": 90, "texture": "#1"},
				"east": {"uv": [4.5, 3.5, 5.55, 5.9], "rotation": 90, "texture": "#1"},
				"south": {"uv": [4.5, 3.5, 5.55, 5.9], "rotation": 90, "texture": "#1"},
				"west": {"uv": [4.5, 3.5, 5.55, 5.9], "rotation": 90, "texture": "#1"},
				"up": {"uv": [4.5, 3.5, 5.55, 5.9], "rotation": 90, "texture": "#1"},
				"down": {"uv": [4.5, 3.5, 5.55, 5.9], "rotation": 90, "texture": "#1"}
			}
		},
		{
			"from": [12.4, 6.97, 6.85],
			"to": [12.55, 7.27, 7.65],
			"rotation": {"angle": 0, "axis": "y", "origin": [0, 0.5, 5.75]},
			"faces": {
				"north": {"uv": [7.5, 3.5, 9.05, 5.9], "rotation": 90, "texture": "#1"},
				"east": {"uv": [7.5, 3.5, 9.05, 5.9], "rotation": 90, "texture": "#1"},
				"south": {"uv": [7.5, 3.5, 9.05, 5.9], "rotation": 90, "texture": "#1"},
				"west": {"uv": [7.5, 3.5, 9.05, 5.9], "rotation": 90, "texture": "#1"},
				"up": {"uv": [7.5, 3.5, 9.05, 5.9], "rotation": 90, "texture": "#1"},
				"down": {"uv": [7.5, 3.5, 9.05, 5.9], "rotation": 90, "texture": "#1"}
			}
		},
		{
			"from": [5.4, 7.27, 6.85],
			"to": [5.8, 9.07, 7.65],
			"rotation": {"angle": 0, "axis": "y", "origin": [0, 0.5, 5.75]},
			"faces": {
				"north": {"uv": [7.5, 3.5, 9.05, 5.9], "rotation": 90, "texture": "#1"},
				"east": {"uv": [7.5, 3.5, 9.05, 5.9], "rotation": 90, "texture": "#1"},
				"south": {"uv": [7.5, 3.5, 9.05, 5.9], "rotation": 90, "texture": "#1"},
				"west": {"uv": [7.5, 3.5, 9.05, 5.9], "rotation": 90, "texture": "#1"},
				"up": {"uv": [7.5, 3.5, 9.05, 5.9], "rotation": 90, "texture": "#1"},
				"down": {"uv": [7.5, 3.5, 9.05, 5.9], "rotation": 90, "texture": "#1"}
			}
		},
		{
			"from": [12.4, 7.27, 6.85],
			"to": [12.8, 9.07, 7.65],
			"rotation": {"angle": 0, "axis": "y", "origin": [0, 0.5, 5.75]},
			"faces": {
				"north": {"uv": [7.5, 3.5, 9.05, 5.9], "rotation": 90, "texture": "#1"},
				"east": {"uv": [7.5, 3.5, 9.05, 5.9], "rotation": 90, "texture": "#1"},
				"south": {"uv": [7.5, 3.5, 9.05, 5.9], "rotation": 90, "texture": "#1"},
				"west": {"uv": [7.5, 3.5, 9.05, 5.9], "rotation": 90, "texture": "#1"},
				"up": {"uv": [7.5, 3.5, 9.05, 5.9], "rotation": 90, "texture": "#1"},
				"down": {"uv": [7.5, 3.5, 9.05, 5.9], "rotation": 90, "texture": "#1"}
			}
		},
		{
			"from": [13.93, 1.53, 6.85],
			"to": [14.08, 1.73, 7.65],
			"rotation": {"angle": 22.5, "axis": "z", "origin": [0, 0.5, 5.75]},
			"faces": {
				"north": {"uv": [7.5, 3.5, 9.05, 5.9], "rotation": 90, "texture": "#1"},
				"east": {"uv": [7.5, 3.5, 9.05, 5.9], "rotation": 90, "texture": "#1"},
				"south": {"uv": [7.5, 3.5, 9.05, 5.9], "rotation": 90, "texture": "#1"},
				"west": {"uv": [7.5, 3.5, 9.05, 5.9], "rotation": 90, "texture": "#1"},
				"up": {"uv": [7.5, 3.5, 9.05, 5.9], "rotation": 90, "texture": "#1"},
				"down": {"uv": [7.5, 3.5, 9.05, 5.9], "rotation": 90, "texture": "#1"}
			}
		},
		{
			"from": [-3.5, 8.99, 6.75],
			"to": [1.25, 9.09, 7.75],
			"rotation": {"angle": 0, "axis": "y", "origin": [0, 0, 5.75]},
			"faces": {
				"north": {"uv": [7, 3.5, 9.75, 6.25], "texture": "#1"},
				"east": {"uv": [7, 3.5, 9.75, 6.25], "texture": "#1"},
				"south": {"uv": [7, 3.5, 9.75, 6.25], "texture": "#1"},
				"west": {"uv": [7, 3.5, 9.75, 6.25], "texture": "#1"},
				"up": {"uv": [7, 3.5, 9.75, 6.25], "texture": "#1"},
				"down": {"uv": [6.5, 0, 14.25, 2.75], "texture": "#1"}
			}
		},
		{
			"from": [2.35, 7.35, 6.851],
			"to": [2.75, 9, 7.641],
			"rotation": {"angle": -22.5, "axis": "z", "origin": [0, 0.5, 5.75]},
			"faces": {
				"north": {"uv": [7.5, 3.5, 9.15, 5.9], "rotation": 90, "texture": "#1"},
				"east": {"uv": [7.5, 3.5, 9.15, 5.9], "rotation": 90, "texture": "#1"},
				"south": {"uv": [7.5, 3.5, 9.15, 5.9], "rotation": 90, "texture": "#1"},
				"west": {"uv": [7.5, 3.5, 9.15, 5.9], "rotation": 90, "texture": "#1"},
				"up": {"uv": [7.5, 3.5, 9.15, 5.9], "rotation": 90, "texture": "#1"},
				"down": {"uv": [7.5, 3.5, 9.15, 5.9], "rotation": 90, "texture": "#1"}
			}
		},
		{
			"from": [5.21, 9.6, 7.15],
			"to": [5.61, 10.35, 7.35],
			"rotation": {"angle": 45, "axis": "z", "origin": [0, 0, 5.75]},
			"faces": {
				"north": {"uv": [7.5, 3, 9.75, 5.9], "rotation": 270, "texture": "#1"},
				"east": {"uv": [7.5, 3, 9.75, 5.9], "rotation": 270, "texture": "#1"},
				"south": {"uv": [7.5, 3, 9.75, 5.9], "rotation": 270, "texture": "#1"},
				"west": {"uv": [7.5, 3, 9.75, 5.9], "rotation": 270, "texture": "#1"},
				"up": {"uv": [7.5, 3, 9.75, 5.9], "rotation": 270, "texture": "#1"},
				"down": {"uv": [7.5, 3, 9.75, 5.9], "rotation": 270, "texture": "#1"}
			}
		},
		{
			"from": [-3.85, 10.96, 7.09],
			"to": [-3.03, 11.11, 7.41],
			"rotation": {"angle": 0, "axis": "y", "origin": [0, 0, 5.75]},
			"faces": {
				"north": {"uv": [7.5, 3, 9.82, 5.65], "texture": "#1"},
				"east": {"uv": [7.5, 3, 9.82, 5.65], "texture": "#1"},
				"south": {"uv": [7.5, 3, 9.82, 5.65], "texture": "#1"},
				"west": {"uv": [7.5, 3, 9.82, 5.65], "texture": "#1"},
				"up": {"uv": [7.5, 3, 9.82, 5.65], "texture": "#1"},
				"down": {"uv": [7.5, 3, 9.82, 5.65], "texture": "#1"}
			}
		},
		{
			"from": [8.554, 8.25, -1.28],
			"to": [13.204, 9.9, -0.23],
			"rotation": {"angle": 0, "axis": "y", "origin": [0, 0, 5.75]},
			"faces": {
				"north": {"uv": [0, 0, 16, 2.65], "texture": "#1"},
				"east": {"uv": [0, 0, 16, 2.65], "texture": "#1"},
				"south": {"uv": [0, 0, 16, 2.65], "texture": "#1"},
				"west": {"uv": [0, 0, 16, 2.65], "texture": "#1"},
				"up": {"uv": [0, 0, 16, 2.65], "texture": "#1"},
				"down": {"uv": [0, 0, 16, 2.65], "texture": "#1"}
			}
		},
		{
			"from": [3.05, 7.53, 6.855],
			"to": [5.6, 7.93, 7.645],
			"rotation": {"angle": 0, "axis": "y", "origin": [0, 0.5, 5.75]},
			"faces": {
				"north": {"uv": [7.5, 3.5, 9.8, 5.9], "texture": "#1"},
				"east": {"uv": [7.5, 3.5, 9.8, 5.9], "texture": "#1"},
				"south": {"uv": [7.5, 3.5, 9.8, 5.9], "texture": "#1"},
				"west": {"uv": [7.5, 3.5, 9.8, 5.9], "texture": "#1"},
				"up": {"uv": [7.5, 3.5, 9.8, 5.9], "texture": "#1"},
				"down": {"uv": [7.5, 3.5, 9.8, 5.9], "texture": "#1"}
			}
		},
		{
			"from": [4.82, 4.23, 6.85],
			"to": [5.22, 6.03, 7.65],
			"rotation": {"angle": 22.5, "axis": "z", "origin": [0, 0.5, 5.75]},
			"faces": {
				"north": {"uv": [7.5, 3.5, 9.05, 5.9], "rotation": 90, "texture": "#1"},
				"east": {"uv": [7.5, 3.5, 9.05, 5.9], "rotation": 90, "texture": "#1"},
				"south": {"uv": [7.5, 3.5, 9.05, 5.9], "rotation": 90, "texture": "#1"},
				"west": {"uv": [7.5, 3.5, 9.05, 5.9], "rotation": 90, "texture": "#1"},
				"up": {"uv": [7.5, 3.5, 9.05, 5.9], "rotation": 90, "texture": "#1"},
				"down": {"uv": [7.5, 3.5, 9.05, 5.9], "rotation": 90, "texture": "#1"}
			}
		},
		{
			"from": [3.57, 7.03, 7.1],
			"to": [3.97, 8.08, 7.4],
			"rotation": {"angle": 0, "axis": "y", "origin": [0, 0.5, 5.75]},
			"faces": {
				"north": {"uv": [4.5, 3.5, 5.55, 5.9], "rotation": 90, "texture": "#1"},
				"east": {"uv": [4.5, 3.5, 5.55, 5.9], "rotation": 90, "texture": "#1"},
				"south": {"uv": [4.5, 3.5, 5.55, 5.9], "rotation": 90, "texture": "#1"},
				"west": {"uv": [4.5, 3.5, 5.55, 5.9], "rotation": 90, "texture": "#1"},
				"up": {"uv": [4.5, 3.5, 5.55, 5.9], "rotation": 90, "texture": "#1"},
				"down": {"uv": [4.5, 3.5, 5.55, 5.9], "rotation": 90, "texture": "#1"}
			}
		},
		{
			"from": [10.56, 11.46, 6.85],
			"to": [10.88, 11.86, 7.15],
			"rotation": {"angle": 0, "axis": "y", "origin": [0, 0, 5.75]},
			"faces": {
				"north": {"uv": [4, 3.2, 5.1, 5.95], "texture": "#1"},
				"east": {"uv": [4, 3.2, 5.1, 5.95], "texture": "#1"},
				"south": {"uv": [4, 3.2, 5.1, 5.95], "texture": "#1"},
				"west": {"uv": [4, 3.2, 5.1, 5.95], "texture": "#1"},
				"up": {"uv": [4, 3.2, 5.1, 5.95], "texture": "#1"},
				"down": {"uv": [4, 3.2, 5.1, 5.95], "texture": "#1"}
			}
		},
		{
			"from": [29.65, 11.21, 7.18],
			"to": [29.97, 11.86, 7.28],
			"rotation": {"angle": 0, "axis": "y", "origin": [0, 0, 5.75]},
			"faces": {
				"north": {"uv": [3.6, 3.15, 5.92, 5.95], "texture": "#1"},
				"east": {"uv": [3.6, 3.15, 5.92, 5.95], "texture": "#1"},
				"south": {"uv": [3.6, 3.15, 5.92, 5.95], "texture": "#1"},
				"west": {"uv": [3.6, 3.15, 5.92, 5.95], "texture": "#1"},
				"up": {"uv": [3.6, 3.15, 5.92, 5.95], "texture": "#1"},
				"down": {"uv": [3.6, 3.15, 5.92, 5.95], "texture": "#1"}
			}
		},
		{
			"from": [29.65, 11.21, 7.08],
			"to": [29.97, 11.36, 7.38],
			"rotation": {"angle": 0, "axis": "y", "origin": [0, 0, 5.75]},
			"faces": {
				"north": {"uv": [8.5, 3.5, 8.82, 3.8], "texture": "#1"},
				"east": {"uv": [8.5, 3.5, 8.82, 3.8], "texture": "#1"},
				"south": {"uv": [8.5, 3.5, 8.82, 3.8], "texture": "#1"},
				"west": {"uv": [8.5, 3.5, 8.82, 3.8], "texture": "#1"},
				"up": {"uv": [8.5, 3.5, 8.82, 3.8], "texture": "#1"},
				"down": {"uv": [8.5, 3.5, 8.82, 3.8], "texture": "#1"}
			}
		},
		{
			"from": [24.65, 9.71, 7.18],
			"to": [24.97, 10.56, 7.28],
			"rotation": {"angle": 0, "axis": "y", "origin": [0, 0, 5.75]},
			"faces": {
				"north": {"uv": [8.5, 3.5, 8.82, 4.35], "texture": "#1"},
				"east": {"uv": [8.5, 3.5, 8.82, 4.35], "texture": "#1"},
				"south": {"uv": [8.5, 3.5, 8.82, 4.35], "texture": "#1"},
				"west": {"uv": [8.5, 3.5, 8.82, 4.35], "texture": "#1"},
				"up": {"uv": [8.5, 3.5, 8.82, 4.35], "texture": "#1"},
				"down": {"uv": [8.5, 3.5, 8.82, 4.35], "texture": "#1"}
			}
		},
		{
			"from": [28.4, 9.71, 7.18],
			"to": [28.72, 10.56, 7.28],
			"rotation": {"angle": 0, "axis": "y", "origin": [0, 0, 5.75]},
			"faces": {
				"north": {"uv": [8.5, 3.5, 8.82, 4.35], "texture": "#1"},
				"east": {"uv": [8.5, 3.5, 8.82, 4.35], "texture": "#1"},
				"south": {"uv": [8.5, 3.5, 8.82, 4.35], "texture": "#1"},
				"west": {"uv": [8.5, 3.5, 8.82, 4.35], "texture": "#1"},
				"up": {"uv": [8.5, 3.5, 8.82, 4.35], "texture": "#1"},
				"down": {"uv": [8.5, 3.5, 8.82, 4.35], "texture": "#1"}
			}
		},
		{
			"from": [10.55, 10.96, 6.795],
			"to": [11.37, 11.61, 7.695],
			"rotation": {"angle": 0, "axis": "y", "origin": [0, 0, 5.75]},
			"faces": {
				"north": {"uv": [7, 3.5, 9.82, 6.15], "texture": "#1"},
				"east": {"uv": [7, 3.5, 9.82, 6.15], "texture": "#1"},
				"south": {"uv": [7, 3.5, 9.82, 6.15], "texture": "#1"},
				"west": {"uv": [7, 3.5, 9.82, 6.15], "texture": "#1"},
				"up": {"uv": [7, 3.5, 9.82, 6.15], "texture": "#1"},
				"down": {"uv": [7, 3.5, 9.82, 6.15], "texture": "#1"}
			}
		},
		{
			"from": [-2.1, 11.2, 7.13],
			"to": [29.72, 11.35, 7.33],
			"rotation": {"angle": 0, "axis": "y", "origin": [0, 0, 5.75]},
			"faces": {
				"north": {"uv": [7, 6.5, 10, 3.2], "texture": "#1"},
				"east": {"uv": [7, 6.5, 10, 3.2], "texture": "#1"},
				"south": {"uv": [7, 6.5, 10, 3.2], "texture": "#1"},
				"west": {"uv": [7, 6.5, 10, 3.2], "texture": "#1"},
				"up": {"uv": [7, 6.5, 10, 3.2], "texture": "#1"},
				"down": {"uv": [7, 6.5, 10, 3.2], "texture": "#1"}
			}
		},
		{
			"from": [1.4, 9.46, 7.35],
			"to": [6.72, 10.11, 8.15],
			"rotation": {"angle": 0, "axis": "y", "origin": [0, 0, 5.75]},
			"faces": {
				"north": {"uv": [7.5, 3, 9.82, 6.15], "rotation": 180, "texture": "#1"},
				"east": {"uv": [7.5, 3, 9.82, 6.15], "rotation": 180, "texture": "#1"},
				"south": {"uv": [7.5, 3, 9.82, 6.15], "rotation": 180, "texture": "#1"},
				"west": {"uv": [7.5, 3, 9.82, 6.15], "rotation": 180, "texture": "#1"},
				"up": {"uv": [7.5, 3, 9.82, 6.15], "rotation": 180, "texture": "#1"},
				"down": {"uv": [7.5, 3, 9.82, 6.15], "rotation": 180, "texture": "#1"}
			}
		},
		{
			"from": [1.41, 9.465, 7.6],
			"to": [1.98, 10.105, 8.4],
			"rotation": {"angle": 0, "axis": "y", "origin": [0, 0, 5.75]},
			"faces": {
				"north": {"uv": [3.5, 3, 7.07, 6.14], "texture": "#1"},
				"east": {"uv": [3.5, 3, 7.07, 6.14], "texture": "#1"},
				"south": {"uv": [3.5, 3, 7.07, 6.14], "texture": "#1"},
				"west": {"uv": [3.5, 3, 7.07, 6.14], "texture": "#1"},
				"up": {"uv": [3.5, 3, 7.07, 6.14], "texture": "#1"},
				"down": {"uv": [3.5, 3, 7.07, 6.14], "texture": "#1"}
			}
		},
		{
			"from": [-2.1, 10.21, 6.35],
			"to": [3.22, 10.36, 6.65],
			"rotation": {"angle": 0, "axis": "y", "origin": [0, 0, 5.75]},
			"faces": {
				"north": {"uv": [8.5, 3.5, 9.82, 5.15], "texture": "#1"},
				"east": {"uv": [8.5, 3.5, 9.82, 5.15], "texture": "#1"},
				"south": {"uv": [8.5, 3.5, 9.82, 5.15], "texture": "#1"},
				"west": {"uv": [8.5, 3.5, 9.82, 5.15], "texture": "#1"},
				"up": {"uv": [8.5, 3.5, 9.82, 5.15], "texture": "#1"},
				"down": {"uv": [8.5, 3.5, 9.82, 5.15], "texture": "#1"}
			}
		},
		{
			"from": [-2.1, 9.21, 6.35],
			"to": [3.22, 9.36, 6.65],
			"rotation": {"angle": 0, "axis": "y", "origin": [0, 0, 5.75]},
			"faces": {
				"north": {"uv": [8.5, 3.5, 9.82, 5.15], "texture": "#1"},
				"east": {"uv": [8.5, 3.5, 9.82, 5.15], "texture": "#1"},
				"south": {"uv": [8.5, 3.5, 9.82, 5.15], "texture": "#1"},
				"west": {"uv": [8.5, 3.5, 9.82, 5.15], "texture": "#1"},
				"up": {"uv": [8.5, 3.5, 9.82, 5.15], "texture": "#1"},
				"down": {"uv": [8.5, 3.5, 9.82, 5.15], "texture": "#1"}
			}
		},
		{
			"from": [1.054, 9, 6.15],
			"to": [2.704, 10.65, 6.75],
			"rotation": {"angle": 0, "axis": "y", "origin": [0, 0, 5.75]},
			"faces": {
				"north": {"uv": [5, 3, 6.65, 6.15], "rotation": 90, "texture": "#1"},
				"east": {"uv": [3.5, 3.5, 6.65, 5.15], "texture": "#1"},
				"south": {"uv": [3.5, 3.5, 6.65, 5.15], "texture": "#1"},
				"west": {"uv": [3.5, 3.5, 6.65, 5.15], "texture": "#1"},
				"up": {"uv": [3.5, 3.5, 6.65, 5.15], "texture": "#1"},
				"down": {"uv": [3.5, 3.5, 6.65, 5.15], "texture": "#1"}
			}
		},
		{
			"from": [16.9, 7.71, 6.43],
			"to": [17.22, 11.06, 8.05],
			"rotation": {"angle": 0, "axis": "y", "origin": [0, 0, 5.75]},
			"faces": {
				"north": {"uv": [7, 3, 9.82, 6.35], "texture": "#1"},
				"east": {"uv": [7, 3, 9.82, 6.35], "texture": "#1"},
				"south": {"uv": [7, 3, 9.82, 6.35], "texture": "#1"},
				"west": {"uv": [7, 3, 9.82, 6.35], "texture": "#1"},
				"up": {"uv": [7, 3, 9.82, 6.35], "texture": "#1"},
				"down": {"uv": [7, 3, 9.82, 6.35], "texture": "#1"}
			}
		},
		{
			"from": [-0.6, 9.7, 7.05],
			"to": [29.72, 10.05, 7.45],
			"rotation": {"angle": 0, "axis": "y", "origin": [0, 0, 5.75]},
			"faces": {
				"north": {"uv": [8, 1, 13.5, 1.35], "texture": "#1"},
				"east": {"uv": [8, 1, 13.5, 1.35], "texture": "#1"},
				"south": {"uv": [8, 1, 13.5, 1.35], "texture": "#1"},
				"west": {"uv": [8, 1, 13.5, 1.35], "texture": "#1"},
				"up": {"uv": [8, 1, 13.5, 1.35], "texture": "#1"},
				"down": {"uv": [8, 1, 13.5, 1.35], "texture": "#1"}
			}
		},
		{
			"from": [-3.9, 11, 7.05],
			"to": [-3.01, 11.05, 7.452],
			"rotation": {"angle": 0, "axis": "y", "origin": [0, 0, 5.75]},
			"faces": {
				"north": {"uv": [5, 6.3, 5.89, 3.5], "texture": "#1"},
				"east": {"uv": [5, 6.3, 5.89, 3.5], "texture": "#1"},
				"south": {"uv": [5, 6.3, 5.89, 3.5], "texture": "#1"},
				"west": {"uv": [5, 6.3, 5.89, 3.5], "texture": "#1"},
				"up": {"uv": [5, 6.3, 5.89, 3.5], "texture": "#1"},
				"down": {"uv": [5, 6.3, 5.89, 3.5], "texture": "#1"}
			}
		},
		{
			"from": [5.25, 10.4, 7.23],
			"to": [5.57, 10.45, 7.28],
			"rotation": {"angle": 45, "axis": "z", "origin": [0, 0, 5.75]},
			"faces": {
				"north": {"uv": [4, 3.65, 5.82, 5.85], "texture": "#1"},
				"east": {"uv": [4, 3.65, 5.82, 5.85], "texture": "#1"},
				"south": {"uv": [4, 3.65, 5.82, 5.85], "texture": "#1"},
				"west": {"uv": [4, 3.65, 5.82, 5.85], "texture": "#1"},
				"up": {"uv": [4, 3.65, 5.82, 5.85], "texture": "#1"},
				"down": {"uv": [4, 3.65, 5.82, 5.85], "texture": "#1"}
			}
		},
		{
			"from": [5.25, 10.35, 7.15],
			"to": [5.57, 10.4, 7.35],
			"rotation": {"angle": 45, "axis": "z", "origin": [0, 0, 5.75]},
			"faces": {
				"north": {"uv": [7.5, 3, 9.32, 5.55], "texture": "#1"},
				"east": {"uv": [7.5, 3, 9.32, 5.55], "texture": "#1"},
				"south": {"uv": [7.5, 3, 9.32, 5.55], "texture": "#1"},
				"west": {"uv": [7.5, 3, 9.32, 5.55], "texture": "#1"},
				"up": {"uv": [7.5, 3, 9.32, 5.55], "texture": "#1"},
				"down": {"uv": [7.5, 3, 9.32, 5.55], "texture": "#1"}
			}
		},
		{
			"from": [2.204, 10.25, 5.9],
			"to": [2.454, 10.5, 6.5],
			"rotation": {"angle": 0, "axis": "y", "origin": [0, 0, 5.75]},
			"faces": {
				"north": {"uv": [14.35, 3, 16, 4.65], "texture": "#1"},
				"east": {"uv": [14.35, 3, 16, 4.65], "texture": "#1"},
				"south": {"uv": [14.35, 3, 16, 4.65], "texture": "#1"},
				"west": {"uv": [14.35, 3, 16, 4.65], "texture": "#1"},
				"up": {"uv": [14.35, 3, 16, 4.65], "texture": "#1"},
				"down": {"uv": [14.35, 3, 16, 4.65], "texture": "#1"}
			}
		},
		{
			"from": [-16, 8.95, 7.13],
			"to": [-7.25, 9.1, 7.33],
			"rotation": {"angle": 0, "axis": "y", "origin": [0, 0, 5.75]},
			"faces": {
				"north": {"uv": [7.5, 3.5, 9.72, 6.2], "texture": "#1"},
				"east": {"uv": [7.5, 3.5, 9.72, 6.2], "texture": "#1"},
				"south": {"uv": [7.5, 3.5, 9.72, 6.2], "texture": "#1"},
				"west": {"uv": [7.5, 3.5, 9.72, 6.2], "texture": "#1"},
				"up": {"uv": [7.5, 3.5, 9.72, 6.2], "texture": "#1"},
				"down": {"uv": [7.5, 3.5, 9.72, 6.2], "texture": "#1"}
			}
		},
		{
			"from": [8.5, 8.24, -1.38],
			"to": [13.25, 8.34, -0.13],
			"rotation": {"angle": 0, "axis": "y", "origin": [0, 0, 5.75]},
			"faces": {
				"north": {"uv": [7, 3.5, 9.75, 6.25], "texture": "#1"},
				"east": {"uv": [7, 3.5, 9.75, 6.25], "texture": "#1"},
				"south": {"uv": [7, 3.5, 9.75, 6.25], "texture": "#1"},
				"west": {"uv": [7, 3.5, 9.75, 6.25], "texture": "#1"},
				"up": {"uv": [7, 3.5, 9.75, 6.25], "texture": "#1"},
				"down": {"uv": [6.5, 0, 14.25, 2.75], "texture": "#1"}
			}
		},
		{
			"from": [5.11, 9.6, 7.04],
			"to": [5.86, 9.7, 7.46],
			"rotation": {"angle": 45, "axis": "z", "origin": [0, 0, 5.75]},
			"faces": {
				"north": {"uv": [0, 0, 2.5, 2.65], "rotation": 270, "texture": "#1"},
				"east": {"uv": [0, 0, 2.5, 2.65], "rotation": 270, "texture": "#1"},
				"south": {"uv": [0, 0, 2.5, 2.65], "rotation": 270, "texture": "#1"},
				"west": {"uv": [0, 0, 2.5, 2.65], "rotation": 270, "texture": "#1"},
				"up": {"uv": [0, 0, 2.5, 2.65], "rotation": 270, "texture": "#1"},
				"down": {"uv": [0, 0, 2.5, 2.65], "rotation": 270, "texture": "#1"}
			}
		},
		{
			"from": [3.05, 5.78, 6.845],
			"to": [5.1, 6.18, 7.655],
			"rotation": {"angle": 0, "axis": "y", "origin": [0, 0.5, 5.75]},
			"faces": {
				"north": {"uv": [7.5, 3.5, 9.55, 5.9], "texture": "#1"},
				"east": {"uv": [7.5, 3.5, 9.55, 5.9], "texture": "#1"},
				"south": {"uv": [7.5, 3.5, 9.55, 5.9], "texture": "#1"},
				"west": {"uv": [7.5, 3.5, 9.55, 5.9], "texture": "#1"},
				"up": {"uv": [7.5, 3.5, 9.55, 5.9], "texture": "#1"},
				"down": {"uv": [7.5, 3.5, 9.55, 5.9], "texture": "#1"}
			}
		},
		{
			"from": [3.57, 6.78, 7.1],
			"to": [3.97, 7.83, 7.4],
			"rotation": {"angle": 0, "axis": "y", "origin": [0, 0, 5.75]},
			"faces": {
				"north": {"uv": [4.5, 3.5, 5.55, 5.9], "rotation": 90, "texture": "#1"},
				"east": {"uv": [4.5, 3.5, 5.55, 5.9], "rotation": 90, "texture": "#1"},
				"south": {"uv": [4.5, 3.5, 5.55, 5.9], "rotation": 90, "texture": "#1"},
				"west": {"uv": [4.5, 3.5, 5.55, 5.9], "rotation": 90, "texture": "#1"},
				"up": {"uv": [4.5, 3.5, 5.55, 5.9], "rotation": 90, "texture": "#1"},
				"down": {"uv": [4.5, 3.5, 5.55, 5.9], "rotation": 90, "texture": "#1"}
			}
		},
		{
			"from": [10.56, 11.46, 7.35],
			"to": [10.88, 11.86, 7.65],
			"rotation": {"angle": 0, "axis": "y", "origin": [0, 0, 5.75]},
			"faces": {
				"north": {"uv": [4, 3.2, 5.1, 5.95], "texture": "#1"},
				"east": {"uv": [4, 3.2, 5.1, 5.95], "texture": "#1"},
				"south": {"uv": [4, 3.2, 5.1, 5.95], "texture": "#1"},
				"west": {"uv": [4, 3.2, 5.1, 5.95], "texture": "#1"},
				"up": {"uv": [4, 3.2, 5.1, 5.95], "texture": "#1"},
				"down": {"uv": [4, 3.2, 5.1, 5.95], "texture": "#1"}
			}
		},
		{
			"from": [-2, 7.85, 8],
			"to": [17, 11, 8],
			"rotation": {"angle": 0, "axis": "y", "origin": [0, 0, 5.75]},
			"faces": {
				"north": {"uv": [0, 12, 16, 15.75], "texture": "#1"},
				"east": {"uv": [0, 12, 16, 15.75], "texture": "#1"},
				"south": {"uv": [0, 12, 16, 15.75], "texture": "#1"},
				"west": {"uv": [0, 12, 16, 15.75], "texture": "#1"},
				"up": {"uv": [0, 12, 16, 15.75], "texture": "#1"},
				"down": {"uv": [0, 12, 16, 15.75], "texture": "#1"}
			}
		},
		{
			"from": [-2, 7.85, 6.495],
			"to": [17, 11, 6.495],
			"rotation": {"angle": 0, "axis": "y", "origin": [0, 0, 5.75]},
			"faces": {
				"north": {"uv": [0, 10.5, 16, 14.25], "texture": "#1"},
				"east": {"uv": [0, 10.5, 16, 14.25], "texture": "#1"},
				"south": {"uv": [0, 10.5, 16, 14.25], "texture": "#1"},
				"west": {"uv": [0, 10.5, 16, 14.25], "texture": "#1"},
				"up": {"uv": [0, 10.5, 16, 14.25], "texture": "#1"},
				"down": {"uv": [0, 10.5, 16, 14.25], "texture": "#1"}
			}
		},
		{
			"from": [12.65, 11.189, 6.852],
			"to": [31.971, 11.289, 7.647],
			"rotation": {"angle": 0, "axis": "y", "origin": [0, 0, 5.75]},
			"faces": {
				"north": {"uv": [3, 5, 3.1, 6.295], "rotation": 90, "texture": "#1"},
				"east": {"uv": [13, 1.5, 10.6, 1.795], "rotation": 90, "texture": "#1"},
				"south": {"uv": [3, 5, 3.1, 6.295], "rotation": 90, "texture": "#1"},
				"west": {"uv": [3, 5, 3.1, 6.295], "rotation": 90, "texture": "#1"},
				"up": {"uv": [3, 5, 3.1, 6.295], "rotation": 90, "texture": "#1"},
				"down": {"uv": [3, 5, 3.1, 6.295], "rotation": 90, "texture": "#1"}
			}
		},
		{
			"from": [13.15, 10.56, 6.852],
			"to": [31.97, 11.26, 6.952],
			"rotation": {"angle": 0, "axis": "y", "origin": [0, 0, 5.75]},
			"faces": {
				"north": {"uv": [0.5, 4, 0.1, 5.2], "texture": "#1"},
				"east": {"uv": [13, 1.5, 10.6, 2.2], "texture": "#1"},
				"south": {"uv": [0.5, 4, 0.1, 5.2], "texture": "#1"},
				"west": {"uv": [0.5, 4, 0.1, 5.2], "texture": "#1"},
				"up": {"uv": [0.5, 4, 0.1, 5.2], "texture": "#1"},
				"down": {"uv": [0.5, 4, 0.1, 5.2], "texture": "#1"}
			}
		},
		{
			"from": [12.65, 10.56, 7.549],
			"to": [31.97, 11.26, 7.649],
			"rotation": {"angle": 0, "axis": "y", "origin": [0, 0, 5.75]},
			"faces": {
				"north": {"uv": [3, 4, 2.6, 5.2], "texture": "#1"},
				"east": {"uv": [10.5, 1.5, 13.6, 1.2], "texture": "#1"},
				"south": {"uv": [3, 4, 2.6, 5.2], "texture": "#1"},
				"west": {"uv": [3, 4, 2.6, 5.2], "texture": "#1"},
				"up": {"uv": [3, 4, 2.6, 5.2], "texture": "#1"},
				"down": {"uv": [3, 4, 2.6, 5.2], "texture": "#1"}
			}
		},
		{
			"from": [12.65, 10.485, 6.854],
			"to": [31.971, 10.585, 7.649],
			"rotation": {"angle": 0, "axis": "y", "origin": [0, 0, 5.75]},
			"faces": {
				"north": {"uv": [3, 4, 2.6, 5.295], "rotation": 90, "texture": "#1"},
				"east": {"uv": [12.5, 1.5, 14.6, 1.795], "rotation": 90, "texture": "#1"},
				"south": {"uv": [3, 4, 2.6, 5.295], "rotation": 90, "texture": "#1"},
				"west": {"uv": [3, 4, 2.6, 5.295], "rotation": 90, "texture": "#1"},
				"up": {"uv": [3, 4, 2.6, 5.295], "rotation": 90, "texture": "#1"},
				"down": {"uv": [3, 4, 2.6, 5.295], "rotation": 90, "texture": "#1"}
			}
		},
		{
			"from": [24.9, 10.56, 6.95],
			"to": [25.22, 11.26, 7.55],
			"rotation": {"angle": 0, "axis": "y", "origin": [0, 0, 5.75]},
			"faces": {
				"north": {"uv": [1, 4, 2.1, 5.2], "texture": "#1"},
				"east": {"uv": [1, 4, 2.1, 5.2], "texture": "#1"},
				"south": {"uv": [1, 4, 2.1, 5.2], "texture": "#1"},
				"west": {"uv": [1, 4, 2.1, 5.2], "texture": "#1"},
				"up": {"uv": [1, 4, 2.1, 5.2], "texture": "#1"},
				"down": {"uv": [1, 4, 2.1, 5.2], "texture": "#1"}
			}
		},
		{
			"from": [9.67889, 8.89851, 6.46914],
			"to": [9.97889, 10.24851, 8.01914],
			"rotation": {"angle": 0, "axis": "y", "origin": [9.8289, 9.6235, 6.4691]},
			"faces": {
				"north": {"uv": [14.75, 3.1, 15.75, 4.1], "texture": "#1"},
				"east": {"uv": [14.75, 3.1, 15.75, 4.1], "texture": "#1"},
				"south": {"uv": [14.75, 3.1, 15.75, 4.1], "texture": "#1"},
				"west": {"uv": [14.75, 3.1, 15.75, 4.1], "texture": "#1"},
				"up": {"uv": [14.75, 3.1, 15.75, 4.1], "rotation": 90, "texture": "#1"},
				"down": {"uv": [14.75, 3.1, 15.75, 4.1], "rotation": 270, "texture": "#1"}
			}
		},
		{
			"from": [9.67889, 8.87351, 6.46914],
			"to": [9.97889, 10.24851, 8.01914],
			"rotation": {"angle": -22.5, "axis": "z", "origin": [9.8289, 9.6235, 6.4691]},
			"faces": {
				"north": {"uv": [14.75, 3.1, 15.75, 4.1], "texture": "#1"},
				"east": {"uv": [14.75, 3.1, 15.75, 4.1], "texture": "#1"},
				"south": {"uv": [14.75, 3.1, 15.75, 4.1], "texture": "#1"},
				"west": {"uv": [14.75, 3.1, 15.75, 4.1], "texture": "#1"},
				"up": {"uv": [14.75, 3.1, 15.75, 4.1], "rotation": 90, "texture": "#1"},
				"down": {"uv": [14.75, 3.1, 15.75, 4.1], "rotation": 270, "texture": "#1"}
			}
		},
		{
			"from": [9.67889, 8.92351, 6.46914],
			"to": [9.97889, 10.24851, 8.01914],
			"rotation": {"angle": -45, "axis": "z", "origin": [9.8289, 9.6235, 6.4691]},
			"faces": {
				"north": {"uv": [14.75, 3.1, 15.75, 4.1], "texture": "#1"},
				"east": {"uv": [14.75, 3.1, 15.75, 4.1], "texture": "#1"},
				"south": {"uv": [14.75, 3.1, 15.75, 4.1], "texture": "#1"},
				"west": {"uv": [14.75, 3.1, 15.75, 4.1], "texture": "#1"},
				"up": {"uv": [14.75, 3.1, 15.75, 4.1], "rotation": 90, "texture": "#1"},
				"down": {"uv": [14.75, 3.1, 15.75, 4.1], "rotation": 270, "texture": "#1"}
			}
		},
		{
			"from": [9.15391, 9.47351, 6.46914],
			"to": [10.47891, 9.77351, 8.01914],
			"rotation": {"angle": 22.5, "axis": "z", "origin": [9.8289, 9.6235, 6.4691]},
			"faces": {
				"north": {"uv": [14.75, 3.1, 15.75, 4.1], "rotation": 270, "texture": "#1"},
				"east": {"uv": [14.75, 3.1, 15.75, 4.1], "rotation": 180, "texture": "#1"},
				"south": {"uv": [14.75, 3.1, 15.75, 4.1], "rotation": 90, "texture": "#1"},
				"west": {"uv": [14.75, 3.1, 15.75, 4.1], "texture": "#1"},
				"up": {"uv": [14.75, 3.1, 15.75, 4.1], "rotation": 90, "texture": "#1"},
				"down": {"uv": [14.75, 3.1, 15.75, 4.1], "rotation": 90, "texture": "#1"}
			}
		},
		{
			"from": [9.15391, 9.47351, 6.46914],
			"to": [10.50391, 9.77351, 8.01914],
			"rotation": {"angle": 0, "axis": "y", "origin": [9.8289, 9.6235, 6.4691]},
			"faces": {
				"north": {"uv": [14.75, 3.1, 15.75, 4.1], "rotation": 270, "texture": "#1"},
				"east": {"uv": [14.75, 3.1, 15.75, 4.1], "rotation": 180, "texture": "#1"},
				"south": {"uv": [14.75, 3.1, 15.75, 4.1], "rotation": 90, "texture": "#1"},
				"west": {"uv": [14.75, 3.1, 15.75, 4.1], "texture": "#1"},
				"up": {"uv": [14.75, 3.1, 15.75, 4.1], "rotation": 90, "texture": "#1"},
				"down": {"uv": [14.75, 3.1, 15.75, 4.1], "rotation": 90, "texture": "#1"}
			}
		},
		{
			"from": [9.17891, 9.47351, 6.46914],
			"to": [10.50391, 9.77351, 8.01914],
			"rotation": {"angle": -22.5, "axis": "z", "origin": [9.8289, 9.6235, 6.4691]},
			"faces": {
				"north": {"uv": [14.75, 3.1, 15.75, 4.1], "rotation": 270, "texture": "#1"},
				"east": {"uv": [14.75, 3.1, 15.75, 4.1], "rotation": 180, "texture": "#1"},
				"south": {"uv": [14.75, 3.1, 15.75, 4.1], "rotation": 90, "texture": "#1"},
				"west": {"uv": [14.75, 3.1, 15.75, 4.1], "texture": "#1"},
				"up": {"uv": [14.75, 3.1, 15.75, 4.1], "rotation": 90, "texture": "#1"},
				"down": {"uv": [14.75, 3.1, 15.75, 4.1], "rotation": 90, "texture": "#1"}
			}
		},
		{
			"from": [9.20391, 9.47351, 6.46914],
			"to": [10.52891, 9.77351, 8.01914],
			"rotation": {"angle": -45, "axis": "z", "origin": [9.8289, 9.6235, 6.4691]},
			"faces": {
				"north": {"uv": [14.75, 3.1, 15.75, 4.1], "rotation": 270, "texture": "#1"},
				"east": {"uv": [14.75, 3.1, 15.75, 4.1], "rotation": 180, "texture": "#1"},
				"south": {"uv": [14.75, 3.1, 15.75, 4.1], "rotation": 90, "texture": "#1"},
				"west": {"uv": [14.75, 3.1, 15.75, 4.1], "texture": "#1"},
				"up": {"uv": [14.75, 3.1, 15.75, 4.1], "rotation": 90, "texture": "#1"},
				"down": {"uv": [14.75, 3.1, 15.75, 4.1], "rotation": 90, "texture": "#1"}
			}
		},
		{
			"from": [9.67891, 8.89849, 6.46914],
			"to": [9.97891, 10.24849, 8.01914],
			"rotation": {"angle": 22.5, "axis": "z", "origin": [9.8289, 9.6235, 6.4691]},
			"faces": {
				"north": {"uv": [14.75, 3.1, 15.75, 4.1], "rotation": 180, "texture": "#1"},
				"east": {"uv": [14.75, 3.1, 15.75, 4.1], "rotation": 180, "texture": "#1"},
				"south": {"uv": [14.75, 3.1, 15.75, 4.1], "rotation": 180, "texture": "#1"},
				"west": {"uv": [14.75, 3.1, 15.75, 4.1], "rotation": 180, "texture": "#1"},
				"up": {"uv": [14.75, 3.1, 15.75, 4.1], "rotation": 90, "texture": "#1"},
				"down": {"uv": [14.75, 3.1, 15.75, 4.1], "rotation": 270, "texture": "#1"}
			}
		},
		{
			"from": [9.67889, 10.22351, 6.44414],
			"to": [9.97889, 10.32351, 8.04414],
			"rotation": {"angle": 0, "axis": "y", "origin": [9.6789, 9.4235, 6.4691]},
			"faces": {
				"north": {"uv": [14.75, 4.75, 15.75, 5.75], "texture": "#1"},
				"east": {"uv": [14.75, 3.1, 15.75, 4.1], "texture": "#1"},
				"south": {"uv": [14.75, 3.1, 15.75, 4.1], "texture": "#1"},
				"west": {"uv": [14.75, 3.1, 15.75, 4.1], "texture": "#1"},
				"up": {"uv": [14.75, 3.1, 15.75, 4.1], "rotation": 90, "texture": "#1"},
				"down": {"uv": [14.75, 3.1, 15.75, 4.1], "rotation": 270, "texture": "#1"}
			}
		},
		{
			"from": [9.61164, 10.2698, 6.44414],
			"to": [9.91164, 10.3698, 8.04414],
			"rotation": {"angle": -22.5, "axis": "z", "origin": [9.6789, 9.4235, 6.4691]},
			"faces": {
				"north": {"uv": [14.75, 4.75, 15.75, 5.75], "texture": "#1"},
				"east": {"uv": [14.75, 3.1, 15.75, 4.1], "texture": "#1"},
				"south": {"uv": [14.75, 3.1, 15.75, 4.1], "texture": "#1"},
				"west": {"uv": [14.75, 3.1, 15.75, 4.1], "texture": "#1"},
				"up": {"uv": [14.75, 3.1, 15.75, 4.1], "rotation": 90, "texture": "#1"},
				"down": {"uv": [14.75, 3.1, 15.75, 4.1], "rotation": 270, "texture": "#1"}
			}
		},
		{
			"from": [9.53179, 10.28683, 6.44414],
			"to": [9.83179, 10.38683, 8.04414],
			"rotation": {"angle": -45, "axis": "z", "origin": [9.6789, 9.4235, 6.4691]},
			"faces": {
				"north": {"uv": [14.75, 4.75, 15.75, 5.75], "texture": "#1"},
				"east": {"uv": [14.75, 3.1, 15.75, 4.1], "texture": "#1"},
				"south": {"uv": [14.75, 3.1, 15.75, 4.1], "texture": "#1"},
				"west": {"uv": [14.75, 3.1, 15.75, 4.1], "texture": "#1"},
				"up": {"uv": [14.75, 3.1, 15.75, 4.1], "rotation": 90, "texture": "#1"},
				"down": {"uv": [14.75, 3.1, 15.75, 4.1], "rotation": 270, "texture": "#1"}
			}
		},
		{
			"from": [10.52741, 9.3509, 6.44414],
			"to": [10.62741, 9.6509, 8.04414],
			"rotation": {"angle": 22.5, "axis": "z", "origin": [9.6789, 9.4235, 6.4691]},
			"faces": {
				"north": {"uv": [14.75, 4.75, 15.75, 5.75], "rotation": 270, "texture": "#1"},
				"east": {"uv": [14.75, 3.1, 15.75, 4.1], "rotation": 180, "texture": "#1"},
				"south": {"uv": [14.75, 3.1, 15.75, 4.1], "rotation": 90, "texture": "#1"},
				"west": {"uv": [14.75, 3.1, 15.75, 4.1], "texture": "#1"},
				"up": {"uv": [14.75, 3.1, 15.75, 4.1], "rotation": 90, "texture": "#1"},
				"down": {"uv": [14.75, 3.1, 15.75, 4.1], "rotation": 90, "texture": "#1"}
			}
		},
		{
			"from": [9.07479, 9.41941, 6.44414],
			"to": [9.17479, 9.71941, 8.04414],
			"rotation": {"angle": 0, "axis": "y", "origin": [9.9748, 9.41942, 6.4691]},
			"faces": {
				"north": {"uv": [14.75, 4.75, 15.75, 5.75], "rotation": 90, "texture": "#1"},
				"east": {"uv": [14.75, 3.1, 15.75, 4.1], "rotation": 180, "texture": "#1"},
				"south": {"uv": [14.75, 3.1, 15.75, 4.1], "rotation": 270, "texture": "#1"},
				"west": {"uv": [14.75, 3.1, 15.75, 4.1], "texture": "#1"},
				"up": {"uv": [14.75, 3.1, 15.75, 4.1], "rotation": 270, "texture": "#1"},
				"down": {"uv": [14.75, 3.1, 15.75, 4.1], "rotation": 270, "texture": "#1"}
			}
		},
		{
			"from": [9.0285, 9.35215, 6.44414],
			"to": [9.1285, 9.65215, 8.04414],
			"rotation": {"angle": -22.5, "axis": "z", "origin": [9.9748, 9.41942, 6.4691]},
			"faces": {
				"north": {"uv": [14.75, 4.75, 15.75, 5.75], "rotation": 90, "texture": "#1"},
				"east": {"uv": [14.75, 3.1, 15.75, 4.1], "rotation": 180, "texture": "#1"},
				"south": {"uv": [14.75, 3.1, 15.75, 4.1], "rotation": 270, "texture": "#1"},
				"west": {"uv": [14.75, 3.1, 15.75, 4.1], "texture": "#1"},
				"up": {"uv": [14.75, 3.1, 15.75, 4.1], "rotation": 270, "texture": "#1"},
				"down": {"uv": [14.75, 3.1, 15.75, 4.1], "rotation": 270, "texture": "#1"}
			}
		},
		{
			"from": [9.82768, 10.28275, 6.44414],
			"to": [10.12768, 10.38275, 8.04414],
			"rotation": {"angle": 45, "axis": "z", "origin": [9.9748, 9.41942, 6.4691]},
			"faces": {
				"north": {"uv": [14.75, 4.75, 15.75, 5.75], "texture": "#1"},
				"east": {"uv": [14.75, 3.1, 15.75, 4.1], "texture": "#1"},
				"south": {"uv": [14.75, 3.1, 15.75, 4.1], "texture": "#1"},
				"west": {"uv": [14.75, 3.1, 15.75, 4.1], "texture": "#1"},
				"up": {"uv": [14.75, 3.1, 15.75, 4.1], "rotation": 90, "texture": "#1"},
				"down": {"uv": [14.75, 3.1, 15.75, 4.1], "rotation": 270, "texture": "#1"}
			}
		},
		{
			"from": [9.74739, 10.26793, 6.44414],
			"to": [10.04739, 10.36793, 8.04414],
			"rotation": {"angle": 22.5, "axis": "z", "origin": [9.9748, 9.41942, 6.4691]},
			"faces": {
				"north": {"uv": [14.75, 4.75, 15.75, 5.75], "texture": "#1"},
				"east": {"uv": [14.75, 3.1, 15.75, 4.1], "texture": "#1"},
				"south": {"uv": [14.75, 3.1, 15.75, 4.1], "texture": "#1"},
				"west": {"uv": [14.75, 3.1, 15.75, 4.1], "texture": "#1"},
				"up": {"uv": [14.75, 3.1, 15.75, 4.1], "rotation": 90, "texture": "#1"},
				"down": {"uv": [14.75, 3.1, 15.75, 4.1], "rotation": 270, "texture": "#1"}
			}
		},
		{
			"from": [10.48299, 9.41941, 6.44414],
			"to": [10.58299, 9.71941, 8.04414],
			"rotation": {"angle": 0, "axis": "y", "origin": [9.68298, 9.7194, 6.4691]},
			"faces": {
				"north": {"uv": [14.75, 4.75, 15.75, 5.75], "rotation": 270, "texture": "#1"},
				"east": {"uv": [14.75, 3.1, 15.75, 4.1], "rotation": 180, "texture": "#1"},
				"south": {"uv": [14.75, 3.1, 15.75, 4.1], "rotation": 90, "texture": "#1"},
				"west": {"uv": [14.75, 3.1, 15.75, 4.1], "texture": "#1"},
				"up": {"uv": [14.75, 3.1, 15.75, 4.1], "rotation": 90, "texture": "#1"},
				"down": {"uv": [14.75, 3.1, 15.75, 4.1], "rotation": 90, "texture": "#1"}
			}
		},
		{
			"from": [10.52928, 9.48666, 6.44414],
			"to": [10.62928, 9.78666, 8.04414],
			"rotation": {"angle": -22.5, "axis": "z", "origin": [9.68298, 9.7194, 6.4691]},
			"faces": {
				"north": {"uv": [14.75, 4.75, 15.75, 5.75], "rotation": 270, "texture": "#1"},
				"east": {"uv": [14.75, 3.1, 15.75, 4.1], "rotation": 180, "texture": "#1"},
				"south": {"uv": [14.75, 3.1, 15.75, 4.1], "rotation": 90, "texture": "#1"},
				"west": {"uv": [14.75, 3.1, 15.75, 4.1], "texture": "#1"},
				"up": {"uv": [14.75, 3.1, 15.75, 4.1], "rotation": 90, "texture": "#1"},
				"down": {"uv": [14.75, 3.1, 15.75, 4.1], "rotation": 90, "texture": "#1"}
			}
		},
		{
			"from": [10.54631, 9.56651, 6.44414],
			"to": [10.64631, 9.86651, 8.04414],
			"rotation": {"angle": -45, "axis": "z", "origin": [9.68298, 9.7194, 6.4691]},
			"faces": {
				"north": {"uv": [14.75, 4.75, 15.75, 5.75], "rotation": 270, "texture": "#1"},
				"east": {"uv": [14.75, 3.1, 15.75, 4.1], "rotation": 180, "texture": "#1"},
				"south": {"uv": [14.75, 3.1, 15.75, 4.1], "rotation": 90, "texture": "#1"},
				"west": {"uv": [14.75, 3.1, 15.75, 4.1], "texture": "#1"},
				"up": {"uv": [14.75, 3.1, 15.75, 4.1], "rotation": 90, "texture": "#1"},
				"down": {"uv": [14.75, 3.1, 15.75, 4.1], "rotation": 90, "texture": "#1"}
			}
		},
		{
			"from": [9.61038, 8.77089, 6.44414],
			"to": [9.91038, 8.87089, 8.04414],
			"rotation": {"angle": 22.5, "axis": "z", "origin": [9.68298, 9.7194, 6.4691]},
			"faces": {
				"north": {"uv": [14.75, 4.75, 15.75, 5.75], "rotation": 180, "texture": "#1"},
				"east": {"uv": [14.75, 3.1, 15.75, 4.1], "rotation": 180, "texture": "#1"},
				"south": {"uv": [14.75, 3.1, 15.75, 4.1], "rotation": 180, "texture": "#1"},
				"west": {"uv": [14.75, 3.1, 15.75, 4.1], "rotation": 180, "texture": "#1"},
				"up": {"uv": [14.75, 3.1, 15.75, 4.1], "rotation": 90, "texture": "#1"},
				"down": {"uv": [14.75, 3.1, 15.75, 4.1], "rotation": 270, "texture": "#1"}
			}
		},
		{
			"from": [9.67889, 8.81531, 6.44414],
			"to": [9.97889, 8.91531, 8.04414],
			"rotation": {"angle": 0, "axis": "y", "origin": [9.97888, 9.71532, 6.4691]},
			"faces": {
				"north": {"uv": [14.75, 4.75, 15.75, 5.75], "rotation": 180, "texture": "#1"},
				"east": {"uv": [14.75, 3.1, 15.75, 4.1], "rotation": 180, "texture": "#1"},
				"south": {"uv": [14.75, 3.1, 15.75, 4.1], "rotation": 180, "texture": "#1"},
				"west": {"uv": [14.75, 3.1, 15.75, 4.1], "rotation": 180, "texture": "#1"},
				"up": {"uv": [14.75, 3.1, 15.75, 4.1], "rotation": 90, "texture": "#1"},
				"down": {"uv": [14.75, 3.1, 15.75, 4.1], "rotation": 270, "texture": "#1"}
			}
		},
		{
			"from": [9.74614, 8.76902, 6.44414],
			"to": [10.04614, 8.86902, 8.04414],
			"rotation": {"angle": -22.5, "axis": "z", "origin": [9.97888, 9.71532, 6.4691]},
			"faces": {
				"north": {"uv": [14.75, 4.75, 15.75, 5.75], "rotation": 180, "texture": "#1"},
				"east": {"uv": [14.75, 3.1, 15.75, 4.1], "rotation": 180, "texture": "#1"},
				"south": {"uv": [14.75, 3.1, 15.75, 4.1], "rotation": 180, "texture": "#1"},
				"west": {"uv": [14.75, 3.1, 15.75, 4.1], "rotation": 180, "texture": "#1"},
				"up": {"uv": [14.75, 3.1, 15.75, 4.1], "rotation": 90, "texture": "#1"},
				"down": {"uv": [14.75, 3.1, 15.75, 4.1], "rotation": 270, "texture": "#1"}
			}
		},
		{
			"from": [9.82599, 8.75199, 6.44414],
			"to": [10.12599, 8.85199, 8.04414],
			"rotation": {"angle": -45, "axis": "z", "origin": [9.97888, 9.71532, 6.4691]},
			"faces": {
				"north": {"uv": [14.75, 4.75, 15.75, 5.75], "rotation": 180, "texture": "#1"},
				"east": {"uv": [14.75, 3.1, 15.75, 4.1], "rotation": 180, "texture": "#1"},
				"south": {"uv": [14.75, 3.1, 15.75, 4.1], "rotation": 180, "texture": "#1"},
				"west": {"uv": [14.75, 3.1, 15.75, 4.1], "rotation": 180, "texture": "#1"},
				"up": {"uv": [14.75, 3.1, 15.75, 4.1], "rotation": 90, "texture": "#1"},
				"down": {"uv": [14.75, 3.1, 15.75, 4.1], "rotation": 270, "texture": "#1"}
			}
		},
		{
			"from": [9.03037, 9.48791, 6.44414],
			"to": [9.13037, 9.78791, 8.04414],
			"rotation": {"angle": 22.5, "axis": "z", "origin": [9.97888, 9.71532, 6.4691]},
			"faces": {
				"north": {"uv": [14.75, 4.75, 15.75, 5.75], "rotation": 90, "texture": "#1"},
				"east": {"uv": [14.75, 3.1, 15.75, 4.1], "rotation": 180, "texture": "#1"},
				"south": {"uv": [14.75, 3.1, 15.75, 4.1], "rotation": 270, "texture": "#1"},
				"west": {"uv": [14.75, 3.1, 15.75, 4.1], "texture": "#1"},
				"up": {"uv": [14.75, 3.1, 15.75, 4.1], "rotation": 270, "texture": "#1"},
				"down": {"uv": [14.75, 3.1, 15.75, 4.1], "rotation": 270, "texture": "#1"}
			}
		},
		{
			"from": [9.77889, 9.12351, 6.41914],
			"to": [9.87889, 9.87351, 8.06914],
			"rotation": {"angle": 0, "axis": "y", "origin": [9.8289, 9.6235, 6.4691]},
			"faces": {
				"north": {"uv": [7.8, 3.85, 8.3, 4.35], "texture": "#1"},
				"east": {"uv": [7.8, 3.85, 8.3, 4.35], "texture": "#1"},
				"south": {"uv": [7.8, 3.85, 8.3, 4.35], "texture": "#1"},
				"west": {"uv": [7.8, 3.85, 8.3, 4.35], "texture": "#1"},
				"up": {"uv": [7.8, 3.85, 8.3, 4.35], "rotation": 90, "texture": "#1"},
				"down": {"uv": [7.8, 3.85, 8.3, 4.35], "rotation": 270, "texture": "#1"}
			}
		},
		{
			"from": [9.45389, 9.87351, 6.41914],
			"to": [10.20389, 9.97351, 8.06914],
			"rotation": {"angle": 0, "axis": "y", "origin": [9.8289, 9.6235, 6.4691]},
			"faces": {
				"north": {"uv": [7.8, 3.8, 8.3, 4.3], "texture": "#1"},
				"east": {"uv": [7.8, 3.8, 8.3, 4.3], "texture": "#1"},
				"south": {"uv": [7.8, 3.8, 8.3, 4.3], "texture": "#1"},
				"west": {"uv": [7.8, 3.8, 8.3, 4.3], "texture": "#1"},
				"up": {"uv": [7.8, 3.8, 8.3, 4.3], "rotation": 90, "texture": "#1"},
				"down": {"uv": [7.8, 3.8, 8.3, 4.3], "rotation": 270, "texture": "#1"}
			}
		},
		{
			"from": [9.72889, 9.04851, 6.41914],
			"to": [9.92889, 9.12351, 8.06914],
			"rotation": {"angle": 0, "axis": "y", "origin": [9.8289, 9.6235, 6.4691]},
			"faces": {
				"north": {"uv": [7.8, 3.8, 8.3, 4.3], "texture": "#1"},
				"east": {"uv": [7.8, 3.8, 8.3, 4.3], "texture": "#1"},
				"south": {"uv": [7.8, 3.8, 8.3, 4.3], "texture": "#1"},
				"west": {"uv": [7.8, 3.8, 8.3, 4.3], "texture": "#1"},
				"up": {"uv": [7.8, 3.8, 8.3, 4.3], "rotation": 90, "texture": "#1"},
				"down": {"uv": [7.8, 3.8, 8.3, 4.3], "rotation": 270, "texture": "#1"}
			}
		},
		{
			"from": [9.55389, 9.54851, 6.41914],
			"to": [10.10389, 9.59851, 8.06914],
			"rotation": {"angle": 0, "axis": "y", "origin": [9.8289, 9.6235, 6.4691]},
			"faces": {
				"north": {"uv": [7.8, 3.8, 8.3, 4.3], "texture": "#1"},
				"east": {"uv": [7.8, 3.8, 8.3, 4.3], "texture": "#1"},
				"south": {"uv": [7.8, 3.8, 8.3, 4.3], "texture": "#1"},
				"west": {"uv": [7.8, 3.8, 8.3, 4.3], "texture": "#1"},
				"up": {"uv": [7.8, 3.8, 8.3, 4.3], "rotation": 90, "texture": "#1"},
				"down": {"uv": [7.8, 3.8, 8.3, 4.3], "rotation": 270, "texture": "#1"}
			}
		},
		{
			"from": [10.10391, 9.44851, 6.41914],
			"to": [10.15391, 9.72351, 8.06914],
			"rotation": {"angle": 0, "axis": "y", "origin": [9.8289, 9.6235, 6.4691]},
			"faces": {
				"north": {"uv": [7.8, 3.8, 8.3, 4.3], "rotation": 270, "texture": "#1"},
				"east": {"uv": [7.8, 3.8, 8.3, 4.3], "rotation": 270, "texture": "#1"},
				"south": {"uv": [7.8, 3.8, 8.3, 4.3], "rotation": 270, "texture": "#1"},
				"west": {"uv": [7.8, 3.8, 8.3, 4.3], "rotation": 270, "texture": "#1"},
				"up": {"uv": [7.8, 3.8, 8.3, 4.3], "texture": "#1"},
				"down": {"uv": [7.8, 3.8, 8.3, 4.3], "rotation": 180, "texture": "#1"}
			}
		},
		{
			"from": [10.09038, 9.5055, 6.41914],
			"to": [10.14038, 9.5805, 8.06914],
			"rotation": {"angle": -22.5, "axis": "z", "origin": [9.81537, 9.48049, 6.4691]},
			"faces": {
				"north": {"uv": [7.8, 3.8, 8.3, 4.3], "rotation": 270, "texture": "#1"},
				"east": {"uv": [7.8, 3.8, 8.3, 4.3], "rotation": 270, "texture": "#1"},
				"south": {"uv": [7.8, 3.8, 8.3, 4.3], "rotation": 270, "texture": "#1"},
				"west": {"uv": [7.8, 3.8, 8.3, 4.3], "rotation": 270, "texture": "#1"},
				"up": {"uv": [7.8, 3.8, 8.3, 4.3], "texture": "#1"},
				"down": {"uv": [7.8, 3.8, 8.3, 4.3], "rotation": 180, "texture": "#1"}
			}
		},
		{
			"from": [9.68388, 9.13905, 6.41914],
			"to": [9.73388, 9.21405, 8.06914],
			"rotation": {"angle": 45, "axis": "z", "origin": [9.40887, 9.11404, 6.4691]},
			"faces": {
				"north": {"uv": [7.8, 3.8, 8.3, 4.3], "rotation": 270, "texture": "#1"},
				"east": {"uv": [7.8, 3.8, 8.3, 4.3], "rotation": 270, "texture": "#1"},
				"south": {"uv": [7.8, 3.8, 8.3, 4.3], "rotation": 270, "texture": "#1"},
				"west": {"uv": [7.8, 3.8, 8.3, 4.3], "rotation": 270, "texture": "#1"},
				"up": {"uv": [7.8, 3.8, 8.3, 4.3], "texture": "#1"},
				"down": {"uv": [7.8, 3.8, 8.3, 4.3], "rotation": 180, "texture": "#1"}
			}
		},
		{
			"from": [9.47279, 9.30885, 6.41914],
			"to": [9.54779, 9.35885, 8.06914],
			"rotation": {"angle": -22.5, "axis": "z", "origin": [9.5728, 9.03384, 6.4691]},
			"faces": {
				"north": {"uv": [7.8, 3.8, 8.3, 4.3], "texture": "#1"},
				"east": {"uv": [7.8, 3.8, 8.3, 4.3], "texture": "#1"},
				"south": {"uv": [7.8, 3.8, 8.3, 4.3], "texture": "#1"},
				"west": {"uv": [7.8, 3.8, 8.3, 4.3], "texture": "#1"},
				"up": {"uv": [7.8, 3.8, 8.3, 4.3], "rotation": 90, "texture": "#1"},
				"down": {"uv": [7.8, 3.8, 8.3, 4.3], "rotation": 270, "texture": "#1"}
			}
		},
		{
			"from": [10.09968, 9.56333, 6.41914],
			"to": [10.14968, 9.63833, 8.06914],
			"rotation": {"angle": -45, "axis": "z", "origin": [9.82467, 9.53832, 6.4691]},
			"faces": {
				"north": {"uv": [7.8, 3.8, 8.3, 4.3], "rotation": 270, "texture": "#1"},
				"east": {"uv": [7.8, 3.8, 8.3, 4.3], "rotation": 270, "texture": "#1"},
				"south": {"uv": [7.8, 3.8, 8.3, 4.3], "rotation": 270, "texture": "#1"},
				"west": {"uv": [7.8, 3.8, 8.3, 4.3], "rotation": 270, "texture": "#1"},
				"up": {"uv": [7.8, 3.8, 8.3, 4.3], "texture": "#1"},
				"down": {"uv": [7.8, 3.8, 8.3, 4.3], "rotation": 180, "texture": "#1"}
			}
		},
		{
			"from": [9.88041, 9.26317, 6.41914],
			"to": [9.95541, 9.31317, 8.06914],
			"rotation": {"angle": 22.5, "axis": "z", "origin": [9.8554, 9.58818, 6.4691]},
			"faces": {
				"north": {"uv": [7.8, 3.8, 8.3, 4.3], "rotation": 180, "texture": "#1"},
				"east": {"uv": [7.8, 3.8, 8.3, 4.3], "rotation": 180, "texture": "#1"},
				"south": {"uv": [7.8, 3.8, 8.3, 4.3], "rotation": 180, "texture": "#1"},
				"west": {"uv": [7.8, 3.8, 8.3, 4.3], "rotation": 180, "texture": "#1"},
				"up": {"uv": [7.8, 3.8, 8.3, 4.3], "rotation": 270, "texture": "#1"},
				"down": {"uv": [7.8, 3.8, 8.3, 4.3], "rotation": 90, "texture": "#1"}
			}
		},
		{
			"from": [9.56312, 9.27588, 6.41914],
			"to": [9.61312, 9.35088, 8.06914],
			"rotation": {"angle": 22.5, "axis": "z", "origin": [9.28811, 9.25087, 6.4691]},
			"faces": {
				"north": {"uv": [7.8, 3.8, 8.3, 4.3], "rotation": 270, "texture": "#1"},
				"east": {"uv": [7.8, 3.8, 8.3, 4.3], "rotation": 270, "texture": "#1"},
				"south": {"uv": [7.8, 3.8, 8.3, 4.3], "rotation": 270, "texture": "#1"},
				"west": {"uv": [7.8, 3.8, 8.3, 4.3], "rotation": 270, "texture": "#1"},
				"up": {"uv": [7.8, 3.8, 8.3, 4.3], "texture": "#1"},
				"down": {"uv": [7.8, 3.8, 8.3, 4.3], "rotation": 180, "texture": "#1"}
			}
		},
		{
			"from": [9.50391, 9.44851, 6.41914],
			"to": [9.55391, 9.72351, 8.06914],
			"rotation": {"angle": 0, "axis": "y", "origin": [9.8289, 9.6235, 6.4691]},
			"faces": {
				"north": {"uv": [7.8, 3.8, 8.3, 4.3], "rotation": 270, "texture": "#1"},
				"east": {"uv": [7.8, 3.8, 8.3, 4.3], "rotation": 270, "texture": "#1"},
				"south": {"uv": [7.8, 3.8, 8.3, 4.3], "rotation": 270, "texture": "#1"},
				"west": {"uv": [7.8, 3.8, 8.3, 4.3], "rotation": 270, "texture": "#1"},
				"up": {"uv": [7.8, 3.8, 8.3, 4.3], "texture": "#1"},
				"down": {"uv": [7.8, 3.8, 8.3, 4.3], "rotation": 180, "texture": "#1"}
			}
		},
		{
			"from": [9.65389, 9.29851, 6.41914],
			"to": [10.00389, 9.34851, 8.06914],
			"rotation": {"angle": 0, "axis": "y", "origin": [9.8289, 9.6235, 6.4691]},
			"faces": {
				"north": {"uv": [7.8, 3.8, 8.3, 4.3], "texture": "#1"},
				"east": {"uv": [7.8, 3.8, 8.3, 4.3], "texture": "#1"},
				"south": {"uv": [7.8, 3.8, 8.3, 4.3], "texture": "#1"},
				"west": {"uv": [7.8, 3.8, 8.3, 4.3], "texture": "#1"},
				"up": {"uv": [7.8, 3.8, 8.3, 4.3], "rotation": 90, "texture": "#1"},
				"down": {"uv": [7.8, 3.8, 8.3, 4.3], "rotation": 270, "texture": "#1"}
			}
		}
	],
	"display": {
		"thirdperson_righthand": {
			"rotation": [-100.53, 85.92, 102.2],
			"translation": [0.5, 0.75, -2.5],
			"scale": [0.56836, 0.56836, 0.56836]
		},
		"thirdperson_lefthand": {
			"rotation": [-100.53, -86, -98],
			"translation": [0.5, 0.75, -2.5],
			"scale": [0.56836, 0.56836, 0.56836]
		},
		"firstperson_righthand": {
			"rotation": [0, 85, 0]
		},
		"firstperson_lefthand": {
			"rotation": [0, -90, 0]
		},
		"gui": {
			"rotation": [20, 20, 38],
			"translation": [0.75, 0, 0],
			"scale": [0.63, 0.6, 0.58]
		}
	},
	"groups": [
		{
			"name": "Gun Wood Body",
			"origin": [0, 0, 0],
			"color": 0,
			"children": [0, 1, 2, 3, 4, 5, 6, 7, 8, 9, 10, 11, 12, 13, 14, 15, 16, 17, 18]
		},
		{
			"name": "Gun Metal Parts",
			"origin": [8, 8, 8],
			"color": 0,
			"children": [19, 20, 21, 22, 23, 24, 25, 26, 27, 28, 29, 30, 31, 32, 33, 34, 35, 36, 37, 38, 39, 40, 41, 42, 43, 44, 45, 46, 47, 48, 49, 50, 51, 52, 53, 54, 55, 56, 57, 58, 59]
		},
		{
			"name": "Gun Face Text",
			"origin": [0, 0, 0],
			"color": 0,
			"children": [60, 61]
		},
		{
			"name": "Gun Hole",
			"origin": [0, 0, 0],
			"color": 0,
			"children": [62, 63, 64, 65, 66]
		},
		{
			"name": "insignia",
			"origin": [8, 8, 8],
			"color": 0,
			"children": [
				{
					"name": "background",
					"origin": [8, 8, 8],
					"color": 0,
					"children": [67, 68, 69, 70, 71, 72, 73, 74]
				},
				{
					"name": "border",
					"origin": [8, 8, 8],
					"color": 0,
					"children": [75, 76, 77, 78, 79, 80, 81, 82, 83, 84, 85, 86, 87, 88, 89, 90]
				},
				{
					"name": "symbol",
					"origin": [8, 8, 8],
					"color": 0,
					"children": [91, 92, 93, 94, 95, 96, 97, 98, 99, 100, 101, 102, 103]
				}
			]
		}
	]
}