{
	"credit": "Made with Blockbench",
	"textures": {
		"0": "item/gun/xeth_rifle1",
		"particle": "item/gun/xeth_rifle1"
	},
	"elements": [
		{
			"from": [7.5, 4.55, 21.6],
			"to": [8.5, 6.45, 23.35],
			"rotation": {"angle": 0, "axis": "y", "origin": [0, 0, -0.15]},
			"faces": {
				"north": {"uv": [4.5, 10, 5.5, 11.9], "texture": "#0"},
				"east": {"uv": [11, 10, 12.75, 11.9], "texture": "#0"},
				"south": {"uv": [3, 10, 4, 11.9], "texture": "#0"},
				"west": {"uv": [6, 10, 7.75, 11.9], "texture": "#0"},
				"up": {"uv": [1.5, 10.5, 2.5, 12.25], "texture": "#0"},
				"down": {"uv": [9.5, 11, 10.5, 12.75], "texture": "#0"}
			}
		},
		{
			"from": [7.5, 3.50251, 25.20104],
			"to": [8.5, 7.50251, 26.00104],
			"rotation": {"angle": 0, "axis": "y", "origin": [0, 0.00251, -0.79896]},
			"faces": {
				"north": {"uv": [4.5, 10, 5.5, 14], "texture": "#0"},
				"east": {"uv": [11, 10, 11.8, 14], "texture": "#0"},
				"south": {"uv": [3, 10, 4, 14], "texture": "#0"},
				"west": {"uv": [6, 10, 6.8, 14], "texture": "#0"},
				"up": {"uv": [1.5, 10.5, 2.5, 11.3], "texture": "#0"},
				"down": {"uv": [9.5, 11, 10.5, 11.8], "texture": "#0"}
			}
		},
		{
			"from": [7.55, 13.48888, 22.69616],
			"to": [8.45, 15.48888, 25.59616],
			"rotation": {"angle": 22.5, "axis": "x", "origin": [0, 9.48888, 0.29616]},
			"faces": {
				"north": {"uv": [4.5, 10, 5.4, 12], "texture": "#0"},
				"east": {"uv": [11, 10, 13.9, 12], "texture": "#0"},
				"south": {"uv": [3, 10, 3.9, 12], "texture": "#0"},
				"west": {"uv": [6, 10, 8.9, 12], "texture": "#0"},
				"up": {"uv": [1.5, 10.5, 2.4, 13.4], "texture": "#0"},
				"down": {"uv": [9.5, 11, 10.4, 13.9], "texture": "#0"}
			}
		},
		{
			"from": [7.525, -3.72266, 26.62299],
			"to": [8.475, -1.72266, 29.42299],
			"rotation": {"angle": -22.5, "axis": "x", "origin": [0, -7.72266, 4.12299]},
			"faces": {
				"north": {"uv": [4.5, 10, 5.45, 12], "texture": "#0"},
				"east": {"uv": [11, 10, 13.8, 12], "texture": "#0"},
				"south": {"uv": [3, 10, 3.95, 12], "texture": "#0"},
				"west": {"uv": [6, 10, 8.8, 12], "texture": "#0"},
				"up": {"uv": [1.5, 10.5, 2.45, 13.3], "texture": "#0"},
				"down": {"uv": [9.5, 11, 10.45, 13.8], "texture": "#0"}
			}
		},
		{
			"from": [7.5, 3.50251, 26.00104],
			"to": [8.5, 7.50251, 26.10104],
			"rotation": {"angle": 0, "axis": "y", "origin": [0, 0.00251, -0.79896]},
			"faces": {
				"north": {"uv": [14.625, 4.25, 15.75, 3.25], "texture": "#0"},
				"east": {"uv": [14.75, 3.25, 15.75, 4.25], "texture": "#0"},
				"south": {"uv": [14.75, 3.25, 15.75, 4.25], "texture": "#0"},
				"west": {"uv": [14.75, 3.25, 15.75, 4.25], "texture": "#0"},
				"up": {"uv": [14.75, 3.25, 15.75, 4.25], "texture": "#0"},
				"down": {"uv": [14.75, 3.25, 15.75, 4.25], "texture": "#0"}
			}
		},
		{
			"from": [7.475, 4.525, 21.7],
			"to": [8.525, 6.475, 21.85],
			"faces": {
				"north": {"uv": [14.75, 3.375, 15.8, 4.325], "texture": "#0"},
				"east": {"uv": [14.75, 3.375, 15.8, 4.325], "texture": "#0"},
				"south": {"uv": [14.75, 3.375, 15.8, 4.325], "texture": "#0"},
				"west": {"uv": [14.75, 3.375, 15.8, 4.325], "texture": "#0"},
				"up": {"uv": [14.75, 3.375, 15.8, 4.325], "texture": "#0"},
				"down": {"uv": [14.75, 3.375, 15.8, 4.325], "texture": "#0"}
			}
		},
		{
			"from": [7.5, 4.55, 15.075],
			"to": [8.5, 6.45, 21.6],
			"faces": {
				"north": {"uv": [0, 0, 1, 0.9], "texture": "#0"},
				"east": {"uv": [0, 0, 1, 0.9], "texture": "#0"},
				"south": {"uv": [0, 0, 1, 0.9], "texture": "#0"},
				"west": {"uv": [0, 0, 1, 0.9], "texture": "#0"},
				"up": {"uv": [0, 0, 1, 0.9], "texture": "#0"},
				"down": {"uv": [0, 0, 1, 0.9], "texture": "#0"}
			}
		},
		{
			"from": [7.5, 4.55, 12.45],
			"to": [8.5, 6.15, 15.075],
			"rotation": {"angle": 0, "axis": "y", "origin": [0, 0, 0.075]},
			"faces": {
				"north": {"uv": [14.875, 3.375, 15.875, 3.975], "texture": "#0"},
				"east": {"uv": [14.875, 3.375, 15.875, 3.975], "texture": "#0"},
				"south": {"uv": [14.875, 3.375, 15.875, 3.975], "texture": "#0"},
				"west": {"uv": [14.875, 3.375, 15.875, 3.975], "texture": "#0"},
				"up": {"uv": [14.875, 3.375, 15.875, 3.975], "texture": "#0"},
				"down": {"uv": [14.875, 3.375, 15.875, 3.975], "texture": "#0"}
			}
		},
		{
			"from": [7.4, 4.45, 12.45],
			"to": [8.6, 6.85, 12.975],
			"rotation": {"angle": 0, "axis": "y", "origin": [0, 0, 0.075]},
			"faces": {
				"north": {"uv": [14.75, 3.25, 15.7, 4.275], "texture": "#0"},
				"east": {"uv": [14.75, 3.25, 15.7, 4.275], "texture": "#0"},
				"south": {"uv": [14.75, 3.25, 15.7, 4.275], "texture": "#0"},
				"west": {"uv": [14.75, 3.25, 15.7, 4.275], "texture": "#0"},
				"up": {"uv": [14.75, 3.25, 15.7, 4.275], "texture": "#0"},
				"down": {"uv": [14.75, 3.25, 15.7, 4.275], "texture": "#0"}
			}
		},
		{
			"from": [8.6, 4.75, 12.625],
			"to": [8.75, 6.55, 12.8],
			"rotation": {"angle": 0, "axis": "y", "origin": [0, 0, 0.075]},
			"faces": {
				"north": {"uv": [15.75, 3.25, 14.875, 4.05], "texture": "#0"},
				"east": {"uv": [15.75, 3.25, 14.875, 4.05], "texture": "#0"},
				"south": {"uv": [15.75, 3.25, 14.875, 4.05], "texture": "#0"},
				"west": {"uv": [15.75, 3.25, 14.875, 4.05], "texture": "#0"},
				"up": {"uv": [15.75, 3.25, 14.875, 4.05], "texture": "#0"},
				"down": {"uv": [15.75, 3.25, 14.875, 4.05], "texture": "#0"}
			}
		},
		{
			"from": [4.54969, 5.05, 16.03499],
			"to": [4.59969, 6.35, 17.20999],
			"rotation": {"angle": 22.5, "axis": "y", "origin": [-4.85031, 0, 4.48499]},
			"faces": {
				"north": {"uv": [15.5, 4.125, 15, 3.425], "texture": "#0"},
				"east": {"uv": [15.5, 4.125, 15, 3.425], "texture": "#0"},
				"south": {"uv": [15.5, 4.125, 15, 3.425], "texture": "#0"},
				"west": {"uv": [15.5, 4.125, 15, 3.425], "texture": "#0"},
				"up": {"uv": [15.5, 4.125, 15, 3.425], "texture": "#0"},
				"down": {"uv": [15.5, 4.125, 15, 3.425], "texture": "#0"}
			}
		},
		{
			"from": [7.45, 5.725, 18.3],
			"to": [8.55, 6.5, 20.3],
			"faces": {
				"north": {"uv": [13.125, 3, 14.225, 3.775], "texture": "#0"},
				"east": {"uv": [13.125, 3, 14.225, 3.775], "texture": "#0"},
				"south": {"uv": [13.125, 3, 14.225, 3.775], "texture": "#0"},
				"west": {"uv": [13.125, 3, 14.225, 3.775], "texture": "#0"},
				"up": {"uv": [13.125, 3, 14.225, 3.775], "texture": "#0"},
				"down": {"uv": [13.125, 3, 14.225, 3.775], "texture": "#0"}
			}
		},
		{
			"from": [7.45, 6.5, 19.95],
			"to": [8.55, 6.725, 20.2],
			"faces": {
				"north": {"uv": [13.125, 3, 14.225, 3.225], "texture": "#0"},
				"east": {"uv": [13.125, 3, 14.225, 3.225], "texture": "#0"},
				"south": {"uv": [13.125, 3, 14.225, 3.225], "texture": "#0"},
				"west": {"uv": [13.125, 3, 14.225, 3.225], "texture": "#0"},
				"up": {"uv": [13.125, 3, 14.225, 3.225], "texture": "#0"},
				"down": {"uv": [13.125, 3, 14.225, 3.225], "texture": "#0"}
			}
		},
		{
			"from": [7.45, 5.72371, 15.06303],
			"to": [8.55, 7.17371, 16.91303],
			"rotation": {"angle": 0, "axis": "y", "origin": [0, -0.32629, -3.38697]},
			"faces": {
				"north": {"uv": [13.125, 3, 14.225, 4.45], "texture": "#0"},
				"east": {"uv": [13.125, 3, 14.225, 4.45], "texture": "#0"},
				"south": {"uv": [13.125, 3, 14.225, 4.45], "texture": "#0"},
				"west": {"uv": [13.125, 3, 14.225, 4.45], "texture": "#0"},
				"up": {"uv": [13.125, 3, 14.225, 4.45], "texture": "#0"},
				"down": {"uv": [13.125, 3, 14.225, 4.45], "texture": "#0"}
			}
		},
		{
			"from": [7.45, 6.59871, 13.21303],
			"to": [8.55, 7.17371, 15.06303],
			"rotation": {"angle": 0, "axis": "y", "origin": [0, -0.32629, -3.23697]},
			"faces": {
				"north": {"uv": [13.125, 3, 14.225, 3.575], "texture": "#0"},
				"east": {"uv": [13.125, 3, 14.225, 3.575], "texture": "#0"},
				"south": {"uv": [13.125, 3, 14.225, 3.575], "texture": "#0"},
				"west": {"uv": [13.125, 3, 14.225, 3.575], "texture": "#0"},
				"up": {"uv": [13.125, 3, 14.225, 3.575], "texture": "#0"},
				"down": {"uv": [13.125, 3, 14.225, 3.575], "texture": "#0"}
			}
		},
		{
			"from": [7.45, 6.14871, 12.96304],
			"to": [8.55, 7.17371, 13.21304],
			"rotation": {"angle": 0, "axis": "y", "origin": [0, -1.32629, -5.08696]},
			"faces": {
				"north": {"uv": [13.125, 3, 14.225, 4.025], "texture": "#0"},
				"east": {"uv": [13.125, 3, 14.225, 4.025], "texture": "#0"},
				"south": {"uv": [13.125, 3, 14.225, 4.025], "texture": "#0"},
				"west": {"uv": [13.125, 3, 14.225, 4.025], "texture": "#0"},
				"up": {"uv": [13.125, 3, 14.225, 4.025], "texture": "#0"},
				"down": {"uv": [13.125, 3, 14.225, 4.025], "texture": "#0"}
			}
		},
		{
			"from": [7.4, 6.84871, 12.71304],
			"to": [8.6, 7.09871, 12.96304],
			"rotation": {"angle": 0, "axis": "y", "origin": [0, -1.32629, -5.08696]},
			"faces": {
				"north": {"uv": [13.125, 3, 14.325, 3.25], "texture": "#0"},
				"east": {"uv": [13.125, 3, 14.325, 3.25], "texture": "#0"},
				"south": {"uv": [13.125, 3, 14.325, 3.25], "texture": "#0"},
				"west": {"uv": [13.125, 3, 14.325, 3.25], "texture": "#0"},
				"up": {"uv": [13.125, 3, 14.325, 3.25], "texture": "#0"},
				"down": {"uv": [13.125, 3, 14.325, 3.25], "texture": "#0"}
			}
		},
		{
			"from": [7.375, 6.89871, 12.76304],
			"to": [8.625, 7.04871, 12.91304],
			"rotation": {"angle": 0, "axis": "y", "origin": [0, -1.32629, -5.08696]},
			"faces": {
				"north": {"uv": [13.125, 3, 14.375, 3.15], "texture": "#0"},
				"east": {"uv": [13.125, 3, 14.375, 3.15], "texture": "#0"},
				"south": {"uv": [13.125, 3, 14.375, 3.15], "texture": "#0"},
				"west": {"uv": [13.125, 3, 14.375, 3.15], "texture": "#0"},
				"up": {"uv": [13.125, 3, 14.375, 3.15], "texture": "#0"},
				"down": {"uv": [13.125, 3, 14.375, 3.15], "texture": "#0"}
			}
		},
		{
			"from": [7.45, 5.72371, 16.91303],
			"to": [8.55, 6.37371, 18.31303],
			"rotation": {"angle": 0, "axis": "y", "origin": [0, -0.32629, -3.38697]},
			"faces": {
				"north": {"uv": [13.125, 3, 14.225, 3.65], "texture": "#0"},
				"east": {"uv": [13.125, 3, 14.225, 3.65], "texture": "#0"},
				"south": {"uv": [13.125, 3, 14.225, 3.65], "texture": "#0"},
				"west": {"uv": [13.125, 3, 14.225, 3.65], "texture": "#0"},
				"up": {"uv": [13.125, 3, 14.225, 3.65], "texture": "#0"},
				"down": {"uv": [13.125, 3, 14.225, 3.65], "texture": "#0"}
			}
		},
		{
			"from": [7.45, 13.929, 15.83001],
			"to": [8.55, 14.729, 17.68001],
			"rotation": {"angle": 22.5, "axis": "x", "origin": [0, 8.229, -2.61999]},
			"faces": {
				"north": {"uv": [13.125, 3, 14.225, 3.8], "texture": "#0"},
				"east": {"uv": [13.125, 3, 14.225, 3.8], "texture": "#0"},
				"south": {"uv": [13.125, 3, 14.225, 3.8], "texture": "#0"},
				"west": {"uv": [13.125, 3, 14.225, 3.8], "texture": "#0"},
				"up": {"uv": [13.125, 3, 14.225, 3.8], "texture": "#0"},
				"down": {"uv": [13.125, 3, 14.225, 3.8], "texture": "#0"}
			}
		},
		{
			"from": [7.7, 5.6, -5.25],
			"to": [8.3, 6.2, 12.375],
			"rotation": {"angle": 0, "axis": "y", "origin": [0, 0, 0.075]},
			"faces": {
				"north": {"uv": [0.5, 6.025, 3, 3.625], "texture": "#0"},
				"east": {"uv": [0, 2.9, 16, 0], "texture": "#0"},
				"south": {"uv": [0, 2.9, 16, 0], "texture": "#0"},
				"west": {"uv": [0, 2.9, 16, 0], "texture": "#0"},
				"up": {"uv": [0, 2.9, 16, 0], "texture": "#0"},
				"down": {"uv": [0, 2.9, 16, 0], "texture": "#0"}
			}
		},
		{
			"from": [7.475, 5.175, -2.8],
			"to": [8.525, 6.625, -2.475],
			"rotation": {"angle": 0, "axis": "y", "origin": [0, 0, 0.075]},
			"faces": {
				"north": {"uv": [13.375, 4.125, 14.425, 4.075], "texture": "#0"},
				"east": {"uv": [13.375, 4.125, 14.425, 4.075], "texture": "#0"},
				"south": {"uv": [13.375, 4.125, 14.425, 4.075], "texture": "#0"},
				"west": {"uv": [13.375, 4.125, 14.425, 4.075], "texture": "#0"},
				"up": {"uv": [13.375, 4.125, 14.425, 4.075], "texture": "#0"},
				"down": {"uv": [13.375, 4.125, 14.425, 4.075], "texture": "#0"}
			}
		},
		{
			"from": [7.7, 6.55, -2.475],
			"to": [8.3, 6.75, 10.6],
			"rotation": {"angle": 0, "axis": "y", "origin": [0.2, -0.5, -1.7]},
			"faces": {
				"north": {"uv": [13.375, 4.125, 13.975, 3.325], "texture": "#0"},
				"east": {"uv": [13.375, 4.125, 13.975, 3.325], "texture": "#0"},
				"south": {"uv": [13.375, 4.125, 13.975, 3.325], "texture": "#0"},
				"west": {"uv": [13.375, 4.125, 13.975, 3.325], "texture": "#0"},
				"up": {"uv": [13.375, 4.125, 13.975, 3.325], "texture": "#0"},
				"down": {"uv": [13.375, 4.125, 13.975, 3.325], "texture": "#0"}
			}
		},
		{
			"from": [7.7, 5.05, -2.475],
			"to": [8.3, 5.25, 10.6],
			"rotation": {"angle": 0, "axis": "y", "origin": [0.2, 0.9, -1.7]},
			"faces": {
				"north": {"uv": [13.375, 4.125, 13.975, 3.325], "texture": "#0"},
				"east": {"uv": [13.375, 4.125, 13.975, 3.325], "texture": "#0"},
				"south": {"uv": [13.375, 4.125, 13.975, 3.325], "texture": "#0"},
				"west": {"uv": [13.375, 4.125, 13.975, 3.325], "texture": "#0"},
				"up": {"uv": [13.375, 4.125, 13.975, 3.325], "texture": "#0"},
				"down": {"uv": [13.375, 4.125, 13.975, 3.325], "texture": "#0"}
			}
		},
		{
			"from": [5.37018, 13.97678, -2.475],
			"to": [5.87018, 14.17678, 10.6],
			"rotation": {"angle": -45, "axis": "z", "origin": [-2.12982, 6.92678, -1.7]},
			"faces": {
				"north": {"uv": [13.375, 4.125, 13.875, 3.325], "texture": "#0"},
				"east": {"uv": [13.375, 4.125, 13.875, 3.325], "texture": "#0"},
				"south": {"uv": [13.375, 4.125, 13.875, 3.325], "texture": "#0"},
				"west": {"uv": [13.375, 4.125, 13.875, 3.325], "texture": "#0"},
				"up": {"uv": [13.375, 4.125, 13.875, 3.325], "texture": "#0"},
				"down": {"uv": [13.375, 4.125, 13.875, 3.325], "texture": "#0"}
			}
		},
		{
			"from": [6.63794, 11.99307, -2.475],
			"to": [7.13794, 12.19307, 10.6],
			"rotation": {"angle": -45, "axis": "z", "origin": [-0.96206, 7.84307, -1.7]},
			"faces": {
				"north": {"uv": [13.375, 4.125, 13.875, 3.325], "texture": "#0"},
				"east": {"uv": [13.375, 4.125, 13.875, 3.325], "texture": "#0"},
				"south": {"uv": [13.375, 4.125, 13.875, 3.325], "texture": "#0"},
				"west": {"uv": [13.375, 4.125, 13.875, 3.325], "texture": "#0"},
				"up": {"uv": [13.375, 4.125, 13.875, 3.325], "texture": "#0"},
				"down": {"uv": [13.375, 4.125, 13.875, 3.325], "texture": "#0"}
			}
		},
		{
			"from": [14.69896, 2.94591, -2.475],
			"to": [15.19896, 3.14591, 10.6],
			"rotation": {"angle": 45, "axis": "z", "origin": [7.09896, -4.10409, -1.7]},
			"faces": {
				"north": {"uv": [13.375, 4.125, 13.875, 3.325], "texture": "#0"},
				"east": {"uv": [13.375, 4.125, 13.875, 3.325], "texture": "#0"},
				"south": {"uv": [13.375, 4.125, 13.875, 3.325], "texture": "#0"},
				"west": {"uv": [13.375, 4.125, 13.875, 3.325], "texture": "#0"},
				"up": {"uv": [13.375, 4.125, 13.875, 3.325], "texture": "#0"},
				"down": {"uv": [13.375, 4.125, 13.875, 3.325], "texture": "#0"}
			}
		},
		{
			"from": [13.43119, 0.96221, -2.475],
			"to": [13.93119, 1.16221, 10.6],
			"rotation": {"angle": 45, "axis": "z", "origin": [5.93119, -3.18779, -1.7]},
			"faces": {
				"north": {"uv": [13.375, 4.125, 13.875, 3.325], "texture": "#0"},
				"east": {"uv": [13.375, 4.125, 13.875, 3.325], "texture": "#0"},
				"south": {"uv": [13.375, 4.125, 13.875, 3.325], "texture": "#0"},
				"west": {"uv": [13.375, 4.125, 13.875, 3.325], "texture": "#0"},
				"up": {"uv": [13.375, 4.125, 13.875, 3.325], "texture": "#0"},
				"down": {"uv": [13.375, 4.125, 13.875, 3.325], "texture": "#0"}
			}
		},
		{
			"from": [7.5, 4.85, 10.6],
			"to": [8.5, 6.75, 12.475],
			"rotation": {"angle": 0, "axis": "y", "origin": [0, 0, 0.075]},
			"faces": {
				"north": {"uv": [13.225, 3.575, 14.225, 3.975], "texture": "#0"},
				"east": {"uv": [13.225, 3.575, 14.225, 3.975], "texture": "#0"},
				"south": {"uv": [13.225, 3.575, 14.225, 3.975], "texture": "#0"},
				"west": {"uv": [13.225, 3.575, 14.225, 3.975], "texture": "#0"},
				"up": {"uv": [13.225, 3.575, 14.225, 3.975], "texture": "#0"},
				"down": {"uv": [13.225, 3.575, 14.225, 3.975], "texture": "#0"}
			}
		},
		{
			"from": [7.34645, 5.39645, 8.725],
			"to": [7.54645, 6.39645, 10.6],
			"rotation": {"angle": 0, "axis": "y", "origin": [1.84645, -0.35355, -1.8]},
			"faces": {
				"north": {"uv": [13.375, 4.125, 13.575, 3.625], "texture": "#0"},
				"east": {"uv": [13.375, 4.125, 13.575, 3.625], "texture": "#0"},
				"south": {"uv": [13.375, 4.125, 13.575, 3.625], "texture": "#0"},
				"west": {"uv": [13.375, 4.125, 13.575, 3.625], "texture": "#0"},
				"up": {"uv": [13.375, 4.125, 13.575, 3.625], "texture": "#0"},
				"down": {"uv": [13.375, 4.125, 13.575, 3.625], "texture": "#0"}
			}
		},
		{
			"from": [8.44645, 5.39645, 9.325],
			"to": [8.64645, 6.39645, 10.6],
			"rotation": {"angle": 0, "axis": "y", "origin": [1.84645, -0.35355, -1.8]},
			"faces": {
				"north": {"uv": [13.375, 4.125, 13.575, 3.625], "texture": "#0"},
				"east": {"uv": [13.375, 4.125, 13.575, 3.625], "texture": "#0"},
				"south": {"uv": [13.375, 4.125, 13.575, 3.625], "texture": "#0"},
				"west": {"uv": [13.375, 4.125, 13.575, 3.625], "texture": "#0"},
				"up": {"uv": [13.375, 4.125, 13.575, 3.625], "texture": "#0"},
				"down": {"uv": [13.375, 4.125, 13.575, 3.625], "texture": "#0"}
			}
		},
		{
			"from": [8.45355, 5.39645, -2.475],
			"to": [8.65355, 6.39645, -1.5],
			"rotation": {"angle": 0, "axis": "y", "origin": [-1.14645, -0.35355, -13.6]},
			"faces": {
				"north": {"uv": [13.375, 4.125, 13.575, 3.625], "texture": "#0"},
				"east": {"uv": [13.375, 4.125, 13.575, 3.625], "texture": "#0"},
				"south": {"uv": [13.375, 4.125, 13.575, 3.625], "texture": "#0"},
				"west": {"uv": [13.375, 4.125, 13.575, 3.625], "texture": "#0"},
				"up": {"uv": [13.375, 4.125, 13.575, 3.625], "texture": "#0"},
				"down": {"uv": [13.375, 4.125, 13.575, 3.625], "texture": "#0"}
			}
		},
		{
			"from": [7.34645, 5.69645, 7.05],
			"to": [7.54645, 6.09645, 7.425],
			"rotation": {"angle": 0, "axis": "y", "origin": [1.84645, -0.35355, -1.8]},
			"faces": {
				"north": {"uv": [13.375, 4.125, 13.575, 3.025], "texture": "#0"},
				"east": {"uv": [13.375, 4.125, 13.575, 3.025], "texture": "#0"},
				"south": {"uv": [13.375, 4.125, 13.575, 3.025], "texture": "#0"},
				"west": {"uv": [13.375, 4.125, 13.575, 3.025], "texture": "#0"},
				"up": {"uv": [13.375, 4.125, 13.575, 3.025], "texture": "#0"},
				"down": {"uv": [13.375, 4.125, 13.575, 3.025], "texture": "#0"}
			}
		},
		{
			"from": [7.34645, 5.69645, 5.35],
			"to": [7.54645, 6.09645, 5.725],
			"rotation": {"angle": 0, "axis": "y", "origin": [1.84645, -0.35355, -1.8]},
			"faces": {
				"north": {"uv": [13.375, 4.125, 13.575, 3.025], "texture": "#0"},
				"east": {"uv": [13.375, 4.125, 13.575, 3.025], "texture": "#0"},
				"south": {"uv": [13.375, 4.125, 13.575, 3.025], "texture": "#0"},
				"west": {"uv": [13.375, 4.125, 13.575, 3.025], "texture": "#0"},
				"up": {"uv": [13.375, 4.125, 13.575, 3.025], "texture": "#0"},
				"down": {"uv": [13.375, 4.125, 13.575, 3.025], "texture": "#0"}
			}
		},
		{
			"from": [7.34645, 5.69645, 3.65],
			"to": [7.54645, 6.09645, 4.025],
			"rotation": {"angle": 0, "axis": "y", "origin": [1.84645, -0.35355, -1.8]},
			"faces": {
				"north": {"uv": [13.375, 4.125, 13.575, 3.025], "texture": "#0"},
				"east": {"uv": [13.375, 4.125, 13.575, 3.025], "texture": "#0"},
				"south": {"uv": [13.375, 4.125, 13.575, 3.025], "texture": "#0"},
				"west": {"uv": [13.375, 4.125, 13.575, 3.025], "texture": "#0"},
				"up": {"uv": [13.375, 4.125, 13.575, 3.025], "texture": "#0"},
				"down": {"uv": [13.375, 4.125, 13.575, 3.025], "texture": "#0"}
			}
		},
		{
			"from": [7.34645, 5.69645, 1.95],
			"to": [7.54645, 6.09645, 2.325],
			"rotation": {"angle": 0, "axis": "y", "origin": [1.84645, -0.35355, -1.8]},
			"faces": {
				"north": {"uv": [13.375, 4.125, 13.575, 3.025], "texture": "#0"},
				"east": {"uv": [13.375, 4.125, 13.575, 3.025], "texture": "#0"},
				"south": {"uv": [13.375, 4.125, 13.575, 3.025], "texture": "#0"},
				"west": {"uv": [13.375, 4.125, 13.575, 3.025], "texture": "#0"},
				"up": {"uv": [13.375, 4.125, 13.575, 3.025], "texture": "#0"},
				"down": {"uv": [13.375, 4.125, 13.575, 3.025], "texture": "#0"}
			}
		},
		{
			"from": [7.34645, 5.69645, 0.25],
			"to": [7.54645, 6.09645, 0.625],
			"rotation": {"angle": 0, "axis": "y", "origin": [1.84645, -0.35355, -1.8]},
			"faces": {
				"north": {"uv": [13.375, 4.125, 13.575, 3.025], "texture": "#0"},
				"east": {"uv": [13.375, 4.125, 13.575, 3.025], "texture": "#0"},
				"south": {"uv": [13.375, 4.125, 13.575, 3.025], "texture": "#0"},
				"west": {"uv": [13.375, 4.125, 13.575, 3.025], "texture": "#0"},
				"up": {"uv": [13.375, 4.125, 13.575, 3.025], "texture": "#0"},
				"down": {"uv": [13.375, 4.125, 13.575, 3.025], "texture": "#0"}
			}
		},
		{
			"from": [7.34645, 5.69645, -1.45],
			"to": [7.54645, 6.09645, -1.075],
			"rotation": {"angle": 0, "axis": "y", "origin": [1.84645, -0.35355, -1.8]},
			"faces": {
				"north": {"uv": [13.375, 4.125, 13.575, 3.025], "texture": "#0"},
				"east": {"uv": [13.375, 4.125, 13.575, 3.025], "texture": "#0"},
				"south": {"uv": [13.375, 4.125, 13.575, 3.025], "texture": "#0"},
				"west": {"uv": [13.375, 4.125, 13.575, 3.025], "texture": "#0"},
				"up": {"uv": [13.375, 4.125, 13.575, 3.025], "texture": "#0"},
				"down": {"uv": [13.375, 4.125, 13.575, 3.025], "texture": "#0"}
			}
		},
		{
			"from": [7.34645, 5.69645, -2.475],
			"to": [7.54645, 6.09645, -1.825],
			"rotation": {"angle": 0, "axis": "y", "origin": [1.84645, -0.35355, -1.8]},
			"faces": {
				"north": {"uv": [13.375, 4.125, 13.575, 3.025], "texture": "#0"},
				"east": {"uv": [13.375, 4.125, 13.575, 3.025], "texture": "#0"},
				"south": {"uv": [13.375, 4.125, 13.575, 3.025], "texture": "#0"},
				"west": {"uv": [13.375, 4.125, 13.575, 3.025], "texture": "#0"},
				"up": {"uv": [13.375, 4.125, 13.575, 3.025], "texture": "#0"},
				"down": {"uv": [13.375, 4.125, 13.575, 3.025], "texture": "#0"}
			}
		},
		{
			"from": [7.34645, 5.39645, -2.475],
			"to": [7.54645, 5.69645, 8.725],
			"rotation": {"angle": 0, "axis": "y", "origin": [3.84645, -0.35355, -3.675]},
			"faces": {
				"north": {"uv": [13.375, 4.125, 13.575, 3.425], "texture": "#0"},
				"east": {"uv": [13.375, 4.125, 13.575, 3.425], "texture": "#0"},
				"south": {"uv": [13.375, 4.125, 13.575, 3.425], "texture": "#0"},
				"west": {"uv": [13.375, 4.125, 13.575, 3.425], "texture": "#0"},
				"up": {"uv": [13.375, 4.125, 13.575, 3.425], "texture": "#0"},
				"down": {"uv": [13.375, 4.125, 13.575, 3.425], "texture": "#0"}
			}
		},
		{
			"from": [7.34645, 6.09645, -2.475],
			"to": [7.54645, 6.39645, 8.725],
			"rotation": {"angle": 0, "axis": "y", "origin": [4.84645, 0.44645, -3.675]},
			"faces": {
				"north": {"uv": [13.375, 4.125, 13.575, 3.425], "texture": "#0"},
				"east": {"uv": [13.375, 4.125, 13.575, 3.425], "texture": "#0"},
				"south": {"uv": [13.375, 4.125, 13.575, 3.425], "texture": "#0"},
				"west": {"uv": [13.375, 4.125, 13.575, 3.425], "texture": "#0"},
				"up": {"uv": [13.375, 4.125, 13.575, 3.425], "texture": "#0"},
				"down": {"uv": [13.375, 4.125, 13.575, 3.425], "texture": "#0"}
			}
		},
		{
			"from": [7.9, 6, -4.275],
			"to": [8.1, 6.6, -2.775],
			"rotation": {"angle": 0, "axis": "y", "origin": [8, 6.2, -2]},
			"faces": {
				"north": {"uv": [13.375, 4.125, 13.575, 3.225], "texture": "#0"},
				"east": {"uv": [13.375, 4.125, 13.575, 3.225], "texture": "#0"},
				"south": {"uv": [13.375, 4.125, 13.575, 3.225], "texture": "#0"},
				"west": {"uv": [13.375, 4.125, 13.575, 3.225], "texture": "#0"},
				"up": {"uv": [13.375, 4.125, 13.575, 3.225], "texture": "#0"},
				"down": {"uv": [13.375, 4.125, 13.575, 3.225], "texture": "#0"}
			}
		},
		{
			"from": [7.90273, 5.59727, -4.275],
			"to": [8.50273, 6.19727, -2.775],
			"rotation": {"angle": 0, "axis": "y", "origin": [7.60273, 5.89727, -2]},
			"faces": {
				"north": {"uv": [13.375, 4.125, 13.975, 3.225], "rotation": 270, "texture": "#0"},
				"east": {"uv": [13.375, 4.125, 13.975, 3.225], "rotation": 270, "texture": "#0"},
				"south": {"uv": [13.375, 4.125, 13.975, 3.225], "rotation": 270, "texture": "#0"},
				"west": {"uv": [13.375, 4.125, 13.975, 3.225], "rotation": 270, "texture": "#0"},
				"up": {"uv": [13.375, 4.125, 13.975, 3.225], "rotation": 270, "texture": "#0"},
				"down": {"uv": [13.375, 4.125, 13.975, 3.225], "rotation": 270, "texture": "#0"}
			}
		},
		{
			"from": [7.91775, 5.67276, -4.275],
			"to": [8.51775, 5.87276, -2.775],
			"rotation": {"angle": -22.5, "axis": "z", "origin": [7.81775, 5.77276, -2]},
			"faces": {
				"north": {"uv": [13.375, 4.125, 13.575, 3.225], "rotation": 270, "texture": "#0"},
				"east": {"uv": [13.375, 4.125, 13.575, 3.225], "rotation": 270, "texture": "#0"},
				"south": {"uv": [13.375, 4.125, 13.575, 3.225], "rotation": 270, "texture": "#0"},
				"west": {"uv": [13.375, 4.125, 13.575, 3.225], "rotation": 270, "texture": "#0"},
				"up": {"uv": [13.375, 4.125, 13.575, 3.225], "rotation": 270, "texture": "#0"},
				"down": {"uv": [13.375, 4.125, 13.575, 3.225], "rotation": 270, "texture": "#0"}
			}
		},
		{
			"from": [7.93122, 5.66604, -4.275],
			"to": [8.53122, 5.86604, -2.775],
			"rotation": {"angle": -45, "axis": "z", "origin": [7.93122, 5.76604, -2]},
			"faces": {
				"north": {"uv": [13.375, 4.125, 13.575, 3.225], "rotation": 270, "texture": "#0"},
				"east": {"uv": [13.375, 4.125, 13.575, 3.225], "rotation": 270, "texture": "#0"},
				"south": {"uv": [13.375, 4.125, 13.575, 3.225], "rotation": 270, "texture": "#0"},
				"west": {"uv": [13.375, 4.125, 13.575, 3.225], "rotation": 270, "texture": "#0"},
				"up": {"uv": [13.375, 4.125, 13.575, 3.225], "rotation": 270, "texture": "#0"},
				"down": {"uv": [13.375, 4.125, 13.575, 3.225], "rotation": 270, "texture": "#0"}
			}
		},
		{
			"from": [7.82451, 5.17952, -4.275],
			"to": [8.02451, 5.77952, -2.775],
			"rotation": {"angle": 22.5, "axis": "z", "origin": [7.92451, 5.87952, -2]},
			"faces": {
				"north": {"uv": [13.375, 4.125, 13.575, 3.225], "rotation": 180, "texture": "#0"},
				"east": {"uv": [13.375, 4.125, 13.575, 3.225], "rotation": 180, "texture": "#0"},
				"south": {"uv": [13.375, 4.125, 13.575, 3.225], "rotation": 180, "texture": "#0"},
				"west": {"uv": [13.375, 4.125, 13.575, 3.225], "rotation": 180, "texture": "#0"},
				"up": {"uv": [13.375, 4.125, 13.575, 3.225], "rotation": 180, "texture": "#0"},
				"down": {"uv": [13.375, 4.125, 13.575, 3.225], "rotation": 180, "texture": "#0"}
			}
		},
		{
			"from": [7.9, 5.19453, -4.275],
			"to": [8.1, 5.79453, -2.775],
			"rotation": {"angle": 0, "axis": "y", "origin": [8, 6.09453, -2]},
			"faces": {
				"north": {"uv": [13.375, 4.125, 13.575, 3.225], "rotation": 180, "texture": "#0"},
				"east": {"uv": [13.375, 4.125, 13.575, 3.225], "rotation": 180, "texture": "#0"},
				"south": {"uv": [13.375, 4.125, 13.575, 3.225], "rotation": 180, "texture": "#0"},
				"west": {"uv": [13.375, 4.125, 13.575, 3.225], "rotation": 180, "texture": "#0"},
				"up": {"uv": [13.375, 4.125, 13.575, 3.225], "rotation": 180, "texture": "#0"},
				"down": {"uv": [13.375, 4.125, 13.575, 3.225], "rotation": 180, "texture": "#0"}
			}
		},
		{
			"from": [7.97549, 5.17952, -4.275],
			"to": [8.17549, 5.77952, -2.775],
			"rotation": {"angle": -22.5, "axis": "z", "origin": [8.07549, 5.87952, -2]},
			"faces": {
				"north": {"uv": [13.375, 4.125, 13.575, 3.225], "rotation": 180, "texture": "#0"},
				"east": {"uv": [13.375, 4.125, 13.575, 3.225], "rotation": 180, "texture": "#0"},
				"south": {"uv": [13.375, 4.125, 13.575, 3.225], "rotation": 180, "texture": "#0"},
				"west": {"uv": [13.375, 4.125, 13.575, 3.225], "rotation": 180, "texture": "#0"},
				"up": {"uv": [13.375, 4.125, 13.575, 3.225], "rotation": 180, "texture": "#0"},
				"down": {"uv": [13.375, 4.125, 13.575, 3.225], "rotation": 180, "texture": "#0"}
			}
		},
		{
			"from": [7.96878, 5.16604, -4.275],
			"to": [8.16878, 5.76604, -2.775],
			"rotation": {"angle": -45, "axis": "z", "origin": [8.06878, 5.76604, -2]},
			"faces": {
				"north": {"uv": [13.375, 4.125, 13.575, 3.225], "rotation": 180, "texture": "#0"},
				"east": {"uv": [13.375, 4.125, 13.575, 3.225], "rotation": 180, "texture": "#0"},
				"south": {"uv": [13.375, 4.125, 13.575, 3.225], "rotation": 180, "texture": "#0"},
				"west": {"uv": [13.375, 4.125, 13.575, 3.225], "rotation": 180, "texture": "#0"},
				"up": {"uv": [13.375, 4.125, 13.575, 3.225], "rotation": 180, "texture": "#0"},
				"down": {"uv": [13.375, 4.125, 13.575, 3.225], "rotation": 180, "texture": "#0"}
			}
		},
		{
			"from": [7.48225, 5.67276, -4.275],
			"to": [8.08225, 5.87276, -2.775],
			"rotation": {"angle": 22.5, "axis": "z", "origin": [8.18225, 5.77276, -2]},
			"faces": {
				"north": {"uv": [13.375, 4.125, 13.575, 3.225], "rotation": 90, "texture": "#0"},
				"east": {"uv": [13.375, 4.125, 13.575, 3.225], "rotation": 90, "texture": "#0"},
				"south": {"uv": [13.375, 4.125, 13.575, 3.225], "rotation": 90, "texture": "#0"},
				"west": {"uv": [13.375, 4.125, 13.575, 3.225], "rotation": 90, "texture": "#0"},
				"up": {"uv": [13.375, 4.125, 13.575, 3.225], "rotation": 90, "texture": "#0"},
				"down": {"uv": [13.375, 4.125, 13.575, 3.225], "rotation": 90, "texture": "#0"}
			}
		},
		{
			"from": [7.97549, 6.01502, -4.275],
			"to": [8.17549, 6.61502, -2.775],
			"rotation": {"angle": 22.5, "axis": "z", "origin": [8.07549, 5.91502, -2]},
			"faces": {
				"north": {"uv": [13.375, 4.125, 13.575, 3.225], "texture": "#0"},
				"east": {"uv": [13.375, 4.125, 13.575, 3.225], "texture": "#0"},
				"south": {"uv": [13.375, 4.125, 13.575, 3.225], "texture": "#0"},
				"west": {"uv": [13.375, 4.125, 13.575, 3.225], "texture": "#0"},
				"up": {"uv": [13.375, 4.125, 13.575, 3.225], "texture": "#0"},
				"down": {"uv": [13.375, 4.125, 13.575, 3.225], "texture": "#0"}
			}
		},
		{
			"from": [7.46878, 5.92849, -4.275],
			"to": [8.06878, 6.12849, -2.775],
			"rotation": {"angle": -45, "axis": "z", "origin": [8.06878, 6.02849, -2]},
			"faces": {
				"north": {"uv": [13.375, 4.125, 13.575, 3.225], "rotation": 90, "texture": "#0"},
				"east": {"uv": [13.375, 4.125, 13.575, 3.225], "rotation": 90, "texture": "#0"},
				"south": {"uv": [13.375, 4.125, 13.575, 3.225], "rotation": 90, "texture": "#0"},
				"west": {"uv": [13.375, 4.125, 13.575, 3.225], "rotation": 90, "texture": "#0"},
				"up": {"uv": [13.375, 4.125, 13.575, 3.225], "rotation": 90, "texture": "#0"},
				"down": {"uv": [13.375, 4.125, 13.575, 3.225], "rotation": 90, "texture": "#0"}
			}
		},
		{
			"from": [7.48225, 5.92178, -4.275],
			"to": [8.08225, 6.12178, -2.775],
			"rotation": {"angle": -22.5, "axis": "z", "origin": [8.18225, 6.02178, -2]},
			"faces": {
				"north": {"uv": [13.375, 4.125, 13.575, 3.225], "rotation": 90, "texture": "#0"},
				"east": {"uv": [13.375, 4.125, 13.575, 3.225], "rotation": 90, "texture": "#0"},
				"south": {"uv": [13.375, 4.125, 13.575, 3.225], "rotation": 90, "texture": "#0"},
				"west": {"uv": [13.375, 4.125, 13.575, 3.225], "rotation": 90, "texture": "#0"},
				"up": {"uv": [13.375, 4.125, 13.575, 3.225], "rotation": 90, "texture": "#0"},
				"down": {"uv": [13.375, 4.125, 13.575, 3.225], "rotation": 90, "texture": "#0"}
			}
		},
		{
			"from": [7.49727, 5.59727, -4.275],
			"to": [8.09727, 6.19727, -2.775],
			"rotation": {"angle": 0, "axis": "y", "origin": [8.39727, 5.89727, -2]},
			"faces": {
				"north": {"uv": [13.375, 4.125, 13.975, 3.225], "rotation": 90, "texture": "#0"},
				"east": {"uv": [13.375, 4.125, 13.975, 3.225], "rotation": 90, "texture": "#0"},
				"south": {"uv": [13.375, 4.125, 13.975, 3.225], "rotation": 90, "texture": "#0"},
				"west": {"uv": [13.375, 4.125, 13.975, 3.225], "rotation": 90, "texture": "#0"},
				"up": {"uv": [13.375, 4.125, 13.975, 3.225], "rotation": 90, "texture": "#0"},
				"down": {"uv": [13.375, 4.125, 13.975, 3.225], "rotation": 90, "texture": "#0"}
			}
		},
		{
			"from": [7.91775, 5.92178, -4.275],
			"to": [8.51775, 6.12178, -2.775],
			"rotation": {"angle": 22.5, "axis": "z", "origin": [7.81775, 6.02178, -2]},
			"faces": {
				"north": {"uv": [13.375, 4.125, 13.575, 3.225], "rotation": 270, "texture": "#0"},
				"east": {"uv": [13.375, 4.125, 13.575, 3.225], "rotation": 270, "texture": "#0"},
				"south": {"uv": [13.375, 4.125, 13.575, 3.225], "rotation": 270, "texture": "#0"},
				"west": {"uv": [13.375, 4.125, 13.575, 3.225], "rotation": 270, "texture": "#0"},
				"up": {"uv": [13.375, 4.125, 13.575, 3.225], "rotation": 270, "texture": "#0"},
				"down": {"uv": [13.375, 4.125, 13.575, 3.225], "rotation": 270, "texture": "#0"}
			}
		},
		{
			"from": [7.93122, 5.92849, -4.275],
			"to": [8.53122, 6.12849, -2.775],
			"rotation": {"angle": 45, "axis": "z", "origin": [7.93122, 6.02849, -2]},
			"faces": {
				"north": {"uv": [13.375, 4.125, 13.575, 3.225], "rotation": 270, "texture": "#0"},
				"east": {"uv": [13.375, 4.125, 13.575, 3.225], "rotation": 270, "texture": "#0"},
				"south": {"uv": [13.375, 4.125, 13.575, 3.225], "rotation": 270, "texture": "#0"},
				"west": {"uv": [13.375, 4.125, 13.575, 3.225], "rotation": 270, "texture": "#0"},
				"up": {"uv": [13.375, 4.125, 13.575, 3.225], "rotation": 270, "texture": "#0"},
				"down": {"uv": [13.375, 4.125, 13.575, 3.225], "rotation": 270, "texture": "#0"}
			}
		},
		{
			"from": [7.82451, 6.01502, -4.275],
			"to": [8.02451, 6.61502, -2.775],
			"rotation": {"angle": -22.5, "axis": "z", "origin": [7.92451, 5.91502, -2]},
			"faces": {
				"north": {"uv": [13.375, 4.125, 13.575, 3.225], "texture": "#0"},
				"east": {"uv": [13.375, 4.125, 13.575, 3.225], "texture": "#0"},
				"south": {"uv": [13.375, 4.125, 13.575, 3.225], "texture": "#0"},
				"west": {"uv": [13.375, 4.125, 13.575, 3.225], "texture": "#0"},
				"up": {"uv": [13.375, 4.125, 13.575, 3.225], "texture": "#0"},
				"down": {"uv": [13.375, 4.125, 13.575, 3.225], "texture": "#0"}
			}
		},
		{
			"from": [7.65, 3.95, 17.6],
			"to": [8.35, 4.7, 18.85],
			"faces": {
				"north": {"uv": [13.375, 4, 14.075, 3.75], "texture": "#0"},
				"east": {"uv": [13.375, 4, 14.075, 3.75], "texture": "#0"},
				"south": {"uv": [13.375, 4, 14.075, 3.75], "texture": "#0"},
				"west": {"uv": [13.375, 4, 14.075, 3.75], "texture": "#0"},
				"up": {"uv": [13.375, 4, 14.075, 3.75], "texture": "#0"},
				"down": {"uv": [13.375, 4, 14.075, 3.75], "texture": "#0"}
			}
		},
		{
			"from": [7.65, 3.95, 15.4],
			"to": [8.35, 4.7, 16.6],
			"faces": {
				"north": {"uv": [13.375, 4, 14.075, 3.75], "texture": "#0"},
				"east": {"uv": [13.375, 4, 14.075, 3.75], "texture": "#0"},
				"south": {"uv": [13.375, 4, 14.075, 3.75], "texture": "#0"},
				"west": {"uv": [13.375, 4, 14.075, 3.75], "texture": "#0"},
				"up": {"uv": [13.375, 4, 14.075, 3.75], "texture": "#0"},
				"down": {"uv": [13.375, 4, 14.075, 3.75], "texture": "#0"}
			}
		},
		{
			"from": [7.75, 3.5, 15.4],
			"to": [8.25, 3.95, 15.5],
			"rotation": {"angle": 0, "axis": "y", "origin": [0, 0, 0.3]},
			"faces": {
				"north": {"uv": [13.425, 4.2, 13.925, 3.65], "texture": "#0"},
				"east": {"uv": [13.425, 4.2, 13.925, 3.65], "texture": "#0"},
				"south": {"uv": [13.425, 4.2, 13.925, 3.65], "texture": "#0"},
				"west": {"uv": [13.425, 4.2, 13.925, 3.65], "texture": "#0"},
				"up": {"uv": [13.425, 4.2, 13.925, 3.65], "texture": "#0"},
				"down": {"uv": [13.425, 4.2, 13.925, 3.65], "texture": "#0"}
			}
		},
		{
			"from": [7.75, -2.20396, 17.67834],
			"to": [8.25, -2.05396, 17.77834],
			"rotation": {"angle": -22.5, "axis": "x", "origin": [0, -5.00396, 2.57834]},
			"faces": {
				"north": {"uv": [13.425, 4.2, 13.925, 3.35], "texture": "#0"},
				"east": {"uv": [13.425, 4.2, 13.925, 3.35], "texture": "#0"},
				"south": {"uv": [13.425, 4.2, 13.925, 3.35], "texture": "#0"},
				"west": {"uv": [13.425, 4.2, 13.925, 3.35], "texture": "#0"},
				"up": {"uv": [13.425, 4.2, 13.925, 3.35], "texture": "#0"},
				"down": {"uv": [13.425, 4.2, 13.925, 3.35], "texture": "#0"}
			}
		},
		{
			"from": [7.75, -6.66044, 21.82463],
			"to": [8.25, -6.51044, 21.92463],
			"rotation": {"angle": -45, "axis": "x", "origin": [0, -9.26044, 6.72463]},
			"faces": {
				"north": {"uv": [13.425, 4.2, 13.925, 3.35], "texture": "#0"},
				"east": {"uv": [13.425, 4.2, 13.925, 3.35], "texture": "#0"},
				"south": {"uv": [13.425, 4.2, 13.925, 3.35], "texture": "#0"},
				"west": {"uv": [13.425, 4.2, 13.925, 3.35], "texture": "#0"},
				"up": {"uv": [13.425, 4.2, 13.925, 3.35], "texture": "#0"},
				"down": {"uv": [13.425, 4.2, 13.925, 3.35], "texture": "#0"}
			}
		},
		{
			"from": [7.75, 3.39066, 9.58323],
			"to": [8.25, 3.49066, 9.73323],
			"rotation": {"angle": 22.5, "axis": "x", "origin": [0, -11.70934, 12.23323]},
			"faces": {
				"north": {"uv": [13.425, 4.2, 13.925, 3.3], "texture": "#0"},
				"east": {"uv": [13.425, 4.2, 13.925, 3.3], "texture": "#0"},
				"south": {"uv": [13.425, 4.2, 13.925, 3.3], "texture": "#0"},
				"west": {"uv": [13.425, 4.2, 13.925, 3.3], "texture": "#0"},
				"up": {"uv": [13.425, 4.2, 13.925, 3.3], "texture": "#0"},
				"down": {"uv": [13.425, 4.2, 13.925, 3.3], "texture": "#0"}
			}
		},
		{
			"from": [7.75, 5.36148, 22.02885],
			"to": [8.25, 5.46148, 22.17885],
			"rotation": {"angle": -22.5, "axis": "x", "origin": [0, -9.73852, 24.67885]},
			"faces": {
				"north": {"uv": [14.875, 4, 15.375, 3.1], "texture": "#0"},
				"east": {"uv": [14.875, 4, 15.375, 3.1], "texture": "#0"},
				"south": {"uv": [14.875, 4, 15.375, 3.1], "texture": "#0"},
				"west": {"uv": [14.875, 4, 15.375, 3.1], "texture": "#0"},
				"up": {"uv": [14.875, 4, 15.375, 3.1], "texture": "#0"},
				"down": {"uv": [14.875, 4, 15.375, 3.1], "texture": "#0"}
			}
		},
		{
			"from": [7.75, 9.55187, 26.49178],
			"to": [8.25, 9.65187, 26.64178],
			"rotation": {"angle": -45, "axis": "x", "origin": [0, -5.54813, 29.14178]},
			"faces": {
				"north": {"uv": [14.875, 4, 15.375, 3.1], "texture": "#0"},
				"east": {"uv": [14.875, 4, 15.375, 3.1], "texture": "#0"},
				"south": {"uv": [14.875, 4, 15.375, 3.1], "texture": "#0"},
				"west": {"uv": [14.875, 4, 15.375, 3.1], "texture": "#0"},
				"up": {"uv": [14.875, 4, 15.375, 3.1], "texture": "#0"},
				"down": {"uv": [14.875, 4, 15.375, 3.1], "texture": "#0"}
			}
		},
		{
			"from": [7.75, 3.19795, 15.70205],
			"to": [8.25, 3.29795, 16.45205],
			"rotation": {"angle": 0, "axis": "y", "origin": [0, -11.90205, 18.15205]},
			"faces": {
				"north": {"uv": [13.425, 4.2, 13.925, 3.3], "texture": "#0"},
				"east": {"uv": [13.425, 4.2, 13.925, 3.3], "texture": "#0"},
				"south": {"uv": [13.425, 4.2, 13.925, 3.3], "texture": "#0"},
				"west": {"uv": [13.425, 4.2, 13.925, 3.3], "texture": "#0"},
				"up": {"uv": [13.425, 4.2, 13.925, 3.3], "texture": "#0"},
				"down": {"uv": [13.425, 4.2, 13.925, 3.3], "texture": "#0"}
			}
		},
		{
			"from": [7.85, 4.38103, 15.94756],
			"to": [8.15, 4.50603, 16.04756],
			"rotation": {"angle": 22.5, "axis": "x", "origin": [8, 3.28659, 13.91719]},
			"faces": {
				"north": {"uv": [11.875, 4, 12.175, 3.125], "texture": "#0"},
				"east": {"uv": [11.875, 4, 12.175, 3.125], "texture": "#0"},
				"south": {"uv": [11.875, 4, 12.175, 3.125], "texture": "#0"},
				"west": {"uv": [11.875, 4, 12.175, 3.125], "texture": "#0"},
				"up": {"uv": [11.875, 4, 12.175, 3.125], "texture": "#0"},
				"down": {"uv": [11.875, 4, 12.175, 3.125], "texture": "#0"}
			}
		},
		{
			"from": [7.85, 5.22103, 15.96592],
			"to": [8.15, 5.34603, 16.06592],
			"rotation": {"angle": 45, "axis": "x", "origin": [8, 4.12659, 13.93555]},
			"faces": {
				"north": {"uv": [11.875, 4, 12.175, 3.125], "texture": "#0"},
				"east": {"uv": [11.875, 4, 12.175, 3.125], "texture": "#0"},
				"south": {"uv": [11.875, 4, 12.175, 3.125], "texture": "#0"},
				"west": {"uv": [11.875, 4, 12.175, 3.125], "texture": "#0"},
				"up": {"uv": [11.875, 4, 12.175, 3.125], "texture": "#0"},
				"down": {"uv": [11.875, 4, 12.175, 3.125], "texture": "#0"}
			}
		},
		{
			"from": [7.85, 3.59795, 16.25205],
			"to": [8.15, 3.99795, 16.35205],
			"rotation": {"angle": 0, "axis": "y", "origin": [8, 3, 8]},
			"faces": {
				"north": {"uv": [11.875, 4, 12.175, 3.4], "texture": "#0"},
				"east": {"uv": [11.875, 4, 12.175, 3.4], "texture": "#0"},
				"south": {"uv": [11.875, 4, 12.175, 3.4], "texture": "#0"},
				"west": {"uv": [11.875, 4, 12.175, 3.4], "texture": "#0"},
				"up": {"uv": [11.875, 4, 12.175, 3.4], "texture": "#0"},
				"down": {"uv": [11.875, 4, 12.175, 3.4], "texture": "#0"}
			}
		},
		{
			"from": [7.85, 0.59315, 17.14729],
			"to": [8.15, 0.89315, 17.24729],
			"rotation": {"angle": -22.5, "axis": "x", "origin": [8, -0.10479, 8.89524]},
			"faces": {
				"north": {"uv": [11.875, 4, 12.175, 3.3], "texture": "#0"},
				"east": {"uv": [11.875, 4, 12.175, 3.3], "texture": "#0"},
				"south": {"uv": [11.875, 4, 12.175, 3.3], "texture": "#0"},
				"west": {"uv": [11.875, 4, 12.175, 3.3], "texture": "#0"},
				"up": {"uv": [11.875, 4, 12.175, 3.3], "texture": "#0"},
				"down": {"uv": [11.875, 4, 12.175, 3.3], "texture": "#0"}
			}
		},
		{
			"from": [7.85, 7.84726, 11.04729],
			"to": [8.15, 7.94726, 11.34729],
			"rotation": {"angle": 45, "axis": "x", "origin": [8, -0.10479, 8.89524]},
			"faces": {
				"north": {"uv": [11.875, 4, 12.175, 3.1], "rotation": 180, "texture": "#0"},
				"east": {"uv": [11.875, 4, 12.175, 3.1], "rotation": 180, "texture": "#0"},
				"south": {"uv": [11.875, 4, 12.175, 3.1], "rotation": 180, "texture": "#0"},
				"west": {"uv": [11.875, 4, 12.175, 3.1], "rotation": 180, "texture": "#0"},
				"up": {"uv": [11.875, 4, 12.175, 3.1], "rotation": 180, "texture": "#0"},
				"down": {"uv": [11.875, 4, 12.175, 3.1], "rotation": 180, "texture": "#0"}
			}
		},
		{
			"from": [7.625, 3.925, 17.85],
			"to": [8.375, 4.7, 19.1],
			"faces": {
				"north": {"uv": [13.375, 4, 14.125, 3.775], "texture": "#0"},
				"east": {"uv": [13.375, 4, 14.125, 3.775], "texture": "#0"},
				"south": {"uv": [13.375, 4, 14.125, 3.775], "texture": "#0"},
				"west": {"uv": [13.375, 4, 14.125, 3.775], "texture": "#0"},
				"up": {"uv": [13.375, 4, 14.125, 3.775], "texture": "#0"},
				"down": {"uv": [13.375, 4, 14.125, 3.775], "texture": "#0"}
			}
		},
		{
			"from": [7.65, 3.3, 16.6],
			"to": [8.35, 4.7, 17.6],
			"faces": {
				"north": {"uv": [13.375, 4, 14.075, 4.4], "texture": "#0"},
				"east": {"uv": [13.375, 4, 14.075, 4.4], "texture": "#0"},
				"south": {"uv": [13.375, 4, 14.075, 4.4], "texture": "#0"},
				"west": {"uv": [13.375, 4, 14.075, 4.4], "texture": "#0"},
				"up": {"uv": [13.375, 4, 14.075, 4.4], "texture": "#0"},
				"down": {"uv": [13.375, 4, 14.075, 4.4], "texture": "#0"}
			}
		},
		{
			"from": [8.05, 4.1, 16.65],
			"to": [8.75, 4.7, 17.575],
			"faces": {
				"north": {"uv": [14.875, 4, 15.575, 3.6], "texture": "#0"},
				"east": {"uv": [14.875, 4, 15.575, 3.6], "texture": "#0"},
				"south": {"uv": [14.875, 4, 15.575, 3.6], "texture": "#0"},
				"west": {"uv": [14.875, 4, 15.575, 3.6], "texture": "#0"},
				"up": {"uv": [14.875, 4, 15.575, 3.6], "texture": "#0"},
				"down": {"uv": [14.875, 4, 15.575, 3.6], "texture": "#0"}
			}
		},
		{
			"from": [8.675, 3.4, 15.45],
			"to": [9.1, 6.2, 15.875],
			"faces": {
				"north": {"uv": [12, 3.375, 12.425, 4.175], "texture": "#0"},
				"east": {"uv": [12, 3.375, 12.425, 4.175], "texture": "#0"},
				"south": {"uv": [12, 3.375, 12.425, 4.175], "texture": "#0"},
				"west": {"uv": [12, 3.375, 12.425, 4.175], "texture": "#0"},
				"up": {"uv": [12, 3.375, 12.425, 4.175], "texture": "#0"},
				"down": {"uv": [12, 3.375, 12.425, 4.175], "texture": "#0"}
			}
		},
		{
			"from": [14.15, 4.3, 11.175],
			"to": [14.45, 4.6, 12.175],
			"rotation": {"angle": -22.5, "axis": "y", "origin": [0, 0, 0]},
			"faces": {
				"north": {"uv": [11.875, 4, 12.175, 3.3], "texture": "#0"},
				"east": {"uv": [11.875, 4, 12.175, 3.3], "texture": "#0"},
				"south": {"uv": [11.875, 4, 12.175, 3.3], "texture": "#0"},
				"west": {"uv": [11.875, 4, 12.175, 3.3], "texture": "#0"},
				"up": {"uv": [11.875, 4, 12.175, 3.3], "texture": "#0"},
				"down": {"uv": [11.875, 4, 12.175, 3.3], "texture": "#0"}
			}
		},
		{
			"from": [7.65, 1.98925, 17.05964],
			"to": [8.35, 2.38925, 18.05964],
			"rotation": {"angle": 0, "axis": "y", "origin": [0, 0.98925, 0.45964]},
			"faces": {
				"north": {"uv": [13.375, 4, 14.075, 3.4], "texture": "#0"},
				"east": {"uv": [13.375, 4, 14.075, 3.4], "texture": "#0"},
				"south": {"uv": [13.375, 4, 14.075, 3.4], "texture": "#0"},
				"west": {"uv": [13.375, 4, 14.075, 3.4], "texture": "#0"},
				"up": {"uv": [13.375, 4, 14.075, 3.4], "texture": "#0"},
				"down": {"uv": [13.375, 4, 14.075, 3.4], "texture": "#0"}
			}
		},
		{
			"from": [7.65, -4.24702, 18.89685],
			"to": [8.35, -2.84702, 19.89685],
			"rotation": {"angle": -22.5, "axis": "x", "origin": [0, -5.54702, 2.29685]},
			"faces": {
				"north": {"uv": [13.375, 4, 14.075, 4.4], "texture": "#0"},
				"east": {"uv": [13.375, 4, 14.075, 4.4], "texture": "#0"},
				"south": {"uv": [13.375, 4, 14.075, 4.4], "texture": "#0"},
				"west": {"uv": [13.375, 4, 14.075, 4.4], "texture": "#0"},
				"up": {"uv": [13.375, 4, 14.075, 4.4], "texture": "#0"},
				"down": {"uv": [13.375, 4, 14.075, 4.4], "texture": "#0"}
			}
		},
		{
			"from": [7.6, -4.19702, 18.99685],
			"to": [8.4, -2.84702, 19.79685],
			"rotation": {"angle": -22.5, "axis": "x", "origin": [0, -5.54702, 2.29685]},
			"faces": {
				"north": {"uv": [14.875, 8.5, 15.675, 8.85], "texture": "#0"},
				"east": {"uv": [14.875, 8.5, 15.675, 8.85], "texture": "#0"},
				"south": {"uv": [14.875, 8.5, 15.675, 8.85], "texture": "#0"},
				"west": {"uv": [14.875, 8.5, 15.675, 8.85], "texture": "#0"},
				"up": {"uv": [14.875, 8.5, 15.675, 8.85], "texture": "#0"},
				"down": {"uv": [14.875, 8.5, 15.675, 8.85], "texture": "#0"}
			}
		},
		{
			"from": [7.575, 3.3, 16.7],
			"to": [8.425, 4.5, 17.5],
			"faces": {
				"north": {"uv": [14.875, 8.5, 15.725, 8.7], "texture": "#0"},
				"east": {"uv": [14.875, 8.5, 15.725, 8.7], "texture": "#0"},
				"south": {"uv": [14.875, 8.5, 15.725, 8.7], "texture": "#0"},
				"west": {"uv": [14.875, 8.5, 15.725, 8.7], "texture": "#0"},
				"up": {"uv": [14.875, 8.5, 15.725, 8.7], "texture": "#0"},
				"down": {"uv": [14.875, 8.5, 15.725, 8.7], "texture": "#0"}
			}
		},
		{
			"from": [7.625, 2.08925, 17.20964],
			"to": [8.375, 2.38925, 17.93464],
			"rotation": {"angle": 0, "axis": "y", "origin": [0, 0.98925, 0.45964]},
			"faces": {
				"north": {"uv": [14.875, 8.5, 15.625, 7.8], "texture": "#0"},
				"east": {"uv": [14.875, 8.5, 15.625, 7.8], "texture": "#0"},
				"south": {"uv": [14.875, 8.5, 15.625, 7.8], "texture": "#0"},
				"west": {"uv": [14.875, 8.5, 15.625, 7.8], "texture": "#0"},
				"up": {"uv": [14.875, 8.5, 15.625, 7.8], "texture": "#0"},
				"down": {"uv": [14.875, 8.5, 15.625, 7.8], "texture": "#0"}
			}
		},
		{
			"from": [7.55, 3.775, 17.025],
			"to": [8.45, 3.925, 17.175],
			"faces": {
				"north": {"uv": [14.875, 4, 15.775, 3.15], "texture": "#0"},
				"east": {"uv": [14.875, 4, 15.775, 3.15], "texture": "#0"},
				"south": {"uv": [14.875, 4, 15.775, 3.15], "texture": "#0"},
				"west": {"uv": [14.875, 4, 15.775, 3.15], "texture": "#0"},
				"up": {"uv": [14.875, 4, 15.775, 3.15], "texture": "#0"},
				"down": {"uv": [14.875, 4, 15.775, 3.15], "texture": "#0"}
			}
		},
		{
			"from": [7.55, 2.275, 17.425],
			"to": [8.45, 2.425, 17.575],
			"faces": {
				"north": {"uv": [14.875, 4, 15.775, 3.15], "texture": "#0"},
				"east": {"uv": [14.875, 4, 15.775, 3.15], "texture": "#0"},
				"south": {"uv": [14.875, 4, 15.775, 3.15], "texture": "#0"},
				"west": {"uv": [14.875, 4, 15.775, 3.15], "texture": "#0"},
				"up": {"uv": [14.875, 4, 15.775, 3.15], "texture": "#0"},
				"down": {"uv": [14.875, 4, 15.775, 3.15], "texture": "#0"}
			}
		},
		{
			"from": [7.6, 6.65, 7.9],
			"to": [8.4, 6.95, 9.775],
			"rotation": {"angle": 0, "axis": "y", "origin": [0, 0, 0.075]},
			"faces": {
				"north": {"uv": [14.85, 3.25, 15.7, 4.325], "texture": "#0"},
				"east": {"uv": [14.85, 3.25, 15.7, 4.325], "texture": "#0"},
				"south": {"uv": [14.85, 3.25, 15.7, 4.325], "texture": "#0"},
				"west": {"uv": [14.85, 3.25, 15.7, 4.325], "texture": "#0"},
				"up": {"uv": [14.85, 3.25, 15.7, 4.325], "texture": "#0"},
				"down": {"uv": [14.85, 3.25, 15.7, 4.325], "texture": "#0"}
			}
		},
		{
			"from": [7.575, 6.95, 8.35],
			"to": [8.425, 7.15, 8.55],
			"rotation": {"angle": 0, "axis": "y", "origin": [0, 0, 0.075]},
			"faces": {
				"north": {"uv": [14.95, 2.7, 15.85, 2.75], "texture": "#0"},
				"east": {"uv": [14.95, 2.7, 15.85, 2.75], "texture": "#0"},
				"south": {"uv": [14.95, 2.7, 15.85, 2.75], "texture": "#0"},
				"west": {"uv": [14.95, 2.7, 15.85, 2.75], "texture": "#0"},
				"up": {"uv": [14.95, 2.7, 15.85, 2.75], "texture": "#0"},
				"down": {"uv": [14.95, 2.7, 15.85, 2.75], "texture": "#0"}
			}
		},
		{
			"from": [7.95, 7.3838, 9.1586],
			"to": [8.05, 7.5838, 9.2086],
			"rotation": {"angle": 0, "axis": "y", "origin": [0.1, -0.5662, 0.7836]},
			"faces": {
				"north": {"uv": [14.95, 2.7, 15.1, 2.6], "texture": "#0"},
				"east": {"uv": [14.95, 2.7, 15.1, 2.6], "texture": "#0"},
				"south": {"uv": [14.95, 2.7, 15.1, 2.6], "texture": "#0"},
				"west": {"uv": [14.95, 2.7, 15.1, 2.6], "texture": "#0"},
				"up": {"uv": [14.95, 2.7, 15.1, 2.6], "texture": "#0"},
				"down": {"uv": [14.95, 2.7, 15.1, 2.6], "texture": "#0"}
			}
		},
		{
			"from": [7.983, 7.5838, 9.1586],
			"to": [8.013, 7.7838, 9.2086],
			"rotation": {"angle": 0, "axis": "y", "origin": [0.06, -0.5662, 0.7836]},
			"faces": {
				"north": {"uv": [14.95, 2.7, 15.03, 2.6], "texture": "#0"},
				"east": {"uv": [14.95, 2.7, 15.03, 2.6], "texture": "#0"},
				"south": {"uv": [14.95, 2.7, 15.03, 2.6], "texture": "#0"},
				"west": {"uv": [14.95, 2.7, 15.03, 2.6], "texture": "#0"},
				"up": {"uv": [14.95, 2.7, 15.03, 2.6], "texture": "#0"},
				"down": {"uv": [14.95, 2.7, 15.03, 2.6], "texture": "#0"}
			}
		},
		{
			"from": [7.85, 7.6838, 9.1586],
			"to": [7.925, 7.7838, 9.2086],
			"rotation": {"angle": 0, "axis": "y", "origin": [0.1, -0.5662, 0.7836]},
			"faces": {
				"north": {"uv": [14.95, 2.7, 15.075, 2.6], "texture": "#0"},
				"east": {"uv": [14.95, 2.7, 15.075, 2.6], "texture": "#0"},
				"south": {"uv": [14.95, 2.7, 15.075, 2.6], "texture": "#0"},
				"west": {"uv": [14.95, 2.7, 15.075, 2.6], "texture": "#0"},
				"up": {"uv": [14.95, 2.7, 15.075, 2.6], "texture": "#0"},
				"down": {"uv": [14.95, 2.7, 15.075, 2.6], "texture": "#0"}
			}
		},
		{
			"from": [8.075, 7.6838, 9.1586],
			"to": [8.15, 7.7838, 9.2086],
			"rotation": {"angle": 0, "axis": "y", "origin": [0.1, -0.5662, 0.7836]},
			"faces": {
				"north": {"uv": [14.95, 2.7, 15.075, 2.6], "texture": "#0"},
				"east": {"uv": [14.95, 2.7, 15.075, 2.6], "texture": "#0"},
				"south": {"uv": [14.95, 2.7, 15.075, 2.6], "texture": "#0"},
				"west": {"uv": [14.95, 2.7, 15.075, 2.6], "texture": "#0"},
				"up": {"uv": [14.95, 2.7, 15.075, 2.6], "texture": "#0"},
				"down": {"uv": [14.95, 2.7, 15.075, 2.6], "texture": "#0"}
			}
		},
		{
			"from": [4.70345, -0.57833, 9.1586],
			"to": [4.90345, -0.47833, 9.2086],
			"rotation": {"angle": 45, "axis": "z", "origin": [-3.44655, 7.47167, 0.7836]},
			"faces": {
				"north": {"uv": [14.95, 2.7, 15.05, 2.75], "rotation": 90, "texture": "#0"},
				"east": {"uv": [14.95, 2.7, 15.05, 2.75], "rotation": 90, "texture": "#0"},
				"south": {"uv": [14.95, 2.7, 15.05, 2.75], "rotation": 90, "texture": "#0"},
				"west": {"uv": [14.95, 2.7, 15.05, 2.75], "rotation": 90, "texture": "#0"},
				"up": {"uv": [14.95, 2.7, 15.05, 2.75], "rotation": 90, "texture": "#0"},
				"down": {"uv": [14.95, 2.7, 15.05, 2.75], "rotation": 90, "texture": "#0"}
			}
		},
		{
			"from": [16.08284, 4.30796, 9.1586],
			"to": [16.18284, 4.50796, 9.2086],
			"rotation": {"angle": 45, "axis": "z", "origin": [8.13284, -3.84204, 0.7836]},
			"faces": {
				"north": {"uv": [14.95, 2.7, 15.1, 2.6], "texture": "#0"},
				"east": {"uv": [14.95, 2.7, 15.1, 2.6], "texture": "#0"},
				"south": {"uv": [14.95, 2.7, 15.1, 2.6], "texture": "#0"},
				"west": {"uv": [14.95, 2.7, 15.1, 2.6], "texture": "#0"},
				"up": {"uv": [14.95, 2.7, 15.1, 2.6], "texture": "#0"},
				"down": {"uv": [14.95, 2.7, 15.1, 2.6], "texture": "#0"}
			}
		},
		{
			"from": [7.7, 4.38454, 11.15529],
			"to": [8.3, 4.48454, 12.53029],
			"rotation": {"angle": -22.5, "axis": "x", "origin": [0, -2.46546, 3.33029]},
			"faces": {
				"north": {"uv": [14.95, 3.3, 15.55, 3.925], "texture": "#0"},
				"east": {"uv": [14.95, 3.3, 15.55, 3.925], "texture": "#0"},
				"south": {"uv": [14.95, 3.3, 15.55, 3.925], "texture": "#0"},
				"west": {"uv": [14.95, 3.3, 15.55, 3.925], "texture": "#0"},
				"up": {"uv": [14.95, 3.3, 15.55, 3.925], "texture": "#0"},
				"down": {"uv": [14.95, 3.3, 15.55, 3.925], "texture": "#0"}
			}
		},
		{
			"from": [5.575, 3.875, 13],
			"to": [6.225, 4.075, 15.95],
			"rotation": {"angle": 0, "axis": "y", "origin": [5.9, 5.5, 14.625]},
			"faces": {
				"north": {"uv": [14.95, 3.2, 15.6, 4.4], "rotation": 180, "texture": "#0"},
				"east": {"uv": [14.95, 3.2, 15.6, 4.4], "rotation": 180, "texture": "#0"},
				"south": {"uv": [14.95, 3.2, 15.6, 4.4], "rotation": 180, "texture": "#0"},
				"west": {"uv": [14.95, 3.2, 15.6, 4.4], "rotation": 180, "texture": "#0"},
				"up": {"uv": [14.95, 3.2, 15.6, 4.4], "rotation": 180, "texture": "#0"},
				"down": {"uv": [14.95, 3.2, 15.6, 4.4], "rotation": 180, "texture": "#0"}
			}
		},
		{
			"from": [5.575, 3.925, 13],
			"to": [6.225, 7.125, 15.95],
			"rotation": {"angle": 0, "axis": "y", "origin": [5.9, 5.5, 14.625]},
			"faces": {
				"north": {"uv": [14.9, 3.4, 15.55, 4.2], "rotation": 180, "texture": "#0"},
				"east": {"uv": [14.9, 3.4, 15.55, 4.2], "rotation": 180, "texture": "#0"},
				"south": {"uv": [14.9, 3.4, 15.55, 4.2], "rotation": 180, "texture": "#0"},
				"west": {"uv": [14.9, 3.4, 15.55, 4.2], "rotation": 180, "texture": "#0"},
				"up": {"uv": [14.9, 3.4, 15.55, 4.2], "rotation": 180, "texture": "#0"},
				"down": {"uv": [14.9, 3.4, 15.55, 4.2], "rotation": 180, "texture": "#0"}
			}
		},
		{
			"from": [5.375, 4.225, 15.9],
			"to": [5.625, 6.725, 16.15],
			"rotation": {"angle": 0, "axis": "y", "origin": [5.9, 5.5, 14.625]},
			"faces": {
				"north": {"uv": [11.65, 3.35, 12.55, 4.2], "rotation": 180, "texture": "#0"},
				"east": {"uv": [11.65, 3.35, 12.55, 4.2], "rotation": 180, "texture": "#0"},
				"south": {"uv": [11.65, 3.35, 12.55, 4.2], "rotation": 180, "texture": "#0"},
				"west": {"uv": [11.65, 3.35, 12.55, 4.2], "rotation": 180, "texture": "#0"},
				"up": {"uv": [11.65, 3.35, 12.55, 4.2], "rotation": 180, "texture": "#0"},
				"down": {"uv": [11.65, 3.35, 12.55, 4.2], "rotation": 180, "texture": "#0"}
			}
		},
		{
			"from": [5.625, 4.225, 15.9],
			"to": [6.075, 4.425, 16.15],
			"rotation": {"angle": 0, "axis": "y", "origin": [5.9, 5.5, 14.625]},
			"faces": {
				"north": {"uv": [11.75, 3.45, 12.7, 4.15], "rotation": 180, "texture": "#0"},
				"east": {"uv": [11.75, 3.45, 12.7, 4.15], "rotation": 180, "texture": "#0"},
				"south": {"uv": [11.75, 3.45, 12.7, 4.15], "rotation": 180, "texture": "#0"},
				"west": {"uv": [11.75, 3.45, 12.7, 4.15], "rotation": 180, "texture": "#0"},
				"up": {"uv": [11.75, 3.45, 12.7, 4.15], "rotation": 180, "texture": "#0"},
				"down": {"uv": [11.75, 3.45, 12.7, 4.15], "rotation": 180, "texture": "#0"}
			}
		},
		{
			"from": [5.625, 6.525, 15.9],
			"to": [6.075, 6.725, 16.15],
			"rotation": {"angle": 0, "axis": "y", "origin": [5.9, 6.8, 14.625]},
			"faces": {
				"north": {"uv": [11.75, 3.45, 12.7, 4.15], "rotation": 180, "texture": "#0"},
				"east": {"uv": [11.75, 3.45, 12.7, 4.15], "rotation": 180, "texture": "#0"},
				"south": {"uv": [11.75, 3.45, 12.7, 4.15], "rotation": 180, "texture": "#0"},
				"west": {"uv": [11.75, 3.45, 12.7, 4.15], "rotation": 180, "texture": "#0"},
				"up": {"uv": [11.75, 3.45, 12.7, 4.15], "rotation": 180, "texture": "#0"},
				"down": {"uv": [11.75, 3.45, 12.7, 4.15], "rotation": 180, "texture": "#0"}
			}
		},
		{
			"from": [6.225, 5.925, 13],
			"to": [7.475, 7.125, 15.95],
			"rotation": {"angle": 0, "axis": "y", "origin": [5.9, 5.5, 14.625]},
			"faces": {
				"north": {"uv": [14.7, 3.15, 15.95, 4.35], "rotation": 180, "texture": "#0"},
				"east": {"uv": [14.7, 3.15, 15.95, 4.35], "rotation": 180, "texture": "#0"},
				"south": {"uv": [14.7, 3.15, 15.95, 4.35], "rotation": 180, "texture": "#0"},
				"west": {"uv": [14.7, 3.15, 15.95, 4.35], "rotation": 180, "texture": "#0"},
				"up": {"uv": [14.7, 3.15, 15.95, 4.35], "rotation": 180, "texture": "#0"},
				"down": {"uv": [14.7, 3.15, 15.95, 4.35], "rotation": 180, "texture": "#0"}
			}
		},
		{
			"from": [7.775, 6.125, 13.6],
			"to": [8.175, 6.525, 15.05],
			"rotation": {"angle": 0, "axis": "y", "origin": [5.9, 5.5, 14.625]},
			"faces": {
				"north": {"uv": [7.35, 3.85, 8.75, 4.25], "rotation": 180, "texture": "#0"},
				"east": {"uv": [7.35, 3.85, 8.75, 4.25], "rotation": 180, "texture": "#0"},
				"south": {"uv": [7.35, 3.85, 8.75, 4.25], "rotation": 180, "texture": "#0"},
				"west": {"uv": [7.35, 3.85, 8.75, 4.25], "rotation": 180, "texture": "#0"},
				"up": {"uv": [7.35, 3.85, 8.75, 4.25], "rotation": 180, "texture": "#0"},
				"down": {"uv": [7.35, 3.85, 8.75, 4.25], "rotation": 180, "texture": "#0"}
			}
		},
		{
			"from": [7.825, 6.175, 13.225],
			"to": [8.125, 6.475, 13.65],
			"rotation": {"angle": 0, "axis": "y", "origin": [5.9, 5.5, 14.625]},
			"faces": {
				"north": {"uv": [13.2, 4.6, 14.5, 5.9], "rotation": 180, "texture": "#0"},
				"east": {"uv": [13.2, 4.6, 14.5, 5.9], "rotation": 180, "texture": "#0"},
				"south": {"uv": [13.2, 4.6, 14.5, 5.9], "rotation": 180, "texture": "#0"},
				"west": {"uv": [13.2, 4.6, 14.5, 5.9], "rotation": 180, "texture": "#0"},
				"up": {"uv": [13.2, 4.6, 14.5, 5.9], "rotation": 180, "texture": "#0"},
				"down": {"uv": [13.2, 4.6, 14.5, 5.9], "rotation": 180, "texture": "#0"}
			}
		},
		{
			"from": [4.275, 5.175, 13],
			"to": [7.475, 5.825, 15.95],
			"rotation": {"angle": 0, "axis": "y", "origin": [5.9, 5.5, 14.625]},
			"faces": {
				"north": {"uv": [14.9, 3.4, 15.55, 4.2], "rotation": 270, "texture": "#0"},
				"east": {"uv": [14.9, 3.4, 15.55, 4.2], "rotation": 270, "texture": "#0"},
				"south": {"uv": [14.9, 3.4, 15.55, 4.2], "rotation": 270, "texture": "#0"},
				"west": {"uv": [14.9, 3.4, 15.55, 4.2], "rotation": 270, "texture": "#0"},
				"up": {"uv": [14.9, 3.4, 15.55, 4.2], "rotation": 270, "texture": "#0"},
				"down": {"uv": [14.9, 3.4, 15.55, 4.2], "rotation": 270, "texture": "#0"}
			}
		},
		{
			"from": [7.325, 5.175, 13],
			"to": [7.525, 5.825, 15.95],
			"rotation": {"angle": 0, "axis": "y", "origin": [5.9, 5.5, 14.625]},
			"faces": {
				"north": {"uv": [14.95, 3.2, 15.6, 4.4], "rotation": 270, "texture": "#0"},
				"east": {"uv": [14.95, 3.2, 15.6, 4.4], "rotation": 270, "texture": "#0"},
				"south": {"uv": [14.95, 3.2, 15.6, 4.4], "rotation": 270, "texture": "#0"},
				"west": {"uv": [14.95, 3.2, 15.6, 4.4], "rotation": 270, "texture": "#0"},
				"up": {"uv": [14.95, 3.2, 15.6, 4.4], "rotation": 270, "texture": "#0"},
				"down": {"uv": [14.95, 3.2, 15.6, 4.4], "rotation": 270, "texture": "#0"}
			}
		},
		{
			"from": [5.575, 3.925, 13],
			"to": [6.225, 7.125, 15.95],
			"rotation": {"angle": 22.5, "axis": "z", "origin": [5.9, 5.5, 14.625]},
			"faces": {
				"north": {"uv": [14.9, 3.4, 15.55, 4.2], "rotation": 180, "texture": "#0"},
				"east": {"uv": [14.9, 3.4, 15.55, 4.2], "rotation": 180, "texture": "#0"},
				"south": {"uv": [14.9, 3.4, 15.55, 4.2], "rotation": 180, "texture": "#0"},
				"west": {"uv": [14.9, 3.4, 15.55, 4.2], "rotation": 180, "texture": "#0"},
				"up": {"uv": [14.9, 3.4, 15.55, 4.2], "rotation": 180, "texture": "#0"},
				"down": {"uv": [14.9, 3.4, 15.55, 4.2], "rotation": 180, "texture": "#0"}
			}
		},
		{
			"from": [5.575, 3.875, 13],
			"to": [6.225, 4.075, 15.95],
			"rotation": {"angle": 22.5, "axis": "z", "origin": [5.9, 5.5, 14.625]},
			"faces": {
				"north": {"uv": [14.95, 3.2, 15.6, 4.4], "rotation": 180, "texture": "#0"},
				"east": {"uv": [14.95, 3.2, 15.6, 4.4], "rotation": 180, "texture": "#0"},
				"south": {"uv": [14.95, 3.2, 15.6, 4.4], "rotation": 180, "texture": "#0"},
				"west": {"uv": [14.95, 3.2, 15.6, 4.4], "rotation": 180, "texture": "#0"},
				"up": {"uv": [14.95, 3.2, 15.6, 4.4], "rotation": 180, "texture": "#0"},
				"down": {"uv": [14.95, 3.2, 15.6, 4.4], "rotation": 180, "texture": "#0"}
			}
		},
		{
			"from": [4.275, 5.175, 13],
			"to": [7.475, 5.825, 15.95],
			"rotation": {"angle": 22.5, "axis": "z", "origin": [5.9, 5.5, 14.625]},
			"faces": {
				"north": {"uv": [14.9, 3.4, 15.55, 4.2], "rotation": 270, "texture": "#0"},
				"east": {"uv": [14.9, 3.4, 15.55, 4.2], "rotation": 270, "texture": "#0"},
				"south": {"uv": [14.9, 3.4, 15.55, 4.2], "rotation": 270, "texture": "#0"},
				"west": {"uv": [14.9, 3.4, 15.55, 4.2], "rotation": 270, "texture": "#0"},
				"up": {"uv": [14.9, 3.4, 15.55, 4.2], "rotation": 270, "texture": "#0"},
				"down": {"uv": [14.9, 3.4, 15.55, 4.2], "rotation": 270, "texture": "#0"}
			}
		},
		{
			"from": [7.325, 5.175, 13],
			"to": [7.525, 5.825, 15.95],
			"rotation": {"angle": 22.5, "axis": "z", "origin": [5.9, 5.5, 14.625]},
			"faces": {
				"north": {"uv": [14.95, 3.2, 15.6, 4.4], "rotation": 270, "texture": "#0"},
				"east": {"uv": [14.95, 3.2, 15.6, 4.4], "rotation": 270, "texture": "#0"},
				"south": {"uv": [14.95, 3.2, 15.6, 4.4], "rotation": 270, "texture": "#0"},
				"west": {"uv": [14.95, 3.2, 15.6, 4.4], "rotation": 270, "texture": "#0"},
				"up": {"uv": [14.95, 3.2, 15.6, 4.4], "rotation": 270, "texture": "#0"},
				"down": {"uv": [14.95, 3.2, 15.6, 4.4], "rotation": 270, "texture": "#0"}
			}
		},
		{
			"from": [5.575, 3.925, 13],
			"to": [6.225, 7.125, 15.95],
			"rotation": {"angle": 45, "axis": "z", "origin": [5.9, 5.5, 14.625]},
			"faces": {
				"north": {"uv": [14.9, 3.4, 15.55, 4.2], "rotation": 180, "texture": "#0"},
				"east": {"uv": [14.9, 3.4, 15.55, 4.2], "rotation": 180, "texture": "#0"},
				"south": {"uv": [14.9, 3.4, 15.55, 4.2], "rotation": 180, "texture": "#0"},
				"west": {"uv": [14.9, 3.4, 15.55, 4.2], "rotation": 180, "texture": "#0"},
				"up": {"uv": [14.9, 3.4, 15.55, 4.2], "rotation": 180, "texture": "#0"},
				"down": {"uv": [14.9, 3.4, 15.55, 4.2], "rotation": 180, "texture": "#0"}
			}
		},
		{
			"from": [5.575, 3.875, 13],
			"to": [6.225, 4.075, 15.95],
			"rotation": {"angle": 45, "axis": "z", "origin": [5.9, 5.5, 14.625]},
			"faces": {
				"north": {"uv": [14.95, 3.2, 15.6, 4.4], "rotation": 180, "texture": "#0"},
				"east": {"uv": [14.95, 3.2, 15.6, 4.4], "rotation": 180, "texture": "#0"},
				"south": {"uv": [14.95, 3.2, 15.6, 4.4], "rotation": 180, "texture": "#0"},
				"west": {"uv": [14.95, 3.2, 15.6, 4.4], "rotation": 180, "texture": "#0"},
				"up": {"uv": [14.95, 3.2, 15.6, 4.4], "rotation": 180, "texture": "#0"},
				"down": {"uv": [14.95, 3.2, 15.6, 4.4], "rotation": 180, "texture": "#0"}
			}
		},
		{
			"from": [4.275, 5.175, 13],
			"to": [7.475, 5.825, 15.95],
			"rotation": {"angle": 45, "axis": "z", "origin": [5.9, 5.5, 14.625]},
			"faces": {
				"north": {"uv": [14.9, 3.4, 15.55, 4.2], "rotation": 270, "texture": "#0"},
				"east": {"uv": [14.9, 3.4, 15.55, 4.2], "rotation": 270, "texture": "#0"},
				"south": {"uv": [14.9, 3.4, 15.55, 4.2], "rotation": 270, "texture": "#0"},
				"west": {"uv": [14.9, 3.4, 15.55, 4.2], "rotation": 270, "texture": "#0"},
				"up": {"uv": [14.9, 3.4, 15.55, 4.2], "rotation": 270, "texture": "#0"},
				"down": {"uv": [14.9, 3.4, 15.55, 4.2], "rotation": 270, "texture": "#0"}
			}
		},
		{
			"from": [7.325, 5.175, 13],
			"to": [7.525, 5.825, 15.95],
			"rotation": {"angle": 45, "axis": "z", "origin": [5.9, 5.5, 14.625]},
			"faces": {
				"north": {"uv": [14.95, 3.2, 15.6, 4.4], "rotation": 270, "texture": "#0"},
				"east": {"uv": [14.95, 3.2, 15.6, 4.4], "rotation": 270, "texture": "#0"},
				"south": {"uv": [14.95, 3.2, 15.6, 4.4], "rotation": 270, "texture": "#0"},
				"west": {"uv": [14.95, 3.2, 15.6, 4.4], "rotation": 270, "texture": "#0"},
				"up": {"uv": [14.95, 3.2, 15.6, 4.4], "rotation": 270, "texture": "#0"},
				"down": {"uv": [14.95, 3.2, 15.6, 4.4], "rotation": 270, "texture": "#0"}
			}
		},
		{
			"from": [4.275, 5.175, 13],
			"to": [7.475, 5.825, 15.95],
			"rotation": {"angle": -22.5, "axis": "z", "origin": [5.9, 5.5, 14.625]},
			"faces": {
				"north": {"uv": [14.9, 3.4, 15.55, 4.2], "rotation": 270, "texture": "#0"},
				"east": {"uv": [14.9, 3.4, 15.55, 4.2], "rotation": 270, "texture": "#0"},
				"south": {"uv": [14.9, 3.4, 15.55, 4.2], "rotation": 270, "texture": "#0"},
				"west": {"uv": [14.9, 3.4, 15.55, 4.2], "rotation": 270, "texture": "#0"},
				"up": {"uv": [14.9, 3.4, 15.55, 4.2], "rotation": 270, "texture": "#0"},
				"down": {"uv": [14.9, 3.4, 15.55, 4.2], "rotation": 270, "texture": "#0"}
			}
		},
		{
			"from": [7.325, 5.175, 13],
			"to": [7.525, 5.825, 15.95],
			"rotation": {"angle": -22.5, "axis": "z", "origin": [5.9, 5.5, 14.625]},
			"faces": {
				"north": {"uv": [14.95, 3.2, 15.6, 4.4], "rotation": 270, "texture": "#0"},
				"east": {"uv": [14.95, 3.2, 15.6, 4.4], "rotation": 270, "texture": "#0"},
				"south": {"uv": [14.95, 3.2, 15.6, 4.4], "rotation": 270, "texture": "#0"},
				"west": {"uv": [14.95, 3.2, 15.6, 4.4], "rotation": 270, "texture": "#0"},
				"up": {"uv": [14.95, 3.2, 15.6, 4.4], "rotation": 270, "texture": "#0"},
				"down": {"uv": [14.95, 3.2, 15.6, 4.4], "rotation": 270, "texture": "#0"}
			}
		},
		{
			"from": [5.575, 3.875, 13],
			"to": [6.225, 7.075, 15.95],
			"rotation": {"angle": -22.5, "axis": "z", "origin": [5.9, 5.5, 14.625]},
			"faces": {
				"north": {"uv": [14.9, 3.4, 15.55, 4.2], "texture": "#0"},
				"east": {"uv": [14.9, 3.4, 15.55, 4.2], "texture": "#0"},
				"south": {"uv": [14.9, 3.4, 15.55, 4.2], "texture": "#0"},
				"west": {"uv": [14.9, 3.4, 15.55, 4.2], "texture": "#0"},
				"up": {"uv": [14.9, 3.4, 15.55, 4.2], "texture": "#0"},
				"down": {"uv": [14.9, 3.4, 15.55, 4.2], "texture": "#0"}
			}
		},
		{
			"from": [5.575, 6.925, 13],
			"to": [6.225, 7.125, 15.95],
			"rotation": {"angle": -22.5, "axis": "z", "origin": [5.9, 5.5, 14.625]},
			"faces": {
				"north": {"uv": [14.95, 3.2, 15.6, 4.4], "texture": "#0"},
				"east": {"uv": [14.95, 3.2, 15.6, 4.4], "texture": "#0"},
				"south": {"uv": [14.95, 3.2, 15.6, 4.4], "texture": "#0"},
				"west": {"uv": [14.95, 3.2, 15.6, 4.4], "texture": "#0"},
				"up": {"uv": [14.95, 3.2, 15.6, 4.4], "texture": "#0"},
				"down": {"uv": [14.95, 3.2, 15.6, 4.4], "texture": "#0"}
			}
		},
		{
			"from": [7.475, 5.6, 20.925],
			"to": [8.525, 5.675, 21],
			"rotation": {"angle": -45, "axis": "x", "origin": [8, 5.6375, 20.9625]},
			"faces": {
				"north": {"uv": [10.375, 4.8, 10.975, 5.525], "rotation": 90, "texture": "#0"},
				"east": {"uv": [10.375, 4.8, 10.975, 5.525], "rotation": 90, "texture": "#0"},
				"south": {"uv": [10.375, 4.8, 10.975, 5.525], "rotation": 90, "texture": "#0"},
				"west": {"uv": [10.375, 4.8, 10.975, 5.525], "rotation": 90, "texture": "#0"},
				"up": {"uv": [10.375, 4.8, 10.975, 5.525], "rotation": 90, "texture": "#0"},
				"down": {"uv": [10.375, 4.8, 10.975, 5.525], "rotation": 90, "texture": "#0"}
			}
		},
		{
			"from": [7.475, 5.5, 20.925],
			"to": [8.525, 5.575, 21],
			"rotation": {"angle": 0, "axis": "y", "origin": [0, 0, -0.025]},
			"faces": {
				"north": {"uv": [10.375, 4.8, 10.975, 5.525], "texture": "#0"},
				"east": {"uv": [10.375, 4.8, 10.975, 5.525], "texture": "#0"},
				"south": {"uv": [10.375, 4.8, 10.975, 5.525], "texture": "#0"},
				"west": {"uv": [10.375, 4.8, 10.975, 5.525], "texture": "#0"},
				"up": {"uv": [10.375, 4.8, 10.975, 5.525], "texture": "#0"},
				"down": {"uv": [10.375, 4.8, 10.975, 5.525], "texture": "#0"}
			}
		},
		{
			"from": [7.475, 5.55, 21.025],
			"to": [8.525, 5.625, 21.1],
			"rotation": {"angle": 0, "axis": "y", "origin": [8, 5.5875, 21.0625]},
			"faces": {
				"north": {"uv": [10.375, 4.8, 10.975, 5.525], "texture": "#0"},
				"east": {"uv": [10.375, 4.8, 10.975, 5.525], "texture": "#0"},
				"south": {"uv": [10.375, 4.8, 10.975, 5.525], "texture": "#0"},
				"west": {"uv": [10.375, 4.8, 10.975, 5.525], "texture": "#0"},
				"up": {"uv": [10.375, 4.8, 10.975, 5.525], "texture": "#0"},
				"down": {"uv": [10.375, 4.8, 10.975, 5.525], "texture": "#0"}
			}
		},
		{
			"from": [7.475, 5.65, 21.025],
			"to": [8.525, 5.725, 21.1],
			"rotation": {"angle": 0, "axis": "y", "origin": [8, 5.6875, 21.0625]},
			"faces": {
				"north": {"uv": [10.375, 4.8, 10.975, 5.525], "rotation": 90, "texture": "#0"},
				"east": {"uv": [10.375, 4.8, 10.975, 5.525], "rotation": 90, "texture": "#0"},
				"south": {"uv": [10.375, 4.8, 10.975, 5.525], "rotation": 90, "texture": "#0"},
				"west": {"uv": [10.375, 4.8, 10.975, 5.525], "rotation": 90, "texture": "#0"},
				"up": {"uv": [10.375, 4.8, 10.975, 5.525], "rotation": 90, "texture": "#0"},
				"down": {"uv": [10.375, 4.8, 10.975, 5.525], "rotation": 90, "texture": "#0"}
			}
		},
		{
			"from": [7.475, 5.55, 20.825],
			"to": [8.525, 5.625, 20.9],
			"rotation": {"angle": 0, "axis": "y", "origin": [8, 5.5875, 20.8625]},
			"faces": {
				"north": {"uv": [10.375, 4.8, 10.975, 5.525], "texture": "#0"},
				"east": {"uv": [10.375, 4.8, 10.975, 5.525], "texture": "#0"},
				"south": {"uv": [10.375, 4.8, 10.975, 5.525], "texture": "#0"},
				"west": {"uv": [10.375, 4.8, 10.975, 5.525], "texture": "#0"},
				"up": {"uv": [10.375, 4.8, 10.975, 5.525], "texture": "#0"},
				"down": {"uv": [10.375, 4.8, 10.975, 5.525], "texture": "#0"}
			}
		},
		{
			"from": [7.475, 5.65, 20.825],
			"to": [8.525, 5.725, 20.9],
			"rotation": {"angle": 0, "axis": "y", "origin": [8, 5.6875, 20.8625]},
			"faces": {
				"north": {"uv": [10.375, 4.8, 10.975, 5.525], "texture": "#0"},
				"east": {"uv": [10.375, 4.8, 10.975, 5.525], "texture": "#0"},
				"south": {"uv": [10.375, 4.8, 10.975, 5.525], "texture": "#0"},
				"west": {"uv": [10.375, 4.8, 10.975, 5.525], "texture": "#0"},
				"up": {"uv": [10.375, 4.8, 10.975, 5.525], "texture": "#0"},
				"down": {"uv": [10.375, 4.8, 10.975, 5.525], "texture": "#0"}
			}
		},
		{
			"from": [7.475, 5.75, 20.75],
			"to": [8.525, 5.925, 20.825],
			"rotation": {"angle": -45, "axis": "x", "origin": [8, 5.8125, 20.7875]},
			"faces": {
				"north": {"uv": [10.375, 4.8, 10.975, 5.525], "texture": "#0"},
				"east": {"uv": [10.375, 4.8, 10.975, 5.525], "texture": "#0"},
				"south": {"uv": [10.375, 4.8, 10.975, 5.525], "texture": "#0"},
				"west": {"uv": [10.375, 4.8, 10.975, 5.525], "texture": "#0"},
				"up": {"uv": [10.375, 4.8, 10.975, 5.525], "texture": "#0"},
				"down": {"uv": [10.375, 4.8, 10.975, 5.525], "texture": "#0"}
			}
		},
		{
			"from": [7.475, 5.775, 21.075],
			"to": [8.525, 5.85, 21.25],
			"rotation": {"angle": -45, "axis": "x", "origin": [8, 5.8125, 21.1375]},
			"faces": {
				"north": {"uv": [10.375, 4.8, 10.975, 5.525], "texture": "#0"},
				"east": {"uv": [10.375, 4.8, 10.975, 5.525], "texture": "#0"},
				"south": {"uv": [10.375, 4.8, 10.975, 5.525], "texture": "#0"},
				"west": {"uv": [10.375, 4.8, 10.975, 5.525], "texture": "#0"},
				"up": {"uv": [10.375, 4.8, 10.975, 5.525], "texture": "#0"},
				"down": {"uv": [10.375, 4.8, 10.975, 5.525], "texture": "#0"}
			}
		},
		{
			"from": [7.475, 5.35, 21.1],
			"to": [8.525, 5.525, 21.175],
			"rotation": {"angle": -45, "axis": "x", "origin": [8, 5.4625, 21.1375]},
			"faces": {
				"north": {"uv": [10.375, 4.8, 10.975, 5.525], "texture": "#0"},
				"east": {"uv": [10.375, 4.8, 10.975, 5.525], "texture": "#0"},
				"south": {"uv": [10.375, 4.8, 10.975, 5.525], "texture": "#0"},
				"west": {"uv": [10.375, 4.8, 10.975, 5.525], "texture": "#0"},
				"up": {"uv": [10.375, 4.8, 10.975, 5.525], "texture": "#0"},
				"down": {"uv": [10.375, 4.8, 10.975, 5.525], "texture": "#0"}
			}
		},
		{
			"from": [7.475, 5.35, 20.75],
			"to": [8.525, 5.525, 20.825],
			"rotation": {"angle": 45, "axis": "x", "origin": [8, 5.4625, 20.7875]},
			"faces": {
				"north": {"uv": [10.375, 4.8, 10.975, 5.525], "texture": "#0"},
				"east": {"uv": [10.375, 4.8, 10.975, 5.525], "texture": "#0"},
				"south": {"uv": [10.375, 4.8, 10.975, 5.525], "texture": "#0"},
				"west": {"uv": [10.375, 4.8, 10.975, 5.525], "texture": "#0"},
				"up": {"uv": [10.375, 4.8, 10.975, 5.525], "texture": "#0"},
				"down": {"uv": [10.375, 4.8, 10.975, 5.525], "texture": "#0"}
			}
		},
		{
			"from": [7.475, 5.7, 20.925],
			"to": [8.525, 5.775, 21],
			"rotation": {"angle": 0, "axis": "y", "origin": [0, 0, -0.025]},
			"faces": {
				"north": {"uv": [10.375, 4.8, 10.975, 5.525], "texture": "#0"},
				"east": {"uv": [10.375, 4.8, 10.975, 5.525], "texture": "#0"},
				"south": {"uv": [10.375, 4.8, 10.975, 5.525], "texture": "#0"},
				"west": {"uv": [10.375, 4.8, 10.975, 5.525], "texture": "#0"},
				"up": {"uv": [10.375, 4.8, 10.975, 5.525], "texture": "#0"},
				"down": {"uv": [10.375, 4.8, 10.975, 5.525], "texture": "#0"}
			}
		},
		{
			"from": [7.475, 5.83874, 21.04547],
			"to": [8.525, 6.11374, 21.14547],
			"rotation": {"angle": 22.5, "axis": "x", "origin": [8, 5.92117, 20.9625]},
			"faces": {
				"north": {"uv": [10.375, 4.8, 10.975, 5.525], "texture": "#0"},
				"east": {"uv": [10.375, 4.8, 10.975, 5.525], "texture": "#0"},
				"south": {"uv": [10.375, 4.8, 10.975, 5.525], "texture": "#0"},
				"west": {"uv": [10.375, 4.8, 10.975, 5.525], "texture": "#0"},
				"up": {"uv": [10.375, 4.8, 10.975, 5.525], "texture": "#0"},
				"down": {"uv": [10.375, 4.8, 10.975, 5.525], "texture": "#0"}
			}
		},
		{
			"from": [7.475, 5.83875, 20.77953],
			"to": [8.525, 6.11375, 20.87953],
			"rotation": {"angle": -22.5, "axis": "x", "origin": [8, 5.92117, 20.9625]},
			"faces": {
				"north": {"uv": [10.375, 4.8, 10.975, 5.525], "texture": "#0"},
				"east": {"uv": [10.375, 4.8, 10.975, 5.525], "texture": "#0"},
				"south": {"uv": [10.375, 4.8, 10.975, 5.525], "texture": "#0"},
				"west": {"uv": [10.375, 4.8, 10.975, 5.525], "texture": "#0"},
				"up": {"uv": [10.375, 4.8, 10.975, 5.525], "texture": "#0"},
				"down": {"uv": [10.375, 4.8, 10.975, 5.525], "texture": "#0"}
			}
		},
		{
			"from": [7.475, 5.45453, 21.16375],
			"to": [8.525, 5.55453, 21.43875],
			"rotation": {"angle": 22.5, "axis": "x", "origin": [8, 5.6375, 21.24617]},
			"faces": {
				"north": {"uv": [10.375, 4.8, 10.975, 5.525], "rotation": 90, "texture": "#0"},
				"east": {"uv": [10.375, 4.8, 10.975, 5.525], "rotation": 90, "texture": "#0"},
				"south": {"uv": [10.375, 4.8, 10.975, 5.525], "rotation": 90, "texture": "#0"},
				"west": {"uv": [10.375, 4.8, 10.975, 5.525], "rotation": 90, "texture": "#0"},
				"up": {"uv": [10.375, 4.8, 10.975, 5.525], "rotation": 90, "texture": "#0"},
				"down": {"uv": [10.375, 4.8, 10.975, 5.525], "rotation": 90, "texture": "#0"}
			}
		},
		{
			"from": [7.475, 5.72047, 21.16375],
			"to": [8.525, 5.82047, 21.43875],
			"rotation": {"angle": -22.5, "axis": "x", "origin": [8, 5.6375, 21.24617]},
			"faces": {
				"north": {"uv": [10.375, 4.8, 10.975, 5.525], "rotation": 90, "texture": "#0"},
				"east": {"uv": [10.375, 4.8, 10.975, 5.525], "rotation": 90, "texture": "#0"},
				"south": {"uv": [10.375, 4.8, 10.975, 5.525], "rotation": 90, "texture": "#0"},
				"west": {"uv": [10.375, 4.8, 10.975, 5.525], "rotation": 90, "texture": "#0"},
				"up": {"uv": [10.375, 4.8, 10.975, 5.525], "rotation": 90, "texture": "#0"},
				"down": {"uv": [10.375, 4.8, 10.975, 5.525], "rotation": 90, "texture": "#0"}
			}
		},
		{
			"from": [7.475, 5.72047, 20.48625],
			"to": [8.525, 5.82047, 20.76125],
			"rotation": {"angle": 22.5, "axis": "x", "origin": [8, 5.6375, 20.67883]},
			"faces": {
				"north": {"uv": [10.375, 4.8, 10.975, 5.525], "rotation": 270, "texture": "#0"},
				"east": {"uv": [10.375, 4.8, 10.975, 5.525], "rotation": 270, "texture": "#0"},
				"south": {"uv": [10.375, 4.8, 10.975, 5.525], "rotation": 270, "texture": "#0"},
				"west": {"uv": [10.375, 4.8, 10.975, 5.525], "rotation": 270, "texture": "#0"},
				"up": {"uv": [10.375, 4.8, 10.975, 5.525], "rotation": 270, "texture": "#0"},
				"down": {"uv": [10.375, 4.8, 10.975, 5.525], "rotation": 270, "texture": "#0"}
			}
		},
		{
			"from": [7.475, 5.45453, 20.48625],
			"to": [8.525, 5.55453, 20.76125],
			"rotation": {"angle": -22.5, "axis": "x", "origin": [8, 5.6375, 20.67883]},
			"faces": {
				"north": {"uv": [10.375, 4.8, 10.975, 5.525], "rotation": 270, "texture": "#0"},
				"east": {"uv": [10.375, 4.8, 10.975, 5.525], "rotation": 270, "texture": "#0"},
				"south": {"uv": [10.375, 4.8, 10.975, 5.525], "rotation": 270, "texture": "#0"},
				"west": {"uv": [10.375, 4.8, 10.975, 5.525], "rotation": 270, "texture": "#0"},
				"up": {"uv": [10.375, 4.8, 10.975, 5.525], "rotation": 270, "texture": "#0"},
				"down": {"uv": [10.375, 4.8, 10.975, 5.525], "rotation": 270, "texture": "#0"}
			}
		},
		{
			"from": [7.475, 5.16125, 20.77953],
			"to": [8.525, 5.43625, 20.87953],
			"rotation": {"angle": 22.5, "axis": "x", "origin": [8, 5.35383, 20.9625]},
			"faces": {
				"north": {"uv": [10.375, 4.8, 10.975, 5.525], "rotation": 180, "texture": "#0"},
				"east": {"uv": [10.375, 4.8, 10.975, 5.525], "rotation": 180, "texture": "#0"},
				"south": {"uv": [10.375, 4.8, 10.975, 5.525], "rotation": 180, "texture": "#0"},
				"west": {"uv": [10.375, 4.8, 10.975, 5.525], "rotation": 180, "texture": "#0"},
				"up": {"uv": [10.375, 4.8, 10.975, 5.525], "rotation": 180, "texture": "#0"},
				"down": {"uv": [10.375, 4.8, 10.975, 5.525], "rotation": 180, "texture": "#0"}
			}
		},
		{
			"from": [7.475, 5.16125, 21.04547],
			"to": [8.525, 5.43625, 21.14547],
			"rotation": {"angle": -22.5, "axis": "x", "origin": [8, 5.35383, 20.9625]},
			"faces": {
				"north": {"uv": [10.375, 4.8, 10.975, 5.525], "rotation": 180, "texture": "#0"},
				"east": {"uv": [10.375, 4.8, 10.975, 5.525], "rotation": 180, "texture": "#0"},
				"south": {"uv": [10.375, 4.8, 10.975, 5.525], "rotation": 180, "texture": "#0"},
				"west": {"uv": [10.375, 4.8, 10.975, 5.525], "rotation": 180, "texture": "#0"},
				"up": {"uv": [10.375, 4.8, 10.975, 5.525], "rotation": 180, "texture": "#0"},
				"down": {"uv": [10.375, 4.8, 10.975, 5.525], "rotation": 180, "texture": "#0"}
			}
		},
		{
			"from": [7.375, 4.85, -1.7],
			"to": [8.6, 5.2, -1.075],
			"rotation": {"angle": 0, "axis": "y", "origin": [0, 0.45, 0.075]},
			"faces": {
				"north": {"uv": [12, 3.5, 12.725, 3.8], "texture": "#0"},
				"east": {"uv": [12, 3.5, 12.725, 3.8], "texture": "#0"},
				"south": {"uv": [12, 3.5, 12.725, 3.8], "texture": "#0"},
				"west": {"uv": [12, 3.5, 12.725, 3.8], "texture": "#0"},
				"up": {"uv": [12, 3.5, 12.725, 3.8], "texture": "#0"},
				"down": {"uv": [12, 3.5, 12.725, 3.8], "texture": "#0"}
			}
		},
		{
			"from": [9.05337, 4.55, 9.02297],
			"to": [10.27837, 5.05, 9.27297],
			"rotation": {"angle": 45, "axis": "y", "origin": [4.67837, 0.15, 10.42297]},
			"faces": {
				"north": {"uv": [12, 3.5, 12.725, 3.95], "texture": "#0"},
				"east": {"uv": [12, 3.5, 12.725, 3.95], "texture": "#0"},
				"south": {"uv": [12, 3.5, 12.725, 3.95], "texture": "#0"},
				"west": {"uv": [12, 3.5, 12.725, 3.95], "texture": "#0"},
				"up": {"uv": [12, 3.5, 12.725, 3.95], "texture": "#0"},
				"down": {"uv": [12, 3.5, 12.725, 3.95], "texture": "#0"}
			}
		},
		{
			"from": [11.61491, 4.55, 2.75468],
			"to": [11.86491, 5.05, 3.97968],
			"rotation": {"angle": 45, "axis": "y", "origin": [13.38991, 0.2, 8.35468]},
			"faces": {
				"north": {"uv": [12, 3.5, 11.75, 3.95], "texture": "#0"},
				"east": {"uv": [12, 3.5, 11.75, 3.95], "texture": "#0"},
				"south": {"uv": [12, 3.5, 11.75, 3.95], "texture": "#0"},
				"west": {"uv": [12, 3.5, 11.75, 3.95], "texture": "#0"},
				"up": {"uv": [12, 3.5, 11.75, 3.95], "texture": "#0"},
				"down": {"uv": [12, 3.5, 11.75, 3.95], "texture": "#0"}
			}
		},
		{
			"from": [7.475, 4.6, -0.975],
			"to": [7.825, 5, 5.65],
			"rotation": {"angle": 0, "axis": "y", "origin": [0.2, 0, -0.3]},
			"faces": {
				"north": {"uv": [11.8, 3.4, 12.65, 4.025], "texture": "#0"},
				"east": {"uv": [11.8, 3.4, 12.65, 4.025], "texture": "#0"},
				"south": {"uv": [11.8, 3.4, 12.65, 4.025], "texture": "#0"},
				"west": {"uv": [11.8, 3.4, 12.65, 4.025], "texture": "#0"},
				"up": {"uv": [11.8, 3.4, 12.65, 4.025], "texture": "#0"},
				"down": {"uv": [11.8, 3.4, 12.65, 4.025], "texture": "#0"}
			}
		},
		{
			"from": [8.175, 4.6, -0.975],
			"to": [8.525, 5, 5.65],
			"rotation": {"angle": 0, "axis": "y", "origin": [-0.2, 0, -0.3]},
			"faces": {
				"north": {"uv": [11.8, 3.4, 12.65, 4.025], "texture": "#0"},
				"east": {"uv": [11.8, 3.4, 12.65, 4.025], "texture": "#0"},
				"south": {"uv": [11.8, 3.4, 12.65, 4.025], "texture": "#0"},
				"west": {"uv": [11.8, 3.4, 12.65, 4.025], "texture": "#0"},
				"up": {"uv": [11.8, 3.4, 12.65, 4.025], "texture": "#0"},
				"down": {"uv": [11.8, 3.4, 12.65, 4.025], "texture": "#0"}
			}
		},
		{
			"from": [7.575, 6.53882, 0.5143],
			"to": [7.825, 7.03882, 0.8143],
			"rotation": {"angle": -45, "axis": "x", "origin": [0.1, 3.93882, 2.0893]},
			"faces": {
				"north": {"uv": [12, 3.5, 11.75, 3.95], "texture": "#0"},
				"east": {"uv": [12, 3.5, 11.75, 3.95], "texture": "#0"},
				"south": {"uv": [12, 3.5, 11.75, 3.95], "texture": "#0"},
				"west": {"uv": [12, 3.5, 11.75, 3.95], "texture": "#0"},
				"up": {"uv": [12, 3.5, 11.75, 3.95], "texture": "#0"},
				"down": {"uv": [12, 3.5, 11.75, 3.95], "texture": "#0"}
			}
		},
		{
			"from": [8.175, 5.90242, 0.77791],
			"to": [8.425, 6.40242, 1.07791],
			"rotation": {"angle": -45, "axis": "x", "origin": [1.9, 3.30242, 1.45291]},
			"faces": {
				"north": {"uv": [12, 3.5, 11.75, 3.95], "texture": "#0"},
				"east": {"uv": [12, 3.5, 11.75, 3.95], "texture": "#0"},
				"south": {"uv": [12, 3.5, 11.75, 3.95], "texture": "#0"},
				"west": {"uv": [12, 3.5, 11.75, 3.95], "texture": "#0"},
				"up": {"uv": [12, 3.5, 11.75, 3.95], "texture": "#0"},
				"down": {"uv": [12, 3.5, 11.75, 3.95], "texture": "#0"}
			}
		}
	],
	"display": {
		"thirdperson_righthand": {
			"translation": [0, 4.25, -6.75]
		},
		"thirdperson_lefthand": {
			"translation": [0, 3.25, 0]
		},
		"firstperson_righthand": {
			"translation": [-2.75, 6, 0]
		},
		"gui": {
			"rotation": [52.96, -40.13, 55.91],
			"translation": [0, 3.25, 0],
			"scale": [1, 0.9, 0.8]
		},
		"fixed": {
			"rotation": [8, 90, 0],
			"translation": [0, 0.75, 0]
		}
	},
	"groups": [
		{
			"name": "gun",
			"origin": [0, 0, 0],
			"color": 0,
			"children": [
				{
					"name": "stock",
					"origin": [0, 0, 0],
					"color": 0,
					"children": [
						{
							"name": "wood",
							"origin": [0, 0, 0],
							"color": 0,
							"children": [0, 1, 2, 3]
						},
						{
							"name": "metal",
							"origin": [0, 0, 0],
							"color": 0,
							"children": [4, 5, 6, 7, 8, 9, 10]
						}
					]
				},
				{
					"name": "action",
					"origin": [0, 0, 0],
					"color": 0,
					"children": [11, 12, 13, 14, 15, 16, 17, 18, 19]
				},
				{
					"name": "barrel",
					"origin": [0, 0, 0],
					"color": 0,
					"children": [
						20,
						21,
						22,
						23,
						24,
						25,
						26,
						27,
						28,
						29,
						30,
						31,
						32,
						33,
						34,
						35,
						36,
						37,
						38,
						39,
						40,
						{
							"name": "tip",
							"origin": [0, 0, 0],
							"color": 0,
							"children": [41, 42, 43, 44, 45, 46, 47, 48, 49, 50, 51, 52, 53, 54, 55, 56]
						}
					]
				},
				{
					"name": "trigger",
					"origin": [0, 0, 0],
					"color": 0,
					"children": [
						57,
						58,
						59,
						60,
						61,
						62,
						63,
						64,
						65,
						66,
						67,
						68,
						69,
						70,
						71,
						72,
						73,
						74,
						75,
						76,
						77,
						{
							"name": "wood",
							"origin": [0, 0, 0],
							"color": 0,
							"children": [78, 79, 80]
						},
						81,
						82
					]
				},
				{
					"name": "ironsights",
					"origin": [0, 0, 0],
					"color": 0,
					"children": [83, 84, 85, 86, 87, 88, 89, 90, 91]
				},
				{
					"name": "magazine",
					"origin": [0, 0, 0],
					"color": 0,
					"children": [92, 93, 94, 95, 96, 97, 98, 99, 100, 101, 102, 103, 104, 105, 106, 107, 108, 109, 110, 111, 112, 113]
				},
				{
					"name": "insignia",
					"origin": [0, 0, 0],
					"color": 0,
					"children": [114, 115, 116, 117, 118, 119, 120, 121, 122, 123, 124, 125, 126, 127, 128, 129, 130, 131, 132]
				},
				{
					"name": "bipod",
					"origin": [0, 0, 0],
					"color": 0,
					"children": [133, 134, 135, 136, 137, 138, 139]
				}
			]
		}
	]
}