{
	"credit": "Made with Blockbench",
	"textures": {
		"1": "item/gun/xeth_rifle1",
		"particle": "item/xeth_ww1_rifles"
	},
	"elements": [
		{
			"from": [11.15, 7.2, 0.7],
			"to": [11.89, 7.34283, 1.11144],
			"rotation": {"angle": 0, "axis": "y", "origin": [11.70381, 5.13581, 7.1708]},
			"faces": {
				"north": {"uv": [13.25, 3.15, 14.25, 4.15], "texture": "#1"},
				"east": {"uv": [13.25, 3.15, 14.25, 4.15], "texture": "#1"},
				"south": {"uv": [13.25, 3.15, 14.25, 4.15], "texture": "#1"},
				"west": {"uv": [13.25, 3.15, 14.25, 4.15], "texture": "#1"},
				"up": {"uv": [13.25, 3.15, 14.25, 4.15], "texture": "#1"},
				"down": {"uv": [13.25, 3.15, 14.25, 4.15], "texture": "#1"}
			}
		},
		{
			"from": [11.02687, 7.08246, -6.9],
			"to": [11.36687, 7.25029, 1.11144],
			"rotation": {"angle": -22.5, "axis": "z", "origin": [11.70381, 5.13581, 7.1708]},
			"faces": {
				"north": {"uv": [13.25, 3.15, 14.25, 4.15], "texture": "#1"},
				"east": {"uv": [13.25, 3.15, 14.25, 4.15], "texture": "#1"},
				"south": {"uv": [13.25, 3.15, 14.25, 4.15], "texture": "#1"},
				"west": {"uv": [13.25, 3.15, 14.25, 4.15], "texture": "#1"},
				"up": {"uv": [13.25, 3.15, 14.25, 4.15], "texture": "#1"},
				"down": {"uv": [13.25, 3.15, 14.25, 4.15], "texture": "#1"}
			}
		},
		{
			"from": [11.6873, 7.22886, -6.9],
			"to": [12.0273, 7.39669, 1.11144],
			"rotation": {"angle": 22.5, "axis": "z", "origin": [11.70381, 5.13581, 7.1708]},
			"faces": {
				"north": {"uv": [13.25, 3.15, 14.25, 4.15], "rotation": 180, "texture": "#1"},
				"east": {"uv": [13.25, 3.15, 14.25, 4.15], "rotation": 180, "texture": "#1"},
				"south": {"uv": [13.25, 3.15, 14.25, 4.15], "rotation": 180, "texture": "#1"},
				"west": {"uv": [13.25, 3.15, 14.25, 4.15], "rotation": 180, "texture": "#1"},
				"up": {"uv": [13.25, 3.15, 14.25, 4.15], "rotation": 180, "texture": "#1"},
				"down": {"uv": [13.25, 3.15, 14.25, 4.15], "rotation": 180, "texture": "#1"}
			}
		},
		{
			"from": [11.29859, 7.30142, 0.9],
			"to": [11.74142, 7.74142, 8.93644],
			"rotation": {"angle": 0, "axis": "y", "origin": [11.70381, 5.13581, 7.1708]},
			"faces": {
				"north": {"uv": [0.35, 3.5, 3.1, 6], "rotation": 90, "texture": "#1"},
				"east": {"uv": [2.4, 3.45, 3.4, 4.45], "rotation": 270, "texture": "#1"},
				"south": {"uv": [11.7, 3.25, 12.7, 4.25], "rotation": 270, "texture": "#1"},
				"west": {"uv": [2.45, 3.5, 3.45, 4.5], "rotation": 270, "texture": "#1"},
				"up": {"uv": [2.45, 3.5, 3.45, 4.5], "rotation": 270, "texture": "#1"},
				"down": {"uv": [2.55, 3.45, 3.55, 4.45], "rotation": 270, "texture": "#1"}
			}
		},
		{
			"from": [11.29859, 10.88251, 3.39395],
			"to": [11.74142, 11.32251, 4.63039],
			"rotation": {"angle": -45, "axis": "x", "origin": [11.70381, 5.13581, 7.1708]},
			"faces": {
				"north": {"uv": [0.35, 3.5, 3.1, 6], "rotation": 90, "texture": "#1"},
				"east": {"uv": [2.4, 3.45, 3.4, 4.45], "rotation": 270, "texture": "#1"},
				"south": {"uv": [11.7, 3.25, 12.7, 4.25], "rotation": 270, "texture": "#1"},
				"west": {"uv": [2.45, 3.5, 3.45, 4.5], "rotation": 270, "texture": "#1"},
				"up": {"uv": [2.45, 3.5, 3.45, 4.5], "rotation": 270, "texture": "#1"},
				"down": {"uv": [2.55, 3.45, 3.55, 4.45], "rotation": 270, "texture": "#1"}
			}
		},
		{
			"from": [11.29859, 6.50142, -6.7],
			"to": [11.74142, 6.94142, 1.33644],
			"rotation": {"angle": 0, "axis": "y", "origin": [11.70381, 5.13581, 7.1708]},
			"faces": {
				"north": {"uv": [0.35, 3.5, 3.1, 6], "rotation": 90, "texture": "#1"},
				"east": {"uv": [2.4, 3.45, 3.4, 4.45], "rotation": 270, "texture": "#1"},
				"south": {"uv": [11.7, 3.25, 12.7, 4.25], "rotation": 270, "texture": "#1"},
				"west": {"uv": [2.45, 3.5, 3.45, 4.5], "rotation": 270, "texture": "#1"},
				"up": {"uv": [2.45, 3.5, 3.45, 4.5], "rotation": 270, "texture": "#1"},
				"down": {"uv": [2.55, 3.45, 3.55, 4.45], "rotation": 270, "texture": "#1"}
			}
		},
		{
			"from": [11.29859, 6.50142, 1.3],
			"to": [11.74142, 6.94142, 9.33644],
			"rotation": {"angle": 0, "axis": "y", "origin": [11.70381, 5.13581, 7.1708]},
			"faces": {
				"north": {"uv": [0.35, 3.5, 3.1, 6], "rotation": 90, "texture": "#1"},
				"east": {"uv": [2.4, 3.45, 3.4, 4.45], "rotation": 270, "texture": "#1"},
				"south": {"uv": [11.7, 3.25, 12.7, 4.25], "rotation": 270, "texture": "#1"},
				"west": {"uv": [2.45, 3.5, 3.45, 4.5], "rotation": 270, "texture": "#1"},
				"up": {"uv": [2.45, 3.5, 3.45, 4.5], "rotation": 270, "texture": "#1"},
				"down": {"uv": [2.55, 3.45, 3.55, 4.45], "rotation": 270, "texture": "#1"}
			}
		},
		{
			"from": [12.2536, 5.98292, -6.6],
			"to": [12.5936, 6.15075, 1.11144],
			"rotation": {"angle": 22.5, "axis": "z", "origin": [11.70381, 5.13581, 7.1708]},
			"faces": {
				"north": {"uv": [13.25, 3.15, 14.25, 4.15], "texture": "#1"},
				"east": {"uv": [13.25, 3.15, 14.25, 4.15], "texture": "#1"},
				"south": {"uv": [13.25, 3.15, 14.25, 4.15], "texture": "#1"},
				"west": {"uv": [13.25, 3.15, 14.25, 4.15], "texture": "#1"},
				"up": {"uv": [13.25, 3.15, 14.25, 4.15], "texture": "#1"},
				"down": {"uv": [13.25, 3.15, 14.25, 4.15], "texture": "#1"}
			}
		},
		{
			"from": [11.15, 6.13438, -6.6],
			"to": [11.89, 6.27721, 1.11144],
			"rotation": {"angle": 0, "axis": "y", "origin": [11.70381, 5.13581, 7.1708]},
			"faces": {
				"north": {"uv": [13.25, 3.15, 14.25, 4.15], "rotation": 180, "texture": "#1"},
				"east": {"uv": [13.25, 3.15, 14.25, 4.15], "rotation": 180, "texture": "#1"},
				"south": {"uv": [13.25, 3.15, 14.25, 4.15], "rotation": 180, "texture": "#1"},
				"west": {"uv": [13.25, 3.15, 14.25, 4.15], "rotation": 180, "texture": "#1"},
				"up": {"uv": [13.25, 3.15, 14.25, 4.15], "rotation": 180, "texture": "#1"},
				"down": {"uv": [13.25, 3.15, 14.25, 4.15], "rotation": 180, "texture": "#1"}
			}
		},
		{
			"from": [10.46057, 5.83652, -6.6],
			"to": [10.80057, 6.00435, 1.11144],
			"rotation": {"angle": -22.5, "axis": "z", "origin": [11.70381, 5.13581, 7.1708]},
			"faces": {
				"north": {"uv": [13.25, 3.15, 14.25, 4.15], "rotation": 180, "texture": "#1"},
				"east": {"uv": [13.25, 3.15, 14.25, 4.15], "rotation": 180, "texture": "#1"},
				"south": {"uv": [13.25, 3.15, 14.25, 4.15], "rotation": 180, "texture": "#1"},
				"west": {"uv": [13.25, 3.15, 14.25, 4.15], "rotation": 180, "texture": "#1"},
				"up": {"uv": [13.25, 3.15, 14.25, 4.15], "rotation": 180, "texture": "#1"},
				"down": {"uv": [13.25, 3.15, 14.25, 4.15], "rotation": 180, "texture": "#1"}
			}
		},
		{
			"from": [10.8, 6.3, -3.2],
			"to": [10.9, 7.2, -2.5],
			"rotation": {"angle": 0, "axis": "y", "origin": [11.70381, 5.13581, 7.1708]},
			"faces": {
				"north": {"uv": [13.25, 3.15, 13.75, 4.15], "rotation": 180, "texture": "#1"},
				"east": {"uv": [13.25, 3.15, 13.75, 4.15], "rotation": 180, "texture": "#1"},
				"south": {"uv": [13.25, 3.15, 13.75, 4.15], "rotation": 180, "texture": "#1"},
				"west": {"uv": [13.25, 3.15, 13.75, 4.15], "rotation": 180, "texture": "#1"},
				"up": {"uv": [13.25, 3.15, 13.75, 4.15], "rotation": 180, "texture": "#1"},
				"down": {"uv": [13.25, 3.15, 13.75, 4.15], "rotation": 180, "texture": "#1"}
			}
		},
		{
			"from": [10.8, 6.3, -1.8],
			"to": [10.9, 7.2, -1.1],
			"rotation": {"angle": 0, "axis": "y", "origin": [11.70381, 5.13581, 7.1708]},
			"faces": {
				"north": {"uv": [13.25, 3.15, 13.75, 4.15], "rotation": 180, "texture": "#1"},
				"east": {"uv": [13.25, 3.15, 13.75, 4.15], "rotation": 180, "texture": "#1"},
				"south": {"uv": [13.25, 3.15, 13.75, 4.15], "rotation": 180, "texture": "#1"},
				"west": {"uv": [13.25, 3.15, 13.75, 4.15], "rotation": 180, "texture": "#1"},
				"up": {"uv": [13.25, 3.15, 13.75, 4.15], "rotation": 180, "texture": "#1"},
				"down": {"uv": [13.25, 3.15, 13.75, 4.15], "rotation": 180, "texture": "#1"}
			}
		},
		{
			"from": [10.8, 6.3, -0.4],
			"to": [10.9, 7.2, 0.3],
			"rotation": {"angle": 0, "axis": "y", "origin": [11.70381, 5.13581, 7.1708]},
			"faces": {
				"north": {"uv": [13.25, 3.15, 13.75, 4.15], "rotation": 180, "texture": "#1"},
				"east": {"uv": [13.25, 3.15, 13.75, 4.15], "rotation": 180, "texture": "#1"},
				"south": {"uv": [13.25, 3.15, 13.75, 4.15], "rotation": 180, "texture": "#1"},
				"west": {"uv": [13.25, 3.15, 13.75, 4.15], "rotation": 180, "texture": "#1"},
				"up": {"uv": [13.25, 3.15, 13.75, 4.15], "rotation": 180, "texture": "#1"},
				"down": {"uv": [13.25, 3.15, 13.75, 4.15], "rotation": 180, "texture": "#1"}
			}
		},
		{
			"from": [12.1, 6.3, -4.6],
			"to": [12.2, 7.2, -3.9],
			"rotation": {"angle": 0, "axis": "y", "origin": [11.70381, 5.13581, 7.1708]},
			"faces": {
				"north": {"uv": [13.25, 3.15, 13.75, 4.15], "rotation": 180, "texture": "#1"},
				"east": {"uv": [13.25, 3.15, 13.75, 4.15], "rotation": 180, "texture": "#1"},
				"south": {"uv": [13.25, 3.15, 13.75, 4.15], "rotation": 180, "texture": "#1"},
				"west": {"uv": [13.25, 3.15, 13.75, 4.15], "rotation": 180, "texture": "#1"},
				"up": {"uv": [13.25, 3.15, 13.75, 4.15], "rotation": 180, "texture": "#1"},
				"down": {"uv": [13.25, 3.15, 13.75, 4.15], "rotation": 180, "texture": "#1"}
			}
		},
		{
			"from": [12.1, 6.3, -3.2],
			"to": [12.2, 7.2, -2.5],
			"rotation": {"angle": 0, "axis": "y", "origin": [11.70381, 5.13581, 7.1708]},
			"faces": {
				"north": {"uv": [13.25, 3.15, 13.75, 4.15], "rotation": 180, "texture": "#1"},
				"east": {"uv": [13.25, 3.15, 13.75, 4.15], "rotation": 180, "texture": "#1"},
				"south": {"uv": [13.25, 3.15, 13.75, 4.15], "rotation": 180, "texture": "#1"},
				"west": {"uv": [13.25, 3.15, 13.75, 4.15], "rotation": 180, "texture": "#1"},
				"up": {"uv": [13.25, 3.15, 13.75, 4.15], "rotation": 180, "texture": "#1"},
				"down": {"uv": [13.25, 3.15, 13.75, 4.15], "rotation": 180, "texture": "#1"}
			}
		},
		{
			"from": [12.1, 6.3, -1.8],
			"to": [12.2, 7.2, -1.1],
			"rotation": {"angle": 0, "axis": "y", "origin": [11.70381, 5.13581, 7.1708]},
			"faces": {
				"north": {"uv": [13.25, 3.15, 13.75, 4.15], "rotation": 180, "texture": "#1"},
				"east": {"uv": [13.25, 3.15, 13.75, 4.15], "rotation": 180, "texture": "#1"},
				"south": {"uv": [13.25, 3.15, 13.75, 4.15], "rotation": 180, "texture": "#1"},
				"west": {"uv": [13.25, 3.15, 13.75, 4.15], "rotation": 180, "texture": "#1"},
				"up": {"uv": [13.25, 3.15, 13.75, 4.15], "rotation": 180, "texture": "#1"},
				"down": {"uv": [13.25, 3.15, 13.75, 4.15], "rotation": 180, "texture": "#1"}
			}
		},
		{
			"from": [12.1, 6.3, -0.4],
			"to": [12.2, 7.2, 0.3],
			"rotation": {"angle": 0, "axis": "y", "origin": [11.70381, 5.13581, 7.1708]},
			"faces": {
				"north": {"uv": [13.25, 3.15, 13.75, 4.15], "rotation": 180, "texture": "#1"},
				"east": {"uv": [13.25, 3.15, 13.75, 4.15], "rotation": 180, "texture": "#1"},
				"south": {"uv": [13.25, 3.15, 13.75, 4.15], "rotation": 180, "texture": "#1"},
				"west": {"uv": [13.25, 3.15, 13.75, 4.15], "rotation": 180, "texture": "#1"},
				"up": {"uv": [13.25, 3.15, 13.75, 4.15], "rotation": 180, "texture": "#1"},
				"down": {"uv": [13.25, 3.15, 13.75, 4.15], "rotation": 180, "texture": "#1"}
			}
		},
		{
			"from": [12, 6.35, 0.7],
			"to": [12.1, 7.15, 1.1],
			"rotation": {"angle": 0, "axis": "y", "origin": [11.70381, 5.13581, 7.1708]},
			"faces": {
				"north": {"uv": [13.25, 3.15, 13.75, 4.15], "texture": "#1"},
				"east": {"uv": [13.25, 3.15, 13.75, 4.15], "texture": "#1"},
				"south": {"uv": [13.25, 3.15, 13.75, 4.15], "texture": "#1"},
				"west": {"uv": [13.25, 3.15, 13.75, 4.15], "texture": "#1"},
				"up": {"uv": [13.25, 3.15, 13.75, 4.15], "rotation": 180, "texture": "#1"},
				"down": {"uv": [13.25, 3.15, 13.75, 4.15], "rotation": 180, "texture": "#1"}
			}
		},
		{
			"from": [10.8, 6.3, -4.6],
			"to": [10.9, 7.2, -3.9],
			"rotation": {"angle": 0, "axis": "y", "origin": [11.70381, 5.13581, 7.1708]},
			"faces": {
				"north": {"uv": [13.25, 3.15, 13.75, 4.15], "rotation": 180, "texture": "#1"},
				"east": {"uv": [13.25, 3.15, 13.75, 4.15], "rotation": 180, "texture": "#1"},
				"south": {"uv": [13.25, 3.15, 13.75, 4.15], "rotation": 180, "texture": "#1"},
				"west": {"uv": [13.25, 3.15, 13.75, 4.15], "rotation": 180, "texture": "#1"},
				"up": {"uv": [13.25, 3.15, 13.75, 4.15], "rotation": 180, "texture": "#1"},
				"down": {"uv": [13.25, 3.15, 13.75, 4.15], "rotation": 180, "texture": "#1"}
			}
		},
		{
			"from": [10.9, 6.4, -6],
			"to": [11, 7.1, -5.3],
			"rotation": {"angle": 0, "axis": "y", "origin": [11.70381, 5.13581, 7.1708]},
			"faces": {
				"north": {"uv": [13.25, 3.15, 13.75, 4.15], "rotation": 180, "texture": "#1"},
				"east": {"uv": [13.25, 3.15, 13.75, 4.15], "rotation": 180, "texture": "#1"},
				"south": {"uv": [13.25, 3.15, 13.75, 4.15], "rotation": 180, "texture": "#1"},
				"west": {"uv": [13.25, 3.15, 13.75, 4.15], "rotation": 180, "texture": "#1"},
				"up": {"uv": [13.25, 3.15, 13.75, 4.15], "rotation": 180, "texture": "#1"},
				"down": {"uv": [13.25, 3.15, 13.75, 4.15], "rotation": 180, "texture": "#1"}
			}
		},
		{
			"from": [11.9, 11.3633, -5.06594],
			"to": [12, 12.3633, -4.76594],
			"rotation": {"angle": -22.5, "axis": "x", "origin": [11.70381, 5.13581, 7.1708]},
			"faces": {
				"north": {"uv": [13.25, 3.15, 13.75, 4.15], "texture": "#1"},
				"east": {"uv": [13.25, 3.15, 13.75, 4.15], "rotation": 90, "texture": "#1"},
				"south": {"uv": [13.25, 3.15, 13.75, 4.15], "rotation": 180, "texture": "#1"},
				"west": {"uv": [13.25, 3.15, 13.75, 4.15], "rotation": 270, "texture": "#1"},
				"up": {"uv": [13.25, 3.15, 13.75, 4.15], "texture": "#1"},
				"down": {"uv": [13.25, 3.15, 13.75, 4.15], "rotation": 180, "texture": "#1"}
			}
		},
		{
			"from": [11, 11.3633, -5.06594],
			"to": [11.1, 12.3633, -4.76594],
			"rotation": {"angle": -22.5, "axis": "x", "origin": [11.70381, 5.13581, 7.1708]},
			"faces": {
				"north": {"uv": [13.25, 3.15, 13.75, 4.15], "texture": "#1"},
				"east": {"uv": [13.25, 3.15, 13.75, 4.15], "rotation": 90, "texture": "#1"},
				"south": {"uv": [13.25, 3.15, 13.75, 4.15], "rotation": 180, "texture": "#1"},
				"west": {"uv": [13.25, 3.15, 13.75, 4.15], "rotation": 270, "texture": "#1"},
				"up": {"uv": [13.25, 3.15, 13.75, 4.15], "texture": "#1"},
				"down": {"uv": [13.25, 3.15, 13.75, 4.15], "rotation": 180, "texture": "#1"}
			}
		},
		{
			"from": [10.9, 6.35, 0.7],
			"to": [11, 7.15, 1.1],
			"rotation": {"angle": 0, "axis": "y", "origin": [11.70381, 5.13581, 7.1708]},
			"faces": {
				"north": {"uv": [13.25, 3.15, 13.75, 4.15], "texture": "#1"},
				"east": {"uv": [13.25, 3.15, 13.75, 4.15], "texture": "#1"},
				"south": {"uv": [13.25, 3.15, 13.75, 4.15], "texture": "#1"},
				"west": {"uv": [13.25, 3.15, 13.75, 4.15], "texture": "#1"},
				"up": {"uv": [13.25, 3.15, 13.75, 4.15], "rotation": 180, "texture": "#1"},
				"down": {"uv": [13.25, 3.15, 13.75, 4.15], "rotation": 180, "texture": "#1"}
			}
		},
		{
			"from": [12, 6.4, -6],
			"to": [12.1, 7.1, -5.3],
			"rotation": {"angle": 0, "axis": "y", "origin": [11.70381, 5.13581, 7.1708]},
			"faces": {
				"north": {"uv": [13.25, 3.15, 13.75, 4.15], "rotation": 180, "texture": "#1"},
				"east": {"uv": [13.25, 3.15, 13.75, 4.15], "rotation": 180, "texture": "#1"},
				"south": {"uv": [13.25, 3.15, 13.75, 4.15], "rotation": 180, "texture": "#1"},
				"west": {"uv": [13.25, 3.15, 13.75, 4.15], "rotation": 180, "texture": "#1"},
				"up": {"uv": [13.25, 3.15, 13.75, 4.15], "rotation": 180, "texture": "#1"},
				"down": {"uv": [13.25, 3.15, 13.75, 4.15], "rotation": 180, "texture": "#1"}
			}
		},
		{
			"from": [11.1, 7.2, -0.4],
			"to": [11.9, 7.3, 0.3],
			"rotation": {"angle": 0, "axis": "y", "origin": [11.70381, 5.13581, 7.1708]},
			"faces": {
				"north": {"uv": [13.25, 3.15, 13.75, 4.15], "rotation": 90, "texture": "#1"},
				"east": {"uv": [13.25, 3.15, 13.75, 4.15], "rotation": 270, "texture": "#1"},
				"south": {"uv": [13.25, 3.15, 13.75, 4.15], "rotation": 270, "texture": "#1"},
				"west": {"uv": [13.25, 3.15, 13.75, 4.15], "rotation": 270, "texture": "#1"},
				"up": {"uv": [13.25, 3.15, 13.75, 4.15], "rotation": 270, "texture": "#1"},
				"down": {"uv": [13.25, 3.15, 13.75, 4.15], "rotation": 270, "texture": "#1"}
			}
		},
		{
			"from": [11.1, 7.2, -1.8],
			"to": [11.9, 7.3, -1.1],
			"rotation": {"angle": 0, "axis": "y", "origin": [11.70381, 5.13581, 7.1708]},
			"faces": {
				"north": {"uv": [13.25, 3.15, 13.75, 4.15], "rotation": 90, "texture": "#1"},
				"east": {"uv": [13.25, 3.15, 13.75, 4.15], "rotation": 270, "texture": "#1"},
				"south": {"uv": [13.25, 3.15, 13.75, 4.15], "rotation": 270, "texture": "#1"},
				"west": {"uv": [13.25, 3.15, 13.75, 4.15], "rotation": 270, "texture": "#1"},
				"up": {"uv": [13.25, 3.15, 13.75, 4.15], "rotation": 270, "texture": "#1"},
				"down": {"uv": [13.25, 3.15, 13.75, 4.15], "rotation": 270, "texture": "#1"}
			}
		},
		{
			"from": [11.1, 7.2, -3.2],
			"to": [11.9, 7.3, -2.5],
			"rotation": {"angle": 0, "axis": "y", "origin": [11.70381, 5.13581, 7.1708]},
			"faces": {
				"north": {"uv": [13.25, 3.15, 13.75, 4.15], "rotation": 90, "texture": "#1"},
				"east": {"uv": [13.25, 3.15, 13.75, 4.15], "rotation": 270, "texture": "#1"},
				"south": {"uv": [13.25, 3.15, 13.75, 4.15], "rotation": 270, "texture": "#1"},
				"west": {"uv": [13.25, 3.15, 13.75, 4.15], "rotation": 270, "texture": "#1"},
				"up": {"uv": [13.25, 3.15, 13.75, 4.15], "rotation": 270, "texture": "#1"},
				"down": {"uv": [13.25, 3.15, 13.75, 4.15], "rotation": 270, "texture": "#1"}
			}
		},
		{
			"from": [11.1, 7.2, -4.6],
			"to": [11.9, 7.3, -3.9],
			"rotation": {"angle": 0, "axis": "y", "origin": [11.70381, 5.13581, 7.1708]},
			"faces": {
				"north": {"uv": [13.25, 3.15, 13.75, 4.15], "rotation": 90, "texture": "#1"},
				"east": {"uv": [13.25, 3.15, 13.75, 4.15], "rotation": 270, "texture": "#1"},
				"south": {"uv": [13.25, 3.15, 13.75, 4.15], "rotation": 270, "texture": "#1"},
				"west": {"uv": [13.25, 3.15, 13.75, 4.15], "rotation": 270, "texture": "#1"},
				"up": {"uv": [13.25, 3.15, 13.75, 4.15], "rotation": 270, "texture": "#1"},
				"down": {"uv": [13.25, 3.15, 13.75, 4.15], "rotation": 270, "texture": "#1"}
			}
		},
		{
			"from": [11.1, 7.2, -6],
			"to": [11.9, 7.3, -5.3],
			"rotation": {"angle": 0, "axis": "y", "origin": [11.70381, 5.13581, 7.1708]},
			"faces": {
				"north": {"uv": [13.25, 3.15, 13.75, 4.15], "rotation": 90, "texture": "#1"},
				"east": {"uv": [13.25, 3.15, 13.75, 4.15], "rotation": 270, "texture": "#1"},
				"south": {"uv": [13.25, 3.15, 13.75, 4.15], "rotation": 270, "texture": "#1"},
				"west": {"uv": [13.25, 3.15, 13.75, 4.15], "rotation": 270, "texture": "#1"},
				"up": {"uv": [13.25, 3.15, 13.75, 4.15], "rotation": 270, "texture": "#1"},
				"down": {"uv": [13.25, 3.15, 13.75, 4.15], "rotation": 270, "texture": "#1"}
			}
		},
		{
			"from": [11.1, 7.2, -6.9],
			"to": [11.9, 7.3, -6.7],
			"rotation": {"angle": 0, "axis": "y", "origin": [11.70381, 5.13581, 7.1708]},
			"faces": {
				"north": {"uv": [13.25, 3.15, 13.75, 4.15], "rotation": 90, "texture": "#1"},
				"east": {"uv": [13.25, 3.15, 13.75, 4.15], "rotation": 270, "texture": "#1"},
				"south": {"uv": [13.25, 3.15, 13.75, 4.15], "rotation": 270, "texture": "#1"},
				"west": {"uv": [13.25, 3.15, 13.75, 4.15], "rotation": 270, "texture": "#1"},
				"up": {"uv": [13.25, 3.15, 13.75, 4.15], "rotation": 270, "texture": "#1"},
				"down": {"uv": [13.25, 3.15, 13.75, 4.15], "rotation": 270, "texture": "#1"}
			}
		},
		{
			"from": [11.2, 4.61035, 9.67421],
			"to": [11.82062, 5.66448, 9.87816],
			"rotation": {"angle": 0, "axis": "y", "origin": [11.70381, 5.13581, 7.1708]},
			"faces": {
				"north": {"uv": [15.5, 3.5, 15, 4], "rotation": 90, "texture": "#1"},
				"east": {"uv": [15, 3.5, 15.5, 4], "rotation": 270, "texture": "#1"},
				"south": {"uv": [15.5, 3.5, 15, 4], "rotation": 90, "texture": "#1"},
				"west": {"uv": [15, 3.5, 15.5, 4], "rotation": 270, "texture": "#1"},
				"up": {"uv": [15, 3.5, 15.5, 4], "rotation": 270, "texture": "#1"},
				"down": {"uv": [15, 3.5, 15.5, 4], "rotation": 270, "texture": "#1"}
			}
		},
		{
			"from": [11.2, 4.10831, 8.06155],
			"to": [11.82062, 4.31226, 9.37612],
			"rotation": {"angle": 0, "axis": "y", "origin": [11.70381, 5.13581, 7.1708]},
			"faces": {
				"north": {"uv": [15, 3.5, 15.5, 4], "rotation": 90, "texture": "#1"},
				"east": {"uv": [15, 3.5, 15.5, 4], "rotation": 180, "texture": "#1"},
				"south": {"uv": [15, 3.5, 15.5, 4], "rotation": 270, "texture": "#1"},
				"west": {"uv": [15, 3.5, 15.5, 4], "texture": "#1"},
				"up": {"uv": [15.5, 3.5, 15, 4], "rotation": 270, "texture": "#1"},
				"down": {"uv": [15.5, 3.5, 15, 4], "rotation": 90, "texture": "#1"}
			}
		},
		{
			"from": [11.2, 3.7794, 7.07411],
			"to": [11.82062, 4.4894, 7.27806],
			"rotation": {"angle": -45, "axis": "x", "origin": [11.70381, 5.13581, 7.1708]},
			"faces": {
				"north": {"uv": [15.5, 3.5, 15, 4], "rotation": 90, "texture": "#1"},
				"east": {"uv": [15, 3.5, 15.5, 4], "rotation": 270, "texture": "#1"},
				"south": {"uv": [15.5, 3.5, 15, 4], "rotation": 90, "texture": "#1"},
				"west": {"uv": [15, 3.5, 15.5, 4], "rotation": 270, "texture": "#1"},
				"up": {"uv": [15, 3.5, 15.5, 4], "rotation": 270, "texture": "#1"},
				"down": {"uv": [15, 3.5, 15.5, 4], "rotation": 270, "texture": "#1"}
			}
		},
		{
			"from": [11.2, 5.96865, 9.2528],
			"to": [11.82062, 6.67865, 9.45675],
			"rotation": {"angle": 45, "axis": "x", "origin": [11.70381, 5.13581, 7.1708]},
			"faces": {
				"north": {"uv": [15.5, 3.5, 15, 4], "rotation": 90, "texture": "#1"},
				"east": {"uv": [15, 3.5, 15.5, 4], "rotation": 270, "texture": "#1"},
				"south": {"uv": [15.5, 3.5, 15, 4], "rotation": 90, "texture": "#1"},
				"west": {"uv": [15, 3.5, 15.5, 4], "rotation": 270, "texture": "#1"},
				"up": {"uv": [15, 3.5, 15.5, 4], "rotation": 270, "texture": "#1"},
				"down": {"uv": [15, 3.5, 15.5, 4], "rotation": 270, "texture": "#1"}
			}
		},
		{
			"from": [11.2, 4.70735, 9.04342],
			"to": [11.82062, 5.59091, 9.20824],
			"rotation": {"angle": 0, "axis": "y", "origin": [11.70381, 5.13581, 7.1708]},
			"faces": {
				"north": {"uv": [14, 3.5, 13.5, 4], "rotation": 90, "texture": "#1"},
				"east": {"uv": [13.5, 3.5, 14, 4], "rotation": 270, "texture": "#1"},
				"south": {"uv": [14, 3.5, 13.5, 4], "rotation": 90, "texture": "#1"},
				"west": {"uv": [13.5, 3.5, 14, 4], "rotation": 270, "texture": "#1"},
				"up": {"uv": [13.5, 3.5, 14, 4], "rotation": 270, "texture": "#1"},
				"down": {"uv": [13.5, 3.5, 14, 4], "rotation": 270, "texture": "#1"}
			}
		},
		{
			"from": [11.2, 5.83392, 8.75462],
			"to": [11.82062, 6.27354, 8.91445],
			"rotation": {"angle": 45, "axis": "x", "origin": [11.70381, 5.13581, 7.1708]},
			"faces": {
				"north": {"uv": [14, 3.5, 13.5, 4], "rotation": 90, "texture": "#1"},
				"east": {"uv": [13.5, 3.5, 14, 4], "rotation": 270, "texture": "#1"},
				"south": {"uv": [14, 3.5, 13.5, 4], "rotation": 90, "texture": "#1"},
				"west": {"uv": [13.5, 3.5, 14, 4], "rotation": 270, "texture": "#1"},
				"up": {"uv": [13.5, 3.5, 14, 4], "rotation": 270, "texture": "#1"},
				"down": {"uv": [13.5, 3.5, 14, 4], "rotation": 270, "texture": "#1"}
			}
		},
		{
			"from": [11.2, 4.61035, 7.55951],
			"to": [11.82062, 5.6197, 7.76345],
			"rotation": {"angle": 0, "axis": "y", "origin": [11.70381, 5.13581, 7.1708]},
			"faces": {
				"north": {"uv": [15.5, 3.5, 15, 4], "rotation": 90, "texture": "#1"},
				"east": {"uv": [15, 3.5, 15.5, 4], "rotation": 270, "texture": "#1"},
				"south": {"uv": [15.5, 3.5, 15, 4], "rotation": 90, "texture": "#1"},
				"west": {"uv": [15, 3.5, 15.5, 4], "rotation": 270, "texture": "#1"},
				"up": {"uv": [15, 3.5, 15.5, 4], "rotation": 270, "texture": "#1"},
				"down": {"uv": [15, 3.5, 15.5, 4], "rotation": 270, "texture": "#1"}
			}
		},
		{
			"from": [11.30884, 7.0125, 9.11905],
			"to": [12.20884, 7.3125, 9.41905],
			"rotation": {"angle": 22.5, "axis": "y", "origin": [11.70381, 5.13581, 7.1708]},
			"faces": {
				"north": {"uv": [13.25, 3.15, 14.25, 4.15], "texture": "#1"},
				"east": {"uv": [13.25, 3.15, 14.25, 4.15], "texture": "#1"},
				"south": {"uv": [13.25, 3.15, 14.25, 4.15], "texture": "#1"},
				"west": {"uv": [13.25, 3.15, 14.25, 4.15], "texture": "#1"},
				"up": {"uv": [13.25, 3.15, 14.25, 4.15], "texture": "#1"},
				"down": {"uv": [13.25, 3.15, 14.25, 4.15], "texture": "#1"}
			}
		},
		{
			"from": [11.6, 7.0125, 9.1],
			"to": [12.2, 7.2125, 9.4],
			"rotation": {"angle": 0, "axis": "y", "origin": [11.70381, 5.13581, 7.1708]},
			"faces": {
				"north": {"uv": [13.25, 3.15, 14.25, 4.15], "texture": "#1"},
				"east": {"uv": [13.25, 3.15, 14.25, 4.15], "texture": "#1"},
				"south": {"uv": [13.25, 3.15, 14.25, 4.15], "texture": "#1"},
				"west": {"uv": [13.25, 3.15, 14.25, 4.15], "texture": "#1"},
				"up": {"uv": [13.25, 3.15, 14.25, 4.15], "texture": "#1"},
				"down": {"uv": [13.25, 3.15, 14.25, 4.15], "texture": "#1"}
			}
		},
		{
			"from": [11.1, 7.6, 13.25],
			"to": [11.9, 7.9, 17],
			"rotation": {"angle": 0, "axis": "y", "origin": [11.5, 7.675, 16.3125]},
			"faces": {
				"north": {"uv": [14.75, 3.1, 15.75, 4.1], "texture": "#1"},
				"east": {"uv": [14.75, 3.1, 15.75, 4.1], "texture": "#1"},
				"south": {"uv": [14.75, 3.1, 15.75, 4.1], "texture": "#1"},
				"west": {"uv": [14.75, 3.1, 15.75, 4.1], "texture": "#1"},
				"up": {"uv": [14.75, 3.1, 15.75, 4.1], "texture": "#1"},
				"down": {"uv": [14.75, 3.1, 15.75, 4.1], "texture": "#1"}
			}
		},
		{
			"from": [11, 5.6, 6.5],
			"to": [12, 7, 15.5],
			"rotation": {"angle": 0, "axis": "y", "origin": [11.70381, 5.13581, 7.1708]},
			"faces": {
				"north": {"uv": [14.75, 3.1, 15.75, 4.1], "texture": "#1"},
				"east": {"uv": [14.75, 3.1, 15.75, 4.1], "texture": "#1"},
				"south": {"uv": [14.75, 3.1, 15.75, 4.1], "texture": "#1"},
				"west": {"uv": [14.75, 3.1, 15.75, 4.1], "texture": "#1"},
				"up": {"uv": [14.75, 3.1, 15.75, 4.1], "texture": "#1"},
				"down": {"uv": [14.75, 3.1, 15.75, 4.1], "texture": "#1"}
			}
		},
		{
			"from": [11, 6.9, 8.3],
			"to": [11.8, 7.6, 15.5],
			"rotation": {"angle": 0, "axis": "y", "origin": [11.45, 6.925, 14.075]},
			"faces": {
				"north": {"uv": [14.75, 3.1, 15.75, 4.1], "texture": "#1"},
				"east": {"uv": [14.75, 3.1, 15.75, 4.1], "texture": "#1"},
				"south": {"uv": [14.75, 3.1, 15.75, 4.1], "texture": "#1"},
				"west": {"uv": [14.75, 3.1, 15.75, 4.1], "texture": "#1"},
				"up": {"uv": [14.75, 3.1, 15.75, 4.1], "texture": "#1"},
				"down": {"uv": [14.75, 3.1, 15.75, 4.1], "texture": "#1"}
			}
		},
		{
			"from": [11.8, 7, 9],
			"to": [11.8, 7.6, 15.5],
			"rotation": {"angle": 0, "axis": "y", "origin": [11.70381, 5.13581, 7.1708]},
			"faces": {
				"north": {"uv": [14.75, 4.8, 15.75, 5.8], "texture": "#1"},
				"east": {"uv": [14.75, 4.8, 15.75, 5.8], "texture": "#1"},
				"south": {"uv": [14.75, 4.8, 15.75, 5.8], "texture": "#1"},
				"west": {"uv": [14.75, 4.8, 15.75, 5.8], "texture": "#1"},
				"up": {"uv": [14.75, 4.8, 15.75, 5.8], "texture": "#1"},
				"down": {"uv": [14.75, 4.8, 15.75, 5.8], "texture": "#1"}
			}
		},
		{
			"from": [11.7, 6.67196, 15.48895],
			"to": [11.9, 7.57196, 15.98895],
			"rotation": {"angle": -45, "axis": "x", "origin": [11.8, 7.12196, 15.73895]},
			"faces": {
				"north": {"uv": [14.75, 3.1, 15.75, 4.1], "rotation": 180, "texture": "#1"},
				"east": {"uv": [14.75, 3.1, 15.75, 4.1], "rotation": 270, "texture": "#1"},
				"south": {"uv": [14.75, 3.1, 15.75, 4.1], "texture": "#1"},
				"west": {"uv": [14.75, 3.1, 15.75, 4.1], "rotation": 90, "texture": "#1"},
				"up": {"uv": [14.75, 3.1, 15.75, 4.1], "rotation": 180, "texture": "#1"},
				"down": {"uv": [14.75, 3.1, 15.75, 4.1], "texture": "#1"}
			}
		},
		{
			"from": [11.7, 4.96962, 13.12868],
			"to": [11.9, 5.36962, 13.72868],
			"rotation": {"angle": -22.5, "axis": "x", "origin": [11.70381, 5.13581, 7.1708]},
			"faces": {
				"north": {"uv": [14.75, 3.1, 15.75, 4.1], "rotation": 180, "texture": "#1"},
				"east": {"uv": [14.75, 3.1, 15.75, 4.1], "rotation": 270, "texture": "#1"},
				"south": {"uv": [14.75, 3.1, 15.75, 4.1], "texture": "#1"},
				"west": {"uv": [14.75, 3.1, 15.75, 4.1], "rotation": 90, "texture": "#1"},
				"up": {"uv": [14.75, 3.1, 15.75, 4.1], "rotation": 180, "texture": "#1"},
				"down": {"uv": [14.75, 3.1, 15.75, 4.1], "texture": "#1"}
			}
		},
		{
			"from": [11, 5.6, 15.5],
			"to": [12, 7.6, 17],
			"rotation": {"angle": 0, "axis": "y", "origin": [11.45, 6.925, 14.075]},
			"faces": {
				"north": {"uv": [14.75, 3.1, 15.75, 4.1], "texture": "#1"},
				"east": {"uv": [14.75, 3.1, 15.75, 4.1], "texture": "#1"},
				"south": {"uv": [14.75, 3.1, 15.75, 4.1], "texture": "#1"},
				"west": {"uv": [14.75, 3.1, 15.75, 4.1], "texture": "#1"},
				"up": {"uv": [14.75, 3.1, 15.75, 4.1], "texture": "#1"},
				"down": {"uv": [14.75, 3.1, 15.75, 4.1], "texture": "#1"}
			}
		},
		{
			"from": [11.7, 7.26, 12.75],
			"to": [11.9, 7.86, 15.55],
			"rotation": {"angle": 0, "axis": "y", "origin": [11.8, 7.56, 14.15]},
			"faces": {
				"north": {"uv": [14.75, 3.1, 15.75, 4.1], "texture": "#1"},
				"east": {"uv": [14.75, 3.1, 15.75, 4.1], "texture": "#1"},
				"south": {"uv": [14.75, 3.1, 15.75, 4.1], "texture": "#1"},
				"west": {"uv": [14.75, 3.1, 15.75, 4.1], "texture": "#1"},
				"up": {"uv": [14.75, 3.1, 15.75, 4.1], "texture": "#1"},
				"down": {"uv": [14.75, 3.1, 15.75, 4.1], "texture": "#1"}
			}
		},
		{
			"from": [11, 6.9, 6.9],
			"to": [12, 7.6, 9],
			"rotation": {"angle": 0, "axis": "y", "origin": [11.70381, 5.13581, 7.1708]},
			"faces": {
				"north": {"uv": [14.75, 3.1, 15.75, 4.1], "texture": "#1"},
				"east": {"uv": [14.75, 3.1, 15.75, 4.1], "texture": "#1"},
				"south": {"uv": [14.75, 3.1, 15.75, 4.1], "texture": "#1"},
				"west": {"uv": [14.75, 3.1, 15.75, 4.1], "texture": "#1"},
				"up": {"uv": [14.75, 3.1, 15.75, 4.1], "texture": "#1"},
				"down": {"uv": [14.75, 3.1, 15.75, 4.1], "texture": "#1"}
			}
		},
		{
			"from": [11.1, 7.6, 6.9],
			"to": [11.9, 7.9, 13.3],
			"rotation": {"angle": 0, "axis": "y", "origin": [11.70381, 5.13581, 7.1708]},
			"faces": {
				"north": {"uv": [14.75, 3.1, 15.75, 4.1], "texture": "#1"},
				"east": {"uv": [14.75, 3.1, 15.75, 4.1], "texture": "#1"},
				"south": {"uv": [14.75, 3.1, 15.75, 4.1], "texture": "#1"},
				"west": {"uv": [14.75, 3.1, 15.75, 4.1], "texture": "#1"},
				"up": {"uv": [14.75, 3.1, 15.75, 4.1], "texture": "#1"},
				"down": {"uv": [14.75, 3.1, 15.75, 4.1], "texture": "#1"}
			}
		},
		{
			"from": [11.1, 3.72549, 2.62614],
			"to": [11.9, 5.12549, 5.12614],
			"rotation": {"angle": 22.5, "axis": "x", "origin": [11.70381, 5.13581, 7.1708]},
			"faces": {
				"north": {"uv": [7.5, 10, 10, 13.5], "rotation": 180, "texture": "#1"},
				"east": {"uv": [7.5, 10, 10, 13.5], "rotation": 90, "texture": "#1"},
				"south": {"uv": [7.5, 10, 10, 13.5], "texture": "#1"},
				"west": {"uv": [7.5, 10, 10, 13.5], "rotation": 270, "texture": "#1"},
				"up": {"uv": [7.5, 10, 10, 13.5], "texture": "#1"},
				"down": {"uv": [7.5, 10, 10, 13.5], "rotation": 180, "texture": "#1"}
			}
		},
		{
			"from": [11.1, 4.08294, 4.5408],
			"to": [11.9, 5.58294, 6.5408],
			"rotation": {"angle": 45, "axis": "x", "origin": [11.5, 4.83294, 5.5408]},
			"faces": {
				"north": {"uv": [7.5, 10, 10, 13.5], "rotation": 180, "texture": "#1"},
				"east": {"uv": [7.5, 10, 10, 13.5], "rotation": 90, "texture": "#1"},
				"south": {"uv": [7.5, 10, 10, 13.5], "texture": "#1"},
				"west": {"uv": [7.5, 10, 10, 13.5], "rotation": 270, "texture": "#1"},
				"up": {"uv": [7.5, 10, 10, 13.5], "texture": "#1"},
				"down": {"uv": [7.5, 10, 10, 13.5], "rotation": 180, "texture": "#1"}
			}
		},
		{
			"from": [11, 8.7274, 16.03259],
			"to": [11.9543, 9.89232, 17.78104],
			"rotation": {"angle": 22.5, "axis": "x", "origin": [11.70381, 5.13581, 7.1708]},
			"faces": {
				"north": {"uv": [3.5, 10, 10, 15.5], "texture": "#1"},
				"east": {"uv": [10, 10, 3.5, 15.5], "texture": "#1"},
				"south": {"uv": [3.5, 10, 10, 15.5], "texture": "#1"},
				"west": {"uv": [10, 11.5, 3.5, 15.5], "texture": "#1"},
				"up": {"uv": [12.5, 10.5, 3, 13], "rotation": 270, "texture": "#1"},
				"down": {"uv": [13, 13, 4.5, 15.5], "rotation": 270, "texture": "#1"}
			}
		},
		{
			"from": [11.1, 8.7274, 14.33259],
			"to": [11.8543, 9.89232, 16.08104],
			"rotation": {"angle": 22.5, "axis": "x", "origin": [11.70381, 5.13581, 7.1708]},
			"faces": {
				"north": {"uv": [3.5, 10, 10, 15.5], "texture": "#1"},
				"east": {"uv": [10, 10, 3.5, 15.5], "texture": "#1"},
				"south": {"uv": [3.5, 10, 10, 15.5], "texture": "#1"},
				"west": {"uv": [10, 11.5, 3.5, 15.5], "texture": "#1"},
				"up": {"uv": [12.5, 10.5, 3, 13], "rotation": 270, "texture": "#1"},
				"down": {"uv": [13, 13, 4.5, 15.5], "rotation": 270, "texture": "#1"}
			}
		},
		{
			"from": [11, 4.6, 17.8],
			"to": [11.99212, 6.69283, 20.83644],
			"rotation": {"angle": 0, "axis": "y", "origin": [11.70381, 5.13581, 7.1708]},
			"faces": {
				"north": {"uv": [7.5, 10, 10, 13.5], "texture": "#1"},
				"east": {"uv": [14.5, 11, 0.5, 14.5], "texture": "#1"},
				"south": {"uv": [7.5, 10, 10, 13.5], "texture": "#1"},
				"west": {"uv": [14.5, 11, 0.5, 14.5], "texture": "#1"},
				"up": {"uv": [15.5, 13, 0.5, 15.5], "rotation": 270, "texture": "#1"},
				"down": {"uv": [13, 13, 1.5, 14.5], "rotation": 270, "texture": "#1"}
			}
		},
		{
			"from": [11, 3, 19.4],
			"to": [11.97506, 5.00317, 20.81421],
			"rotation": {"angle": 0, "axis": "y", "origin": [11.70381, 5.13581, 7.1708]},
			"faces": {
				"north": {"uv": [3.5, 10, 10, 15.5], "texture": "#1"},
				"east": {"uv": [10, 13, 3.5, 15.5], "texture": "#1"},
				"south": {"uv": [3.5, 10, 10, 15.5], "texture": "#1"},
				"west": {"uv": [10, 13, 3.5, 15.5], "texture": "#1"},
				"up": {"uv": [10, 10, 3.5, 15.5], "rotation": 180, "texture": "#1"},
				"down": {"uv": [10, 10, 3.5, 15.5], "rotation": 180, "texture": "#1"}
			}
		},
		{
			"from": [11, 12.2742, 15.01683],
			"to": [11.9828, 13.82413, 17.28243],
			"rotation": {"angle": 45, "axis": "x", "origin": [11.70381, 5.13581, 7.1708]},
			"faces": {
				"north": {"uv": [3.5, 10, 10, 15.5], "texture": "#1"},
				"east": {"uv": [10, 13.5, 3.5, 15.5], "texture": "#1"},
				"south": {"uv": [3.5, 10, 10, 15.5], "texture": "#1"},
				"west": {"uv": [15, 13.5, 8.5, 15.5], "texture": "#1"},
				"up": {"uv": [10, 10, 3.5, 15.5], "rotation": 180, "texture": "#1"},
				"down": {"uv": [10, 10, 3.5, 15.5], "rotation": 180, "texture": "#1"}
			}
		},
		{
			"from": [10.9, 2.9, 20.8],
			"to": [12.0763, 7.57924, 21.48319],
			"rotation": {"angle": 0, "axis": "y", "origin": [11.70381, 5.13581, 7.1708]},
			"faces": {
				"north": {"uv": [15, 3.5, 15.5, 4], "rotation": 270, "texture": "#1"},
				"east": {"uv": [15.5, 3.5, 15, 4], "rotation": 90, "texture": "#1"},
				"south": {"uv": [15, 3.5, 15.5, 4], "rotation": 270, "texture": "#1"},
				"west": {"uv": [15.5, 3.5, 15, 4], "rotation": 90, "texture": "#1"},
				"up": {"uv": [15.5, 3.5, 15, 4], "rotation": 270, "texture": "#1"},
				"down": {"uv": [15.5, 3.5, 15, 4], "rotation": 270, "texture": "#1"}
			}
		},
		{
			"from": [10.9, 7.15, 1.4],
			"to": [12.1, 8.05, 6.9],
			"rotation": {"angle": 0, "axis": "y", "origin": [11.70381, 5.13581, 7.1708]},
			"faces": {
				"north": {"uv": [7.5, 10, 10, 13.5], "texture": "#1"},
				"east": {"uv": [14.5, 11, 0.5, 14.5], "texture": "#1"},
				"south": {"uv": [7.5, 10, 10, 13.5], "texture": "#1"},
				"west": {"uv": [14.5, 11, 0.5, 14.5], "texture": "#1"},
				"up": {"uv": [15.5, 13, 0.5, 15.5], "rotation": 270, "texture": "#1"},
				"down": {"uv": [13, 13, 1.5, 14.5], "rotation": 270, "texture": "#1"}
			}
		},
		{
			"from": [11.1, 7.05, 6.1],
			"to": [11.9, 7.15, 6.9],
			"rotation": {"angle": 0, "axis": "y", "origin": [11.70381, 5.13581, 7.1708]},
			"faces": {
				"north": {"uv": [7.5, 10, 10, 13.5], "texture": "#1"},
				"east": {"uv": [14.5, 11, 0.5, 14.5], "texture": "#1"},
				"south": {"uv": [7.5, 10, 10, 13.5], "texture": "#1"},
				"west": {"uv": [14.5, 11, 0.5, 14.5], "texture": "#1"},
				"up": {"uv": [15.5, 13, 0.5, 15.5], "rotation": 270, "texture": "#1"},
				"down": {"uv": [13, 13, 1.5, 14.5], "rotation": 270, "texture": "#1"}
			}
		},
		{
			"from": [11.1, 7.05, 4],
			"to": [11.9, 7.15, 4.8],
			"rotation": {"angle": 0, "axis": "y", "origin": [11.70381, 5.13581, 7.1708]},
			"faces": {
				"north": {"uv": [7.5, 10, 10, 13.5], "texture": "#1"},
				"east": {"uv": [14.5, 11, 0.5, 14.5], "texture": "#1"},
				"south": {"uv": [7.5, 10, 10, 13.5], "texture": "#1"},
				"west": {"uv": [14.5, 11, 0.5, 14.5], "texture": "#1"},
				"up": {"uv": [15.5, 13, 0.5, 15.5], "rotation": 270, "texture": "#1"},
				"down": {"uv": [13, 13, 1.5, 14.5], "rotation": 270, "texture": "#1"}
			}
		},
		{
			"from": [11.1, 7.05, 1.5],
			"to": [11.9, 7.15, 2.6],
			"rotation": {"angle": 0, "axis": "y", "origin": [11.70381, 5.13581, 7.1708]},
			"faces": {
				"north": {"uv": [7.5, 10, 10, 13.5], "texture": "#1"},
				"east": {"uv": [14.5, 11, 0.5, 14.5], "texture": "#1"},
				"south": {"uv": [7.5, 10, 10, 13.5], "texture": "#1"},
				"west": {"uv": [14.5, 11, 0.5, 14.5], "texture": "#1"},
				"up": {"uv": [15.5, 13, 0.5, 15.5], "rotation": 270, "texture": "#1"},
				"down": {"uv": [13, 13, 1.5, 14.5], "rotation": 270, "texture": "#1"}
			}
		},
		{
			"from": [11.1, 13.77021, 12.91873],
			"to": [11.9, 14.77021, 14.21873],
			"rotation": {"angle": 45, "axis": "x", "origin": [11.70381, 5.13581, 7.1708]},
			"faces": {
				"north": {"uv": [3.5, 10, 10, 15.5], "texture": "#1"},
				"east": {"uv": [10, 13.5, 3.5, 15.5], "texture": "#1"},
				"south": {"uv": [3.5, 10, 10, 15.5], "texture": "#1"},
				"west": {"uv": [15, 13.5, 8.5, 15.5], "texture": "#1"},
				"up": {"uv": [10, 10, 3.5, 15.5], "rotation": 180, "texture": "#1"},
				"down": {"uv": [10, 10, 3.5, 15.5], "rotation": 180, "texture": "#1"}
			}
		},
		{
			"from": [11, 5.6, 17],
			"to": [11.97506, 7.5492, 20.81848],
			"rotation": {"angle": 0, "axis": "y", "origin": [11.70381, 5.13581, 7.1708]},
			"faces": {
				"north": {"uv": [3, 9, 7, 10], "texture": "#1"},
				"east": {"uv": [15, 9, 3, 10], "texture": "#1"},
				"south": {"uv": [3, 9, 9, 10.5], "texture": "#1"},
				"west": {"uv": [15, 9, 3, 10], "texture": "#1"},
				"up": {"uv": [15, 8.5, 1, 11], "rotation": 270, "texture": "#1"},
				"down": {"uv": [15, 8.5, 1, 11], "rotation": 270, "texture": "#1"}
			}
		},
		{
			"from": [11.1, 7.3, 17],
			"to": [11.9, 7.9, 18],
			"rotation": {"angle": 0, "axis": "y", "origin": [11.5, 7.675, 16.3125]},
			"faces": {
				"north": {"uv": [3.5, 10, 10, 15.5], "texture": "#1"},
				"east": {"uv": [14.5, 11, 7, 14.5], "texture": "#1"},
				"south": {"uv": [3.5, 10, 10, 15.5], "texture": "#1"},
				"west": {"uv": [14.5, 11, 7, 14.5], "texture": "#1"},
				"up": {"uv": [11, 9.5, 5.5, 14], "texture": "#1"},
				"down": {"uv": [10, 10, 3.5, 15.5], "rotation": 180, "texture": "#1"}
			}
		},
		{
			"from": [10.9, 5.55, 1],
			"to": [12.1, 7.05, 7.5],
			"rotation": {"angle": 0, "axis": "y", "origin": [11.70381, 5.13581, 7.1708]},
			"faces": {
				"north": {"uv": [7.5, 10, 10, 13.5], "texture": "#1"},
				"east": {"uv": [14.5, 11, 0.5, 14.5], "texture": "#1"},
				"south": {"uv": [7.5, 10, 10, 13.5], "texture": "#1"},
				"west": {"uv": [14.5, 11, 0.5, 14.5], "texture": "#1"},
				"up": {"uv": [15.5, 13, 0.5, 15.5], "rotation": 270, "texture": "#1"},
				"down": {"uv": [13, 13, 1.5, 14.5], "rotation": 270, "texture": "#1"}
			}
		},
		{
			"from": [11.1, 3.55, 5.76815],
			"to": [11.9, 5.55, 6.86815],
			"rotation": {"angle": 0, "axis": "y", "origin": [11.5, 4.55, 6.31815]},
			"faces": {
				"north": {"uv": [7.5, 10, 10, 13.5], "texture": "#1"},
				"east": {"uv": [7.5, 10, 10, 13.5], "texture": "#1"},
				"south": {"uv": [7.5, 10, 10, 13.5], "texture": "#1"},
				"west": {"uv": [7.5, 10, 10, 13.5], "texture": "#1"},
				"up": {"uv": [7.5, 10, 10, 13.5], "texture": "#1"},
				"down": {"uv": [7.5, 10, 10, 13.5], "texture": "#1"}
			}
		},
		{
			"from": [11.1, 2.6, 10],
			"to": [11.9, 6.80935, 13.20394],
			"rotation": {"angle": 0, "axis": "y", "origin": [11.70381, 5.13581, 7.1708]},
			"faces": {
				"north": {"uv": [15.5, 3.5, 15, 4], "rotation": 90, "texture": "#1"},
				"east": {"uv": [15, 3.5, 15.5, 4], "rotation": 270, "texture": "#1"},
				"south": {"uv": [15.5, 3.5, 15, 4], "rotation": 90, "texture": "#1"},
				"west": {"uv": [15, 3.5, 15.5, 4], "rotation": 270, "texture": "#1"},
				"up": {"uv": [15, 3.5, 15.5, 4], "rotation": 270, "texture": "#1"},
				"down": {"uv": [15, 3.5, 15.5, 4], "rotation": 270, "texture": "#1"}
			}
		},
		{
			"from": [11.1, 2.19421, 10.49889],
			"to": [11.9, 5.20356, 13.70283],
			"rotation": {"angle": 22.5, "axis": "x", "origin": [11.70381, 5.13581, 7.1708]},
			"faces": {
				"north": {"uv": [15.5, 3.5, 15, 4], "rotation": 90, "texture": "#1"},
				"east": {"uv": [15, 3.5, 15.5, 4], "rotation": 270, "texture": "#1"},
				"south": {"uv": [15.5, 3.5, 15, 4], "rotation": 90, "texture": "#1"},
				"west": {"uv": [15, 3.5, 15.5, 4], "rotation": 270, "texture": "#1"},
				"up": {"uv": [15, 3.5, 15.5, 4], "rotation": 270, "texture": "#1"},
				"down": {"uv": [15, 3.5, 15.5, 4], "rotation": 270, "texture": "#1"}
			}
		},
		{
			"from": [11.2, 4.90735, 13.39342],
			"to": [11.82062, 5.69091, 13.70824],
			"rotation": {"angle": 0, "axis": "y", "origin": [11.51031, 4.79483, 13.51462]},
			"faces": {
				"north": {"uv": [14, 3.5, 13.5, 4], "rotation": 90, "texture": "#1"},
				"east": {"uv": [13.5, 3.5, 14, 4], "rotation": 270, "texture": "#1"},
				"south": {"uv": [14, 3.5, 13.5, 4], "rotation": 90, "texture": "#1"},
				"west": {"uv": [13.5, 3.5, 14, 4], "rotation": 270, "texture": "#1"},
				"up": {"uv": [13.5, 3.5, 14, 4], "rotation": 90, "texture": "#1"},
				"down": {"uv": [13.5, 3.5, 14, 4], "rotation": 90, "texture": "#1"}
			}
		},
		{
			"from": [11.2, 4.43235, 13.39342],
			"to": [11.82062, 5.01591, 13.55824],
			"rotation": {"angle": 0, "axis": "y", "origin": [11.51031, 4.79483, 13.51462]},
			"faces": {
				"north": {"uv": [14, 3.5, 13.5, 4], "rotation": 90, "texture": "#1"},
				"east": {"uv": [13.5, 3.5, 14, 4], "rotation": 270, "texture": "#1"},
				"south": {"uv": [14, 3.5, 13.5, 4], "rotation": 90, "texture": "#1"},
				"west": {"uv": [13.5, 3.5, 14, 4], "rotation": 270, "texture": "#1"},
				"up": {"uv": [13.5, 3.5, 14, 4], "rotation": 90, "texture": "#1"},
				"down": {"uv": [13.5, 3.5, 14, 4], "rotation": 90, "texture": "#1"}
			}
		},
		{
			"from": [11.2, 4.07072, 13.4735],
			"to": [11.82062, 4.51034, 13.63333],
			"rotation": {"angle": 0, "axis": "y", "origin": [11.51031, 4.79483, 13.51462]},
			"faces": {
				"north": {"uv": [14, 3.5, 13.5, 4], "rotation": 90, "texture": "#1"},
				"east": {"uv": [13.5, 3.5, 14, 4], "rotation": 270, "texture": "#1"},
				"south": {"uv": [14, 3.5, 13.5, 4], "rotation": 90, "texture": "#1"},
				"west": {"uv": [13.5, 3.5, 14, 4], "rotation": 270, "texture": "#1"},
				"up": {"uv": [13.5, 3.5, 14, 4], "rotation": 90, "texture": "#1"},
				"down": {"uv": [13.5, 3.5, 14, 4], "rotation": 90, "texture": "#1"}
			}
		},
		{
			"from": [11.075, 2.46735, 11.20426],
			"to": [11.925, 5.0267, 11.5082],
			"rotation": {"angle": 22.5, "axis": "x", "origin": [11.70381, 5.13581, 7.1708]},
			"faces": {
				"north": {"uv": [13.5, 3.5, 14, 4], "rotation": 270, "texture": "#1"},
				"east": {"uv": [13.5, 3.5, 14, 4], "rotation": 270, "texture": "#1"},
				"south": {"uv": [13.5, 3.5, 14, 4], "rotation": 270, "texture": "#1"},
				"west": {"uv": [13.5, 3.5, 14, 4], "rotation": 270, "texture": "#1"},
				"up": {"uv": [13.5, 3.5, 14, 4], "rotation": 270, "texture": "#1"},
				"down": {"uv": [13.5, 3.5, 14, 4], "rotation": 270, "texture": "#1"}
			}
		},
		{
			"from": [11.075, 2.7735, 11.94336],
			"to": [11.925, 5.33285, 12.2473],
			"rotation": {"angle": 22.5, "axis": "x", "origin": [11.70381, 5.13581, 7.1708]},
			"faces": {
				"north": {"uv": [13.5, 3.5, 14, 4], "rotation": 270, "texture": "#1"},
				"east": {"uv": [13.5, 3.5, 14, 4], "rotation": 270, "texture": "#1"},
				"south": {"uv": [13.5, 3.5, 14, 4], "rotation": 270, "texture": "#1"},
				"west": {"uv": [13.5, 3.5, 14, 4], "rotation": 270, "texture": "#1"},
				"up": {"uv": [13.5, 3.5, 14, 4], "rotation": 270, "texture": "#1"},
				"down": {"uv": [13.5, 3.5, 14, 4], "rotation": 270, "texture": "#1"}
			}
		},
		{
			"from": [11.075, 3.31035, 10.80951],
			"to": [11.925, 5.9197, 11.11345],
			"rotation": {"angle": 0, "axis": "y", "origin": [11.70381, 5.13581, 7.1708]},
			"faces": {
				"north": {"uv": [13.5, 3.5, 14, 4], "rotation": 270, "texture": "#1"},
				"east": {"uv": [13.5, 3.5, 14, 4], "rotation": 270, "texture": "#1"},
				"south": {"uv": [13.5, 3.5, 14, 4], "rotation": 270, "texture": "#1"},
				"west": {"uv": [13.5, 3.5, 14, 4], "rotation": 270, "texture": "#1"},
				"up": {"uv": [13.5, 3.5, 14, 4], "rotation": 270, "texture": "#1"},
				"down": {"uv": [13.5, 3.5, 14, 4], "rotation": 270, "texture": "#1"}
			}
		},
		{
			"from": [11.075, 3.31035, 11.60951],
			"to": [11.925, 5.9197, 11.91345],
			"rotation": {"angle": 0, "axis": "y", "origin": [11.70381, 5.13581, 7.1708]},
			"faces": {
				"north": {"uv": [13.5, 3.5, 14, 4], "rotation": 270, "texture": "#1"},
				"east": {"uv": [13.5, 3.5, 14, 4], "rotation": 270, "texture": "#1"},
				"south": {"uv": [13.5, 3.5, 14, 4], "rotation": 270, "texture": "#1"},
				"west": {"uv": [13.5, 3.5, 14, 4], "rotation": 270, "texture": "#1"},
				"up": {"uv": [13.5, 3.5, 14, 4], "rotation": 270, "texture": "#1"},
				"down": {"uv": [13.5, 3.5, 14, 4], "rotation": 270, "texture": "#1"}
			}
		},
		{
			"from": [11.25, 7.9, 8],
			"to": [11.35, 8.14, 8.5],
			"rotation": {"angle": 0, "axis": "y", "origin": [11.70381, 5.13581, 7.1708]},
			"faces": {
				"north": {"uv": [13.5, 3.5, 14, 4], "rotation": 270, "texture": "#1"},
				"east": {"uv": [14, 3.5, 13.5, 4], "rotation": 90, "texture": "#1"},
				"south": {"uv": [13.5, 3.5, 14, 4], "rotation": 270, "texture": "#1"},
				"west": {"uv": [14, 3.5, 13.5, 4], "rotation": 90, "texture": "#1"},
				"up": {"uv": [13.5, 3.5, 14, 4], "rotation": 180, "texture": "#1"},
				"down": {"uv": [13.5, 3.5, 14, 4], "texture": "#1"}
			}
		},
		{
			"from": [11.25, 8.16494, 6.46807],
			"to": [11.35, 8.36494, 7.16807],
			"rotation": {"angle": 22.5, "axis": "x", "origin": [11.70381, 5.13581, 7.1708]},
			"faces": {
				"north": {"uv": [13.5, 3.5, 14, 4], "rotation": 270, "texture": "#1"},
				"east": {"uv": [14, 3.5, 13.5, 4], "rotation": 90, "texture": "#1"},
				"south": {"uv": [13.5, 3.5, 14, 4], "rotation": 270, "texture": "#1"},
				"west": {"uv": [14, 3.5, 13.5, 4], "rotation": 90, "texture": "#1"},
				"up": {"uv": [13.5, 3.5, 14, 4], "rotation": 180, "texture": "#1"},
				"down": {"uv": [13.5, 3.5, 14, 4], "texture": "#1"}
			}
		},
		{
			"from": [11.65, 8.16494, 6.46807],
			"to": [11.75, 8.36494, 7.16807],
			"rotation": {"angle": 22.5, "axis": "x", "origin": [11.70381, 5.13581, 7.1708]},
			"faces": {
				"north": {"uv": [13.5, 3.5, 14, 4], "rotation": 270, "texture": "#1"},
				"east": {"uv": [14, 3.5, 13.5, 4], "rotation": 90, "texture": "#1"},
				"south": {"uv": [13.5, 3.5, 14, 4], "rotation": 270, "texture": "#1"},
				"west": {"uv": [14, 3.5, 13.5, 4], "rotation": 90, "texture": "#1"},
				"up": {"uv": [13.5, 3.5, 14, 4], "rotation": 180, "texture": "#1"},
				"down": {"uv": [13.5, 3.5, 14, 4], "texture": "#1"}
			}
		},
		{
			"from": [11.65, 7.9, 8],
			"to": [11.75, 8.14, 8.5],
			"rotation": {"angle": 0, "axis": "y", "origin": [11.70381, 5.13581, 7.1708]},
			"faces": {
				"north": {"uv": [13.5, 3.5, 14, 4], "rotation": 270, "texture": "#1"},
				"east": {"uv": [14, 3.5, 13.5, 4], "rotation": 90, "texture": "#1"},
				"south": {"uv": [13.5, 3.5, 14, 4], "rotation": 270, "texture": "#1"},
				"west": {"uv": [14, 3.5, 13.5, 4], "rotation": 90, "texture": "#1"},
				"up": {"uv": [13.5, 3.5, 14, 4], "rotation": 180, "texture": "#1"},
				"down": {"uv": [13.5, 3.5, 14, 4], "texture": "#1"}
			}
		},
		{
			"from": [11.65, 7.85, 7.5],
			"to": [11.75, 8.39, 7.756],
			"rotation": {"angle": 0, "axis": "y", "origin": [11.70381, 5.13581, 7.1708]},
			"faces": {
				"north": {"uv": [13.5, 3.5, 14, 4], "rotation": 270, "texture": "#1"},
				"east": {"uv": [14, 3.5, 13.5, 4], "rotation": 90, "texture": "#1"},
				"south": {"uv": [13.5, 3.5, 14, 4], "rotation": 270, "texture": "#1"},
				"west": {"uv": [14, 3.5, 13.5, 4], "rotation": 90, "texture": "#1"},
				"up": {"uv": [13.5, 3.5, 14, 4], "rotation": 180, "texture": "#1"},
				"down": {"uv": [13.5, 3.5, 14, 4], "texture": "#1"}
			}
		},
		{
			"from": [11.25, 7.85, 7.5],
			"to": [11.35, 8.39, 7.756],
			"rotation": {"angle": 0, "axis": "y", "origin": [11.70381, 5.13581, 7.1708]},
			"faces": {
				"north": {"uv": [13.5, 3.5, 14, 4], "rotation": 270, "texture": "#1"},
				"east": {"uv": [14, 3.5, 13.5, 4], "rotation": 90, "texture": "#1"},
				"south": {"uv": [13.5, 3.5, 14, 4], "rotation": 270, "texture": "#1"},
				"west": {"uv": [14, 3.5, 13.5, 4], "rotation": 90, "texture": "#1"},
				"up": {"uv": [13.5, 3.5, 14, 4], "rotation": 180, "texture": "#1"},
				"down": {"uv": [13.5, 3.5, 14, 4], "texture": "#1"}
			}
		},
		{
			"from": [11.4725, 8.3, -5.1],
			"to": [11.5225, 8.4, -5],
			"rotation": {"angle": 0, "axis": "y", "origin": [11.70381, 5.13581, 7.1708]},
			"faces": {
				"north": {"uv": [14.75, 4.8, 15.75, 5.8], "texture": "#1"},
				"east": {"uv": [14.75, 4.8, 15.75, 5.8], "texture": "#1"},
				"south": {"uv": [14.75, 4.8, 15.75, 5.8], "texture": "#1"},
				"west": {"uv": [14.75, 4.8, 15.75, 5.8], "texture": "#1"},
				"up": {"uv": [14.75, 4.8, 15.75, 5.8], "texture": "#1"},
				"down": {"uv": [14.75, 4.8, 15.75, 5.8], "texture": "#1"}
			}
		},
		{
			"from": [11.3, 8.3, 7.6],
			"to": [11.36, 8.4, 7.61],
			"rotation": {"angle": 0, "axis": "y", "origin": [11.70381, 5.13581, 7.1708]},
			"faces": {
				"north": {"uv": [14.75, 4.8, 15.75, 5.8], "texture": "#1"},
				"east": {"uv": [14.75, 4.8, 15.75, 5.8], "texture": "#1"},
				"south": {"uv": [14.75, 4.8, 15.75, 5.8], "texture": "#1"},
				"west": {"uv": [14.75, 4.8, 15.75, 5.8], "texture": "#1"},
				"up": {"uv": [14.75, 4.8, 15.75, 5.8], "texture": "#1"},
				"down": {"uv": [14.75, 4.8, 15.75, 5.8], "texture": "#1"}
			}
		},
		{
			"from": [11.5225, 8.25, 7.6],
			"to": [11.5725, 8.4, 7.61],
			"rotation": {"angle": 0, "axis": "y", "origin": [11.70381, 5.13581, 7.1708]},
			"faces": {
				"north": {"uv": [14.75, 4.8, 15.75, 5.8], "texture": "#1"},
				"east": {"uv": [14.75, 4.8, 15.75, 5.8], "texture": "#1"},
				"south": {"uv": [14.75, 4.8, 15.75, 5.8], "texture": "#1"},
				"west": {"uv": [14.75, 4.8, 15.75, 5.8], "texture": "#1"},
				"up": {"uv": [14.75, 4.8, 15.75, 5.8], "texture": "#1"},
				"down": {"uv": [14.75, 4.8, 15.75, 5.8], "texture": "#1"}
			}
		},
		{
			"from": [11.4225, 8.25, 7.6],
			"to": [11.4725, 8.4, 7.61],
			"rotation": {"angle": 0, "axis": "y", "origin": [11.70381, 5.13581, 7.1708]},
			"faces": {
				"north": {"uv": [14.75, 4.8, 15.75, 5.8], "texture": "#1"},
				"east": {"uv": [14.75, 4.8, 15.75, 5.8], "texture": "#1"},
				"south": {"uv": [14.75, 4.8, 15.75, 5.8], "texture": "#1"},
				"west": {"uv": [14.75, 4.8, 15.75, 5.8], "texture": "#1"},
				"up": {"uv": [14.75, 4.8, 15.75, 5.8], "texture": "#1"},
				"down": {"uv": [14.75, 4.8, 15.75, 5.8], "texture": "#1"}
			}
		},
		{
			"from": [11.64, 8.3, 7.6],
			"to": [11.7, 8.4, 7.61],
			"rotation": {"angle": 0, "axis": "y", "origin": [11.70381, 5.13581, 7.1708]},
			"faces": {
				"north": {"uv": [14.75, 4.8, 15.75, 5.8], "texture": "#1"},
				"east": {"uv": [14.75, 4.8, 15.75, 5.8], "texture": "#1"},
				"south": {"uv": [14.75, 4.8, 15.75, 5.8], "texture": "#1"},
				"west": {"uv": [14.75, 4.8, 15.75, 5.8], "texture": "#1"},
				"up": {"uv": [14.75, 4.8, 15.75, 5.8], "texture": "#1"},
				"down": {"uv": [14.75, 4.8, 15.75, 5.8], "texture": "#1"}
			}
		},
		{
			"from": [11.2, 7.1, -5.55589],
			"to": [11.8, 7.2, -4.35589],
			"rotation": {"angle": 0, "axis": "y", "origin": [11.70381, 5.13581, 7.1708]},
			"faces": {
				"north": {"uv": [12, 3.5, 12.5, 4], "texture": "#1"},
				"east": {"uv": [12, 3.5, 12.5, 4], "texture": "#1"},
				"south": {"uv": [12, 3.5, 12.5, 4], "texture": "#1"},
				"west": {"uv": [12, 3.5, 12.5, 4], "texture": "#1"},
				"up": {"uv": [12, 3.5, 12.5, 4], "texture": "#1"},
				"down": {"uv": [12, 3.5, 12.5, 4], "texture": "#1"}
			}
		},
		{
			"from": [11.2, 7.2, -5.25589],
			"to": [11.8, 7.3, -4.65589],
			"rotation": {"angle": 0, "axis": "y", "origin": [11.70381, 5.13581, 7.1708]},
			"faces": {
				"north": {"uv": [12, 3.5, 12.5, 4], "texture": "#1"},
				"east": {"uv": [12, 3.5, 12.5, 4], "texture": "#1"},
				"south": {"uv": [12, 3.5, 12.5, 4], "texture": "#1"},
				"west": {"uv": [12, 3.5, 12.5, 4], "texture": "#1"},
				"up": {"uv": [12, 3.5, 12.5, 4], "texture": "#1"},
				"down": {"uv": [12, 3.5, 12.5, 4], "texture": "#1"}
			}
		},
		{
			"from": [11.2, 7.3, -5.45589],
			"to": [11.8, 7.4, -4.45589],
			"rotation": {"angle": 0, "axis": "y", "origin": [11.70381, 5.13581, 7.1708]},
			"faces": {
				"north": {"uv": [12, 3.5, 12.5, 4], "texture": "#1"},
				"east": {"uv": [12, 3.5, 12.5, 4], "texture": "#1"},
				"south": {"uv": [12, 3.5, 12.5, 4], "texture": "#1"},
				"west": {"uv": [12, 3.5, 12.5, 4], "texture": "#1"},
				"up": {"uv": [12, 3.5, 12.5, 4], "texture": "#1"},
				"down": {"uv": [12, 3.5, 12.5, 4], "texture": "#1"}
			}
		},
		{
			"from": [11.4, 7.4, -5],
			"to": [11.6, 7.69, -4.8],
			"rotation": {"angle": 0, "axis": "y", "origin": [11.70381, 5.13581, 7.1708]},
			"faces": {
				"north": {"uv": [12, 3.5, 12.5, 4], "texture": "#1"},
				"east": {"uv": [12, 3.5, 12.5, 4], "texture": "#1"},
				"south": {"uv": [12, 3.5, 12.5, 4], "texture": "#1"},
				"west": {"uv": [12, 3.5, 12.5, 4], "texture": "#1"},
				"up": {"uv": [12, 3.5, 12.5, 4], "texture": "#1"},
				"down": {"uv": [12, 3.5, 12.5, 4], "texture": "#1"}
			}
		},
		{
			"from": [11.4, 7.4, -5.2],
			"to": [11.6, 8.29, -4.9],
			"rotation": {"angle": 0, "axis": "y", "origin": [11.70381, 5.13581, 7.1708]},
			"faces": {
				"north": {"uv": [12, 3.5, 12.5, 4], "texture": "#1"},
				"east": {"uv": [12, 3.5, 12.5, 4], "texture": "#1"},
				"south": {"uv": [12, 3.5, 12.5, 4], "texture": "#1"},
				"west": {"uv": [12, 3.5, 12.5, 4], "texture": "#1"},
				"up": {"uv": [12, 3.5, 12.5, 4], "texture": "#1"},
				"down": {"uv": [12, 3.5, 12.5, 4], "texture": "#1"}
			}
		},
		{
			"from": [11.4, 12.06248, -3.0928],
			"to": [11.6, 12.36248, -2.8928],
			"rotation": {"angle": -22.5, "axis": "x", "origin": [11.70381, 5.13581, 7.1708]},
			"faces": {
				"north": {"uv": [12, 3.5, 12.5, 4], "texture": "#1"},
				"east": {"uv": [12, 3.5, 12.5, 4], "texture": "#1"},
				"south": {"uv": [12, 3.5, 12.5, 4], "texture": "#1"},
				"west": {"uv": [12, 3.5, 12.5, 4], "texture": "#1"},
				"up": {"uv": [12, 3.5, 12.5, 4], "texture": "#1"},
				"down": {"uv": [12, 3.5, 12.5, 4], "texture": "#1"}
			}
		},
		{
			"from": [12.53797, 8.06964, -5.3],
			"to": [12.73797, 8.16964, -4.8],
			"rotation": {"angle": 22.5, "axis": "z", "origin": [11.70381, 5.13581, 7.1708]},
			"faces": {
				"north": {"uv": [12, 3.5, 12.5, 4], "texture": "#1"},
				"east": {"uv": [12, 3.5, 12.5, 4], "texture": "#1"},
				"south": {"uv": [12, 3.5, 12.5, 4], "texture": "#1"},
				"west": {"uv": [12, 3.5, 12.5, 4], "texture": "#1"},
				"up": {"uv": [12, 3.5, 12.5, 4], "texture": "#1"},
				"down": {"uv": [12, 3.5, 12.5, 4], "texture": "#1"}
			}
		},
		{
			"from": [9.42925, 7.26816, -5.3],
			"to": [9.43925, 7.46816, -4.8],
			"rotation": {"angle": -45, "axis": "z", "origin": [11.70381, 5.13581, 7.1708]},
			"faces": {
				"north": {"uv": [12, 3.5, 12.5, 4], "rotation": 90, "texture": "#1"},
				"east": {"uv": [12, 3.5, 12.5, 4], "rotation": 270, "texture": "#1"},
				"south": {"uv": [12, 3.5, 12.5, 4], "rotation": 270, "texture": "#1"},
				"west": {"uv": [12, 3.5, 12.5, 4], "rotation": 270, "texture": "#1"},
				"up": {"uv": [12, 3.5, 12.5, 4], "rotation": 270, "texture": "#1"},
				"down": {"uv": [12, 3.5, 12.5, 4], "rotation": 270, "texture": "#1"}
			}
		},
		{
			"from": [13.68062, 7.55687, -5.3],
			"to": [13.69062, 7.75687, -4.8],
			"rotation": {"angle": 45, "axis": "z", "origin": [11.70381, 5.13581, 7.1708]},
			"faces": {
				"north": {"uv": [12, 3.5, 12.5, 4], "rotation": 90, "texture": "#1"},
				"east": {"uv": [12, 3.5, 12.5, 4], "rotation": 270, "texture": "#1"},
				"south": {"uv": [12, 3.5, 12.5, 4], "rotation": 270, "texture": "#1"},
				"west": {"uv": [12, 3.5, 12.5, 4], "rotation": 270, "texture": "#1"},
				"up": {"uv": [12, 3.5, 12.5, 4], "rotation": 270, "texture": "#1"},
				"down": {"uv": [12, 3.5, 12.5, 4], "rotation": 270, "texture": "#1"}
			}
		},
		{
			"from": [10.29305, 7.91365, -5.3],
			"to": [10.49305, 8.01365, -4.8],
			"rotation": {"angle": -22.5, "axis": "z", "origin": [11.70381, 5.13581, 7.1708]},
			"faces": {
				"north": {"uv": [12, 3.5, 12.5, 4], "texture": "#1"},
				"east": {"uv": [12, 3.5, 12.5, 4], "texture": "#1"},
				"south": {"uv": [12, 3.5, 12.5, 4], "texture": "#1"},
				"west": {"uv": [12, 3.5, 12.5, 4], "texture": "#1"},
				"up": {"uv": [12, 3.5, 12.5, 4], "texture": "#1"},
				"down": {"uv": [12, 3.5, 12.5, 4], "texture": "#1"}
			}
		},
		{
			"from": [11.2, 7.9, 7.59],
			"to": [11.8, 8.1, 8.39],
			"rotation": {"angle": 0, "axis": "y", "origin": [11.70381, 5.13581, 7.1708]},
			"faces": {
				"north": {"uv": [12, 3.5, 12.5, 4], "texture": "#1"},
				"east": {"uv": [12, 3.5, 12.5, 4], "texture": "#1"},
				"south": {"uv": [12, 3.5, 12.5, 4], "texture": "#1"},
				"west": {"uv": [12, 3.5, 12.5, 4], "texture": "#1"},
				"up": {"uv": [12, 3.5, 12.5, 4], "texture": "#1"},
				"down": {"uv": [12, 3.5, 12.5, 4], "texture": "#1"}
			}
		},
		{
			"from": [11.2, 8.1, 7.59],
			"to": [11.8, 8.2, 7.99],
			"rotation": {"angle": 0, "axis": "y", "origin": [11.70381, 5.13581, 7.1708]},
			"faces": {
				"north": {"uv": [12, 3.5, 12.5, 4], "texture": "#1"},
				"east": {"uv": [12, 3.5, 12.5, 4], "texture": "#1"},
				"south": {"uv": [12, 3.5, 12.5, 4], "texture": "#1"},
				"west": {"uv": [12, 3.5, 12.5, 4], "texture": "#1"},
				"up": {"uv": [12, 3.5, 12.5, 4], "texture": "#1"},
				"down": {"uv": [12, 3.5, 12.5, 4], "texture": "#1"}
			}
		},
		{
			"from": [11.2, 8.2, 7.59],
			"to": [11.8, 8.31, 7.74],
			"rotation": {"angle": 0, "axis": "y", "origin": [11.70381, 5.13581, 7.1708]},
			"faces": {
				"north": {"uv": [12, 3.5, 12.5, 4], "texture": "#1"},
				"east": {"uv": [12, 3.5, 12.5, 4], "texture": "#1"},
				"south": {"uv": [12, 3.5, 12.5, 4], "texture": "#1"},
				"west": {"uv": [12, 3.5, 12.5, 4], "texture": "#1"},
				"up": {"uv": [12, 3.5, 12.5, 4], "texture": "#1"},
				"down": {"uv": [12, 3.5, 12.5, 4], "texture": "#1"}
			}
		},
		{
			"from": [11.2, 8.08788, 6.4834],
			"to": [11.8, 8.28788, 7.0834],
			"rotation": {"angle": 22.5, "axis": "x", "origin": [11.70381, 5.13581, 7.1708]},
			"faces": {
				"north": {"uv": [12, 3.5, 12.5, 4], "texture": "#1"},
				"east": {"uv": [12, 3.5, 12.5, 4], "texture": "#1"},
				"south": {"uv": [12, 3.5, 12.5, 4], "texture": "#1"},
				"west": {"uv": [12, 3.5, 12.5, 4], "texture": "#1"},
				"up": {"uv": [12, 3.5, 12.5, 4], "texture": "#1"},
				"down": {"uv": [12, 3.5, 12.5, 4], "texture": "#1"}
			}
		},
		{
			"from": [10.9, 7.32351, 10.04411],
			"to": [11.4, 7.42351, 10.34411],
			"rotation": {"angle": 0, "axis": "y", "origin": [11.70381, 5.13581, 7.1708]},
			"faces": {
				"north": {"uv": [14.75, 3.1, 15.75, 4.1], "texture": "#1"},
				"east": {"uv": [14.75, 3.1, 15.75, 4.1], "texture": "#1"},
				"south": {"uv": [14.75, 3.1, 15.75, 4.1], "texture": "#1"},
				"west": {"uv": [14.75, 4.75, 15.75, 5.75], "texture": "#1"},
				"up": {"uv": [14.75, 3.1, 15.75, 4.1], "texture": "#1"},
				"down": {"uv": [14.75, 3.1, 15.75, 4.1], "texture": "#1"}
			}
		},
		{
			"from": [10.9, 6.0498, 10.40085],
			"to": [11.4, 6.1498, 10.70085],
			"rotation": {"angle": -22.5, "axis": "x", "origin": [11.70381, 5.13581, 7.1708]},
			"faces": {
				"north": {"uv": [14.75, 3.1, 15.75, 4.1], "texture": "#1"},
				"east": {"uv": [14.75, 3.1, 15.75, 4.1], "texture": "#1"},
				"south": {"uv": [14.75, 3.1, 15.75, 4.1], "texture": "#1"},
				"west": {"uv": [14.75, 4.75, 15.75, 5.75], "texture": "#1"},
				"up": {"uv": [14.75, 3.1, 15.75, 4.1], "texture": "#1"},
				"down": {"uv": [14.75, 3.1, 15.75, 4.1], "texture": "#1"}
			}
		},
		{
			"from": [10.9, 4.73652, 10.24302],
			"to": [11.4, 4.83652, 10.54302],
			"rotation": {"angle": -45, "axis": "x", "origin": [11.70381, 5.13581, 7.1708]},
			"faces": {
				"north": {"uv": [14.75, 3.1, 15.75, 4.1], "texture": "#1"},
				"east": {"uv": [14.75, 3.1, 15.75, 4.1], "texture": "#1"},
				"south": {"uv": [14.75, 3.1, 15.75, 4.1], "texture": "#1"},
				"west": {"uv": [14.75, 4.75, 15.75, 5.75], "texture": "#1"},
				"up": {"uv": [14.75, 3.1, 15.75, 4.1], "texture": "#1"},
				"down": {"uv": [14.75, 3.1, 15.75, 4.1], "texture": "#1"}
			}
		},
		{
			"from": [10.9, 7.55964, 8.62299],
			"to": [11.4, 7.85964, 8.72299],
			"rotation": {"angle": 22.5, "axis": "x", "origin": [11.70381, 5.13581, 7.1708]},
			"faces": {
				"north": {"uv": [14.75, 3.1, 15.75, 4.1], "rotation": 180, "texture": "#1"},
				"east": {"uv": [14.75, 3.1, 15.75, 4.1], "rotation": 90, "texture": "#1"},
				"south": {"uv": [14.75, 3.1, 15.75, 4.1], "texture": "#1"},
				"west": {"uv": [14.75, 4.75, 15.75, 5.75], "rotation": 270, "texture": "#1"},
				"up": {"uv": [14.75, 3.1, 15.75, 4.1], "texture": "#1"},
				"down": {"uv": [14.75, 3.1, 15.75, 4.1], "rotation": 180, "texture": "#1"}
			}
		},
		{
			"from": [10.9, 6.51941, 10.84821],
			"to": [11.4, 6.81941, 10.94821],
			"rotation": {"angle": 0, "axis": "y", "origin": [11.70381, 5.13581, 7.1708]},
			"faces": {
				"north": {"uv": [14.75, 3.1, 15.75, 4.1], "rotation": 180, "texture": "#1"},
				"east": {"uv": [14.75, 3.1, 15.75, 4.1], "rotation": 270, "texture": "#1"},
				"south": {"uv": [14.75, 3.1, 15.75, 4.1], "texture": "#1"},
				"west": {"uv": [14.75, 4.75, 15.75, 5.75], "rotation": 90, "texture": "#1"},
				"up": {"uv": [14.75, 3.1, 15.75, 4.1], "rotation": 180, "texture": "#1"},
				"down": {"uv": [14.75, 3.1, 15.75, 4.1], "texture": "#1"}
			}
		},
		{
			"from": [10.9, 5.24569, 11.20496],
			"to": [11.4, 5.54569, 11.30496],
			"rotation": {"angle": -22.5, "axis": "x", "origin": [11.70381, 5.13581, 7.1708]},
			"faces": {
				"north": {"uv": [14.75, 3.1, 15.75, 4.1], "rotation": 180, "texture": "#1"},
				"east": {"uv": [14.75, 3.1, 15.75, 4.1], "rotation": 270, "texture": "#1"},
				"south": {"uv": [14.75, 3.1, 15.75, 4.1], "texture": "#1"},
				"west": {"uv": [14.75, 4.75, 15.75, 5.75], "rotation": 90, "texture": "#1"},
				"up": {"uv": [14.75, 3.1, 15.75, 4.1], "rotation": 180, "texture": "#1"},
				"down": {"uv": [14.75, 3.1, 15.75, 4.1], "texture": "#1"}
			}
		},
		{
			"from": [10.9, 9.01213, 8.07419],
			"to": [11.4, 9.11213, 8.37419],
			"rotation": {"angle": 45, "axis": "x", "origin": [11.70381, 5.13581, 7.1708]},
			"faces": {
				"north": {"uv": [14.75, 3.1, 15.75, 4.1], "texture": "#1"},
				"east": {"uv": [14.75, 3.1, 15.75, 4.1], "texture": "#1"},
				"south": {"uv": [14.75, 3.1, 15.75, 4.1], "texture": "#1"},
				"west": {"uv": [14.75, 4.75, 15.75, 5.75], "texture": "#1"},
				"up": {"uv": [14.75, 3.1, 15.75, 4.1], "texture": "#1"},
				"down": {"uv": [14.75, 3.1, 15.75, 4.1], "texture": "#1"}
			}
		},
		{
			"from": [10.9, 8.36374, 9.22709],
			"to": [11.4, 8.46374, 9.52709],
			"rotation": {"angle": 22.5, "axis": "x", "origin": [11.70381, 5.13581, 7.1708]},
			"faces": {
				"north": {"uv": [14.75, 3.1, 15.75, 4.1], "texture": "#1"},
				"east": {"uv": [14.75, 3.1, 15.75, 4.1], "texture": "#1"},
				"south": {"uv": [14.75, 3.1, 15.75, 4.1], "texture": "#1"},
				"west": {"uv": [14.75, 4.75, 15.75, 5.75], "texture": "#1"},
				"up": {"uv": [14.75, 3.1, 15.75, 4.1], "texture": "#1"},
				"down": {"uv": [14.75, 3.1, 15.75, 4.1], "texture": "#1"}
			}
		},
		{
			"from": [10.9, 6.51941, 9.44001],
			"to": [11.4, 6.81941, 9.54001],
			"rotation": {"angle": 0, "axis": "y", "origin": [11.70381, 5.13581, 7.1708]},
			"faces": {
				"north": {"uv": [14.75, 3.1, 15.75, 4.1], "rotation": 180, "texture": "#1"},
				"east": {"uv": [14.75, 3.1, 15.75, 4.1], "rotation": 90, "texture": "#1"},
				"south": {"uv": [14.75, 3.1, 15.75, 4.1], "texture": "#1"},
				"west": {"uv": [14.75, 4.75, 15.75, 5.75], "rotation": 270, "texture": "#1"},
				"up": {"uv": [14.75, 3.1, 15.75, 4.1], "texture": "#1"},
				"down": {"uv": [14.75, 3.1, 15.75, 4.1], "rotation": 180, "texture": "#1"}
			}
		},
		{
			"from": [10.9, 5.2457, 9.79676],
			"to": [11.4, 5.5457, 9.89676],
			"rotation": {"angle": -22.5, "axis": "x", "origin": [11.70381, 5.13581, 7.1708]},
			"faces": {
				"north": {"uv": [14.75, 3.1, 15.75, 4.1], "rotation": 180, "texture": "#1"},
				"east": {"uv": [14.75, 3.1, 15.75, 4.1], "rotation": 90, "texture": "#1"},
				"south": {"uv": [14.75, 3.1, 15.75, 4.1], "texture": "#1"},
				"west": {"uv": [14.75, 4.75, 15.75, 5.75], "rotation": 270, "texture": "#1"},
				"up": {"uv": [14.75, 3.1, 15.75, 4.1], "texture": "#1"},
				"down": {"uv": [14.75, 3.1, 15.75, 4.1], "rotation": 180, "texture": "#1"}
			}
		},
		{
			"from": [10.9, 3.93242, 9.63893],
			"to": [11.4, 4.23242, 9.73893],
			"rotation": {"angle": -45, "axis": "x", "origin": [11.70381, 5.13581, 7.1708]},
			"faces": {
				"north": {"uv": [14.75, 3.1, 15.75, 4.1], "rotation": 180, "texture": "#1"},
				"east": {"uv": [14.75, 3.1, 15.75, 4.1], "rotation": 90, "texture": "#1"},
				"south": {"uv": [14.75, 3.1, 15.75, 4.1], "texture": "#1"},
				"west": {"uv": [14.75, 4.75, 15.75, 5.75], "rotation": 270, "texture": "#1"},
				"up": {"uv": [14.75, 3.1, 15.75, 4.1], "texture": "#1"},
				"down": {"uv": [14.75, 3.1, 15.75, 4.1], "rotation": 180, "texture": "#1"}
			}
		},
		{
			"from": [10.9, 6.95554, 9.22709],
			"to": [11.4, 7.05554, 9.52709],
			"rotation": {"angle": 22.5, "axis": "x", "origin": [11.70381, 5.13581, 7.1708]},
			"faces": {
				"north": {"uv": [14.75, 3.1, 15.75, 4.1], "rotation": 180, "texture": "#1"},
				"east": {"uv": [14.75, 3.1, 15.75, 4.1], "rotation": 180, "texture": "#1"},
				"south": {"uv": [14.75, 3.1, 15.75, 4.1], "rotation": 180, "texture": "#1"},
				"west": {"uv": [14.75, 4.75, 15.75, 5.75], "rotation": 180, "texture": "#1"},
				"up": {"uv": [14.75, 3.1, 15.75, 4.1], "texture": "#1"},
				"down": {"uv": [14.75, 3.1, 15.75, 4.1], "texture": "#1"}
			}
		},
		{
			"from": [10.9, 5.91531, 10.04411],
			"to": [11.4, 6.01531, 10.34411],
			"rotation": {"angle": 0, "axis": "y", "origin": [11.70381, 5.13581, 7.1708]},
			"faces": {
				"north": {"uv": [14.75, 3.1, 15.75, 4.1], "rotation": 180, "texture": "#1"},
				"east": {"uv": [14.75, 3.1, 15.75, 4.1], "rotation": 180, "texture": "#1"},
				"south": {"uv": [14.75, 3.1, 15.75, 4.1], "rotation": 180, "texture": "#1"},
				"west": {"uv": [14.75, 4.75, 15.75, 5.75], "rotation": 180, "texture": "#1"},
				"up": {"uv": [14.75, 3.1, 15.75, 4.1], "texture": "#1"},
				"down": {"uv": [14.75, 3.1, 15.75, 4.1], "texture": "#1"}
			}
		},
		{
			"from": [10.9, 4.6416, 10.40086],
			"to": [11.4, 4.7416, 10.70086],
			"rotation": {"angle": -22.5, "axis": "x", "origin": [11.70381, 5.13581, 7.1708]},
			"faces": {
				"north": {"uv": [14.75, 3.1, 15.75, 4.1], "rotation": 180, "texture": "#1"},
				"east": {"uv": [14.75, 3.1, 15.75, 4.1], "rotation": 180, "texture": "#1"},
				"south": {"uv": [14.75, 3.1, 15.75, 4.1], "rotation": 180, "texture": "#1"},
				"west": {"uv": [14.75, 4.75, 15.75, 5.75], "rotation": 180, "texture": "#1"},
				"up": {"uv": [14.75, 3.1, 15.75, 4.1], "texture": "#1"},
				"down": {"uv": [14.75, 3.1, 15.75, 4.1], "texture": "#1"}
			}
		},
		{
			"from": [10.9, 3.32833, 10.24303],
			"to": [11.4, 3.42833, 10.54303],
			"rotation": {"angle": -45, "axis": "x", "origin": [11.70381, 5.13581, 7.1708]},
			"faces": {
				"north": {"uv": [14.75, 3.1, 15.75, 4.1], "rotation": 180, "texture": "#1"},
				"east": {"uv": [14.75, 3.1, 15.75, 4.1], "rotation": 180, "texture": "#1"},
				"south": {"uv": [14.75, 3.1, 15.75, 4.1], "rotation": 180, "texture": "#1"},
				"west": {"uv": [14.75, 4.75, 15.75, 5.75], "rotation": 180, "texture": "#1"},
				"up": {"uv": [14.75, 3.1, 15.75, 4.1], "texture": "#1"},
				"down": {"uv": [14.75, 3.1, 15.75, 4.1], "texture": "#1"}
			}
		},
		{
			"from": [10.9, 7.55964, 10.03119],
			"to": [11.4, 7.85964, 10.13119],
			"rotation": {"angle": 22.5, "axis": "x", "origin": [11.70381, 5.13581, 7.1708]},
			"faces": {
				"north": {"uv": [14.75, 3.1, 15.75, 4.1], "rotation": 180, "texture": "#1"},
				"east": {"uv": [14.75, 3.1, 15.75, 4.1], "rotation": 270, "texture": "#1"},
				"south": {"uv": [14.75, 3.1, 15.75, 4.1], "texture": "#1"},
				"west": {"uv": [14.75, 4.75, 15.75, 5.75], "rotation": 90, "texture": "#1"},
				"up": {"uv": [14.75, 3.1, 15.75, 4.1], "rotation": 180, "texture": "#1"},
				"down": {"uv": [14.75, 3.1, 15.75, 4.1], "texture": "#1"}
			}
		},
		{
			"from": [10.9, 6.3, 10.15],
			"to": [11.45, 7.15, 10.25],
			"rotation": {"angle": 0, "axis": "y", "origin": [11.70381, 5.13581, 7.1708]},
			"faces": {
				"north": {"uv": [7.8, 3.85, 8.3, 4.35], "texture": "#1"},
				"east": {"uv": [7.8, 3.85, 8.3, 4.35], "texture": "#1"},
				"south": {"uv": [7.8, 3.85, 8.3, 4.35], "texture": "#1"},
				"west": {"uv": [7.8, 3.85, 8.3, 4.35], "texture": "#1"},
				"up": {"uv": [7.8, 3.85, 8.3, 4.35], "texture": "#1"},
				"down": {"uv": [7.8, 3.85, 8.3, 4.35], "texture": "#1"}
			}
		},
		{
			"from": [10.9, 7.87902, 8.10368],
			"to": [11.45, 8.42902, 8.20368],
			"rotation": {"angle": 45, "axis": "x", "origin": [11.70381, 5.13581, 7.1708]},
			"faces": {
				"north": {"uv": [7.8, 3.85, 8.3, 4.35], "texture": "#1"},
				"east": {"uv": [7.8, 3.85, 8.3, 4.35], "texture": "#1"},
				"south": {"uv": [7.8, 3.85, 8.3, 4.35], "texture": "#1"},
				"west": {"uv": [7.8, 3.85, 8.3, 4.35], "texture": "#1"},
				"up": {"uv": [7.8, 3.85, 8.3, 4.35], "texture": "#1"},
				"down": {"uv": [7.8, 3.85, 8.3, 4.35], "texture": "#1"}
			}
		},
		{
			"from": [10.9, 3.59508, 10.42185],
			"to": [11.45, 4.14508, 10.52185],
			"rotation": {"angle": -45, "axis": "x", "origin": [11.70381, 5.13581, 7.1708]},
			"faces": {
				"north": {"uv": [7.8, 3.85, 8.3, 4.35], "texture": "#1"},
				"east": {"uv": [7.8, 3.85, 8.3, 4.35], "texture": "#1"},
				"south": {"uv": [7.8, 3.85, 8.3, 4.35], "texture": "#1"},
				"west": {"uv": [7.8, 3.85, 8.3, 4.35], "texture": "#1"},
				"up": {"uv": [7.8, 3.85, 8.3, 4.35], "texture": "#1"},
				"down": {"uv": [7.8, 3.85, 8.3, 4.35], "texture": "#1"}
			}
		},
		{
			"from": [11.485, 7.9125, 8.39027],
			"to": [11.51, 8.0825, 8.41027],
			"rotation": {"angle": 0, "axis": "y", "origin": [11.70381, 5.13581, 7.1708]},
			"faces": {
				"north": {"uv": [7.8, 3.85, 8.3, 4.35], "texture": "#1"},
				"east": {"uv": [7.8, 3.85, 8.3, 4.35], "texture": "#1"},
				"south": {"uv": [7.8, 3.85, 8.3, 4.35], "texture": "#1"},
				"west": {"uv": [7.8, 3.85, 8.3, 4.35], "texture": "#1"},
				"up": {"uv": [7.8, 3.85, 8.3, 4.35], "rotation": 270, "texture": "#1"},
				"down": {"uv": [7.8, 3.85, 8.3, 4.35], "rotation": 90, "texture": "#1"}
			}
		},
		{
			"from": [13.57779, 7.19894, 8.39027],
			"to": [13.60279, 7.30894, 8.41027],
			"rotation": {"angle": 45, "axis": "z", "origin": [11.70381, 5.13581, 7.1708]},
			"faces": {
				"north": {"uv": [7.8, 3.85, 8.3, 4.35], "rotation": 180, "texture": "#1"},
				"east": {"uv": [7.8, 3.85, 8.3, 4.35], "rotation": 180, "texture": "#1"},
				"south": {"uv": [7.8, 3.85, 8.3, 4.35], "rotation": 180, "texture": "#1"},
				"west": {"uv": [7.8, 3.85, 8.3, 4.35], "rotation": 180, "texture": "#1"},
				"up": {"uv": [7.8, 3.85, 8.3, 4.35], "rotation": 90, "texture": "#1"},
				"down": {"uv": [7.8, 3.85, 8.3, 4.35], "rotation": 270, "texture": "#1"}
			}
		},
		{
			"from": [9.51306, 6.90718, 8.39027],
			"to": [9.53806, 7.01718, 8.41027],
			"rotation": {"angle": -45, "axis": "z", "origin": [11.70381, 5.13581, 7.1708]},
			"faces": {
				"north": {"uv": [7.8, 3.85, 8.3, 4.35], "rotation": 180, "texture": "#1"},
				"east": {"uv": [7.8, 3.85, 8.3, 4.35], "rotation": 180, "texture": "#1"},
				"south": {"uv": [7.8, 3.85, 8.3, 4.35], "rotation": 180, "texture": "#1"},
				"west": {"uv": [7.8, 3.85, 8.3, 4.35], "rotation": 180, "texture": "#1"},
				"up": {"uv": [7.8, 3.85, 8.3, 4.35], "rotation": 90, "texture": "#1"},
				"down": {"uv": [7.8, 3.85, 8.3, 4.35], "rotation": 270, "texture": "#1"}
			}
		}
	],
	"display": {
		"thirdperson_righthand": {
			"translation": [-4.5, 1, -2],
			"scale": [0, 0, 0]
		},
		"firstperson_righthand": {
			"rotation": [2, 0, 0],
			"translation": [-9, 7.25, -0.25],
			"scale": [0, 0, 0]
		},
		"firstperson_lefthand": {
			"translation": [-5.5, 7.75, 7]
		},
		"gui": {
			"rotation": [0, 90, 0],
			"scale": [0.6, 0.6, 0.6]
		},
		"fixed": {
			"rotation": [0, 90, 0],
			"translation": [0, 0, 3.25]
		}
	},
	"groups": [
		{
			"name": "gun",
			"origin": [8, 8, 8],
			"color": 0,
			"children": [
				{
					"name": "barrel",
					"origin": [8, 8, 8],
					"color": 0,
					"children": [0, 1, 2, 3, 4, 5, 6, 7, 8, 9, 10, 11, 12, 13, 14, 15, 16, 17, 18, 19, 20, 21, 22, 23, 24, 25, 26, 27, 28, 29]
				},
				{
					"name": "trigger",
					"origin": [8, 8, 8],
					"color": 0,
					"children": [30, 31, 32, 33, 34, 35, 36]
				},
				{
					"name": "action",
					"origin": [8, 8, 8],
					"color": 0,
					"children": [37, 38, 39, 40, 41, 42, 43, 44, 45, 46, 47, 48]
				},
				{
					"name": "Furniture",
					"origin": [0, 0, 0],
					"color": 0,
					"children": [49, 50, 51, 52, 53, 54, 55, 56, 57, 58, 59, 60, 61, 62, 63, 64, 65]
				},
				{
					"name": "magazine",
					"origin": [8, 8, 8],
					"color": 0,
					"children": [
						66,
						67,
						68,
						69,
						70,
						{
							"name": "maglines",
							"origin": [8, 8, 8],
							"color": 0,
							"children": [71, 72, 73, 74]
						}
					]
				},
				{
					"name": "ironsights",
					"origin": [8, 8, 8],
					"color": 0,
					"children": [75, 76, 77, 78, 79, 80, 81, 82, 83, 84, 85, 86, 87, 88, 89, 90, 91, 92, 93, 94, 95, 96, 97, 98, 99]
				},
				{
					"name": "insignia",
					"origin": [8, 8, 8],
					"color": 0,
					"children": [
						{
							"name": "border",
							"origin": [8, 8, 8],
							"color": 0,
							"children": [100, 101, 102, 103, 104, 105, 106, 107, 108, 109, 110, 111, 112, 113, 114, 115]
						},
						{
							"name": "symbol",
							"origin": [8, 8, 8],
							"color": 0,
							"children": [116, 117, 118, 119, 120, 121]
						}
					]
				}
			]
		}
	]
}