{"credit":"Made with Blockbench","textures":{"0":"item/gun/xeth_rifle1","particle":"item/gun/xeth_rifle1"},"elements":[{"from":[7.9006,7.6715,-8.0061],"to":[8.09942,8.1515,14.5689],"rotation":{"angle":45,"axis":"z","origin":[8.00002,7.91148,-10.00608]},"faces":{"north":{"uv":[2.5,0.5,3,1],"texture":"#0"},"east":{"uv":[2.5,0.5,3,1],"texture":"#0"},"south":{"uv":[2.5,0.5,3,1],"texture":"#0"},"west":{"uv":[2.5,0.5,3,1],"texture":"#0"},"up":{"uv":[2.5,0.5,3,1],"texture":"#0"},"down":{"uv":[2.5,0.5,3,1],"texture":"#0"}}},{"from":[7.9006,7.6715,-8.0061],"to":[8.09942,8.1515,14.5689],"rotation":{"angle":0,"axis":"y","origin":[0,0,3]},"faces":{"north":{"uv":[2.5,0.5,3,1],"texture":"#0"},"east":{"uv":[2.5,0.5,3,1],"texture":"#0"},"south":{"uv":[2.5,0.5,3,1],"texture":"#0"},"west":{"uv":[2.5,0.5,3,1],"texture":"#0"},"up":{"uv":[2.5,0.5,3,1],"texture":"#0"},"down":{"uv":[2.5,0.5,3,1],"texture":"#0"}}},{"from":[7.9006,7.1465,-7.0061],"to":[8.09942,7.3765,14.5689],"rotation":{"angle":0,"axis":"y","origin":[0,0,3]},"faces":{"north":{"uv":[2.5,0.5,3,1],"texture":"#0"},"east":{"uv":[2.5,0.5,3,1],"texture":"#0"},"south":{"uv":[2.5,0.5,3,1],"texture":"#0"},"west":{"uv":[2.5,0.5,3,1],"texture":"#0"},"up":{"uv":[2.5,0.5,3,1],"texture":"#0"},"down":{"uv":[2.5,0.5,3,1],"texture":"#0"}}},{"from":[7.8381,7.084,-7.0373],"to":[8.16192,7.439,-6.68105],"rotation":{"angle":0,"axis":"y","origin":[0,0,3]},"faces":{"north":{"uv":[2.5,0.5,3,1],"texture":"#0"},"east":{"uv":[2.5,0.5,3,1],"texture":"#0"},"south":{"uv":[2.5,0.5,3,1],"texture":"#0"},"west":{"uv":[2.5,0.5,3,1],"texture":"#0"},"up":{"uv":[2.5,0.5,3,1],"texture":"#0"},"down":{"uv":[2.5,0.5,3,1],"texture":"#0"}}},{"from":[7.76,7.8121,-8.0061],"to":[8.24,8.01092,14.5689],"rotation":{"angle":45,"axis":"z","origin":[8.00002,7.91148,-10.00608]},"faces":{"north":{"uv":[2.5,0.5,3,1],"texture":"#0"},"east":{"uv":[2.5,0.5,3,1],"texture":"#0"},"south":{"uv":[2.5,0.5,3,1],"texture":"#0"},"west":{"uv":[2.5,0.5,3,1],"texture":"#0"},"up":{"uv":[2.5,0.5,3,1],"texture":"#0"},"down":{"uv":[2.5,0.5,3,1],"texture":"#0"}}},{"from":[7.76,7.8121,-8.0061],"to":[8.24,8.01092,14.5689],"rotation":{"angle":0,"axis":"y","origin":[0,0,3]},"faces":{"north":{"uv":[2.5,0.5,3,1],"texture":"#0"},"east":{"uv":[2.5,0.5,3,1],"texture":"#0"},"south":{"uv":[2.5,0.5,3,1],"texture":"#0"},"west":{"uv":[2.5,0.5,3,1],"texture":"#0"},"up":{"uv":[2.5,0.5,3,1],"texture":"#0"},"down":{"uv":[2.5,0.5,3,1],"texture":"#0"}}},{"from":[7.76,7.2808,-5.6311],"to":[8.24,7.76087,14.5689],"rotation":{"angle":0,"axis":"y","origin":[0,0,3]},"faces":{"north":{"uv":[2.5,0.5,3,1],"texture":"#0"},"east":{"uv":[2.5,0.5,3,1],"texture":"#0"},"south":{"uv":[2.5,0.5,3,1],"texture":"#0"},"west":{"uv":[2.5,0.5,3,1],"texture":"#0"},"up":{"uv":[2.5,0.5,3,1],"texture":"#0"},"down":{"uv":[2.5,0.5,3,1],"texture":"#0"}}},{"from":[7.5977,7.4132,-5.2061],"to":[8.4027,7.81202,6.0939],"rotation":{"angle":0,"axis":"y","origin":[0,0,3]},"faces":{"north":{"uv":[3.5,11.5,13.5,13],"texture":"#0"},"east":{"uv":[3.5,11.5,13.5,13],"texture":"#0"},"south":{"uv":[3.5,11.5,13.5,13],"texture":"#0"},"west":{"uv":[3.5,11.5,13.5,13],"texture":"#0"},"up":{"uv":[3.5,11.5,13.5,13],"texture":"#0"},"down":{"uv":[3.5,11.5,13.5,13],"texture":"#0"}}},{"from":[7.5977,6.9882,6.0439],"to":[8.4027,7.81202,13.1939],"faces":{"north":{"uv":[3.5,9,14.5,11],"texture":"#0"},"east":{"uv":[3.5,9,14.5,11],"texture":"#0"},"south":{"uv":[3.5,9,14.5,11],"texture":"#0"},"west":{"uv":[3.5,9,14.5,11],"texture":"#0"},"up":{"uv":[3.5,9,14.5,11],"texture":"#0"},"down":{"uv":[3.5,9,14.5,11],"texture":"#0"}}},{"from":[7.5967,6.6055,6.9678],"to":[8.4017,7.62933,17.6178],"faces":{"north":{"uv":[3.5,9,14.5,11],"texture":"#0"},"east":{"uv":[3.5,9,14.5,11],"texture":"#0"},"south":{"uv":[3.5,9,14.5,11],"texture":"#0"},"west":{"uv":[3.5,9,14.5,11],"texture":"#0"},"up":{"uv":[3.5,9,14.5,11],"texture":"#0"},"down":{"uv":[3.5,9,14.5,11],"texture":"#0"}}},{"from":[7.5967,5.4828,17.0746],"to":[8.4017,6.95662,27.3496],"rotation":{"angle":22.5,"axis":"x","origin":[7.99922,6.16967,19.14963]},"faces":{"north":{"uv":[3,10.5,11.5,12.5],"texture":"#0"},"east":{"uv":[3,10.5,11.5,12.5],"texture":"#0"},"south":{"uv":[3,10.5,11.5,12.5],"texture":"#0"},"west":{"uv":[3,10.5,11.5,12.5],"texture":"#0"},"up":{"uv":[3,10.5,11.5,12.5],"texture":"#0"},"down":{"uv":[3,10.5,11.5,12.5],"texture":"#0"}}},{"from":[7.5987,6.9328,23.9559],"to":[8.4037,8.40662,27.3434],"rotation":{"angle":22.5,"axis":"x","origin":[8.00118,6.66967,17.93088]},"faces":{"north":{"uv":[3,10.5,8.5,12.5],"texture":"#0"},"east":{"uv":[3,10.5,8.5,12.5],"texture":"#0"},"south":{"uv":[3,10.5,8.5,12.5],"texture":"#0"},"west":{"uv":[3,10.5,8.5,12.5],"texture":"#0"},"up":{"uv":[3,10.5,8.5,12.5],"texture":"#0"},"down":{"uv":[3,10.5,8.5,12.5],"texture":"#0"}}},{"from":[7.5977,2.4178,26.4406],"to":[8.4027,5.59163,28.92185],"faces":{"north":{"uv":[3,10.5,6,14.5],"texture":"#0"},"east":{"uv":[3,10.5,6,14.5],"texture":"#0"},"south":{"uv":[3,10.5,6,14.5],"texture":"#0"},"west":{"uv":[3,10.5,6,14.5],"texture":"#0"},"up":{"uv":[3,10.5,6,14.5],"texture":"#0"},"down":{"uv":[3,10.5,6,14.5],"texture":"#0"}}},{"from":[7.5977,4.7765,21.7059],"to":[8.4027,6.00657,28.9059],"faces":{"north":{"uv":[2.5,9,14.5,11.5],"texture":"#0"},"east":{"uv":[2.5,9,14.5,11.5],"texture":"#0"},"south":{"uv":[2.5,9,14.5,11.5],"texture":"#0"},"west":{"uv":[2.5,9,14.5,11.5],"texture":"#0"},"up":{"uv":[2.5,9,14.5,11.5],"texture":"#0"},"down":{"uv":[2.5,9,14.5,11.5],"texture":"#0"}}},{"from":[7.7227,5.8729,20.6076],"to":[8.2777,6.87798,23.4076],"rotation":{"angle":-22.5,"axis":"x","origin":[8.0002,6.56292,23.74515]},"faces":{"north":{"uv":[3,10.5,11,13],"texture":"#0"},"east":{"uv":[3,10.5,11,13],"texture":"#0"},"south":{"uv":[3,10.5,11,13],"texture":"#0"},"west":{"uv":[3,10.5,11,13],"texture":"#0"},"up":{"uv":[3,10.5,11,13],"texture":"#0"},"down":{"uv":[3,10.5,11,13],"texture":"#0"}}},{"from":[7.7237,5.7198,23.3128],"to":[8.2787,6.72487,28.8378],"faces":{"north":{"uv":[3,10.5,13,13.5],"texture":"#0"},"east":{"uv":[3,10.5,13,13.5],"texture":"#0"},"south":{"uv":[3,10.5,6,13.5],"texture":"#0"},"west":{"uv":[3,10.5,13,13.5],"texture":"#0"},"up":{"uv":[3,10.5,13,13.5],"texture":"#0"},"down":{"uv":[3,10.5,13,13.5],"texture":"#0"}}},{"from":[7.5982,6.2055,10.8678],"to":[8.4032,7.22933,17.6178],"faces":{"north":{"uv":[1.5,10.5,16,13],"texture":"#0"},"east":{"uv":[1.5,10.5,16,13],"texture":"#0"},"south":{"uv":[1.5,10.5,16,13],"texture":"#0"},"west":{"uv":[1.5,10.5,16,13],"texture":"#0"},"up":{"uv":[1.5,10.5,16,13],"texture":"#0"},"down":{"uv":[1.5,10.5,16,13],"texture":"#0"}}},{"from":[7.7227,5.768,14.8428],"to":[8.2777,6.79183,18.7428],"faces":{"north":{"uv":[3,10.5,3.5,11],"texture":"#0"},"east":{"uv":[3,10.5,3.5,11],"texture":"#0"},"south":{"uv":[3,10.5,3.5,11],"texture":"#0"},"west":{"uv":[3,10.5,3.5,11],"texture":"#0"},"up":{"uv":[3,10.5,3.5,11],"texture":"#0"},"down":{"uv":[3,10.5,3.5,11],"texture":"#0"}}},{"from":[7.5972,9.694,6.741],"to":[8.4022,10.29282,7.741],"rotation":{"angle":22.5,"axis":"x","origin":[8.21221,10.09337,-0.40897]},"faces":{"north":{"uv":[4,9,8,10.5],"texture":"#0"},"east":{"uv":[4,9,8,10.5],"texture":"#0"},"south":{"uv":[4,9,8,10.5],"texture":"#0"},"west":{"uv":[4,9,8,10.5],"texture":"#0"},"up":{"uv":[4,9,8,10.5],"texture":"#0"},"down":{"uv":[4,9,8,10.5],"texture":"#0"}}},{"from":[7.5977,9.294,10.516],"to":[8.4027,9.89282,11.641],"rotation":{"angle":22.5,"axis":"x","origin":[8.2127,9.69337,3.49103]},"faces":{"north":{"uv":[4,9,8,10.5],"texture":"#0"},"east":{"uv":[4,9,8,10.5],"texture":"#0"},"south":{"uv":[4,9,8,10.5],"texture":"#0"},"west":{"uv":[4,9,8,10.5],"texture":"#0"},"up":{"uv":[4,9,8,10.5],"texture":"#0"},"down":{"uv":[4,9,8,10.5],"texture":"#0"}}},{"from":[7.9358,7.2022,-5.2061],"to":[8.3408,7.50102,6.0939],"rotation":{"angle":-22.5,"axis":"z","origin":[8.15085,7.30166,1.74392]},"faces":{"north":{"uv":[3.5,11.5,13.5,13],"texture":"#0"},"east":{"uv":[3.5,11.5,13.5,13],"texture":"#0"},"south":{"uv":[3.5,11.5,13.5,13],"texture":"#0"},"west":{"uv":[3.5,11.5,13.5,13],"texture":"#0"},"up":{"uv":[3.5,11.5,13.5,13],"texture":"#0"},"down":{"uv":[3.5,11.5,13.5,13],"texture":"#0"}}},{"from":[7.6596,7.2022,-5.2061],"to":[8.0646,7.50102,6.0939],"rotation":{"angle":22.5,"axis":"z","origin":[7.84955,7.30166,1.74392]},"faces":{"north":{"uv":[3.5,11.5,13.5,13],"texture":"#0"},"east":{"uv":[3.5,11.5,13.5,13],"texture":"#0"},"south":{"uv":[3.5,11.5,13.5,13],"texture":"#0"},"west":{"uv":[3.5,11.5,13.5,13],"texture":"#0"},"up":{"uv":[3.5,11.5,13.5,13],"texture":"#0"},"down":{"uv":[3.5,11.5,13.5,13],"texture":"#0"}}},{"from":[8.032,7.0463,-5.2061],"to":[8.23082,7.8513,6.0939],"rotation":{"angle":22.5,"axis":"z","origin":[8.0314,7.23633,1.74392]},"faces":{"north":{"uv":[3.5,11.5,13.5,13],"texture":"#0"},"east":{"uv":[3.5,11.5,13.5,13],"texture":"#0"},"south":{"uv":[3.5,11.5,13.5,13],"texture":"#0"},"west":{"uv":[3.5,11.5,13.5,13],"texture":"#0"},"up":{"uv":[3.5,11.5,13.5,13],"texture":"#0"},"down":{"uv":[3.5,11.5,13.5,13],"texture":"#0"}}},{"from":[7.7696,7.0463,-5.2061],"to":[7.96841,7.8513,6.0939],"rotation":{"angle":-22.5,"axis":"z","origin":[7.96899,7.23633,1.74392]},"faces":{"north":{"uv":[3.5,11.5,13.5,13],"texture":"#0"},"east":{"uv":[3.5,11.5,13.5,13],"texture":"#0"},"south":{"uv":[3.5,11.5,13.5,13],"texture":"#0"},"west":{"uv":[3.5,11.5,13.5,13],"texture":"#0"},"up":{"uv":[3.5,11.5,13.5,13],"texture":"#0"},"down":{"uv":[3.5,11.5,13.5,13],"texture":"#0"}}},{"from":[7.8957,7.061,-5.2061],"to":[8.1077,7.866,6.0939],"rotation":{"angle":0,"axis":"y","origin":[0,0,3]},"faces":{"north":{"uv":[3.5,11.5,13.5,13],"rotation":180,"texture":"#0"},"east":{"uv":[3.5,11.5,13.5,13],"rotation":180,"texture":"#0"},"south":{"uv":[3.5,11.5,13.5,13],"texture":"#0"},"west":{"uv":[3.5,11.5,13.5,13],"rotation":180,"texture":"#0"},"up":{"uv":[3.5,11.5,13.5,13],"texture":"#0"},"down":{"uv":[3.5,11.5,13.5,13],"rotation":180,"texture":"#0"}}},{"from":[7.9036,7.6594,-4.7061],"to":[8.2836,8.13322,6.5689],"rotation":{"angle":22.5,"axis":"z","origin":[8.09356,7.98378,1.74392]},"faces":{"north":{"uv":[3.5,11.5,13.5,13],"texture":"#0"},"east":{"uv":[3.5,11.5,13.5,13],"texture":"#0"},"south":{"uv":[3.5,11.5,13.5,13],"texture":"#0"},"west":{"uv":[3.5,11.5,13.5,13],"texture":"#0"},"up":{"uv":[3.5,11.5,13.5,13],"texture":"#0"},"down":{"uv":[3.5,11.5,13.5,13],"texture":"#0"}}},{"from":[7.9904,7.8288,-4.7061],"to":[8.13922,8.2088,6.5689],"rotation":{"angle":-22.5,"axis":"z","origin":[8.13975,8.01877,1.74392]},"faces":{"north":{"uv":[3.5,11.5,13.5,13],"texture":"#0"},"east":{"uv":[3.5,11.5,13.5,13],"texture":"#0"},"south":{"uv":[3.5,11.5,13.5,13],"texture":"#0"},"west":{"uv":[3.5,11.5,13.5,13],"texture":"#0"},"up":{"uv":[3.5,11.5,13.5,13],"texture":"#0"},"down":{"uv":[3.5,11.5,13.5,13],"texture":"#0"}}},{"from":[7.9256,7.8715,-4.7061],"to":[8.07442,8.2515,6.5689],"rotation":{"angle":0,"axis":"y","origin":[0,0,3]},"faces":{"north":{"uv":[3.5,11.5,13.5,13],"texture":"#0"},"east":{"uv":[3.5,11.5,13.5,13],"texture":"#0"},"south":{"uv":[3.5,11.5,13.5,13],"texture":"#0"},"west":{"uv":[3.5,11.5,13.5,13],"texture":"#0"},"up":{"uv":[3.5,11.5,13.5,13],"texture":"#0"},"down":{"uv":[3.5,11.5,13.5,13],"texture":"#0"}}},{"from":[7.8609,7.8288,-4.7061],"to":[8.00972,8.2088,6.5689],"rotation":{"angle":22.5,"axis":"z","origin":[7.86028,8.01877,1.74392]},"faces":{"north":{"uv":[3.5,11.5,13.5,13],"texture":"#0"},"east":{"uv":[3.5,11.5,13.5,13],"texture":"#0"},"south":{"uv":[3.5,11.5,13.5,13],"texture":"#0"},"west":{"uv":[3.5,11.5,13.5,13],"texture":"#0"},"up":{"uv":[3.5,11.5,13.5,13],"texture":"#0"},"down":{"uv":[3.5,11.5,13.5,13],"texture":"#0"}}},{"from":[7.7165,7.6594,-4.7061],"to":[8.0965,8.13322,6.5689],"rotation":{"angle":-22.5,"axis":"z","origin":[7.90647,7.98378,1.74392]},"faces":{"north":{"uv":[3.5,11.5,13.5,13],"texture":"#0"},"east":{"uv":[3.5,11.5,13.5,13],"texture":"#0"},"south":{"uv":[3.5,11.5,13.5,13],"texture":"#0"},"west":{"uv":[3.5,11.5,13.5,13],"texture":"#0"},"up":{"uv":[3.5,11.5,13.5,13],"texture":"#0"},"down":{"uv":[3.5,11.5,13.5,13],"texture":"#0"}}},{"from":[7.6299,7.7745,-5.1061],"to":[8.3697,8.05702,-4.6561],"rotation":{"angle":0,"axis":"y","origin":[0,0,3]},"faces":{"north":{"uv":[1.5,0.5,2,1],"texture":"#0"},"east":{"uv":[1.5,0.5,2,1],"texture":"#0"},"south":{"uv":[1.5,0.5,2,1],"texture":"#0"},"west":{"uv":[1.5,0.5,2,1],"texture":"#0"},"up":{"uv":[1.5,0.5,2,1],"texture":"#0"},"down":{"uv":[1.5,0.5,2,1],"texture":"#0"}}},{"from":[7.7544,7.9566,-5.1061],"to":[8.06299,8.31193,-4.6561],"rotation":{"angle":-45,"axis":"z","origin":[7.90874,7.81422,6.24392]},"faces":{"north":{"uv":[1.5,0.5,2,1],"texture":"#0"},"east":{"uv":[1.5,0.5,2,1],"texture":"#0"},"south":{"uv":[1.5,0.5,2,1],"texture":"#0"},"west":{"uv":[1.5,0.5,2,1],"texture":"#0"},"up":{"uv":[1.5,0.5,2,1],"texture":"#0"},"down":{"uv":[1.5,0.5,2,1],"texture":"#0"}}},{"from":[7.8469,7.9199,-5.1061],"to":[8.1515,8.27523,-4.6561],"rotation":{"angle":0,"axis":"y","origin":[0,0,3]},"faces":{"north":{"uv":[1.5,0.5,2,1],"texture":"#0"},"east":{"uv":[1.5,0.5,2,1],"texture":"#0"},"south":{"uv":[1.5,0.5,2,1],"texture":"#0"},"west":{"uv":[1.5,0.5,2,1],"texture":"#0"},"up":{"uv":[1.5,0.5,2,1],"texture":"#0"},"down":{"uv":[1.5,0.5,2,1],"texture":"#0"}}},{"from":[7.9366,7.9566,-5.1061],"to":[8.24519,8.31193,-4.6561],"rotation":{"angle":45,"axis":"z","origin":[8.09094,7.81422,6.24392]},"faces":{"north":{"uv":[1.5,0.5,2,1],"texture":"#0"},"east":{"uv":[1.5,0.5,2,1],"texture":"#0"},"south":{"uv":[1.5,0.5,2,1],"texture":"#0"},"west":{"uv":[1.5,0.5,2,1],"texture":"#0"},"up":{"uv":[1.5,0.5,2,1],"texture":"#0"},"down":{"uv":[1.5,0.5,2,1],"texture":"#0"}}},{"from":[7.6299,7.7745,6.5189],"to":[8.3697,8.05702,6.9689],"faces":{"north":{"uv":[2,1,2.5,1.5],"texture":"#0"},"east":{"uv":[2,1,2.5,1.5],"texture":"#0"},"south":{"uv":[2,1,2.5,1.5],"texture":"#0"},"west":{"uv":[2,1,2.5,1.5],"texture":"#0"},"up":{"uv":[2,1,2.5,1.5],"texture":"#0"},"down":{"uv":[2,1,2.5,1.5],"texture":"#0"}}},{"from":[7.7544,7.9566,6.5189],"to":[8.06299,8.31193,6.9689],"rotation":{"angle":-45,"axis":"z","origin":[7.90874,7.81422,17.86892]},"faces":{"north":{"uv":[2,1,2.5,1.5],"texture":"#0"},"east":{"uv":[2,1,2.5,1.5],"texture":"#0"},"south":{"uv":[2,1,2.5,1.5],"texture":"#0"},"west":{"uv":[2,1,2.5,1.5],"texture":"#0"},"up":{"uv":[2,1,2.5,1.5],"texture":"#0"},"down":{"uv":[2,1,2.5,1.5],"texture":"#0"}}},{"from":[7.8469,7.9199,6.5189],"to":[8.1515,8.27523,6.9689],"faces":{"north":{"uv":[2,1,2.5,1.5],"texture":"#0"},"east":{"uv":[2,1,2.5,1.5],"texture":"#0"},"south":{"uv":[2,1,2.5,1.5],"texture":"#0"},"west":{"uv":[2,1,2.5,1.5],"texture":"#0"},"up":{"uv":[2,1,2.5,1.5],"texture":"#0"},"down":{"uv":[2,1,2.5,1.5],"texture":"#0"}}},{"from":[7.9366,7.9566,6.5189],"to":[8.24519,8.31193,6.9689],"rotation":{"angle":45,"axis":"z","origin":[8.09094,7.81422,17.86892]},"faces":{"north":{"uv":[2,1,2.5,1.5],"texture":"#0"},"east":{"uv":[2,1,2.5,1.5],"texture":"#0"},"south":{"uv":[2,1,2.5,1.5],"texture":"#0"},"west":{"uv":[2,1,2.5,1.5],"texture":"#0"},"up":{"uv":[2,1,2.5,1.5],"texture":"#0"},"down":{"uv":[2,1,2.5,1.5],"texture":"#0"}}},{"from":[7.7724,5.8368,12.7025],"to":[8.2224,7.45886,14.89],"faces":{"north":{"uv":[1,0.5,1.5,1],"texture":"#0"},"east":{"uv":[1,0.5,1.5,1],"texture":"#0"},"south":{"uv":[1,0.5,1.5,1],"texture":"#0"},"west":{"uv":[1,0.5,1.5,1],"texture":"#0"},"up":{"uv":[1,0.5,1.5,1],"texture":"#0"},"down":{"uv":[1,0.5,1.5,1],"texture":"#0"}}},{"from":[7.7724,4.4692,12.8277],"to":[8.2224,5.59126,15.0777],"rotation":{"angle":22.5,"axis":"x","origin":[7.90368,5.46773,16.20274]},"faces":{"north":{"uv":[2.5,1,3,1.5],"texture":"#0"},"east":{"uv":[2.5,1,3,1.5],"texture":"#0"},"south":{"uv":[2.5,1,3,1.5],"texture":"#0"},"west":{"uv":[2.5,1,3,1.5],"texture":"#0"},"up":{"uv":[2.5,1,3,1.5],"texture":"#0"},"down":{"uv":[2.5,1,3,1.5],"texture":"#0"}}},{"from":[7.6474,4.9757,14.7812],"to":[8.3474,6.53526,16.4687],"faces":{"north":{"uv":[2.5,1,3,1.5],"texture":"#0"},"east":{"uv":[2.5,1,3,1.5],"texture":"#0"},"south":{"uv":[2.5,1,3,1.5],"texture":"#0"},"west":{"uv":[2.5,1,3,1.5],"texture":"#0"},"up":{"uv":[2.5,1,3,1.5],"texture":"#0"},"down":{"uv":[2.5,1,3,1.5],"texture":"#0"}}},{"from":[7.6162,4.9757,16.0312],"to":[8.3787,6.53526,16.4687],"faces":{"north":{"uv":[2.5,1,3,1.5],"texture":"#0"},"east":{"uv":[2.5,1,3,1.5],"texture":"#0"},"south":{"uv":[2.5,1,3,1.5],"texture":"#0"},"west":{"uv":[2.5,1,3,1.5],"texture":"#0"},"up":{"uv":[2.5,1,3,1.5],"texture":"#0"},"down":{"uv":[2.5,1,3,1.5],"texture":"#0"}}},{"from":[7.8662,5.2428,17.6978],"to":[8.15995,6.1178,17.88236],"faces":{"north":{"uv":[2.5,1,3,1.5],"texture":"#0"},"east":{"uv":[2.5,1,3,1.5],"texture":"#0"},"south":{"uv":[2.5,1,3,1.5],"texture":"#0"},"west":{"uv":[2.5,1,3,1.5],"texture":"#0"},"up":{"uv":[2.5,1,3,1.5],"texture":"#0"},"down":{"uv":[2.5,1,3,1.5],"texture":"#0"}}},{"from":[7.7724,4.7257,16.4688],"to":[8.2224,4.91026,17.4688],"rotation":{"angle":22.5,"axis":"x","origin":[8.02868,5.47426,17.09375]},"faces":{"north":{"uv":[2.5,1,3,1.5],"texture":"#0"},"east":{"uv":[2.5,1,3,1.5],"texture":"#0"},"south":{"uv":[2.5,1,3,1.5],"texture":"#0"},"west":{"uv":[2.5,1,3,1.5],"texture":"#0"},"up":{"uv":[2.5,1,3,1.5],"texture":"#0"},"down":{"uv":[2.5,1,3,1.5],"texture":"#0"}}},{"from":[7.7724,4.9757,16.2812],"to":[8.2224,6.53526,16.74995],"faces":{"north":{"uv":[2.5,1,3,1.5],"texture":"#0"},"east":{"uv":[2.5,1,3,1.5],"texture":"#0"},"south":{"uv":[2.5,1,3,1.5],"texture":"#0"},"west":{"uv":[2.5,1,3,1.5],"texture":"#0"},"up":{"uv":[2.5,1,3,1.5],"texture":"#0"},"down":{"uv":[2.5,1,3,1.5],"texture":"#0"}}},{"from":[7.8662,5.1119,16.9414],"to":[8.15995,5.29646,17.3164],"rotation":{"angle":-45,"axis":"x","origin":[8.02868,5.86043,17.44141]},"faces":{"north":{"uv":[2.5,1,3,1.5],"texture":"#0"},"east":{"uv":[2.5,1,3,1.5],"texture":"#0"},"south":{"uv":[2.5,1,3,1.5],"texture":"#0"},"west":{"uv":[2.5,1,3,1.5],"texture":"#0"},"up":{"uv":[2.5,1,3,1.5],"texture":"#0"},"down":{"uv":[2.5,1,3,1.5],"texture":"#0"}}},{"from":[7.7724,4.8619,17.3164],"to":[8.2224,5.04646,17.8164],"rotation":{"angle":-45,"axis":"x","origin":[8.02868,5.61043,17.94141]},"faces":{"north":{"uv":[2.5,1,3,1.5],"texture":"#0"},"east":{"uv":[2.5,1,3,1.5],"texture":"#0"},"south":{"uv":[2.5,1,3,1.5],"texture":"#0"},"west":{"uv":[2.5,1,3,1.5],"texture":"#0"},"up":{"uv":[2.5,1,3,1.5],"texture":"#0"},"down":{"uv":[2.5,1,3,1.5],"texture":"#0"}}},{"from":[7.7724,4.9928,18.1978],"to":[8.2224,5.8678,18.38236],"faces":{"north":{"uv":[2.5,1,3,1.5],"texture":"#0"},"east":{"uv":[2.5,1,3,1.5],"texture":"#0"},"south":{"uv":[2.5,1,3,1.5],"texture":"#0"},"west":{"uv":[2.5,1,3,1.5],"texture":"#0"},"up":{"uv":[2.5,1,3,1.5],"texture":"#0"},"down":{"uv":[2.5,1,3,1.5],"texture":"#0"}}},{"from":[7.7724,4.6392,17.1538],"to":[8.2224,4.82376,18.0288],"faces":{"north":{"uv":[2.5,1,3,1.5],"texture":"#0"},"east":{"uv":[2.5,1,3,1.5],"texture":"#0"},"south":{"uv":[2.5,1,3,1.5],"texture":"#0"},"west":{"uv":[2.5,1,3,1.5],"texture":"#0"},"up":{"uv":[2.5,1,3,1.5],"texture":"#0"},"down":{"uv":[2.5,1,3,1.5],"texture":"#0"}}},{"from":[7.8757,7.6062,6.7],"to":[8.12422,8.2062,10.55],"faces":{"north":{"uv":[2,1,2.5,1.5],"texture":"#0"},"east":{"uv":[2,1,2.5,1.5],"texture":"#0"},"south":{"uv":[2,1,2.5,1.5],"texture":"#0"},"west":{"uv":[2,1,2.5,1.5],"texture":"#0"},"up":{"uv":[2,1,2.5,1.5],"texture":"#0"},"down":{"uv":[2,1,2.5,1.5],"texture":"#0"}}},{"from":[7.7,7.782,6.7],"to":[8.3,8.03052,10.55],"rotation":{"angle":45,"axis":"z","origin":[8,7.90625,7]},"faces":{"north":{"uv":[2,1,2.5,1.5],"texture":"#0"},"east":{"uv":[2,1,2.5,1.5],"texture":"#0"},"south":{"uv":[2,1,2.5,1.5],"texture":"#0"},"west":{"uv":[2,1,2.5,1.5],"texture":"#0"},"up":{"uv":[2,1,2.5,1.5],"texture":"#0"},"down":{"uv":[2,1,2.5,1.5],"texture":"#0"}}},{"from":[7.7,7.657,6.7],"to":[8.3,8.03052,10.55],"faces":{"north":{"uv":[2,1,2.5,1.5],"texture":"#0"},"east":{"uv":[2,1,2.5,1.5],"texture":"#0"},"south":{"uv":[2,1,2.5,1.5],"texture":"#0"},"west":{"uv":[2,1,2.5,1.5],"texture":"#0"},"up":{"uv":[2,1,2.5,1.5],"texture":"#0"},"down":{"uv":[2,1,2.5,1.5],"texture":"#0"}}},{"from":[7.8757,7.6062,6.7],"to":[8.12422,8.2062,10.55],"rotation":{"angle":45,"axis":"z","origin":[8,7.90625,7]},"faces":{"north":{"uv":[2,1,2.5,1.5],"texture":"#0"},"east":{"uv":[2,1,2.5,1.5],"texture":"#0"},"south":{"uv":[2,1,2.5,1.5],"texture":"#0"},"west":{"uv":[2,1,2.5,1.5],"texture":"#0"},"up":{"uv":[2,1,2.5,1.5],"texture":"#0"},"down":{"uv":[2,1,2.5,1.5],"texture":"#0"}}},{"from":[7.8633,7.6239,10.1012],"to":[8.13668,8.2839,11.82995],"rotation":{"angle":45,"axis":"z","origin":[8,7.95391,9.36875]},"faces":{"north":{"uv":[2,1,2.5,1.5],"texture":"#0"},"east":{"uv":[2,1,2.5,1.5],"texture":"#0"},"south":{"uv":[2,1,2.5,1.5],"texture":"#0"},"west":{"uv":[2,1,2.5,1.5],"texture":"#0"},"up":{"uv":[2,1,2.5,1.5],"texture":"#0"},"down":{"uv":[2,1,2.5,1.5],"texture":"#0"}}},{"from":[7.8633,7.6239,10.1012],"to":[8.13668,8.2839,11.82995],"faces":{"north":{"uv":[2,1,2.5,1.5],"texture":"#0"},"east":{"uv":[2,1,2.5,1.5],"texture":"#0"},"south":{"uv":[2,1,2.5,1.5],"texture":"#0"},"west":{"uv":[2,1,2.5,1.5],"texture":"#0"},"up":{"uv":[2,1,2.5,1.5],"texture":"#0"},"down":{"uv":[2,1,2.5,1.5],"texture":"#0"}}},{"from":[7.67,7.8172,10.1012],"to":[8.33,8.09058,11.82995],"rotation":{"angle":45,"axis":"z","origin":[8,7.95391,9.36875]},"faces":{"north":{"uv":[2,1,2.5,1.5],"texture":"#0"},"east":{"uv":[2,1,2.5,1.5],"texture":"#0"},"south":{"uv":[2,1,2.5,1.5],"texture":"#0"},"west":{"uv":[2,1,2.5,1.5],"texture":"#0"},"up":{"uv":[2,1,2.5,1.5],"texture":"#0"},"down":{"uv":[2,1,2.5,1.5],"texture":"#0"}}},{"from":[7.67,7.6797,10.1012],"to":[8.33,8.09058,11.82995],"faces":{"north":{"uv":[2,1,2.5,1.5],"texture":"#0"},"east":{"uv":[2,1,2.5,1.5],"texture":"#0"},"south":{"uv":[2,1,2.5,1.5],"texture":"#0"},"west":{"uv":[2,1,2.5,1.5],"texture":"#0"},"up":{"uv":[2,1,2.5,1.5],"texture":"#0"},"down":{"uv":[2,1,2.5,1.5],"texture":"#0"}}},{"from":[7.64,7.4853,11.815],"to":[8.36,8.18353,13.435],"faces":{"north":{"uv":[2,1,2.5,1.5],"texture":"#0"},"east":{"uv":[2,1,2.5,1.5],"texture":"#0"},"south":{"uv":[2,1,2.5,1.5],"texture":"#0"},"west":{"uv":[2,1,2.5,1.5],"texture":"#0"},"up":{"uv":[2,1,2.5,1.5],"texture":"#0"},"down":{"uv":[2,1,2.5,1.5],"texture":"#0"}}},{"from":[7.64,7.4853,13.44],"to":[8.36,7.80853,17.56],"faces":{"north":{"uv":[3,1,3.5,1.5],"texture":"#0"},"east":{"uv":[3,1,3.5,1.5],"texture":"#0"},"south":{"uv":[3,1,3.5,1.5],"texture":"#0"},"west":{"uv":[3,1,3.5,1.5],"texture":"#0"},"up":{"uv":[3,1,3.5,1.5],"texture":"#0"},"down":{"uv":[3,1,3.5,1.5],"texture":"#0"}}},{"from":[7.64,7.4853,13.94],"to":[8.36,7.99603,15.435],"faces":{"north":{"uv":[1,0.5,1.5,1],"texture":"#0"},"east":{"uv":[1,0.5,1.5,1],"texture":"#0"},"south":{"uv":[1,0.5,1.5,1],"texture":"#0"},"west":{"uv":[1,0.5,1.5,1],"texture":"#0"},"up":{"uv":[1,0.5,1.5,1],"texture":"#0"},"down":{"uv":[1,0.5,1.5,1],"texture":"#0"}}},{"from":[7.64,7.4853,15.815],"to":[8.36,8.18353,17.06],"faces":{"north":{"uv":[2,1,2.5,1.5],"texture":"#0"},"east":{"uv":[2,1,2.5,1.5],"texture":"#0"},"south":{"uv":[2,1,2.5,1.5],"texture":"#0"},"west":{"uv":[2,1,2.5,1.5],"texture":"#0"},"up":{"uv":[2,1,2.5,1.5],"texture":"#0"},"down":{"uv":[2,1,2.5,1.5],"texture":"#0"}}},{"from":[7.64,7.4853,13.44],"to":[7.86,8.18353,17.06],"faces":{"north":{"uv":[2,1,2.5,1.5],"texture":"#0"},"east":{"uv":[2,1,2.5,1.5],"texture":"#0"},"south":{"uv":[2,1,2.5,1.5],"texture":"#0"},"west":{"uv":[2,1,2.5,1.5],"texture":"#0"},"up":{"uv":[2,1,2.5,1.5],"texture":"#0"},"down":{"uv":[2,1,2.5,1.5],"texture":"#0"}}},{"from":[7.64,7.8853,11.815],"to":[8.36,8.18353,13.435],"rotation":{"angle":45,"axis":"z","origin":[8,8.03438,12.175]},"faces":{"north":{"uv":[2,1,2.5,1.5],"texture":"#0"},"east":{"uv":[2,1,2.5,1.5],"texture":"#0"},"south":{"uv":[2,1,2.5,1.5],"texture":"#0"},"west":{"uv":[2,1,2.5,1.5],"texture":"#0"},"up":{"uv":[2,1,2.5,1.5],"texture":"#0"},"down":{"uv":[2,1,2.5,1.5],"texture":"#0"}}},{"from":[7.64,7.8853,15.815],"to":[8.36,8.18353,17.06],"rotation":{"angle":45,"axis":"z","origin":[8,8.03437,16.3]},"faces":{"north":{"uv":[2,1,2.5,1.5],"texture":"#0"},"east":{"uv":[2,1,2.5,1.5],"texture":"#0"},"south":{"uv":[2,1,2.5,1.5],"texture":"#0"},"west":{"uv":[2,1,2.5,1.5],"texture":"#0"},"up":{"uv":[2,1,2.5,1.5],"texture":"#0"},"down":{"uv":[2,1,2.5,1.5],"texture":"#0"}}},{"from":[7.8509,7.6744,11.815],"to":[8.14914,8.3944,13.435],"faces":{"north":{"uv":[2,1,2.5,1.5],"texture":"#0"},"east":{"uv":[2,1,2.5,1.5],"texture":"#0"},"south":{"uv":[2,1,2.5,1.5],"texture":"#0"},"west":{"uv":[2,1,2.5,1.5],"texture":"#0"},"up":{"uv":[2,1,2.5,1.5],"texture":"#0"},"down":{"uv":[2,1,2.5,1.5],"texture":"#0"}}},{"from":[7.8509,7.6744,15.815],"to":[8.14914,8.3944,17.06],"faces":{"north":{"uv":[2,1,2.5,1.5],"texture":"#0"},"east":{"uv":[2,1,2.5,1.5],"texture":"#0"},"south":{"uv":[2,1,2.5,1.5],"texture":"#0"},"west":{"uv":[2,1,2.5,1.5],"texture":"#0"},"up":{"uv":[2,1,2.5,1.5],"texture":"#0"},"down":{"uv":[2,1,2.5,1.5],"texture":"#0"}}},{"from":[7.8509,7.6744,11.815],"to":[8.14914,8.3944,13.435],"rotation":{"angle":45,"axis":"z","origin":[8,8.03438,12.175]},"faces":{"north":{"uv":[2,1,2.5,1.5],"texture":"#0"},"east":{"uv":[2,1,2.5,1.5],"texture":"#0"},"south":{"uv":[2,1,2.5,1.5],"texture":"#0"},"west":{"uv":[2,1,2.5,1.5],"texture":"#0"},"up":{"uv":[2,1,2.5,1.5],"texture":"#0"},"down":{"uv":[2,1,2.5,1.5],"texture":"#0"}}},{"from":[7.8509,7.6744,15.815],"to":[8.14914,8.3944,17.06],"rotation":{"angle":45,"axis":"z","origin":[8,8.03437,16.3]},"faces":{"north":{"uv":[2,1,2.5,1.5],"texture":"#0"},"east":{"uv":[2,1,2.5,1.5],"texture":"#0"},"south":{"uv":[2,1,2.5,1.5],"texture":"#0"},"west":{"uv":[2,1,2.5,1.5],"texture":"#0"},"up":{"uv":[2,1,2.5,1.5],"texture":"#0"},"down":{"uv":[2,1,2.5,1.5],"texture":"#0"}}},{"from":[7.8509,8.2369,13.44],"to":[8.08664,8.3944,15.81],"rotation":{"angle":45,"axis":"z","origin":[8,8.03437,16.3]},"faces":{"north":{"uv":[2,1,2.5,1.5],"texture":"#0"},"east":{"uv":[2,1,2.5,1.5],"texture":"#0"},"south":{"uv":[2,1,2.5,1.5],"texture":"#0"},"west":{"uv":[2,1,2.5,1.5],"texture":"#0"},"up":{"uv":[2,1,2.5,1.5],"texture":"#0"},"down":{"uv":[2,1,2.5,1.5],"texture":"#0"}}},{"from":[7.8907,7.735,12.5125],"to":[8.1094,8.263,17.3825],"rotation":{"angle":45,"axis":"z","origin":[8.00002,7.99898,-15.40004]},"faces":{"north":{"uv":[11.75,5.1,12.25,5.6],"texture":"#0"},"east":{"uv":[11.75,5.1,12.25,5.6],"texture":"#0"},"south":{"uv":[11.75,5.1,12.25,5.6],"texture":"#0"},"west":{"uv":[11.75,5.1,12.25,5.6],"texture":"#0"},"up":{"uv":[11.75,5.1,12.25,5.6],"texture":"#0"},"down":{"uv":[11.75,5.1,12.25,5.6],"texture":"#0"}}},{"from":[7.8907,7.735,12.5125],"to":[8.1094,8.263,17.3825],"faces":{"north":{"uv":[11.75,5.1,12.25,5.6],"texture":"#0"},"east":{"uv":[11.75,5.1,12.25,5.6],"texture":"#0"},"south":{"uv":[11.75,5.1,12.25,5.6],"texture":"#0"},"west":{"uv":[11.75,5.1,12.25,5.6],"texture":"#0"},"up":{"uv":[11.75,5.1,12.25,5.6],"texture":"#0"},"down":{"uv":[11.75,5.1,12.25,5.6],"texture":"#0"}}},{"from":[7.736,7.8896,12.5125],"to":[8.264,8.1083,17.3825],"rotation":{"angle":45,"axis":"z","origin":[8.00002,7.99898,-15.40004]},"faces":{"north":{"uv":[11.75,5.1,12.25,5.6],"texture":"#0"},"east":{"uv":[11.75,5.1,12.25,5.6],"texture":"#0"},"south":{"uv":[11.75,5.1,12.25,5.6],"texture":"#0"},"west":{"uv":[11.75,5.1,12.25,5.6],"texture":"#0"},"up":{"uv":[11.75,5.1,12.25,5.6],"texture":"#0"},"down":{"uv":[11.75,5.1,12.25,5.6],"texture":"#0"}}},{"from":[7.736,7.8896,12.5125],"to":[8.264,8.1083,17.3825],"faces":{"north":{"uv":[11.75,5.1,12.25,5.6],"texture":"#0"},"east":{"uv":[11.75,5.1,12.25,5.6],"texture":"#0"},"south":{"uv":[11.75,5.1,12.25,5.6],"texture":"#0"},"west":{"uv":[11.75,5.1,12.25,5.6],"texture":"#0"},"up":{"uv":[11.75,5.1,12.25,5.6],"texture":"#0"},"down":{"uv":[11.75,5.1,12.25,5.6],"texture":"#0"}}},{"from":[7.9235,7.9209,12.5125],"to":[8.0765,8.0771,17.7575],"faces":{"north":{"uv":[11.75,5.1,12.25,5.6],"texture":"#0"},"east":{"uv":[11.75,5.1,12.25,5.6],"texture":"#0"},"south":{"uv":[11.75,5.1,12.25,5.6],"texture":"#0"},"west":{"uv":[11.75,5.1,12.25,5.6],"texture":"#0"},"up":{"uv":[11.75,5.1,12.25,5.6],"texture":"#0"},"down":{"uv":[11.75,5.1,12.25,5.6],"texture":"#0"}}},{"from":[7.7985,7.7959,17.7262],"to":[8.2015,8.2021,17.8512],"faces":{"north":{"uv":[11.75,5.1,12.25,5.6],"texture":"#0"},"east":{"uv":[11.75,5.1,12.25,5.6],"texture":"#0"},"south":{"uv":[11.75,5.1,12.25,5.6],"texture":"#0"},"west":{"uv":[11.75,5.1,12.25,5.6],"texture":"#0"},"up":{"uv":[11.75,5.1,12.25,5.6],"texture":"#0"},"down":{"uv":[11.75,5.1,12.25,5.6],"texture":"#0"}}},{"from":[7.2396,7.648,15.4688],"to":[8.17785,7.8855,15.75005],"rotation":{"angle":-45,"axis":"z","origin":[8.08621,7.00236,11.46875]},"faces":{"north":{"uv":[12.25,5.1,12.75,5.6],"texture":"#0"},"east":{"uv":[12.25,5.1,12.75,5.6],"texture":"#0"},"south":{"uv":[12.25,5.1,12.75,5.6],"texture":"#0"},"west":{"uv":[12.25,5.1,12.75,5.6],"texture":"#0"},"up":{"uv":[12.25,5.1,12.75,5.6],"texture":"#0"},"down":{"uv":[12.25,5.1,12.75,5.6],"texture":"#0"}}},{"from":[8.5292,6.0537,15.4688],"to":[8.7667,7.54195,15.75005],"rotation":{"angle":0,"axis":"y","origin":[0,-0.3,0]},"faces":{"north":{"uv":[12.25,5.1,12.75,5.6],"rotation":90,"texture":"#0"},"east":{"uv":[12.25,5.1,12.75,5.6],"rotation":90,"texture":"#0"},"south":{"uv":[12.25,5.1,12.75,5.6],"rotation":90,"texture":"#0"},"west":{"uv":[12.25,5.1,12.75,5.6],"rotation":90,"texture":"#0"},"up":{"uv":[12.25,5.1,12.75,5.6],"texture":"#0"},"down":{"uv":[12.25,5.1,12.75,5.6],"texture":"#0"}}},{"from":[8.4163,5.8529,15.375],"to":[8.87255,6.30985,15.84375],"rotation":{"angle":0,"axis":"y","origin":[0,-0.3,0]},"faces":{"north":{"uv":[12.25,5.1,12.75,5.6],"rotation":90,"texture":"#0"},"east":{"uv":[12.25,5.1,12.75,5.6],"rotation":90,"texture":"#0"},"south":{"uv":[12.25,5.1,12.75,5.6],"rotation":90,"texture":"#0"},"west":{"uv":[12.25,5.1,12.75,5.6],"rotation":90,"texture":"#0"},"up":{"uv":[12.25,5.1,12.75,5.6],"rotation":90,"texture":"#0"},"down":{"uv":[12.25,5.1,12.75,5.6],"rotation":90,"texture":"#0"}}},{"from":[7.6868,8.0946,7.3748],"to":[7.82768,8.39147,7.9123],"faces":{"north":{"uv":[2,1,2.5,1.5],"texture":"#0"},"east":{"uv":[2,1,2.5,1.5],"rotation":270,"texture":"#0"},"south":{"uv":[2,1,2.5,1.5],"rotation":270,"texture":"#0"},"west":{"uv":[2,1,2.5,1.5],"rotation":270,"texture":"#0"},"up":{"uv":[2,1,2.5,1.5],"rotation":270,"texture":"#0"},"down":{"uv":[2,1,2.5,1.5],"texture":"#0"}}},{"from":[7.8246,8.2383,7.4967],"to":[8.21047,8.36955,7.82482],"faces":{"north":{"uv":[2,1,2.5,1.5],"rotation":270,"texture":"#0"},"east":{"uv":[2,1,2.5,1.5],"texture":"#0"},"south":{"uv":[2,1,2.5,1.5],"rotation":270,"texture":"#0"},"west":{"uv":[2,1,2.5,1.5],"texture":"#0"},"up":{"uv":[2,1,2.5,1.5],"rotation":270,"texture":"#0"},"down":{"uv":[2,1,2.5,1.5],"rotation":270,"texture":"#0"}}},{"from":[7.6562,10.5007,8.9559],"to":[7.96551,10.7257,9.06528],"rotation":{"angle":22.5,"axis":"x","origin":[7.89505,7.83822,3.71228]},"faces":{"north":{"uv":[2,1,2.5,1.5],"rotation":270,"texture":"#0"},"east":{"uv":[2,1,2.5,1.5],"rotation":270,"texture":"#0"},"south":{"uv":[2,1,2.5,1.5],"rotation":270,"texture":"#0"},"west":{"uv":[2,1,2.5,1.5],"rotation":270,"texture":"#0"},"up":{"uv":[2,1,2.5,1.5],"rotation":270,"texture":"#0"},"down":{"uv":[2,1,2.5,1.5],"rotation":270,"texture":"#0"}}},{"from":[8.0237,10.5007,8.9559],"to":[8.33301,10.7257,9.06528],"rotation":{"angle":22.5,"axis":"x","origin":[7.89505,7.83822,3.71228]},"faces":{"north":{"uv":[2,1,2.5,1.5],"rotation":270,"texture":"#0"},"east":{"uv":[2,1,2.5,1.5],"rotation":270,"texture":"#0"},"south":{"uv":[2,1,2.5,1.5],"rotation":270,"texture":"#0"},"west":{"uv":[2,1,2.5,1.5],"rotation":270,"texture":"#0"},"up":{"uv":[2,1,2.5,1.5],"rotation":270,"texture":"#0"},"down":{"uv":[2,1,2.5,1.5],"rotation":270,"texture":"#0"}}},{"from":[7.7237,8.2602,7.7373],"to":[8.27176,8.36958,9.6623],"faces":{"north":{"uv":[2,1,2.5,1.5],"texture":"#0"},"east":{"uv":[2,1,2.5,1.5],"rotation":270,"texture":"#0"},"south":{"uv":[2,1,2.5,1.5],"texture":"#0"},"west":{"uv":[2,1,2.5,1.5],"rotation":270,"texture":"#0"},"up":{"uv":[2,1,2.5,1.5],"rotation":270,"texture":"#0"},"down":{"uv":[2,1,2.5,1.5],"rotation":270,"texture":"#0"}}},{"from":[7.794,8.2602,7.8248],"to":[8.2105,8.32583,9.46543],"faces":{"north":{"uv":[2,1,2.5,1.5],"texture":"#0"},"east":{"uv":[2,1,2.5,1.5],"texture":"#0"},"south":{"uv":[2,1,2.5,1.5],"rotation":270,"texture":"#0"},"west":{"uv":[2,1,2.5,1.5],"texture":"#0"},"up":{"uv":[2,1,2.5,1.5],"rotation":270,"texture":"#0"},"down":{"uv":[2,1,2.5,1.5],"rotation":270,"texture":"#0"}}},{"from":[8.1768,8.0946,7.3748],"to":[8.31768,8.39147,7.9123],"faces":{"north":{"uv":[2,1,2.5,1.5],"texture":"#0"},"east":{"uv":[2,1,2.5,1.5],"rotation":270,"texture":"#0"},"south":{"uv":[2,1,2.5,1.5],"rotation":270,"texture":"#0"},"west":{"uv":[2,1,2.5,1.5],"rotation":270,"texture":"#0"},"up":{"uv":[2,1,2.5,1.5],"rotation":270,"texture":"#0"},"down":{"uv":[2,1,2.5,1.5],"texture":"#0"}}},{"from":[7.6877,7.5006,7.366],"to":[8.3177,8.12872,9.466],"faces":{"north":{"uv":[2,1,2.5,1.5],"rotation":270,"texture":"#0"},"east":{"uv":[2,1,2.5,1.5],"rotation":270,"texture":"#0"},"south":{"uv":[2,1,2.5,1.5],"rotation":270,"texture":"#0"},"west":{"uv":[2,1,2.5,1.5],"rotation":270,"texture":"#0"},"up":{"uv":[2,1,2.5,1.5],"rotation":270,"texture":"#0"},"down":{"uv":[2,1,2.5,1.5],"texture":"#0"}}},{"from":[7.9756,8.3754,-6.9436],"to":[8.0236,8.6254,-6.7811],"rotation":{"angle":0,"axis":"y","origin":[0,0,3]},"faces":{"north":{"uv":[2.5,0.5,3,1],"texture":"#0"},"east":{"uv":[2.5,0.5,3,1],"texture":"#0"},"south":{"uv":[2.5,0.5,3,1],"texture":"#0"},"west":{"uv":[2.5,0.5,3,1],"texture":"#0"},"up":{"uv":[2.5,0.5,3,1],"texture":"#0"},"down":{"uv":[2.5,0.5,3,1],"texture":"#0"}}},{"from":[7.8384,7.8692,-7.0688],"to":[8.1614,8.46295,-6.6563],"rotation":{"angle":0,"axis":"y","origin":[0,0,3]},"faces":{"north":{"uv":[2.5,0.5,3,1],"texture":"#0"},"east":{"uv":[2.5,0.5,3,1],"texture":"#0"},"south":{"uv":[2.5,0.5,3,1],"texture":"#0"},"west":{"uv":[2.5,0.5,3,1],"texture":"#0"},"up":{"uv":[2.5,0.5,3,1],"texture":"#0"},"down":{"uv":[2.5,0.5,3,1],"texture":"#0"}}},{"from":[7.9004,8.8271,-7.0686],"to":[8.0988,8.8671,-6.6561],"rotation":{"angle":0,"axis":"y","origin":[0,0,3]},"faces":{"north":{"uv":[2.5,0.5,3,1],"texture":"#0"},"east":{"uv":[2.5,0.5,3,1],"texture":"#0"},"south":{"uv":[2.5,0.5,3,1],"texture":"#0"},"west":{"uv":[2.5,0.5,3,1],"texture":"#0"},"up":{"uv":[2.5,0.5,3,1],"texture":"#0"},"down":{"uv":[2.5,0.5,3,1],"texture":"#0"}}},{"from":[9.6356,9.5458,-7.0686],"to":[9.834,9.5858,-6.6561],"rotation":{"angle":45,"axis":"z","origin":[9.73479,6.89251,5.3274]},"faces":{"north":{"uv":[2.5,0.5,3,1],"texture":"#0"},"east":{"uv":[2.5,0.5,3,1],"texture":"#0"},"south":{"uv":[2.5,0.5,3,1],"texture":"#0"},"west":{"uv":[2.5,0.5,3,1],"texture":"#0"},"up":{"uv":[2.5,0.5,3,1],"texture":"#0"},"down":{"uv":[2.5,0.5,3,1],"texture":"#0"}}},{"from":[7.7602,8.5284,-7.0686],"to":[7.8002,8.7268,-6.6561],"rotation":{"angle":0,"axis":"y","origin":[0,0,3]},"faces":{"north":{"uv":[2.5,0.5,3,1],"rotation":270,"texture":"#0"},"east":{"uv":[2.5,0.5,3,1],"rotation":270,"texture":"#0"},"south":{"uv":[2.5,0.5,3,1],"rotation":270,"texture":"#0"},"west":{"uv":[2.5,0.5,3,1],"rotation":270,"texture":"#0"},"up":{"uv":[2.5,0.5,3,1],"texture":"#0"},"down":{"uv":[2.5,0.5,3,1],"rotation":270,"texture":"#0"}}},{"from":[6.1653,9.5458,-7.0687],"to":[6.3637,9.5858,-6.6562],"rotation":{"angle":-45,"axis":"z","origin":[6.26454,6.89251,5.32741]},"faces":{"north":{"uv":[2.5,0.5,3,1],"texture":"#0"},"east":{"uv":[2.5,0.5,3,1],"texture":"#0"},"south":{"uv":[2.5,0.5,3,1],"texture":"#0"},"west":{"uv":[2.5,0.5,3,1],"texture":"#0"},"up":{"uv":[2.5,0.5,3,1],"texture":"#0"},"down":{"uv":[2.5,0.5,3,1],"texture":"#0"}}},{"from":[8.1992,8.5284,-7.0686],"to":[8.2392,8.7268,-6.6561],"rotation":{"angle":0,"axis":"y","origin":[0,0,3]},"faces":{"north":{"uv":[2.5,0.5,3,1],"rotation":270,"texture":"#0"},"east":{"uv":[2.5,0.5,3,1],"rotation":270,"texture":"#0"},"south":{"uv":[2.5,0.5,3,1],"rotation":270,"texture":"#0"},"west":{"uv":[2.5,0.5,3,1],"rotation":270,"texture":"#0"},"up":{"uv":[2.5,0.5,3,1],"rotation":270,"texture":"#0"},"down":{"uv":[2.5,0.5,3,1],"rotation":270,"texture":"#0"}}},{"from":[6.1653,7.6695,-7.0686],"to":[6.3637,7.7095,-6.6561],"rotation":{"angle":45,"axis":"z","origin":[6.26453,10.36279,5.32738]},"faces":{"north":{"uv":[2.5,0.5,3,1],"texture":"#0"},"east":{"uv":[2.5,0.5,3,1],"texture":"#0"},"south":{"uv":[2.5,0.5,3,1],"texture":"#0"},"west":{"uv":[2.5,0.5,3,1],"texture":"#0"},"up":{"uv":[2.5,0.5,3,1],"texture":"#0"},"down":{"uv":[2.5,0.5,3,1],"texture":"#0"}}},{"from":[9.6356,7.6695,-7.0686],"to":[9.834,7.7095,-6.6561],"rotation":{"angle":-45,"axis":"z","origin":[9.73477,10.36279,5.32736]},"faces":{"north":{"uv":[2.5,0.5,3,1],"texture":"#0"},"east":{"uv":[2.5,0.5,3,1],"texture":"#0"},"south":{"uv":[2.5,0.5,3,1],"texture":"#0"},"west":{"uv":[2.5,0.5,3,1],"texture":"#0"},"up":{"uv":[2.5,0.5,3,1],"texture":"#0"},"down":{"uv":[2.5,0.5,3,1],"texture":"#0"}}}],"display":{"thirdperson_righthand":{"translation":[0,1.5,-3.5],"scale":[0.7,0.7,0.7]},"thirdperson_lefthand":{"translation":[-1.25,1.25,-5.5],"scale":[0,0,0]},"firstperson_righthand":{"translation":[-3.5,5,-2.5],"scale":[0,0,0]},"firstperson_lefthand":{"translation":[-8.92,7.75,1.25],"scale":[0.9,0.9,0.9]},"ground":{"scale":[0.6,0.6,0.6]},"gui":{"rotation":[52.96,-40.13,55.91],"translation":[0.75,1.75,0],"scale":[1,0.9,0.8]},"fixed":{"rotation":[0,90,0],"translation":[0,0,-1]}}}