{
	"credit": "Made with Blockbench",
	"textures": {
		"1": "item/gun/xeth_rifle1"
	},
	"elements": [
		{
			"from": [7.86979, 7.986, 15.4403],
			"to": [8.13021, 8.61473, 20.72446],
			"rotation": {"angle": 0, "axis": "z", "origin": [8, 8.30036, 17.3614]},
			"faces": {
				"north": {"uv": [14, 3.5, 13.5, 4], "rotation": 90, "texture": "#1"},
				"east": {"uv": [13.5, 3.5, 14, 4], "rotation": 270, "texture": "#1"},
				"south": {"uv": [14, 5, 13.5, 5.5], "rotation": 90, "texture": "#1"},
				"west": {"uv": [13.5, 3.5, 14, 4], "rotation": 270, "texture": "#1"},
				"up": {"uv": [14.5, 5, 13.5, 5.5], "rotation": 180, "texture": "#1"},
				"down": {"uv": [14, 3.5, 13.5, 4], "texture": "#1"}
			}
		},
		{
			"from": [7.68563, 8.17015, 15.4403],
			"to": [8.31437, 8.43058, 20.72446],
			"rotation": {"angle": 0, "axis": "z", "origin": [8, 8.30036, 17.3614]},
			"faces": {
				"north": {"uv": [14, 3.5, 13.5, 4], "rotation": 90, "texture": "#1"},
				"east": {"uv": [13.5, 5, 14, 5.5], "rotation": 270, "texture": "#1"},
				"south": {"uv": [14, 5, 13, 5.5], "rotation": 90, "texture": "#1"},
				"west": {"uv": [13.5, 5, 14.5, 5.5], "rotation": 270, "texture": "#1"},
				"up": {"uv": [14, 3.5, 13.5, 4], "rotation": 180, "texture": "#1"},
				"down": {"uv": [14, 3.5, 13.5, 4], "texture": "#1"}
			}
		},
		{
			"from": [7.86979, 7.986, 15.4403],
			"to": [8.13021, 8.61473, 20.72446],
			"rotation": {"angle": -45, "axis": "z", "origin": [8, 8.30036, 17.3614]},
			"faces": {
				"north": {"uv": [14, 3.5, 13.5, 4], "rotation": 90, "texture": "#1"},
				"east": {"uv": [13.5, 3.5, 14, 4], "rotation": 270, "texture": "#1"},
				"south": {"uv": [14, 5, 13.5, 5.5], "rotation": 90, "texture": "#1"},
				"west": {"uv": [13.5, 3.5, 14, 4], "rotation": 270, "texture": "#1"},
				"up": {"uv": [14, 5, 13, 5.5], "rotation": 180, "texture": "#1"},
				"down": {"uv": [14, 5, 13.5, 5.5], "texture": "#1"}
			}
		},
		{
			"from": [7.86979, 7.986, 15.4403],
			"to": [8.13021, 8.61473, 20.72446],
			"rotation": {"angle": 45, "axis": "z", "origin": [8, 8.30036, 13.3614]},
			"faces": {
				"north": {"uv": [14, 3.5, 13.5, 4], "rotation": 90, "texture": "#1"},
				"east": {"uv": [13.5, 3.5, 14, 4], "rotation": 270, "texture": "#1"},
				"south": {"uv": [14, 5, 13.5, 5.5], "rotation": 90, "texture": "#1"},
				"west": {"uv": [13.5, 3.5, 14, 4], "rotation": 270, "texture": "#1"},
				"up": {"uv": [14.5, 4.5, 13.5, 5], "rotation": 180, "texture": "#1"},
				"down": {"uv": [14, 5.5, 13.5, 6], "texture": "#1"}
			}
		},
		{
			"from": [7.65344, 8.18677, 20.72239],
			"to": [8.34656, 8.47387, 20.89784],
			"rotation": {"angle": 0, "axis": "z", "origin": [8, 8.33032, 22.84021]},
			"faces": {
				"north": {"uv": [14, 3.5, 13.5, 4], "rotation": 90, "texture": "#1"},
				"east": {"uv": [13.5, 3.5, 14, 4], "rotation": 270, "texture": "#1"},
				"south": {"uv": [14, 3.5, 13, 4], "rotation": 90, "texture": "#1"},
				"west": {"uv": [13.5, 3.5, 14.5, 4], "rotation": 270, "texture": "#1"},
				"up": {"uv": [14, 3.5, 13.5, 4], "rotation": 180, "texture": "#1"},
				"down": {"uv": [14, 3.5, 13.5, 4], "texture": "#1"}
			}
		},
		{
			"from": [7.85646, 7.98377, 20.72239],
			"to": [8.14354, 8.67688, 20.89784],
			"rotation": {"angle": -45, "axis": "z", "origin": [8, 8.33032, 22.84021]},
			"faces": {
				"north": {"uv": [14, 3.5, 13.5, 4], "rotation": 90, "texture": "#1"},
				"east": {"uv": [13.5, 3.5, 14, 4], "rotation": 270, "texture": "#1"},
				"south": {"uv": [14, 3.5, 13.5, 4], "rotation": 90, "texture": "#1"},
				"west": {"uv": [13.5, 3.5, 14, 4], "rotation": 270, "texture": "#1"},
				"up": {"uv": [14.5, 3.5, 13.5, 4], "rotation": 180, "texture": "#1"},
				"down": {"uv": [14, 3.5, 13.5, 4], "texture": "#1"}
			}
		},
		{
			"from": [7.85646, 7.98377, 20.72239],
			"to": [8.14354, 8.67688, 20.89784],
			"rotation": {"angle": 0, "axis": "z", "origin": [8, 8.33032, 22.84021]},
			"faces": {
				"north": {"uv": [14, 3.5, 13.5, 4], "rotation": 90, "texture": "#1"},
				"east": {"uv": [13.5, 3.5, 14, 4], "rotation": 270, "texture": "#1"},
				"south": {"uv": [14, 3.5, 13.5, 4], "rotation": 90, "texture": "#1"},
				"west": {"uv": [13.5, 3.5, 14, 4], "rotation": 270, "texture": "#1"},
				"up": {"uv": [14, 3.5, 13, 4], "rotation": 180, "texture": "#1"},
				"down": {"uv": [14, 3.5, 13.5, 4], "texture": "#1"}
			}
		},
		{
			"from": [7.85646, 7.98377, 20.72239],
			"to": [8.14354, 8.67688, 20.89784],
			"rotation": {"angle": 45, "axis": "z", "origin": [8, 8.33032, 22.84021]},
			"faces": {
				"north": {"uv": [14, 3.5, 13.5, 4], "rotation": 90, "texture": "#1"},
				"east": {"uv": [13.5, 3.5, 14, 4], "rotation": 270, "texture": "#1"},
				"south": {"uv": [14, 3.5, 13.5, 4], "rotation": 90, "texture": "#1"},
				"west": {"uv": [13.5, 3.5, 14, 4], "rotation": 270, "texture": "#1"},
				"up": {"uv": [14, 4, 13, 4.5], "rotation": 180, "texture": "#1"},
				"down": {"uv": [14, 3.5, 13.5, 4], "texture": "#1"}
			}
		},
		{
			"from": [7.88276, 8.44691, 19.59232],
			"to": [8.14813, 9.75219, 19.82679],
			"rotation": {"angle": 0, "axis": "z", "origin": [7.99738, 9.2913, 19.70806]},
			"faces": {
				"north": {"uv": [14, 3.5, 13.5, 4], "rotation": 180, "texture": "#1"},
				"east": {"uv": [14, 3.5, 13.5, 4], "rotation": 270, "texture": "#1"},
				"south": {"uv": [14, 3.5, 13.5, 4], "texture": "#1"},
				"west": {"uv": [14, 3.5, 13.5, 4], "rotation": 90, "texture": "#1"},
				"up": {"uv": [13.5, 3.5, 14, 4], "rotation": 180, "texture": "#1"},
				"down": {"uv": [13.5, 3.5, 14, 4], "rotation": 180, "texture": "#1"}
			}
		},
		{
			"from": [7.6641, 9.78548, 19.57608],
			"to": [8.29418, 10.04647, 19.83707],
			"rotation": {"angle": 0, "axis": "z", "origin": [7.99738, 9.2913, 19.70806]},
			"faces": {
				"north": {"uv": [13.5, 3.5, 14, 4], "texture": "#1"},
				"east": {"uv": [14, 3.5, 13.5, 4], "rotation": 180, "texture": "#1"},
				"south": {"uv": [13.5, 3.5, 14, 4], "rotation": 180, "texture": "#1"},
				"west": {"uv": [14, 3.5, 13.5, 4], "rotation": 180, "texture": "#1"},
				"up": {"uv": [14, 3.5, 13.5, 4], "texture": "#1"},
				"down": {"uv": [14, 3.5, 13.5, 4], "texture": "#1"}
			}
		},
		{
			"from": [7.84864, 9.78548, 19.39153],
			"to": [8.10963, 10.04647, 20.02162],
			"rotation": {"angle": 0, "axis": "z", "origin": [7.99738, 9.2913, 19.70806]},
			"faces": {
				"north": {"uv": [13.5, 3.5, 14, 4], "texture": "#1"},
				"east": {"uv": [14, 3.5, 13.5, 4], "rotation": 180, "texture": "#1"},
				"south": {"uv": [13.5, 3.5, 14, 4], "rotation": 180, "texture": "#1"},
				"west": {"uv": [14, 3.5, 13.5, 4], "rotation": 180, "texture": "#1"},
				"up": {"uv": [14, 3.5, 13.5, 4], "texture": "#1"},
				"down": {"uv": [14, 3.5, 13.5, 4], "texture": "#1"}
			}
		},
		{
			"from": [7.84864, 9.60093, 19.57608],
			"to": [8.10963, 10.23101, 19.83707],
			"rotation": {"angle": 0, "axis": "z", "origin": [7.99738, 9.2913, 19.70806]},
			"faces": {
				"north": {"uv": [13.5, 3.5, 14, 4], "texture": "#1"},
				"east": {"uv": [14, 3.5, 13.5, 4], "rotation": 180, "texture": "#1"},
				"south": {"uv": [13.5, 3.5, 14, 4], "rotation": 180, "texture": "#1"},
				"west": {"uv": [14, 3.5, 13.5, 4], "rotation": 180, "texture": "#1"},
				"up": {"uv": [14, 3.5, 13.5, 4], "texture": "#1"},
				"down": {"uv": [14, 3.5, 13.5, 4], "texture": "#1"}
			}
		},
		{
			"from": [8.2957, 9.43087, 19.57608],
			"to": [8.55669, 10.06095, 19.83707],
			"rotation": {"angle": 45, "axis": "z", "origin": [7.99738, 9.2913, 19.70806]},
			"faces": {
				"north": {"uv": [13.5, 3.5, 14, 4], "texture": "#1"},
				"east": {"uv": [14, 3.5, 13.5, 4], "rotation": 180, "texture": "#1"},
				"south": {"uv": [13.5, 3.5, 14, 4], "rotation": 180, "texture": "#1"},
				"west": {"uv": [14, 3.5, 13.5, 4], "rotation": 180, "texture": "#1"},
				"up": {"uv": [14, 3.5, 13.5, 4], "texture": "#1"},
				"down": {"uv": [14, 3.5, 13.5, 4], "texture": "#1"}
			}
		},
		{
			"name": "clp.002",
			"from": [7.79993, 7.90002, 14.20115],
			"to": [7.82743, 9.78592, 14.36124],
			"rotation": {"angle": 0, "axis": "y", "origin": [7.81368, 9.04297, 9.0812]},
			"faces": {
				"north": {"uv": [12, 3.5, 12.5, 4], "rotation": 270, "texture": "#1"},
				"east": {"uv": [12.5, 3.5, 12, 4], "rotation": 90, "texture": "#1"},
				"south": {"uv": [12, 3.5, 12.5, 4], "rotation": 270, "texture": "#1"},
				"west": {"uv": [12.5, 3.5, 12, 4], "rotation": 90, "texture": "#1"},
				"up": {"uv": [12.5, 3.5, 12, 4], "rotation": 270, "texture": "#1"},
				"down": {"uv": [12.5, 3.5, 12, 4], "rotation": 270, "texture": "#1"}
			}
		},
		{
			"name": "clp",
			"from": [7.81496, 7.89366, 14.29615],
			"to": [8.18504, 9.77956, 14.35556],
			"rotation": {"angle": 0, "axis": "y", "origin": [8, 9.03661, 9.12586]},
			"faces": {
				"north": {"uv": [12, 3.5, 12.5, 4], "rotation": 270, "texture": "#1"},
				"east": {"uv": [12.5, 3.5, 12, 4], "rotation": 90, "texture": "#1"},
				"south": {"uv": [12, 3.5, 12.5, 4], "rotation": 270, "texture": "#1"},
				"west": {"uv": [12.5, 3.5, 12, 4], "rotation": 90, "texture": "#1"},
				"up": {"uv": [12.5, 3.5, 12, 4], "rotation": 270, "texture": "#1"},
				"down": {"uv": [12.5, 3.5, 12, 4], "rotation": 270, "texture": "#1"}
			}
		},
		{
			"name": "clp.001",
			"from": [8.17257, 7.90002, 14.20115],
			"to": [8.20007, 9.78592, 14.36124],
			"rotation": {"angle": 0, "axis": "y", "origin": [8.18632, 9.04297, 9.0812]},
			"faces": {
				"north": {"uv": [12, 3.5, 12.5, 4], "rotation": 270, "texture": "#1"},
				"east": {"uv": [12.5, 3.5, 12, 4], "rotation": 90, "texture": "#1"},
				"south": {"uv": [12, 3.5, 12.5, 4], "rotation": 270, "texture": "#1"},
				"west": {"uv": [12.5, 3.5, 12, 4], "rotation": 90, "texture": "#1"},
				"up": {"uv": [12.5, 3.5, 12, 4], "rotation": 270, "texture": "#1"},
				"down": {"uv": [12.5, 3.5, 12, 4], "rotation": 270, "texture": "#1"}
			}
		},
		{
			"name": "blt.014",
			"from": [7.86657, 8.95048, 12.44615],
			"to": [8.13343, 9.21734, 13.00333],
			"rotation": {"angle": 0, "axis": "y", "origin": [8, 9.28391, 7.52474]},
			"faces": {
				"north": {"uv": [8, 5, 9, 6], "texture": "#1"},
				"east": {"uv": [7.5, 3.5, 9.5, 6], "rotation": 180, "texture": "#1"},
				"south": {"uv": [7.5, 4, 9, 5.5], "rotation": 270, "texture": "#1"},
				"west": {"uv": [7.5, 3.5, 9.5, 6], "texture": "#1"},
				"up": {"uv": [7.5, 3.5, 9.5, 6], "rotation": 270, "texture": "#1"},
				"down": {"uv": [7.5, 3.5, 9.5, 6], "rotation": 90, "texture": "#1"}
			}
		},
		{
			"name": "blt.013",
			"from": [7.94157, 9.02548, 11.81072],
			"to": [8.05843, 9.14234, 12.04588],
			"rotation": {"angle": 0, "axis": "y", "origin": [8, 9.28391, 6.7283]},
			"faces": {
				"north": {"uv": [4.5, 3.5, 5.5, 4.5], "rotation": 270, "texture": "#1"},
				"east": {"uv": [4, 3.5, 6.5, 6], "rotation": 180, "texture": "#1"},
				"south": {"uv": [4, 5.5, 4.5, 6], "rotation": 270, "texture": "#1"},
				"west": {"uv": [4, 3.5, 6.5, 6], "texture": "#1"},
				"up": {"uv": [4, 3.5, 6.5, 6], "rotation": 270, "texture": "#1"},
				"down": {"uv": [4, 3.5, 6.5, 6], "rotation": 90, "texture": "#1"}
			}
		},
		{
			"name": "blt.012",
			"from": [7.91563, 8.99954, 11.88516],
			"to": [8.08437, 9.16828, 12.22469],
			"rotation": {"angle": 0, "axis": "y", "origin": [8, 9.28391, 6.85493]},
			"faces": {
				"north": {"uv": [4.5, 3.5, 5.5, 4.5], "rotation": 270, "texture": "#1"},
				"east": {"uv": [4, 3.5, 6.5, 6], "rotation": 180, "texture": "#1"},
				"south": {"uv": [4, 5.5, 4.5, 6], "rotation": 270, "texture": "#1"},
				"west": {"uv": [4, 3.5, 6.5, 6], "texture": "#1"},
				"up": {"uv": [4, 3.5, 6.5, 6], "rotation": 270, "texture": "#1"},
				"down": {"uv": [4, 3.5, 6.5, 6], "rotation": 90, "texture": "#1"}
			}
		},
		{
			"name": "blt.011",
			"from": [7.87927, 8.96318, 12.05661],
			"to": [8.12073, 9.20464, 12.81591],
			"rotation": {"angle": 0, "axis": "y", "origin": [8, 9.28391, 7.23626]},
			"faces": {
				"north": {"uv": [4.5, 3.5, 5.5, 4.5], "rotation": 270, "texture": "#1"},
				"east": {"uv": [4, 3.5, 6.5, 6], "rotation": 180, "texture": "#1"},
				"south": {"uv": [4, 5.5, 4.5, 6], "rotation": 270, "texture": "#1"},
				"west": {"uv": [4, 3.5, 6.5, 6], "texture": "#1"},
				"up": {"uv": [4, 3.5, 6.5, 6], "rotation": 270, "texture": "#1"},
				"down": {"uv": [4, 3.5, 6.5, 6], "rotation": 90, "texture": "#1"}
			}
		},
		{
			"name": "blt.010",
			"from": [7.82443, 8.90833, 12.8526],
			"to": [8.17557, 9.25948, 14.26791],
			"rotation": {"angle": 0, "axis": "y", "origin": [8, 9.28391, 8.36025]},
			"faces": {
				"north": {"uv": [8, 5, 9, 6], "texture": "#1"},
				"east": {"uv": [7.5, 3.5, 9.5, 6], "rotation": 180, "texture": "#1"},
				"south": {"uv": [7.5, 4, 9, 5.5], "rotation": 270, "texture": "#1"},
				"west": {"uv": [7.5, 4, 9.5, 6], "texture": "#1"},
				"up": {"uv": [7.5, 3.5, 9.5, 6], "rotation": 270, "texture": "#1"},
				"down": {"uv": [7.5, 3.5, 9.5, 6], "rotation": 90, "texture": "#1"}
			}
		},
		{
			"name": "blt.009",
			"from": [7.86657, 8.55674, 12.44615],
			"to": [8.13343, 8.82361, 13.00333],
			"rotation": {"angle": 0, "axis": "y", "origin": [8, 8.89018, 7.52474]},
			"faces": {
				"north": {"uv": [8, 5, 9, 6], "texture": "#1"},
				"east": {"uv": [7.5, 3.5, 9.5, 6], "rotation": 180, "texture": "#1"},
				"south": {"uv": [7.5, 4, 9, 5.5], "rotation": 270, "texture": "#1"},
				"west": {"uv": [7.5, 4.5, 9.5, 6], "texture": "#1"},
				"up": {"uv": [7.5, 4.5, 9.5, 6], "rotation": 270, "texture": "#1"},
				"down": {"uv": [7.5, 3.5, 9.5, 6], "rotation": 90, "texture": "#1"}
			}
		},
		{
			"name": "blt.008",
			"from": [7.94157, 8.63174, 11.81072],
			"to": [8.05843, 8.74861, 12.04588],
			"rotation": {"angle": 0, "axis": "y", "origin": [8, 8.89018, 6.7283]},
			"faces": {
				"north": {"uv": [4.5, 3.5, 5.5, 4.5], "rotation": 270, "texture": "#1"},
				"east": {"uv": [4, 3.5, 6.5, 6], "rotation": 180, "texture": "#1"},
				"south": {"uv": [4, 5.5, 4.5, 6], "rotation": 270, "texture": "#1"},
				"west": {"uv": [4, 3.5, 6.5, 6], "texture": "#1"},
				"up": {"uv": [4, 3.5, 6.5, 6], "rotation": 270, "texture": "#1"},
				"down": {"uv": [4, 3.5, 6.5, 6], "rotation": 90, "texture": "#1"}
			}
		},
		{
			"name": "blt.007",
			"from": [7.91563, 8.60581, 11.88516],
			"to": [8.08437, 8.77455, 12.22469],
			"rotation": {"angle": 0, "axis": "y", "origin": [8, 8.89018, 6.85493]},
			"faces": {
				"north": {"uv": [4.5, 3.5, 5.5, 4.5], "rotation": 270, "texture": "#1"},
				"east": {"uv": [4, 3.5, 6.5, 6], "rotation": 180, "texture": "#1"},
				"south": {"uv": [4, 5.5, 4.5, 6], "rotation": 270, "texture": "#1"},
				"west": {"uv": [4, 3.5, 6.5, 6], "texture": "#1"},
				"up": {"uv": [4, 3.5, 6.5, 6], "rotation": 270, "texture": "#1"},
				"down": {"uv": [4, 3.5, 6.5, 6], "rotation": 90, "texture": "#1"}
			}
		},
		{
			"name": "blt.006",
			"from": [7.87927, 8.56945, 12.05661],
			"to": [8.12073, 8.8109, 12.81591],
			"rotation": {"angle": 0, "axis": "y", "origin": [8, 8.89018, 7.23626]},
			"faces": {
				"north": {"uv": [4.5, 3.5, 5.5, 4.5], "rotation": 270, "texture": "#1"},
				"east": {"uv": [4, 3.5, 6.5, 6], "rotation": 180, "texture": "#1"},
				"south": {"uv": [4, 5.5, 4.5, 6], "rotation": 270, "texture": "#1"},
				"west": {"uv": [4, 3.5, 6.5, 6], "texture": "#1"},
				"up": {"uv": [4, 3.5, 6.5, 6], "rotation": 270, "texture": "#1"},
				"down": {"uv": [4, 3.5, 6.5, 6], "rotation": 90, "texture": "#1"}
			}
		},
		{
			"name": "blt.005",
			"from": [7.82443, 8.5146, 12.8526],
			"to": [8.17557, 8.86575, 14.26791],
			"rotation": {"angle": 0, "axis": "y", "origin": [8, 8.89018, 8.36025]},
			"faces": {
				"north": {"uv": [8, 5, 9, 6], "texture": "#1"},
				"east": {"uv": [7.5, 3.5, 9.5, 6], "rotation": 180, "texture": "#1"},
				"south": {"uv": [7.5, 4, 9, 5.5], "rotation": 270, "texture": "#1"},
				"west": {"uv": [7.5, 4.5, 9.5, 6], "texture": "#1"},
				"up": {"uv": [7.5, 4.5, 9.5, 6], "rotation": 270, "texture": "#1"},
				"down": {"uv": [7.5, 3.5, 9.5, 6], "rotation": 90, "texture": "#1"}
			}
		},
		{
			"name": "blt.004",
			"from": [7.86657, 8.18366, 12.44615],
			"to": [8.13343, 8.45053, 13.00333],
			"rotation": {"angle": 0, "axis": "y", "origin": [8, 8.5171, 7.52474]},
			"faces": {
				"north": {"uv": [8, 5, 9, 6], "texture": "#1"},
				"east": {"uv": [7.5, 3.5, 9.5, 6], "rotation": 180, "texture": "#1"},
				"south": {"uv": [7.5, 4, 9, 5.5], "rotation": 270, "texture": "#1"},
				"west": {"uv": [7.5, 4.5, 9.5, 6], "texture": "#1"},
				"up": {"uv": [7.5, 5, 9.5, 6], "rotation": 270, "texture": "#1"},
				"down": {"uv": [7.5, 3.5, 9.5, 6], "rotation": 90, "texture": "#1"}
			}
		},
		{
			"name": "blt",
			"from": [7.94157, 8.25866, 11.81072],
			"to": [8.05843, 8.37553, 12.04588],
			"rotation": {"angle": 0, "axis": "y", "origin": [8, 8.5171, 6.7283]},
			"faces": {
				"north": {"uv": [4.5, 3.5, 5.5, 4.5], "rotation": 270, "texture": "#1"},
				"east": {"uv": [4, 3.5, 6.5, 6], "rotation": 180, "texture": "#1"},
				"south": {"uv": [4, 5.5, 4.5, 6], "rotation": 270, "texture": "#1"},
				"west": {"uv": [4, 3.5, 6.5, 6], "texture": "#1"},
				"up": {"uv": [4, 3.5, 6.5, 6], "rotation": 270, "texture": "#1"},
				"down": {"uv": [4, 3.5, 6.5, 6], "rotation": 90, "texture": "#1"}
			}
		},
		{
			"name": "blt.003",
			"from": [7.91563, 8.23273, 11.88516],
			"to": [8.08437, 8.40147, 12.22469],
			"rotation": {"angle": 0, "axis": "y", "origin": [8, 8.5171, 6.85493]},
			"faces": {
				"north": {"uv": [4.5, 3.5, 5.5, 4.5], "rotation": 270, "texture": "#1"},
				"east": {"uv": [4, 3.5, 6.5, 6], "rotation": 180, "texture": "#1"},
				"south": {"uv": [4, 5.5, 4.5, 6], "rotation": 270, "texture": "#1"},
				"west": {"uv": [4, 3.5, 6.5, 6], "texture": "#1"},
				"up": {"uv": [4, 3.5, 6.5, 6], "rotation": 270, "texture": "#1"},
				"down": {"uv": [4, 3.5, 6.5, 6], "rotation": 90, "texture": "#1"}
			}
		},
		{
			"name": "blt.002",
			"from": [7.87927, 8.19637, 12.05661],
			"to": [8.12073, 8.43782, 12.81591],
			"rotation": {"angle": 0, "axis": "y", "origin": [8, 8.5171, 7.23626]},
			"faces": {
				"north": {"uv": [4.5, 3.5, 5.5, 4.5], "rotation": 270, "texture": "#1"},
				"east": {"uv": [4, 3.5, 6.5, 6], "rotation": 180, "texture": "#1"},
				"south": {"uv": [4, 5.5, 4.5, 6], "rotation": 270, "texture": "#1"},
				"west": {"uv": [4, 3.5, 6.5, 6], "texture": "#1"},
				"up": {"uv": [4, 3.5, 6.5, 6], "rotation": 270, "texture": "#1"},
				"down": {"uv": [4, 3.5, 6.5, 6], "rotation": 90, "texture": "#1"}
			}
		},
		{
			"name": "blt.001",
			"from": [7.82443, 8.14152, 12.8526],
			"to": [8.17557, 8.49267, 14.26791],
			"rotation": {"angle": 0, "axis": "y", "origin": [8, 8.5171, 8.36025]},
			"faces": {
				"north": {"uv": [8, 5, 9, 6], "texture": "#1"},
				"east": {"uv": [7.5, 3.5, 9.5, 6], "rotation": 180, "texture": "#1"},
				"south": {"uv": [7.5, 4, 9, 5.5], "rotation": 270, "texture": "#1"},
				"west": {"uv": [7.5, 4.5, 9.5, 6], "texture": "#1"},
				"up": {"uv": [7.5, 5, 9.5, 6], "rotation": 270, "texture": "#1"},
				"down": {"uv": [7.5, 3.5, 9.5, 6], "rotation": 90, "texture": "#1"}
			}
		},
		{
			"from": [7.41227, 9.40507, 19.57608],
			"to": [7.67326, 10.03515, 19.83707],
			"rotation": {"angle": -45, "axis": "z", "origin": [7.99738, 9.2913, 19.70806]},
			"faces": {
				"north": {"uv": [13.5, 3.5, 14, 4], "texture": "#1"},
				"east": {"uv": [14, 3.5, 13.5, 4], "rotation": 180, "texture": "#1"},
				"south": {"uv": [13.5, 3.5, 14, 4], "rotation": 180, "texture": "#1"},
				"west": {"uv": [14, 3.5, 13.5, 4], "rotation": 180, "texture": "#1"},
				"up": {"uv": [14, 3.5, 13.5, 4], "texture": "#1"},
				"down": {"uv": [14, 3.5, 13.5, 4], "texture": "#1"}
			}
		},
		{
			"from": [7.67049, 9.78548, 19.56361],
			"to": [8.30057, 10.04647, 19.8246],
			"rotation": {"angle": 45, "axis": "y", "origin": [7.99738, 9.2913, 19.70806]},
			"faces": {
				"north": {"uv": [13.5, 3.5, 14, 4], "texture": "#1"},
				"east": {"uv": [14, 3.5, 13.5, 4], "rotation": 180, "texture": "#1"},
				"south": {"uv": [13.5, 3.5, 14, 4], "rotation": 180, "texture": "#1"},
				"west": {"uv": [14, 3.5, 13.5, 4], "rotation": 180, "texture": "#1"},
				"up": {"uv": [14, 3.5, 13.5, 4], "texture": "#1"},
				"down": {"uv": [14, 3.5, 13.5, 4], "texture": "#1"}
			}
		},
		{
			"from": [7.66839, 9.78548, 19.58942],
			"to": [8.29847, 10.04647, 19.85041],
			"rotation": {"angle": -45, "axis": "y", "origin": [7.99738, 9.2913, 19.70806]},
			"faces": {
				"north": {"uv": [13.5, 3.5, 14, 4], "texture": "#1"},
				"east": {"uv": [14, 3.5, 13.5, 4], "rotation": 180, "texture": "#1"},
				"south": {"uv": [13.5, 3.5, 14, 4], "rotation": 180, "texture": "#1"},
				"west": {"uv": [14, 3.5, 13.5, 4], "rotation": 180, "texture": "#1"},
				"up": {"uv": [14, 3.5, 13.5, 4], "texture": "#1"},
				"down": {"uv": [14, 3.5, 13.5, 4], "texture": "#1"}
			}
		},
		{
			"from": [7.84864, 9.60357, 19.83368],
			"to": [8.10963, 9.86456, 20.46377],
			"rotation": {"angle": -45, "axis": "x", "origin": [7.99738, 9.2913, 19.70806]},
			"faces": {
				"north": {"uv": [13.5, 3.5, 14, 4], "texture": "#1"},
				"east": {"uv": [14, 3.5, 13.5, 4], "rotation": 180, "texture": "#1"},
				"south": {"uv": [13.5, 3.5, 14, 4], "rotation": 180, "texture": "#1"},
				"west": {"uv": [14, 3.5, 13.5, 4], "rotation": 180, "texture": "#1"},
				"up": {"uv": [14, 3.5, 13.5, 4], "texture": "#1"},
				"down": {"uv": [14, 3.5, 13.5, 4], "texture": "#1"}
			}
		},
		{
			"from": [7.84864, 9.60147, 18.95025],
			"to": [8.10963, 9.86246, 19.58034],
			"rotation": {"angle": 45, "axis": "x", "origin": [7.99738, 9.2913, 19.70806]},
			"faces": {
				"north": {"uv": [13.5, 3.5, 14, 4], "texture": "#1"},
				"east": {"uv": [14, 3.5, 13.5, 4], "rotation": 180, "texture": "#1"},
				"south": {"uv": [13.5, 3.5, 14, 4], "rotation": 180, "texture": "#1"},
				"west": {"uv": [14, 3.5, 13.5, 4], "rotation": 180, "texture": "#1"},
				"up": {"uv": [14, 3.5, 13.5, 4], "texture": "#1"},
				"down": {"uv": [14, 3.5, 13.5, 4], "texture": "#1"}
			}
		},
		{
			"from": [7.83081, 8.34313, 19.54625],
			"to": [8.20046, 8.99009, 19.87286],
			"rotation": {"angle": 0, "axis": "z", "origin": [7.99738, 9.2913, 19.70806]},
			"faces": {
				"north": {"uv": [14.5, 5, 13.5, 6], "rotation": 180, "texture": "#1"},
				"east": {"uv": [14.5, 4.5, 13.5, 5.5], "rotation": 270, "texture": "#1"},
				"south": {"uv": [14.5, 5, 13.5, 6], "texture": "#1"},
				"west": {"uv": [14, 5, 13, 6], "rotation": 90, "texture": "#1"},
				"up": {"uv": [13.5, 5, 14, 5.5], "rotation": 180, "texture": "#1"},
				"down": {"uv": [13.5, 3.5, 14, 4], "rotation": 180, "texture": "#1"}
			}
		},
		{
			"from": [7.82, 7.84841, 14.41288],
			"to": [8.18, 8.71754, 19.43039],
			"rotation": {"angle": 0, "axis": "z", "origin": [8, 8.28297, 15.09684]},
			"faces": {
				"north": {"uv": [15.5, 3.5, 15, 4], "rotation": 90, "texture": "#1"},
				"east": {"uv": [15, 3.5, 15.5, 4], "rotation": 270, "texture": "#1"},
				"south": {"uv": [15.5, 3.5, 15, 4], "rotation": 90, "texture": "#1"},
				"west": {"uv": [15, 3.5, 15.5, 4], "rotation": 270, "texture": "#1"},
				"up": {"uv": [15.5, 3.5, 15, 4], "rotation": 180, "texture": "#1"},
				"down": {"uv": [15.5, 3.5, 15, 4], "texture": "#1"}
			}
		},
		{
			"from": [7.56544, 8.10297, 14.41288],
			"to": [8.43456, 8.46297, 19.43039],
			"rotation": {"angle": 0, "axis": "z", "origin": [8, 8.28297, 15.09684]},
			"faces": {
				"north": {"uv": [15.5, 3.5, 15, 4], "rotation": 90, "texture": "#1"},
				"east": {"uv": [15, 3.5, 15.5, 4], "rotation": 270, "texture": "#1"},
				"south": {"uv": [15.5, 3.5, 15, 4], "rotation": 90, "texture": "#1"},
				"west": {"uv": [15, 3.5, 15.5, 4], "rotation": 270, "texture": "#1"},
				"up": {"uv": [15.5, 3.5, 15, 4], "rotation": 180, "texture": "#1"},
				"down": {"uv": [15.5, 3.5, 15, 4], "texture": "#1"}
			}
		},
		{
			"from": [7.82, 7.84841, 14.41289],
			"to": [8.18, 8.71754, 19.43039],
			"rotation": {"angle": -45, "axis": "z", "origin": [8, 8.28297, 15.09684]},
			"faces": {
				"north": {"uv": [15.5, 3.5, 15, 4], "rotation": 90, "texture": "#1"},
				"east": {"uv": [15, 3.5, 15.5, 4], "rotation": 270, "texture": "#1"},
				"south": {"uv": [15.5, 3.5, 15, 4], "rotation": 90, "texture": "#1"},
				"west": {"uv": [15, 3.5, 15.5, 4], "rotation": 270, "texture": "#1"},
				"up": {"uv": [15.5, 3.5, 15, 4], "rotation": 180, "texture": "#1"},
				"down": {"uv": [15.5, 3.5, 15, 4], "texture": "#1"}
			}
		},
		{
			"from": [7.82, 7.84841, 14.41289],
			"to": [8.18, 8.71754, 19.43039],
			"rotation": {"angle": 45, "axis": "z", "origin": [8, 8.28297, 15.09684]},
			"faces": {
				"north": {"uv": [15.5, 3.5, 15, 4], "rotation": 90, "texture": "#1"},
				"east": {"uv": [15, 3.5, 15.5, 4], "rotation": 270, "texture": "#1"},
				"south": {"uv": [15.5, 3.5, 15, 4], "rotation": 90, "texture": "#1"},
				"west": {"uv": [15, 3.5, 15.5, 4], "rotation": 270, "texture": "#1"},
				"up": {"uv": [15.5, 3.5, 15, 4], "rotation": 180, "texture": "#1"},
				"down": {"uv": [15.5, 3.5, 15, 4], "texture": "#1"}
			}
		},
		{
			"from": [7.8344, 7.87054, 11.17576],
			"to": [8.1656, 8.67013, 11.75186],
			"rotation": {"angle": -45, "axis": "z", "origin": [8, 8.27034, 11.80499]},
			"faces": {
				"north": {"uv": [15.5, 3.5, 15, 4], "rotation": 90, "texture": "#1"},
				"east": {"uv": [15, 3.5, 15.5, 4], "rotation": 270, "texture": "#1"},
				"south": {"uv": [15.5, 3.5, 15, 4], "rotation": 90, "texture": "#1"},
				"west": {"uv": [15, 3.5, 15.5, 4], "rotation": 270, "texture": "#1"},
				"up": {"uv": [15.5, 3.5, 15, 4], "rotation": 180, "texture": "#1"},
				"down": {"uv": [15.5, 3.5, 15, 4], "texture": "#1"}
			}
		},
		{
			"from": [7.8344, 7.47054, 11.17575],
			"to": [8.1656, 8.67013, 11.75186],
			"rotation": {"angle": 0, "axis": "z", "origin": [8, 8.27034, 11.80499]},
			"faces": {
				"north": {"uv": [15.5, 3.5, 15, 4], "rotation": 90, "texture": "#1"},
				"east": {"uv": [15, 3.5, 15.5, 4], "rotation": 270, "texture": "#1"},
				"south": {"uv": [15.5, 3.5, 15, 4], "rotation": 90, "texture": "#1"},
				"west": {"uv": [15, 3.5, 15.5, 4], "rotation": 270, "texture": "#1"},
				"up": {"uv": [15.5, 3.5, 15, 4], "rotation": 180, "texture": "#1"},
				"down": {"uv": [15.5, 3.5, 15, 4], "texture": "#1"}
			}
		},
		{
			"from": [7.8344, 7.87054, 11.17576],
			"to": [8.1656, 8.67013, 11.75186],
			"rotation": {"angle": 45, "axis": "z", "origin": [8, 8.27034, 11.80499]},
			"faces": {
				"north": {"uv": [15.5, 3.5, 15, 4], "rotation": 90, "texture": "#1"},
				"east": {"uv": [15, 3.5, 15.5, 4], "rotation": 270, "texture": "#1"},
				"south": {"uv": [15.5, 3.5, 15, 4], "rotation": 90, "texture": "#1"},
				"west": {"uv": [15, 3.5, 15.5, 4], "rotation": 270, "texture": "#1"},
				"up": {"uv": [15.5, 3.5, 15, 4], "rotation": 180, "texture": "#1"},
				"down": {"uv": [15.5, 3.5, 15, 4], "texture": "#1"}
			}
		},
		{
			"from": [7.6002, 8.10473, 11.17575],
			"to": [8.3998, 8.43593, 11.75186],
			"rotation": {"angle": 0, "axis": "z", "origin": [8, 8.27034, 11.80499]},
			"faces": {
				"north": {"uv": [15.5, 3.5, 15, 4], "rotation": 90, "texture": "#1"},
				"east": {"uv": [15, 3.5, 15.5, 4], "rotation": 270, "texture": "#1"},
				"south": {"uv": [15.5, 3.5, 15, 4], "rotation": 90, "texture": "#1"},
				"west": {"uv": [15, 3.5, 15.5, 4], "rotation": 270, "texture": "#1"},
				"up": {"uv": [15.5, 3.5, 15, 4], "rotation": 180, "texture": "#1"},
				"down": {"uv": [15.5, 3.5, 15, 4], "texture": "#1"}
			}
		},
		{
			"from": [7.6002, 8.10473, 12.60075],
			"to": [7.6998, 8.43593, 14.42686],
			"rotation": {"angle": 0, "axis": "z", "origin": [8, 8.27034, 12.40499]},
			"faces": {
				"north": {"uv": [15.5, 3.5, 15, 4], "rotation": 90, "texture": "#1"},
				"east": {"uv": [15, 3.5, 15.5, 4], "rotation": 270, "texture": "#1"},
				"south": {"uv": [15.5, 3.5, 15, 4], "rotation": 90, "texture": "#1"},
				"west": {"uv": [15, 3.5, 15.5, 4], "rotation": 270, "texture": "#1"},
				"up": {"uv": [15.5, 3.5, 15, 4], "rotation": 180, "texture": "#1"},
				"down": {"uv": [15.5, 3.5, 15, 4], "texture": "#1"}
			}
		},
		{
			"from": [7.82123, 7.85021, 19.96352],
			"to": [8.17877, 8.71343, 20.44494],
			"rotation": {"angle": 0, "axis": "z", "origin": [8, 8.28182, 20.64283]},
			"faces": {
				"north": {"uv": [15.5, 3.5, 15, 4], "rotation": 90, "texture": "#1"},
				"east": {"uv": [15, 3.5, 15.5, 4], "rotation": 270, "texture": "#1"},
				"south": {"uv": [15.5, 3.5, 15, 4], "rotation": 90, "texture": "#1"},
				"west": {"uv": [15, 3.5, 15.5, 4], "rotation": 270, "texture": "#1"},
				"up": {"uv": [15.5, 3.5, 15, 4], "rotation": 180, "texture": "#1"},
				"down": {"uv": [15.5, 3.5, 15, 4], "texture": "#1"}
			}
		},
		{
			"from": [7.56839, 8.10304, 19.96352],
			"to": [8.43161, 8.46059, 20.44494],
			"rotation": {"angle": 0, "axis": "z", "origin": [8, 8.28182, 20.64283]},
			"faces": {
				"north": {"uv": [15.5, 3.5, 15, 4], "rotation": 90, "texture": "#1"},
				"east": {"uv": [15, 3.5, 15.5, 4], "rotation": 270, "texture": "#1"},
				"south": {"uv": [15.5, 3.5, 15, 4], "rotation": 90, "texture": "#1"},
				"west": {"uv": [15, 3.5, 15.5, 4], "rotation": 270, "texture": "#1"},
				"up": {"uv": [15.5, 3.5, 15, 4], "rotation": 180, "texture": "#1"},
				"down": {"uv": [15.5, 3.5, 15, 4], "texture": "#1"}
			}
		},
		{
			"from": [7.56839, 8.10304, 19.43106],
			"to": [8.08073, 8.46059, 19.96248],
			"rotation": {"angle": 0, "axis": "z", "origin": [8, 8.28182, 20.59283]},
			"faces": {
				"north": {"uv": [15.5, 3.5, 15, 4], "rotation": 90, "texture": "#1"},
				"east": {"uv": [15, 3.5, 15.5, 4], "rotation": 270, "texture": "#1"},
				"south": {"uv": [15.5, 3.5, 15, 4], "rotation": 90, "texture": "#1"},
				"west": {"uv": [15, 3.5, 15.5, 4], "rotation": 270, "texture": "#1"},
				"up": {"uv": [15.5, 3.5, 15, 4], "rotation": 180, "texture": "#1"},
				"down": {"uv": [15.5, 3.5, 15, 4], "texture": "#1"}
			}
		},
		{
			"from": [7.82123, 7.85021, 19.43107],
			"to": [8.17877, 8.71343, 20.44494],
			"rotation": {"angle": 45, "axis": "z", "origin": [8, 8.28182, 20.59283]},
			"faces": {
				"north": {"uv": [15.5, 3.5, 15, 4], "rotation": 90, "texture": "#1"},
				"east": {"uv": [15, 3.5, 15.5, 4], "rotation": 270, "texture": "#1"},
				"south": {"uv": [15.5, 3.5, 15, 4], "rotation": 90, "texture": "#1"},
				"west": {"uv": [15, 3.5, 15.5, 4], "rotation": 270, "texture": "#1"},
				"up": {"uv": [15.5, 3.5, 15, 4], "rotation": 180, "texture": "#1"},
				"down": {"uv": [15.5, 3.5, 15, 4], "texture": "#1"}
			}
		},
		{
			"from": [7.82123, 7.85021, 19.96353],
			"to": [8.17877, 8.71343, 20.44494],
			"rotation": {"angle": -45, "axis": "z", "origin": [8, 8.28182, 20.64283]},
			"faces": {
				"north": {"uv": [15.5, 3.5, 15, 4], "rotation": 90, "texture": "#1"},
				"east": {"uv": [15, 3.5, 15.5, 4], "rotation": 270, "texture": "#1"},
				"south": {"uv": [15.5, 3.5, 15, 4], "rotation": 90, "texture": "#1"},
				"west": {"uv": [15, 3.5, 15.5, 4], "rotation": 270, "texture": "#1"},
				"up": {"uv": [15.5, 3.5, 15, 4], "rotation": 180, "texture": "#1"},
				"down": {"uv": [15.5, 3.5, 15, 4], "texture": "#1"}
			}
		},
		{
			"from": [7.77479, 7.50615, 17.07779],
			"to": [8.22521, 7.92989, 18.10344],
			"rotation": {"angle": 22.5, "axis": "x", "origin": [8, 7.73052, 17.59062]},
			"faces": {
				"north": {"uv": [15.5, 3.5, 15, 4], "rotation": 90, "texture": "#1"},
				"east": {"uv": [15, 3.5, 15.5, 4], "rotation": 270, "texture": "#1"},
				"south": {"uv": [15.5, 3.5, 15, 4], "rotation": 90, "texture": "#1"},
				"west": {"uv": [15, 3.5, 15.5, 4], "rotation": 270, "texture": "#1"},
				"up": {"uv": [15.5, 3.5, 15, 4], "rotation": 180, "texture": "#1"},
				"down": {"uv": [15.5, 3.5, 15, 4], "texture": "#1"}
			}
		},
		{
			"from": [7.63336, 7.91066, 16.68776],
			"to": [8.36664, 8.10906, 17.20269],
			"rotation": {"angle": 0, "axis": "z", "origin": [8, 8.02236, 17.32022]},
			"faces": {
				"north": {"uv": [15, 3.5, 15.5, 4], "rotation": 270, "texture": "#1"},
				"east": {"uv": [15.5, 3.5, 15, 4], "rotation": 90, "texture": "#1"},
				"south": {"uv": [15, 3.5, 15.5, 4], "rotation": 270, "texture": "#1"},
				"west": {"uv": [15.5, 3.5, 15, 4], "rotation": 90, "texture": "#1"},
				"up": {"uv": [15.5, 3.5, 15, 4], "rotation": 270, "texture": "#1"},
				"down": {"uv": [15.5, 3.5, 15, 4], "rotation": 270, "texture": "#1"}
			}
		},
		{
			"from": [7.71124, 7.88454, -13],
			"to": [8.28876, 8.46206, 1.02976],
			"rotation": {"angle": 0, "axis": "z", "origin": [8, 8.1733, -6.18512]},
			"faces": {
				"north": {"uv": [0.5, 3.5, 3, 6], "rotation": 270, "texture": "#1"},
				"east": {"uv": [15.5, 0.5, 0.5, 2.5], "texture": "#1"},
				"south": {"uv": [15, 3.5, 15.5, 4], "rotation": 270, "texture": "#1"},
				"west": {"uv": [0.5, 0.5, 15.5, 2.5], "texture": "#1"},
				"up": {"uv": [15.5, 0.5, 0.5, 2.5], "rotation": 270, "texture": "#1"},
				"down": {"uv": [15.5, 0.5, 0.5, 2.5], "rotation": 270, "texture": "#1"}
			}
		},
		{
			"from": [7.68969, 5.81035, 16.42421],
			"to": [8.31031, 6.76448, 16.62816],
			"rotation": {"angle": 0, "axis": "z", "origin": [8, 6.28742, 16.52619]},
			"faces": {
				"north": {"uv": [15.5, 3.5, 15, 4], "rotation": 90, "texture": "#1"},
				"east": {"uv": [15, 3.5, 15.5, 4], "rotation": 270, "texture": "#1"},
				"south": {"uv": [15.5, 3.5, 15, 4], "rotation": 90, "texture": "#1"},
				"west": {"uv": [15, 3.5, 15.5, 4], "rotation": 270, "texture": "#1"},
				"up": {"uv": [15, 3.5, 15.5, 4], "rotation": 270, "texture": "#1"},
				"down": {"uv": [15, 3.5, 15.5, 4], "rotation": 270, "texture": "#1"}
			}
		},
		{
			"from": [7.68969, 5.30831, 14.81155],
			"to": [8.31031, 5.51226, 16.12612],
			"rotation": {"angle": 0, "axis": "z", "origin": [8, 5.41029, 15.46883]},
			"faces": {
				"north": {"uv": [15, 3.5, 15.5, 4], "rotation": 90, "texture": "#1"},
				"east": {"uv": [15, 3.5, 15.5, 4], "rotation": 180, "texture": "#1"},
				"south": {"uv": [15, 3.5, 15.5, 4], "rotation": 270, "texture": "#1"},
				"west": {"uv": [15, 3.5, 15.5, 4], "texture": "#1"},
				"up": {"uv": [15.5, 3.5, 15, 4], "rotation": 270, "texture": "#1"},
				"down": {"uv": [15.5, 3.5, 15, 4], "rotation": 90, "texture": "#1"}
			}
		},
		{
			"from": [7.68969, 5.27644, 14.53066],
			"to": [8.31031, 5.98644, 14.73461],
			"rotation": {"angle": -45, "axis": "x", "origin": [8, 5.63144, 14.63263]},
			"faces": {
				"north": {"uv": [15.5, 3.5, 15, 4], "rotation": 90, "texture": "#1"},
				"east": {"uv": [15, 3.5, 15.5, 4], "rotation": 270, "texture": "#1"},
				"south": {"uv": [15.5, 3.5, 15, 4], "rotation": 90, "texture": "#1"},
				"west": {"uv": [15, 3.5, 15.5, 4], "rotation": 270, "texture": "#1"},
				"up": {"uv": [15, 3.5, 15.5, 4], "rotation": 270, "texture": "#1"},
				"down": {"uv": [15, 3.5, 15.5, 4], "rotation": 270, "texture": "#1"}
			}
		},
		{
			"from": [7.68969, 5.27644, 16.20306],
			"to": [8.31031, 5.98644, 16.40701],
			"rotation": {"angle": 45, "axis": "x", "origin": [8, 5.63144, 16.30503]},
			"faces": {
				"north": {"uv": [15.5, 3.5, 15, 4], "rotation": 90, "texture": "#1"},
				"east": {"uv": [15, 3.5, 15.5, 4], "rotation": 270, "texture": "#1"},
				"south": {"uv": [15.5, 3.5, 15, 4], "rotation": 90, "texture": "#1"},
				"west": {"uv": [15, 3.5, 15.5, 4], "rotation": 270, "texture": "#1"},
				"up": {"uv": [15, 3.5, 15.5, 4], "rotation": 270, "texture": "#1"},
				"down": {"uv": [15, 3.5, 15.5, 4], "rotation": 270, "texture": "#1"}
			}
		},
		{
			"from": [7.68969, 5.90735, 15.69342],
			"to": [8.31031, 6.79091, 15.85824],
			"rotation": {"angle": 0, "axis": "z", "origin": [8, 6.27745, 15.77583]},
			"faces": {
				"north": {"uv": [14, 3.5, 13.5, 4], "rotation": 90, "texture": "#1"},
				"east": {"uv": [13.5, 3.5, 14, 4], "rotation": 270, "texture": "#1"},
				"south": {"uv": [14, 3.5, 13.5, 4], "rotation": 90, "texture": "#1"},
				"west": {"uv": [13.5, 3.5, 14, 4], "rotation": 270, "texture": "#1"},
				"up": {"uv": [13.5, 3.5, 14, 4], "rotation": 270, "texture": "#1"},
				"down": {"uv": [13.5, 3.5, 14, 4], "rotation": 270, "texture": "#1"}
			}
		},
		{
			"from": [7.68969, 5.58862, 15.56639],
			"to": [8.31031, 6.02824, 15.72622],
			"rotation": {"angle": 45, "axis": "x", "origin": [8, 5.80843, 15.64631]},
			"faces": {
				"north": {"uv": [14, 3.5, 13.5, 4], "rotation": 90, "texture": "#1"},
				"east": {"uv": [13.5, 3.5, 14, 4], "rotation": 270, "texture": "#1"},
				"south": {"uv": [14, 3.5, 13.5, 4], "rotation": 90, "texture": "#1"},
				"west": {"uv": [13.5, 3.5, 14, 4], "rotation": 270, "texture": "#1"},
				"up": {"uv": [13.5, 3.5, 14, 4], "rotation": 270, "texture": "#1"},
				"down": {"uv": [13.5, 3.5, 14, 4], "rotation": 270, "texture": "#1"}
			}
		},
		{
			"from": [7.68969, 5.81035, 14.30951],
			"to": [8.31031, 6.8197, 14.51345],
			"rotation": {"angle": 0, "axis": "z", "origin": [8, 6.17675, 14.41148]},
			"faces": {
				"north": {"uv": [15.5, 3.5, 15, 4], "rotation": 90, "texture": "#1"},
				"east": {"uv": [15, 3.5, 15.5, 4], "rotation": 270, "texture": "#1"},
				"south": {"uv": [15.5, 3.5, 15, 4], "rotation": 90, "texture": "#1"},
				"west": {"uv": [15, 3.5, 15.5, 4], "rotation": 270, "texture": "#1"},
				"up": {"uv": [15, 3.5, 15.5, 4], "rotation": 270, "texture": "#1"},
				"down": {"uv": [15, 3.5, 15.5, 4], "rotation": 270, "texture": "#1"}
			}
		},
		{
			"from": [7.52285, 5.52412, 17.87198],
			"to": [8.47715, 6.68904, 19.77043],
			"rotation": {"angle": 45, "axis": "x", "origin": [8, 6.10658, 18.82121]},
			"faces": {
				"north": {"uv": [3.5, 10, 10, 15.5], "texture": "#1"},
				"east": {"uv": [10, 10, 3.5, 15.5], "texture": "#1"},
				"south": {"uv": [3.5, 10, 10, 15.5], "texture": "#1"},
				"west": {"uv": [10, 11.5, 3.5, 15.5], "texture": "#1"},
				"up": {"uv": [12.5, 10.5, 3, 13], "rotation": 270, "texture": "#1"},
				"down": {"uv": [13, 13, 4.5, 15.5], "rotation": 270, "texture": "#1"}
			}
		},
		{
			"from": [7.50394, 5.02351, 19.08055],
			"to": [8.49606, 7.11634, 28.31699],
			"rotation": {"angle": 0, "axis": "z", "origin": [8, 5.37203, 26.56049]},
			"faces": {
				"north": {"uv": [7.5, 10, 10, 13.5], "texture": "#1"},
				"east": {"uv": [14.5, 11, 0.5, 14.5], "texture": "#1"},
				"south": {"uv": [7.5, 10, 10, 13.5], "texture": "#1"},
				"west": {"uv": [14.5, 11, 0.5, 14.5], "texture": "#1"},
				"up": {"uv": [15.5, 13, 0.5, 15.5], "rotation": 270, "texture": "#1"},
				"down": {"uv": [13, 13, 1.5, 14.5], "rotation": 270, "texture": "#1"}
			}
		},
		{
			"from": [7.51247, 3.42491, 23.90279],
			"to": [8.48753, 5.42808, 28.317],
			"rotation": {"angle": 0, "axis": "z", "origin": [8, 3.9391, 27.85275]},
			"faces": {
				"north": {"uv": [3.5, 10, 10, 15.5], "texture": "#1"},
				"east": {"uv": [10, 13, 3.5, 15.5], "texture": "#1"},
				"south": {"uv": [3.5, 10, 10, 15.5], "texture": "#1"},
				"west": {"uv": [10, 13, 3.5, 15.5], "texture": "#1"},
				"up": {"uv": [10, 10, 3.5, 15.5], "rotation": 180, "texture": "#1"},
				"down": {"uv": [10, 10, 3.5, 15.5], "rotation": 180, "texture": "#1"}
			}
		},
		{
			"from": [7.52252, 5.4944, 16.74919],
			"to": [8.47748, 6.96241, 19.91182],
			"rotation": {"angle": 22.5, "axis": "x", "origin": [8, 6.4212, 19.78545]},
			"faces": {
				"north": {"uv": [3.5, 10, 10, 15.5], "texture": "#1"},
				"east": {"uv": [14.5, 11, 7, 14.5], "texture": "#1"},
				"south": {"uv": [3.5, 10, 10, 15.5], "texture": "#1"},
				"west": {"uv": [14.5, 11, 7, 14.5], "texture": "#1"},
				"up": {"uv": [11, 9.5, 5.5, 14], "texture": "#1"},
				"down": {"uv": [10, 10, 3.5, 15.5], "rotation": 180, "texture": "#1"}
			}
		},
		{
			"from": [7.5086, 4.41366, 20.14216],
			"to": [8.4914, 5.96359, 24.40776],
			"rotation": {"angle": 22.5, "axis": "x", "origin": [8, 5.18862, 21.66989]},
			"faces": {
				"north": {"uv": [3.5, 10, 10, 15.5], "texture": "#1"},
				"east": {"uv": [10, 13.5, 3.5, 15.5], "texture": "#1"},
				"south": {"uv": [3.5, 10, 10, 15.5], "texture": "#1"},
				"west": {"uv": [15, 13.5, 8.5, 15.5], "texture": "#1"},
				"up": {"uv": [10, 10, 3.5, 15.5], "rotation": 180, "texture": "#1"},
				"down": {"uv": [10, 10, 3.5, 15.5], "rotation": 180, "texture": "#1"}
			}
		},
		{
			"from": [7.51247, 7.04689, 21.29851],
			"to": [8.48753, 7.39609, 28.31699],
			"rotation": {"angle": 0, "axis": "z", "origin": [8, 7.12286, 26.56049]},
			"faces": {
				"north": {"uv": [3, 9, 7, 10], "texture": "#1"},
				"east": {"uv": [15, 9, 3, 10], "texture": "#1"},
				"south": {"uv": [3, 9, 9, 10.5], "texture": "#1"},
				"west": {"uv": [15, 9, 3, 10], "texture": "#1"},
				"up": {"uv": [15, 8.5, 1, 11], "rotation": 270, "texture": "#1"},
				"down": {"uv": [15, 8.5, 1, 11], "rotation": 270, "texture": "#1"}
			}
		},
		{
			"from": [7.46185, 3.3648, 28.1785],
			"to": [8.53815, 7.44404, 28.41169],
			"rotation": {"angle": 0, "axis": "z", "origin": [8, 5.40442, 28.2951]},
			"faces": {
				"north": {"uv": [15, 3.5, 15.5, 4], "rotation": 270, "texture": "#1"},
				"east": {"uv": [15.5, 3.5, 15, 4], "rotation": 90, "texture": "#1"},
				"south": {"uv": [15, 3.5, 15.5, 4], "rotation": 270, "texture": "#1"},
				"west": {"uv": [15.5, 3.5, 15, 4], "rotation": 90, "texture": "#1"},
				"up": {"uv": [15.5, 3.5, 15, 4], "rotation": 270, "texture": "#1"},
				"down": {"uv": [15.5, 3.5, 15, 4], "rotation": 270, "texture": "#1"}
			}
		},
		{
			"from": [7.85344, 7.8839, 10.99211],
			"to": [8.14656, 8.59151, 11.56872],
			"rotation": {"angle": 0, "axis": "z", "origin": [8, 8.23771, 15.41175]},
			"faces": {
				"north": {"uv": [15.5, 3.5, 15, 4], "rotation": 90, "texture": "#1"},
				"east": {"uv": [15, 3.5, 15.5, 4], "rotation": 270, "texture": "#1"},
				"south": {"uv": [15.5, 3.5, 15, 4], "rotation": 90, "texture": "#1"},
				"west": {"uv": [15, 3.5, 15.5, 4], "rotation": 270, "texture": "#1"},
				"up": {"uv": [15.5, 3.5, 15, 4], "rotation": 180, "texture": "#1"},
				"down": {"uv": [15.5, 3.5, 15, 4], "texture": "#1"}
			}
		},
		{
			"from": [7.64619, 8.09115, 10.99211],
			"to": [8.35381, 8.38426, 11.34873],
			"rotation": {"angle": 0, "axis": "z", "origin": [8, 8.23771, 15.41175]},
			"faces": {
				"north": {"uv": [15.5, 3.5, 15, 4], "rotation": 90, "texture": "#1"},
				"east": {"uv": [15, 3.5, 15.5, 4], "rotation": 270, "texture": "#1"},
				"south": {"uv": [15.5, 3.5, 15, 4], "rotation": 90, "texture": "#1"},
				"west": {"uv": [15, 3.5, 15.5, 4], "rotation": 270, "texture": "#1"},
				"up": {"uv": [15.5, 3.5, 15, 4], "rotation": 180, "texture": "#1"},
				"down": {"uv": [15.5, 3.5, 15, 4], "texture": "#1"}
			}
		},
		{
			"from": [7.64619, 7.89115, 11.74211],
			"to": [8.35381, 8.18426, 15.59873],
			"rotation": {"angle": 0, "axis": "z", "origin": [8, 8.23771, 15.41175]},
			"faces": {
				"north": {"uv": [15.5, 3.5, 15, 4], "rotation": 90, "texture": "#1"},
				"east": {"uv": [13.5, 5, 14, 5.5], "rotation": 270, "texture": "#1"},
				"south": {"uv": [15.5, 3.5, 15, 4], "rotation": 90, "texture": "#1"},
				"west": {"uv": [14, 5, 14.5, 5.5], "rotation": 270, "texture": "#1"},
				"up": {"uv": [14, 5, 13, 5.5], "rotation": 180, "texture": "#1"},
				"down": {"uv": [15.5, 3.5, 15, 4], "texture": "#1"}
			}
		},
		{
			"from": [7.85344, 7.8839, 10.99211],
			"to": [8.14656, 8.59151, 11.56872],
			"rotation": {"angle": -45, "axis": "z", "origin": [8, 8.23771, 15.41175]},
			"faces": {
				"north": {"uv": [15.5, 3.5, 15, 4], "rotation": 90, "texture": "#1"},
				"east": {"uv": [15, 3.5, 15.5, 4], "rotation": 270, "texture": "#1"},
				"south": {"uv": [15.5, 3.5, 15, 4], "rotation": 90, "texture": "#1"},
				"west": {"uv": [15, 3.5, 15.5, 4], "rotation": 270, "texture": "#1"},
				"up": {"uv": [15.5, 3.5, 15, 4], "rotation": 180, "texture": "#1"},
				"down": {"uv": [15.5, 3.5, 15, 4], "texture": "#1"}
			}
		},
		{
			"from": [7.85344, 7.8839, 10.99212],
			"to": [8.14656, 8.59151, 11.57375],
			"rotation": {"angle": 45, "axis": "z", "origin": [8, 8.23771, 15.41175]},
			"faces": {
				"north": {"uv": [15.5, 3.5, 15, 4], "rotation": 90, "texture": "#1"},
				"east": {"uv": [15, 3.5, 15.5, 4], "rotation": 270, "texture": "#1"},
				"south": {"uv": [15.5, 3.5, 15, 4], "rotation": 90, "texture": "#1"},
				"west": {"uv": [15, 3.5, 15.5, 4], "rotation": 270, "texture": "#1"},
				"up": {"uv": [15.5, 3.5, 15, 4], "rotation": 180, "texture": "#1"},
				"down": {"uv": [15.5, 3.5, 15, 4], "texture": "#1"}
			}
		},
		{
			"from": [7.8681, 7.84551, 7.2429],
			"to": [8.1319, 8.48236, 11.58685],
			"rotation": {"angle": 0, "axis": "z", "origin": [8, 8.16394, 11.22058]},
			"faces": {
				"north": {"uv": [15.5, 3.5, 15, 4], "rotation": 90, "texture": "#1"},
				"east": {"uv": [15, 3.5, 15.5, 4], "rotation": 270, "texture": "#1"},
				"south": {"uv": [15.5, 3.5, 15, 4], "rotation": 90, "texture": "#1"},
				"west": {"uv": [15, 3.5, 15.5, 4], "rotation": 270, "texture": "#1"},
				"up": {"uv": [15.5, 3.5, 15, 4], "rotation": 180, "texture": "#1"},
				"down": {"uv": [15.5, 3.5, 15, 4], "texture": "#1"}
			}
		},
		{
			"from": [7.8681, 7.84551, 7.24291],
			"to": [8.1319, 8.48236, 11.59138],
			"rotation": {"angle": 45, "axis": "z", "origin": [8, 8.16394, 11.22058]},
			"faces": {
				"north": {"uv": [15.5, 3.5, 15, 4], "rotation": 90, "texture": "#1"},
				"east": {"uv": [15, 3.5, 15.5, 4], "rotation": 270, "texture": "#1"},
				"south": {"uv": [15.5, 3.5, 15, 4], "rotation": 90, "texture": "#1"},
				"west": {"uv": [15, 3.5, 15.5, 4], "rotation": 270, "texture": "#1"},
				"up": {"uv": [15.5, 3.5, 15, 4], "rotation": 180, "texture": "#1"},
				"down": {"uv": [15.5, 3.5, 15, 4], "texture": "#1"}
			}
		},
		{
			"from": [7.68157, 8.03204, 7.2429],
			"to": [8.31843, 8.29583, 11.76385],
			"rotation": {"angle": 0, "axis": "z", "origin": [8, 8.16394, 11.22058]},
			"faces": {
				"north": {"uv": [15.5, 3.5, 15, 4], "rotation": 90, "texture": "#1"},
				"east": {"uv": [15, 3.5, 15.5, 4], "rotation": 270, "texture": "#1"},
				"south": {"uv": [15.5, 3.5, 15, 4], "rotation": 90, "texture": "#1"},
				"west": {"uv": [15, 3.5, 15.5, 4], "rotation": 270, "texture": "#1"},
				"up": {"uv": [15.5, 3.5, 15, 4], "rotation": 180, "texture": "#1"},
				"down": {"uv": [15.5, 3.5, 15, 4], "texture": "#1"}
			}
		},
		{
			"from": [7.8681, 7.84551, 7.2429],
			"to": [8.1319, 8.48236, 11.58685],
			"rotation": {"angle": -45, "axis": "z", "origin": [8, 8.16394, 11.22058]},
			"faces": {
				"north": {"uv": [15.5, 3.5, 15, 4], "rotation": 90, "texture": "#1"},
				"east": {"uv": [15, 3.5, 15.5, 4], "rotation": 270, "texture": "#1"},
				"south": {"uv": [15.5, 3.5, 15, 4], "rotation": 90, "texture": "#1"},
				"west": {"uv": [15, 3.5, 15.5, 4], "rotation": 270, "texture": "#1"},
				"up": {"uv": [15.5, 3.5, 15, 4], "rotation": 180, "texture": "#1"},
				"down": {"uv": [15.5, 3.5, 15, 4], "texture": "#1"}
			}
		},
		{
			"from": [7.66394, 7.91332, 0.99616],
			"to": [8.33606, 8.60532, 7.44687],
			"rotation": {"angle": 0, "axis": "z", "origin": [8, 8.27028, 0.88172]},
			"faces": {
				"north": {"uv": [5.5, 7, 8.5, 9], "rotation": 180, "texture": "#1"},
				"east": {"uv": [0, 7, 16, 9], "rotation": 180, "texture": "#1"},
				"south": {"uv": [6, 7, 9.5, 9], "rotation": 180, "texture": "#1"},
				"west": {"uv": [16, 7, 0, 9], "rotation": 180, "texture": "#1"},
				"up": {"uv": [0, 9.5, 16, 11.5], "rotation": 270, "texture": "#1"},
				"down": {"uv": [0.5, 13.5, 15.5, 15.5], "rotation": 270, "texture": "#1"}
			}
		},
		{
			"from": [7.54949, 6.83911, 1.15034],
			"to": [8.45051, 8.25417, 5.89822],
			"rotation": {"angle": 0, "axis": "z", "origin": [8, 7.47164, 2.57428]},
			"faces": {
				"north": {"uv": [6.5, 11, 10.5, 15], "texture": "#1"},
				"east": {"uv": [3, 10.5, 15.5, 14], "texture": "#1"},
				"south": {"uv": [6.5, 11, 10.5, 15], "texture": "#1"},
				"west": {"uv": [3, 10.5, 15.5, 14], "texture": "#1"},
				"up": {"uv": [0, 9.5, 16, 10.5], "rotation": 270, "texture": "#1"},
				"down": {"uv": [0, 14.5, 16, 16], "rotation": 270, "texture": "#1"}
			}
		},
		{
			"from": [7.53306, 6.60167, 5.89827],
			"to": [8.46694, 8.10417, 17.20199],
			"rotation": {"angle": 0, "axis": "z", "origin": [8, 7.35292, 11.92513]},
			"faces": {
				"north": {"uv": [6.5, 11, 10.5, 15], "texture": "#1"},
				"east": {"uv": [0, 12.5, 16, 14.5], "texture": "#1"},
				"south": {"uv": [4, 12, 7, 15], "texture": "#1"},
				"west": {"uv": [0, 10.5, 16, 14.5], "texture": "#1"},
				"up": {"uv": [0, 11, 16, 12], "rotation": 270, "texture": "#1"},
				"down": {"uv": [0, 14.5, 16, 16], "rotation": 270, "texture": "#1"}
			}
		},
		{
			"from": [7.53306, 7.0332, -8.69333],
			"to": [8.46694, 8.25417, 1.41243],
			"rotation": {"angle": 0, "axis": "z", "origin": [8, 7.47126, -4.59045]},
			"faces": {
				"north": {"uv": [6.5, 10, 10.5, 14], "texture": "#1"},
				"east": {"uv": [2.5, 10.5, 13, 14], "texture": "#1"},
				"south": {"uv": [7, 12, 10, 15], "texture": "#1"},
				"west": {"uv": [2.5, 10.5, 15.5, 14], "texture": "#1"},
				"up": {"uv": [0, 9.5, 16, 10.5], "rotation": 270, "texture": "#1"},
				"down": {"uv": [0, 14.5, 16, 16], "rotation": 270, "texture": "#1"}
			}
		},
		{
			"from": [7.50922, 7.45949, -0.03969],
			"to": [8.49078, 7.62747, 0.97829],
			"rotation": {"angle": 0, "axis": "z", "origin": [8, 7.41848, 11.4193]},
			"faces": {
				"north": {"uv": [13.5, 3.5, 14, 4], "rotation": 270, "texture": "#1"},
				"east": {"uv": [14, 3.5, 13.5, 4], "rotation": 90, "texture": "#1"},
				"south": {"uv": [13.5, 3.5, 14, 4], "rotation": 270, "texture": "#1"},
				"west": {"uv": [14, 3.5, 13.5, 4], "rotation": 90, "texture": "#1"},
				"up": {"uv": [14, 3.5, 13.5, 4], "rotation": 270, "texture": "#1"},
				"down": {"uv": [14, 3.5, 13.5, 4], "rotation": 270, "texture": "#1"}
			}
		},
		{
			"from": [7.50913, 6.83628, 0.97609],
			"to": [8.49087, 8.45213, 1.73146],
			"rotation": {"angle": 0, "axis": "z", "origin": [7.91942, 7.57465, 1.20377]},
			"faces": {
				"north": {"uv": [15, 3.5, 15.5, 4], "rotation": 270, "texture": "#1"},
				"east": {"uv": [15.5, 3.5, 15, 4], "rotation": 90, "texture": "#1"},
				"south": {"uv": [15, 3.5, 15.5, 4], "rotation": 270, "texture": "#1"},
				"west": {"uv": [15.5, 3.5, 15, 4], "rotation": 90, "texture": "#1"},
				"up": {"uv": [15.5, 3.5, 15, 4], "rotation": 270, "texture": "#1"},
				"down": {"uv": [15.5, 3.5, 15, 4], "rotation": 270, "texture": "#1"}
			}
		},
		{
			"from": [6.44902, 8.69763, 0.97609],
			"to": [6.91641, 8.96779, 1.73146],
			"rotation": {"angle": -45, "axis": "z", "origin": [6.68272, 7.29521, 0.45377]},
			"faces": {
				"north": {"uv": [15, 3.5, 15.5, 4], "rotation": 270, "texture": "#1"},
				"east": {"uv": [15.5, 3.5, 15, 4], "rotation": 90, "texture": "#1"},
				"south": {"uv": [15, 3.5, 15.5, 4], "rotation": 270, "texture": "#1"},
				"west": {"uv": [15.5, 3.5, 15, 4], "rotation": 90, "texture": "#1"},
				"up": {"uv": [15.5, 3.5, 15, 4], "rotation": 270, "texture": "#1"},
				"down": {"uv": [15.5, 3.5, 15, 4], "rotation": 270, "texture": "#1"}
			}
		},
		{
			"from": [9.08359, 8.69763, 0.97609],
			"to": [9.55098, 8.96779, 1.73146],
			"rotation": {"angle": 45, "axis": "z", "origin": [9.31728, 7.29521, 1.20377]},
			"faces": {
				"north": {"uv": [15, 4, 15.5, 3.5], "rotation": 270, "texture": "#1"},
				"east": {"uv": [15.5, 4, 15, 3.5], "rotation": 90, "texture": "#1"},
				"south": {"uv": [15, 4, 15.5, 3.5], "rotation": 270, "texture": "#1"},
				"west": {"uv": [15.5, 4, 15, 3.5], "rotation": 90, "texture": "#1"},
				"up": {"uv": [15.5, 4, 15, 3.5], "rotation": 270, "texture": "#1"},
				"down": {"uv": [15.5, 4, 15, 3.5], "rotation": 270, "texture": "#1"}
			}
		},
		{
			"from": [9.08359, 6.32062, 0.97609],
			"to": [9.55098, 6.59077, 1.73146],
			"rotation": {"angle": -45, "axis": "z", "origin": [9.31728, 7.9932, 1.20377]},
			"faces": {
				"north": {"uv": [15.5, 4, 15, 3.5], "rotation": 270, "texture": "#1"},
				"east": {"uv": [15, 4, 15.5, 3.5], "rotation": 90, "texture": "#1"},
				"south": {"uv": [15.5, 4, 15, 3.5], "rotation": 270, "texture": "#1"},
				"west": {"uv": [15, 4, 15.5, 3.5], "rotation": 90, "texture": "#1"},
				"up": {"uv": [15, 4, 15.5, 3.5], "rotation": 270, "texture": "#1"},
				"down": {"uv": [15, 4, 15.5, 3.5], "rotation": 270, "texture": "#1"}
			}
		},
		{
			"from": [6.44902, 6.32062, 0.97609],
			"to": [6.91641, 6.59077, 1.73146],
			"rotation": {"angle": 45, "axis": "z", "origin": [6.68272, 7.9932, 1.20377]},
			"faces": {
				"north": {"uv": [15.5, 3.5, 15, 4], "rotation": 270, "texture": "#1"},
				"east": {"uv": [15, 3.5, 15.5, 4], "rotation": 90, "texture": "#1"},
				"south": {"uv": [15.5, 3.5, 15, 4], "rotation": 270, "texture": "#1"},
				"west": {"uv": [15, 3.5, 15.5, 4], "rotation": 90, "texture": "#1"},
				"up": {"uv": [15, 3.5, 15.5, 4], "rotation": 270, "texture": "#1"},
				"down": {"uv": [15, 3.5, 15.5, 4], "rotation": 270, "texture": "#1"}
			}
		},
		{
			"from": [7.70016, 6.64525, 0.97609],
			"to": [8.30016, 8.64525, 1.73146],
			"rotation": {"angle": 0, "axis": "z", "origin": [7.06577, 8.03947, 1.20377]},
			"faces": {
				"north": {"uv": [15, 3.5, 15.5, 4], "rotation": 270, "texture": "#1"},
				"east": {"uv": [15.5, 3.5, 15, 4], "rotation": 90, "texture": "#1"},
				"south": {"uv": [15, 3.5, 15.5, 4], "rotation": 270, "texture": "#1"},
				"west": {"uv": [15.5, 3.5, 15, 4], "rotation": 90, "texture": "#1"},
				"up": {"uv": [15.5, 3.5, 15, 4], "rotation": 270, "texture": "#1"},
				"down": {"uv": [15.5, 3.5, 15, 4], "rotation": 270, "texture": "#1"}
			}
		},
		{
			"from": [7.46872, 7.01964, -8.85061],
			"to": [8.53372, 8.25211, -8.29093],
			"rotation": {"angle": 0, "axis": "z", "origin": [8.07071, 7.65012, -8.57077]},
			"faces": {
				"north": {"uv": [15, 3.5, 15.5, 4], "rotation": 270, "texture": "#1"},
				"east": {"uv": [15.5, 3.5, 15, 4], "rotation": 90, "texture": "#1"},
				"south": {"uv": [15, 3.5, 15.5, 4], "rotation": 270, "texture": "#1"},
				"west": {"uv": [15.5, 3.5, 15, 4], "rotation": 90, "texture": "#1"},
				"up": {"uv": [15.5, 3.5, 15, 4], "rotation": 270, "texture": "#1"},
				"down": {"uv": [15.5, 3.5, 15, 4], "rotation": 270, "texture": "#1"}
			}
		},
		{
			"from": [7.51143, 8.02846, -8.85061],
			"to": [8.00866, 8.45522, -8.29093],
			"rotation": {"angle": -45, "axis": "z", "origin": [7.76005, 8.19184, -8.57077]},
			"faces": {
				"north": {"uv": [15, 3.5, 15.5, 4], "rotation": 270, "texture": "#1"},
				"east": {"uv": [15.5, 3.5, 15, 4], "rotation": 90, "texture": "#1"},
				"south": {"uv": [15, 3.5, 15.5, 4], "rotation": 270, "texture": "#1"},
				"west": {"uv": [15.5, 3.5, 15, 4], "rotation": 90, "texture": "#1"},
				"up": {"uv": [15.5, 3.5, 15, 4], "rotation": 270, "texture": "#1"},
				"down": {"uv": [15.5, 3.5, 15, 4], "rotation": 270, "texture": "#1"}
			}
		},
		{
			"from": [7.99134, 8.02846, -8.85061],
			"to": [8.48857, 8.45522, -8.29093],
			"rotation": {"angle": 45, "axis": "z", "origin": [8.23995, 8.19184, -8.57077]},
			"faces": {
				"north": {"uv": [15, 4, 15.5, 3.5], "rotation": 270, "texture": "#1"},
				"east": {"uv": [15.5, 4, 15, 3.5], "rotation": 90, "texture": "#1"},
				"south": {"uv": [15, 4, 15.5, 3.5], "rotation": 270, "texture": "#1"},
				"west": {"uv": [15.5, 4, 15, 3.5], "rotation": 90, "texture": "#1"},
				"up": {"uv": [15.5, 4, 15, 3.5], "rotation": 270, "texture": "#1"},
				"down": {"uv": [15.5, 4, 15, 3.5], "rotation": 270, "texture": "#1"}
			}
		},
		{
			"from": [7.77049, 7.22646, -8.85061],
			"to": [8.22951, 8.55387, -8.29093],
			"rotation": {"angle": 0, "axis": "z", "origin": [7.62752, 7.95189, -8.57077]},
			"faces": {
				"north": {"uv": [15, 3.5, 15.5, 4], "rotation": 270, "texture": "#1"},
				"east": {"uv": [15.5, 3.5, 15, 4], "rotation": 90, "texture": "#1"},
				"south": {"uv": [15, 3.5, 15.5, 4], "rotation": 270, "texture": "#1"},
				"west": {"uv": [15.5, 3.5, 15, 4], "rotation": 90, "texture": "#1"},
				"up": {"uv": [15.5, 3.5, 15, 4], "rotation": 270, "texture": "#1"},
				"down": {"uv": [15.5, 3.5, 15, 4], "rotation": 270, "texture": "#1"}
			}
		},
		{
			"from": [7.70597, 8.42513, 9.88885],
			"to": [8.29403, 8.59489, 10.2588],
			"rotation": {"angle": 0, "axis": "z", "origin": [8, 8.33501, 8.94883]},
			"faces": {
				"north": {"uv": [15.5, 3.5, 15, 4], "rotation": 90, "texture": "#1"},
				"east": {"uv": [15, 3.5, 15.5, 4], "rotation": 270, "texture": "#1"},
				"south": {"uv": [15.5, 3.5, 15, 4], "rotation": 90, "texture": "#1"},
				"west": {"uv": [15, 3.5, 15.5, 4], "rotation": 270, "texture": "#1"},
				"up": {"uv": [15.5, 3.5, 15, 4], "rotation": 180, "texture": "#1"},
				"down": {"uv": [15.5, 3.5, 15, 4], "texture": "#1"}
			}
		},
		{
			"from": [7.79616, 8.53092, 7.5098],
			"to": [7.92481, 8.69847, 10.16565],
			"rotation": {"angle": 0, "axis": "z", "origin": [7.86049, 8.45219, 8.83772]},
			"faces": {
				"north": {"uv": [15.5, 3.5, 15, 4], "rotation": 90, "texture": "#1"},
				"east": {"uv": [15, 3.5, 15.5, 4], "rotation": 270, "texture": "#1"},
				"south": {"uv": [15.5, 3.5, 15, 4], "rotation": 90, "texture": "#1"},
				"west": {"uv": [15, 3.5, 15.5, 4], "rotation": 270, "texture": "#1"},
				"up": {"uv": [15.5, 3.5, 15, 4], "rotation": 180, "texture": "#1"},
				"down": {"uv": [15.5, 3.5, 15, 4], "texture": "#1"}
			}
		},
		{
			"from": [7.92116, 8.53092, 7.5098],
			"to": [8.07481, 8.69847, 7.61565],
			"rotation": {"angle": 0, "axis": "z", "origin": [7.86049, 8.45219, 8.83772]},
			"faces": {
				"north": {"uv": [15.5, 3.5, 15, 4], "rotation": 90, "texture": "#1"},
				"east": {"uv": [15, 3.5, 15.5, 4], "rotation": 270, "texture": "#1"},
				"south": {"uv": [15.5, 3.5, 15, 4], "rotation": 90, "texture": "#1"},
				"west": {"uv": [15, 3.5, 15.5, 4], "rotation": 270, "texture": "#1"},
				"up": {"uv": [15.5, 3.5, 15, 4], "rotation": 180, "texture": "#1"},
				"down": {"uv": [15.5, 3.5, 15, 4], "texture": "#1"}
			}
		},
		{
			"from": [7.74171, 8.60177, 9.958],
			"to": [8.25829, 8.81299, 10.21695],
			"rotation": {"angle": 0, "axis": "z", "origin": [8, 8.70738, 10.13748]},
			"faces": {
				"north": {"uv": [15.5, 3.5, 15, 4], "rotation": 90, "texture": "#1"},
				"east": {"uv": [15, 3.5, 15.5, 4], "rotation": 270, "texture": "#1"},
				"south": {"uv": [15.5, 3.5, 15, 4], "rotation": 90, "texture": "#1"},
				"west": {"uv": [15, 3.5, 15.5, 4], "rotation": 270, "texture": "#1"},
				"up": {"uv": [15.5, 3.5, 15, 4], "rotation": 180, "texture": "#1"},
				"down": {"uv": [15.5, 3.5, 15, 4], "texture": "#1"}
			}
		},
		{
			"from": [7.70195, 8.81111, 10.07732],
			"to": [7.95292, 8.93533, 10.19761],
			"rotation": {"angle": 0, "axis": "z", "origin": [7.82744, 8.82322, 10.13746]},
			"faces": {
				"north": {"uv": [15.5, 3.5, 15, 4], "rotation": 90, "texture": "#1"},
				"east": {"uv": [15, 3.5, 15.5, 4], "rotation": 270, "texture": "#1"},
				"south": {"uv": [15.5, 3.5, 15, 4], "rotation": 90, "texture": "#1"},
				"west": {"uv": [15, 3.5, 15.5, 4], "rotation": 270, "texture": "#1"},
				"up": {"uv": [15.5, 3.5, 15, 4], "rotation": 180, "texture": "#1"},
				"down": {"uv": [15.5, 3.5, 15, 4], "texture": "#1"}
			}
		},
		{
			"from": [8.04708, 8.81111, 10.07733],
			"to": [8.29805, 8.93533, 10.19762],
			"rotation": {"angle": 0, "axis": "z", "origin": [8.17256, 8.82322, 10.13748]},
			"faces": {
				"north": {"uv": [15, 3.5, 15.5, 4], "rotation": 270, "texture": "#1"},
				"east": {"uv": [15.5, 3.5, 15, 4], "rotation": 90, "texture": "#1"},
				"south": {"uv": [15, 3.5, 15.5, 4], "rotation": 270, "texture": "#1"},
				"west": {"uv": [15.5, 3.5, 15, 4], "rotation": 90, "texture": "#1"},
				"up": {"uv": [15, 3.5, 15.5, 4], "rotation": 180, "texture": "#1"},
				"down": {"uv": [15, 3.5, 15.5, 4], "texture": "#1"}
			}
		},
		{
			"from": [8.07519, 8.53092, 7.5098],
			"to": [8.20384, 8.69847, 10.16565],
			"rotation": {"angle": 0, "axis": "z", "origin": [8.13951, 8.45219, 8.83772]},
			"faces": {
				"north": {"uv": [15.5, 3.5, 15, 4], "rotation": 90, "texture": "#1"},
				"east": {"uv": [15, 3.5, 15.5, 4], "rotation": 270, "texture": "#1"},
				"south": {"uv": [15.5, 3.5, 15, 4], "rotation": 90, "texture": "#1"},
				"west": {"uv": [15, 3.5, 15.5, 4], "rotation": 270, "texture": "#1"},
				"up": {"uv": [15.5, 3.5, 15, 4], "rotation": 180, "texture": "#1"},
				"down": {"uv": [15.5, 3.5, 15, 4], "texture": "#1"}
			}
		},
		{
			"from": [7.6878, 8.03575, -11.42518],
			"to": [7.71152, 8.97899, -10.86975],
			"rotation": {"angle": 0, "axis": "z", "origin": [8, 8.84967, -10.24746]},
			"faces": {
				"north": {"uv": [15.5, 3.5, 15, 4], "rotation": 180, "texture": "#1"},
				"east": {"uv": [15.5, 3.5, 15, 4], "rotation": 270, "texture": "#1"},
				"south": {"uv": [15.5, 3.5, 15, 4], "texture": "#1"},
				"west": {"uv": [15.5, 3.5, 15, 4], "rotation": 90, "texture": "#1"},
				"up": {"uv": [15, 3.5, 15.5, 4], "rotation": 180, "texture": "#1"},
				"down": {"uv": [15, 3.5, 15.5, 4], "rotation": 180, "texture": "#1"}
			}
		},
		{
			"from": [7.9878, 7.93575, -11.42518],
			"to": [8.01152, 8.87899, -10.86975],
			"rotation": {"angle": 0, "axis": "z", "origin": [8, 8.84967, -10.24746]},
			"faces": {
				"north": {"uv": [15.5, 3.5, 15, 4], "rotation": 180, "texture": "#1"},
				"east": {"uv": [15.5, 3.5, 15, 4], "rotation": 270, "texture": "#1"},
				"south": {"uv": [15.5, 3.5, 15, 4], "texture": "#1"},
				"west": {"uv": [15.5, 3.5, 15, 4], "rotation": 90, "texture": "#1"},
				"up": {"uv": [15, 3.5, 15.5, 4], "rotation": 180, "texture": "#1"},
				"down": {"uv": [15, 3.5, 15.5, 4], "rotation": 180, "texture": "#1"}
			}
		},
		{
			"from": [8.28848, 8.03575, -11.42518],
			"to": [8.3122, 8.97899, -10.86975],
			"rotation": {"angle": 0, "axis": "z", "origin": [8, 8.84967, -10.24746]},
			"faces": {
				"north": {"uv": [15.5, 3.5, 15, 4], "texture": "#1"},
				"east": {"uv": [15.5, 3.5, 15, 4], "rotation": 270, "texture": "#1"},
				"south": {"uv": [15.5, 3.5, 15, 4], "rotation": 180, "texture": "#1"},
				"west": {"uv": [15.5, 3.5, 15, 4], "rotation": 90, "texture": "#1"},
				"up": {"uv": [15, 3.5, 15.5, 4], "texture": "#1"},
				"down": {"uv": [15, 3.5, 15.5, 4], "texture": "#1"}
			}
		},
		{
			"from": [7.88651, 7.18824, -10.39475],
			"to": [8.11349, 7.41522, -8.61116],
			"rotation": {"angle": 0, "axis": "z", "origin": [8, 7.30173, -6.50296]},
			"faces": {
				"north": {"uv": [15, 3.5, 15.5, 4], "rotation": 270, "texture": "#1"},
				"east": {"uv": [15.5, 3.5, 15, 4], "rotation": 90, "texture": "#1"},
				"south": {"uv": [15, 3.5, 15.5, 4], "rotation": 270, "texture": "#1"},
				"west": {"uv": [15.5, 3.5, 15, 4], "rotation": 90, "texture": "#1"},
				"up": {"uv": [15.5, 3.5, 15, 4], "rotation": 270, "texture": "#1"},
				"down": {"uv": [15.5, 3.5, 15, 4], "rotation": 270, "texture": "#1"}
			}
		}
	],
	"display": {
		"thirdperson_righthand": {
			"rotation": [3.8, 33.22, -5.91],
			"translation": [-1.5, 1.25, 0],
			"scale": [0.64, 0.64, 0.64]
		},
		"thirdperson_lefthand": {
			"translation": [0, 1.5, -2.25],
			"scale": [0.64, 0.64, 0.64]
		},
		"firstperson_righthand": {
			"rotation": [26.18, 22.58, 8.31],
			"translation": [-7.5, 5, -2.5]
		},
		"firstperson_lefthand": {
			"translation": [0, 0, -6]
		},
		"gui": {
			"rotation": [52.96, -40.13, 55.91],
			"translation": [-2.25, 0, 0],
			"scale": [1, 0.9, 0.8]
		},
		"fixed": {
			"rotation": [0, 90, 0],
			"translation": [2.25, 0, -1.5]
		}
	},
	"groups": [
		{
			"name": "metal_bolt_action_inner",
			"origin": [0, 0, 0],
			"color": 0,
			"children": [0, 1, 2, 3, 4, 5, 6, 7]
		},
		{
			"name": "bolt_rear",
			"origin": [0, 0, 0],
			"color": 0,
			"children": []
		},
		{
			"name": "boltgrip",
			"origin": [0, 0, 0],
			"color": 0,
			"children": [8, 9, 10, 11, 12, 13, 14, 15, 16, 17, 18, 19, 20, 21, 22, 23, 24, 25, 26, 27, 28, 29, 30, 31, 32, 33, 34, 35, 36]
		},
		{
			"name": "action",
			"origin": [0, 0, 0],
			"color": 0,
			"children": [37, 38, 39, 40, 41, 42, 43, 44, 45, 46, 47, 48, 49, 50, 51, 52]
		},
		{
			"name": "barrel",
			"origin": [0, 0, 0],
			"color": 0,
			"children": [53]
		},
		{
			"name": "btn",
			"origin": [0, 0, 0],
			"color": 0,
			"children": [54, 55, 56, 57, 58, 59, 60]
		},
		{
			"name": "stock_metal_detail",
			"origin": [0, 0, 0],
			"color": 0,
			"children": []
		},
		{
			"name": "stock",
			"origin": [0, 0, 0],
			"color": 0,
			"children": [61, 62, 63, 64, 65, 66, 67]
		},
		{
			"name": "barrel_mid",
			"origin": [0, 0, 0],
			"color": 0,
			"children": [68, 69, 70, 71, 72, 73, 74, 75, 76]
		},
		{
			"name": "body_upper",
			"origin": [0, 0, 0],
			"color": 0,
			"children": [77]
		},
		{
			"name": "body_lower",
			"origin": [0, 0, 0],
			"color": 0,
			"children": [78, 79, 80]
		},
		{
			"name": "body_metal_detail",
			"origin": [0, 0, 0],
			"color": 0,
			"children": [81]
		},
		{
			"name": "ring_mid",
			"origin": [0, 0, 0],
			"color": 0,
			"children": [82, 83, 84, 85, 86, 87]
		},
		{
			"name": "ring_end",
			"origin": [0, 0, 0],
			"color": 0,
			"children": [88, 89, 90, 91]
		},
		{
			"name": "iron_sight",
			"origin": [0, 0, 0],
			"color": 0,
			"children": [92, 93, 94, 95, 96, 97, 98]
		},
		{
			"name": "iron_sight_barrel",
			"origin": [0, 0, 0],
			"color": 0,
			"children": [99, 100, 101]
		},
		{
			"name": "end_rod",
			"origin": [0, 0, 0],
			"color": 0,
			"children": [102]
		}
	]
}