{
	"credit": "Made with Blockbench",
	"textures": {
		"0": "item/gun/xeth_rifle1",
		"particle": "item/gun/xeth_rifle1"
	},
	"elements": [
		{
			"from": [7.1226, 6.91813, 16.781],
			"to": [8.29458, 8.24825, 32],
			"rotation": {"angle": 22.5, "axis": "x", "origin": [7.7085, 7.58319, 24.8905]},
			"faces": {
				"north": {"uv": [6, 9.5, 7, 10.5], "texture": "#0"},
				"east": {"uv": [6, 9.5, 7, 10.5], "texture": "#0"},
				"south": {"uv": [6, 9.5, 7, 10.5], "texture": "#0", "cullface": "south"},
				"west": {"uv": [6, 9.5, 7, 10.5], "texture": "#0"},
				"up": {"uv": [6, 9.5, 7, 10.5], "texture": "#0"},
				"down": {"uv": [6, 9.5, 7, 10.5], "texture": "#0"}
			}
		},
		{
			"from": [7.12251, 6.63835, 25.404],
			"to": [8.29449, 8.74821, 31.94863],
			"rotation": {"angle": 0, "axis": "y", "origin": [7.7085, 8.09328, 27.72632]},
			"faces": {
				"north": {"uv": [6, 9.5, 7, 10.5], "texture": "#0"},
				"east": {"uv": [6, 9.5, 7, 10.5], "texture": "#0"},
				"south": {"uv": [6, 9.5, 7, 10.5], "texture": "#0", "cullface": "south"},
				"west": {"uv": [6, 9.5, 7, 10.5], "texture": "#0"},
				"up": {"uv": [6, 9.5, 7, 10.5], "texture": "#0"},
				"down": {"uv": [6, 9.5, 7, 10.5], "texture": "#0"}
			}
		},
		{
			"from": [7.12251, 5.35683, 28.51595],
			"to": [8.29449, 7.65581, 31.94863],
			"rotation": {"angle": 0, "axis": "y", "origin": [7.7085, 5.95632, 30.33229]},
			"faces": {
				"north": {"uv": [6, 9.5, 7, 10.5], "texture": "#0"},
				"east": {"uv": [6, 9.5, 7, 10.5], "texture": "#0"},
				"south": {"uv": [6, 9.5, 7, 10.5], "texture": "#0", "cullface": "south"},
				"west": {"uv": [6, 9.5, 7, 10.5], "texture": "#0"},
				"up": {"uv": [6, 9.5, 7, 10.5], "texture": "#0"},
				"down": {"uv": [6, 9.5, 7, 10.5], "texture": "#0"}
			}
		},
		{
			"from": [7.12251, 4.25364, 31.20451],
			"to": [8.29449, 5.35683, 31.94863],
			"rotation": {"angle": 0, "axis": "y", "origin": [7.7085, 4.80524, 31.57657]},
			"faces": {
				"north": {"uv": [6, 9.5, 7, 10.5], "texture": "#0"},
				"east": {"uv": [6, 9.5, 7, 10.5], "texture": "#0"},
				"south": {"uv": [6, 9.5, 7, 10.5], "texture": "#0", "cullface": "south"},
				"west": {"uv": [6, 9.5, 7, 10.5], "texture": "#0"},
				"up": {"uv": [6, 9.5, 7, 10.5], "texture": "#0"},
				"down": {"uv": [6, 9.5, 7, 10.5], "texture": "#0"}
			}
		},
		{
			"from": [7.12251, 8.04821, 22.18283],
			"to": [8.29449, 9.38808, 31.94863],
			"rotation": {"angle": 0, "axis": "y", "origin": [7.7085, 8.96815, 27.01573]},
			"faces": {
				"north": {"uv": [6, 9.5, 7, 10.5], "texture": "#0"},
				"east": {"uv": [6, 9.5, 7, 10.5], "texture": "#0"},
				"south": {"uv": [6, 9.5, 7, 10.5], "texture": "#0", "cullface": "south"},
				"west": {"uv": [6, 9.5, 7, 10.5], "texture": "#0"},
				"up": {"uv": [6, 9.5, 7, 10.5], "texture": "#0"},
				"down": {"uv": [6, 9.5, 7, 10.5], "texture": "#0"}
			}
		},
		{
			"from": [7.24924, 9.11561, 18.29961],
			"to": [8.16776, 10.28936, 23.48334],
			"rotation": {"angle": 22.5, "axis": "x", "origin": [7.7085, 9.70249, 20.89147]},
			"faces": {
				"north": {"uv": [6, 9.5, 7, 10.5], "texture": "#0"},
				"east": {"uv": [6, 9.5, 7, 10.5], "texture": "#0"},
				"south": {"uv": [6, 9.5, 7, 10.5], "texture": "#0", "cullface": "south"},
				"west": {"uv": [6, 9.5, 7, 10.5], "texture": "#0"},
				"up": {"uv": [6, 9.5, 7, 10.5], "texture": "#0"},
				"down": {"uv": [6, 9.5, 7, 10.5], "texture": "#0"}
			}
		},
		{
			"from": [7.12251, 10.05574, 7.21334],
			"to": [8.29449, 11.29674, 18.43783],
			"rotation": {"angle": 0, "axis": "y", "origin": [7.7085, 10.49243, 14.77558]},
			"faces": {
				"north": {"uv": [6, 9.5, 7, 10.5], "texture": "#0", "cullface": "north"},
				"east": {"uv": [6, 9.5, 7, 10.5], "texture": "#0"},
				"south": {"uv": [6, 9.5, 7, 10.5], "texture": "#0", "cullface": "south"},
				"west": {"uv": [6, 9.5, 7, 10.5], "texture": "#0"},
				"up": {"uv": [6, 9.5, 7, 10.5], "texture": "#0"},
				"down": {"uv": [6, 9.5, 7, 10.5], "texture": "#0"}
			}
		},
		{
			"from": [7.14316, 10.52704, 17.05058],
			"to": [8.29304, 11.50334, 18.78126],
			"rotation": {"angle": 0, "axis": "y", "origin": [7.64108, 11.17118, 12.63539]},
			"faces": {
				"north": {"uv": [15, 0, 16, 1], "texture": "#0"},
				"east": {"uv": [15, 0, 16, 1], "texture": "#0"},
				"south": {"uv": [15, 0, 16, 1], "texture": "#0"},
				"west": {"uv": [15, 0, 16, 1], "texture": "#0"},
				"up": {"uv": [15, 0, 16, 1], "texture": "#0"},
				"down": {"uv": [15, 0, 16, 1], "texture": "#0"}
			}
		},
		{
			"from": [7.39092, 10.71718, 18.35058],
			"to": [7.86722, 11.86706, 18.78126],
			"rotation": {"angle": -45, "axis": "z", "origin": [7.64108, 11.17118, 12.63539]},
			"faces": {
				"north": {"uv": [15, 0, 16, 1], "texture": "#0"},
				"east": {"uv": [15, 0, 16, 1], "texture": "#0"},
				"south": {"uv": [15, 0, 16, 1], "texture": "#0"},
				"west": {"uv": [15, 0, 16, 1], "texture": "#0"},
				"up": {"uv": [15, 0, 16, 1], "texture": "#0"},
				"down": {"uv": [15, 0, 16, 1], "texture": "#0"}
			}
		},
		{
			"from": [7.47995, 10.69025, 18.35058],
			"to": [7.95625, 11.84013, 18.78126],
			"rotation": {"angle": 0, "axis": "y", "origin": [7.64108, 11.17118, 12.63539]},
			"faces": {
				"north": {"uv": [15, 0, 16, 1], "texture": "#0"},
				"east": {"uv": [15, 0, 16, 1], "texture": "#0"},
				"south": {"uv": [15, 0, 16, 1], "texture": "#0"},
				"west": {"uv": [15, 0, 16, 1], "texture": "#0"},
				"up": {"uv": [15, 0, 16, 1], "texture": "#0"},
				"down": {"uv": [15, 0, 16, 1], "texture": "#0"}
			}
		},
		{
			"from": [7.52386, 10.60825, 17.05058],
			"to": [8.00017, 11.75813, 18.78126],
			"rotation": {"angle": 45, "axis": "z", "origin": [7.64108, 11.17118, 12.63539]},
			"faces": {
				"north": {"uv": [15, 0, 16, 1], "texture": "#0"},
				"east": {"uv": [15, 0, 16, 1], "texture": "#0"},
				"south": {"uv": [15, 0, 16, 1], "texture": "#0"},
				"west": {"uv": [15, 0, 16, 1], "texture": "#0"},
				"up": {"uv": [15, 0, 16, 1], "texture": "#0"},
				"down": {"uv": [15, 0, 16, 1], "texture": "#0"}
			}
		},
		{
			"from": [7.39092, 10.71718, 17.05058],
			"to": [7.86722, 11.86706, 17.98126],
			"rotation": {"angle": -45, "axis": "z", "origin": [7.64108, 11.17118, 11.83539]},
			"faces": {
				"north": {"uv": [15, 0, 16, 1], "texture": "#0"},
				"east": {"uv": [15, 0, 16, 1], "texture": "#0"},
				"south": {"uv": [15, 0, 16, 1], "texture": "#0"},
				"west": {"uv": [15, 0, 16, 1], "texture": "#0"},
				"up": {"uv": [15, 0, 16, 1], "texture": "#0"},
				"down": {"uv": [15, 0, 16, 1], "texture": "#0"}
			}
		},
		{
			"from": [7.47995, 10.69025, 17.05058],
			"to": [7.95625, 11.84013, 17.98126],
			"rotation": {"angle": 0, "axis": "y", "origin": [7.64108, 11.17118, 11.83539]},
			"faces": {
				"north": {"uv": [15, 0, 16, 1], "texture": "#0"},
				"east": {"uv": [15, 0, 16, 1], "texture": "#0"},
				"south": {"uv": [15, 0, 16, 1], "texture": "#0"},
				"west": {"uv": [15, 0, 16, 1], "texture": "#0"},
				"up": {"uv": [15, 0, 16, 1], "texture": "#0"},
				"down": {"uv": [15, 0, 16, 1], "texture": "#0"}
			}
		},
		{
			"from": [7.14316, 10.52704, 13.05058],
			"to": [8.29304, 11.50334, 14.58126],
			"rotation": {"angle": 0, "axis": "y", "origin": [7.64108, 11.17118, 9.23539]},
			"faces": {
				"north": {"uv": [15, 0, 16, 1], "texture": "#0"},
				"east": {"uv": [15, 0, 16, 1], "texture": "#0"},
				"south": {"uv": [15, 0, 16, 1], "texture": "#0"},
				"west": {"uv": [15, 0, 16, 1], "texture": "#0"},
				"up": {"uv": [15, 0, 16, 1], "texture": "#0"},
				"down": {"uv": [15, 0, 16, 1], "texture": "#0"}
			}
		},
		{
			"from": [7.39092, 10.71718, 13.05058],
			"to": [7.86722, 11.86706, 14.58126],
			"rotation": {"angle": -45, "axis": "z", "origin": [7.64108, 11.17118, 8.43539]},
			"faces": {
				"north": {"uv": [15, 0, 16, 1], "texture": "#0"},
				"east": {"uv": [15, 0, 16, 1], "texture": "#0"},
				"south": {"uv": [15, 0, 16, 1], "texture": "#0"},
				"west": {"uv": [15, 0, 16, 1], "texture": "#0"},
				"up": {"uv": [15, 0, 16, 1], "texture": "#0"},
				"down": {"uv": [15, 0, 16, 1], "texture": "#0"}
			}
		},
		{
			"from": [7.52386, 10.60825, 13.05058],
			"to": [8.00017, 11.75813, 14.58126],
			"rotation": {"angle": 45, "axis": "z", "origin": [7.64108, 11.17118, 9.23539]},
			"faces": {
				"north": {"uv": [15, 0, 16, 1], "texture": "#0"},
				"east": {"uv": [15, 0, 16, 1], "texture": "#0"},
				"south": {"uv": [15, 0, 16, 1], "texture": "#0"},
				"west": {"uv": [15, 0, 16, 1], "texture": "#0"},
				"up": {"uv": [15, 0, 16, 1], "texture": "#0"},
				"down": {"uv": [15, 0, 16, 1], "texture": "#0"}
			}
		},
		{
			"from": [7.47995, 10.69025, 13.05058],
			"to": [7.95625, 11.84013, 14.58126],
			"rotation": {"angle": 0, "axis": "y", "origin": [7.64108, 11.17118, 8.43539]},
			"faces": {
				"north": {"uv": [15, 0, 16, 1], "texture": "#0"},
				"east": {"uv": [15, 0, 16, 1], "texture": "#0"},
				"south": {"uv": [15, 0, 16, 1], "texture": "#0"},
				"west": {"uv": [15, 0, 16, 1], "texture": "#0"},
				"up": {"uv": [15, 0, 16, 1], "texture": "#0"},
				"down": {"uv": [15, 0, 16, 1], "texture": "#0"}
			}
		},
		{
			"from": [7.20635, 9.91649, 7.21334],
			"to": [7.45869, 10.25816, 18.65409],
			"rotation": {"angle": -45, "axis": "z", "origin": [7.33252, 10.08733, 14.73371]},
			"faces": {
				"north": {"uv": [6, 9.5, 7, 10.5], "texture": "#0"},
				"east": {"uv": [6, 9.5, 7, 10.5], "texture": "#0"},
				"south": {"uv": [6, 9.5, 7, 10.5], "texture": "#0"},
				"west": {"uv": [6, 9.5, 7, 10.5], "texture": "#0"},
				"up": {"uv": [6, 9.5, 7, 10.5], "texture": "#0"},
				"down": {"uv": [6, 9.5, 7, 10.5], "texture": "#0"}
			}
		},
		{
			"from": [7.30093, 9.87732, 7.21334],
			"to": [8.11607, 10.86939, 18.70957],
			"rotation": {"angle": 0, "axis": "y", "origin": [7.7085, 10.37335, 15.26145]},
			"faces": {
				"north": {"uv": [6, 9.5, 7, 10.5], "texture": "#0"},
				"east": {"uv": [6, 9.5, 7, 10.5], "texture": "#0"},
				"south": {"uv": [6, 9.5, 7, 10.5], "texture": "#0"},
				"west": {"uv": [6, 9.5, 7, 10.5], "texture": "#0"},
				"up": {"uv": [6, 9.5, 7, 10.5], "texture": "#0"},
				"down": {"uv": [6, 9.5, 7, 10.5], "texture": "#0"}
			}
		},
		{
			"from": [7.95831, 9.91649, 7.21334],
			"to": [8.21065, 10.25816, 18.65409],
			"rotation": {"angle": 45, "axis": "z", "origin": [8.08448, 10.08733, 14.73371]},
			"faces": {
				"north": {"uv": [6, 9.5, 7, 10.5], "texture": "#0"},
				"east": {"uv": [6, 9.5, 7, 10.5], "texture": "#0"},
				"south": {"uv": [6, 9.5, 7, 10.5], "texture": "#0"},
				"west": {"uv": [6, 9.5, 7, 10.5], "texture": "#0"},
				"up": {"uv": [6, 9.5, 7, 10.5], "texture": "#0"},
				"down": {"uv": [6, 9.5, 7, 10.5], "texture": "#0"}
			}
		},
		{
			"from": [7.93009, 9.77955, 6.89457],
			"to": [8.21089, 10.15977, 7.27375],
			"rotation": {"angle": -45, "axis": "z", "origin": [7.7085, 10.92335, 7.08417]},
			"faces": {
				"north": {"uv": [14.5, 0, 15.5, 1], "texture": "#0"},
				"east": {"uv": [14.5, 0, 15.5, 1], "texture": "#0"},
				"south": {"uv": [14.5, 0, 15.5, 1], "texture": "#0"},
				"west": {"uv": [14.5, 0, 15.5, 1], "texture": "#0"},
				"up": {"uv": [14.5, 0, 15.5, 1], "texture": "#0"},
				"down": {"uv": [14.5, 0, 15.5, 1], "texture": "#0"}
			}
		},
		{
			"from": [7.20611, 9.77955, 6.89457],
			"to": [7.48691, 10.15977, 7.27375],
			"rotation": {"angle": 45, "axis": "z", "origin": [7.7085, 10.92335, 7.08417]},
			"faces": {
				"north": {"uv": [14.5, 0, 15.5, 1], "texture": "#0"},
				"east": {"uv": [14.5, 0, 15.5, 1], "texture": "#0"},
				"south": {"uv": [14.5, 0, 15.5, 1], "texture": "#0"},
				"west": {"uv": [14.5, 0, 15.5, 1], "texture": "#0"},
				"up": {"uv": [14.5, 0, 15.5, 1], "texture": "#0"},
				"down": {"uv": [14.5, 0, 15.5, 1], "texture": "#0"}
			}
		},
		{
			"from": [7.25496, 9.75933, 6.89457],
			"to": [8.16204, 10.8633, 7.27377],
			"rotation": {"angle": 0, "axis": "y", "origin": [7.7085, 10.92335, 7.08417]},
			"faces": {
				"north": {"uv": [14.5, 0, 15.5, 1], "texture": "#0"},
				"east": {"uv": [14.5, 0, 15.5, 1], "texture": "#0"},
				"south": {"uv": [14.5, 0, 15.5, 1], "texture": "#0"},
				"west": {"uv": [14.5, 0, 15.5, 1], "texture": "#0"},
				"up": {"uv": [14.5, 0, 15.5, 1], "texture": "#0"},
				"down": {"uv": [14.5, 0, 15.5, 1], "texture": "#0"}
			}
		},
		{
			"from": [7.25496, 10.4834, 6.89457],
			"to": [8.16204, 11.58737, 7.27377],
			"rotation": {"angle": 0, "axis": "y", "origin": [7.7085, 10.42335, 7.08417]},
			"faces": {
				"north": {"uv": [14.5, 0, 15.5, 1], "rotation": 180, "texture": "#0"},
				"east": {"uv": [14.5, 0, 15.5, 1], "rotation": 180, "texture": "#0"},
				"south": {"uv": [14.5, 0, 15.5, 1], "rotation": 180, "texture": "#0"},
				"west": {"uv": [14.5, 0, 15.5, 1], "rotation": 180, "texture": "#0"},
				"up": {"uv": [14.5, 0, 15.5, 1], "rotation": 180, "texture": "#0"},
				"down": {"uv": [14.5, 0, 15.5, 1], "rotation": 180, "texture": "#0"}
			}
		},
		{
			"from": [7.93009, 11.18693, 6.89457],
			"to": [8.21089, 11.56715, 7.27375],
			"rotation": {"angle": 45, "axis": "z", "origin": [7.7085, 10.42335, 7.08417]},
			"faces": {
				"north": {"uv": [14.5, 0, 15.5, 1], "rotation": 180, "texture": "#0"},
				"east": {"uv": [14.5, 0, 15.5, 1], "rotation": 180, "texture": "#0"},
				"south": {"uv": [14.5, 0, 15.5, 1], "rotation": 180, "texture": "#0"},
				"west": {"uv": [14.5, 0, 15.5, 1], "rotation": 180, "texture": "#0"},
				"up": {"uv": [14.5, 0, 15.5, 1], "rotation": 180, "texture": "#0"},
				"down": {"uv": [14.5, 0, 15.5, 1], "rotation": 180, "texture": "#0"}
			}
		},
		{
			"from": [7.20611, 11.18693, 6.89457],
			"to": [7.48691, 11.56715, 7.27375],
			"rotation": {"angle": -45, "axis": "z", "origin": [7.7085, 10.42335, 7.08417]},
			"faces": {
				"north": {"uv": [14.5, 0, 15.5, 1], "rotation": 180, "texture": "#0"},
				"east": {"uv": [14.5, 0, 15.5, 1], "rotation": 180, "texture": "#0"},
				"south": {"uv": [14.5, 0, 15.5, 1], "rotation": 180, "texture": "#0"},
				"west": {"uv": [14.5, 0, 15.5, 1], "rotation": 180, "texture": "#0"},
				"up": {"uv": [14.5, 0, 15.5, 1], "rotation": 180, "texture": "#0"},
				"down": {"uv": [14.5, 0, 15.5, 1], "rotation": 180, "texture": "#0"}
			}
		},
		{
			"from": [7.05641, 9.95787, 6.89457],
			"to": [8.36059, 11.39526, 7.27377],
			"rotation": {"angle": 0, "axis": "y", "origin": [7.7085, 10.62335, 7.08417]},
			"faces": {
				"north": {"uv": [14.5, 0, 15.5, 1], "texture": "#0", "cullface": "north"},
				"east": {"uv": [14.5, 0, 15.5, 1], "texture": "#0"},
				"south": {"uv": [14.5, 0, 15.5, 1], "texture": "#0", "cullface": "south"},
				"west": {"uv": [14.5, 0, 15.5, 1], "texture": "#0"},
				"up": {"uv": [14.5, 0, 15.5, 1], "texture": "#0"},
				"down": {"uv": [14.5, 0, 15.5, 1], "texture": "#0"}
			}
		},
		{
			"from": [7.43063, 11.34611, 19.33325],
			"to": [8.00557, 11.58427, 19.49859],
			"rotation": {"angle": 0, "axis": "y", "origin": [7.7181, 11.46519, 19.51592]},
			"faces": {
				"north": {"uv": [15, 0, 16, 1], "texture": "#0"},
				"east": {"uv": [15, 0, 16, 1], "texture": "#0"},
				"south": {"uv": [15, 0, 16, 1], "texture": "#0"},
				"west": {"uv": [15, 0, 16, 1], "texture": "#0"},
				"up": {"uv": [15, 0, 16, 1], "texture": "#0"},
				"down": {"uv": [15, 0, 16, 1], "texture": "#0"}
			}
		},
		{
			"from": [7.59903, 11.17772, 19.33325],
			"to": [7.83718, 11.75266, 19.49859],
			"rotation": {"angle": -45, "axis": "z", "origin": [7.7181, 11.46519, 19.51592]},
			"faces": {
				"north": {"uv": [15, 0, 16, 1], "texture": "#0"},
				"east": {"uv": [15, 0, 16, 1], "texture": "#0"},
				"south": {"uv": [15, 0, 16, 1], "texture": "#0"},
				"west": {"uv": [15, 0, 16, 1], "texture": "#0"},
				"up": {"uv": [15, 0, 16, 1], "texture": "#0"},
				"down": {"uv": [15, 0, 16, 1], "texture": "#0"}
			}
		},
		{
			"from": [7.59903, 11.17772, 19.33325],
			"to": [7.83718, 11.75266, 19.49859],
			"rotation": {"angle": 0, "axis": "y", "origin": [7.7181, 11.46519, 19.51592]},
			"faces": {
				"north": {"uv": [15, 0, 16, 1], "texture": "#0"},
				"east": {"uv": [15, 0, 16, 1], "texture": "#0"},
				"south": {"uv": [15, 0, 16, 1], "texture": "#0"},
				"west": {"uv": [15, 0, 16, 1], "texture": "#0"},
				"up": {"uv": [15, 0, 16, 1], "texture": "#0"},
				"down": {"uv": [15, 0, 16, 1], "texture": "#0"}
			}
		},
		{
			"from": [7.59903, 11.17772, 19.33325],
			"to": [7.83718, 11.75266, 19.49859],
			"rotation": {"angle": 45, "axis": "z", "origin": [7.7181, 11.46519, 19.51592]},
			"faces": {
				"north": {"uv": [15, 0, 16, 1], "texture": "#0"},
				"east": {"uv": [15, 0, 16, 1], "texture": "#0"},
				"south": {"uv": [15, 0, 16, 1], "texture": "#0"},
				"west": {"uv": [15, 0, 16, 1], "texture": "#0"},
				"up": {"uv": [15, 0, 16, 1], "texture": "#0"},
				"down": {"uv": [15, 0, 16, 1], "texture": "#0"}
			}
		},
		{
			"from": [7.27827, 11.083, 14.78943],
			"to": [8.15793, 11.44738, 17.04241],
			"rotation": {"angle": 0, "axis": "y", "origin": [7.7181, 11.26519, 17.06892]},
			"faces": {
				"north": {"uv": [15, 0, 16, 1], "texture": "#0"},
				"east": {"uv": [15, 0, 16, 1], "texture": "#0"},
				"south": {"uv": [15, 0, 16, 1], "texture": "#0"},
				"west": {"uv": [15, 0, 16, 1], "texture": "#0"},
				"up": {"uv": [15, 0, 16, 1], "texture": "#0"},
				"down": {"uv": [15, 0, 16, 1], "texture": "#0"}
			}
		},
		{
			"from": [7.51687, 11.38184, 18.65805],
			"to": [7.91933, 11.54854, 19.37379],
			"rotation": {"angle": 0, "axis": "y", "origin": [7.7181, 11.46519, 19.38592]},
			"faces": {
				"north": {"uv": [15, 0, 16, 1], "texture": "#0"},
				"east": {"uv": [15, 0, 16, 1], "texture": "#0"},
				"south": {"uv": [15, 0, 16, 1], "texture": "#0"},
				"west": {"uv": [15, 0, 16, 1], "texture": "#0"},
				"up": {"uv": [15, 0, 16, 1], "texture": "#0"},
				"down": {"uv": [15, 0, 16, 1], "texture": "#0"}
			}
		},
		{
			"from": [7.63475, 11.26396, 18.65805],
			"to": [7.80146, 11.66642, 19.37379],
			"rotation": {"angle": -45, "axis": "z", "origin": [7.7181, 11.46519, 19.38592]},
			"faces": {
				"north": {"uv": [15, 0, 16, 1], "texture": "#0"},
				"east": {"uv": [15, 0, 16, 1], "texture": "#0"},
				"south": {"uv": [15, 0, 16, 1], "texture": "#0"},
				"west": {"uv": [15, 0, 16, 1], "texture": "#0"},
				"up": {"uv": [15, 0, 16, 1], "texture": "#0"},
				"down": {"uv": [15, 0, 16, 1], "texture": "#0"}
			}
		},
		{
			"from": [7.63475, 11.26396, 18.65805],
			"to": [7.80146, 11.66642, 19.37379],
			"rotation": {"angle": 0, "axis": "y", "origin": [7.7181, 11.46519, 19.38592]},
			"faces": {
				"north": {"uv": [15, 0, 16, 1], "texture": "#0"},
				"east": {"uv": [15, 0, 16, 1], "texture": "#0"},
				"south": {"uv": [15, 0, 16, 1], "texture": "#0"},
				"west": {"uv": [15, 0, 16, 1], "texture": "#0"},
				"up": {"uv": [15, 0, 16, 1], "texture": "#0"},
				"down": {"uv": [15, 0, 16, 1], "texture": "#0"}
			}
		},
		{
			"from": [7.63475, 11.26396, 18.65805],
			"to": [7.80146, 11.66642, 19.37379],
			"rotation": {"angle": 45, "axis": "z", "origin": [7.7181, 11.46519, 19.38592]},
			"faces": {
				"north": {"uv": [15, 0, 16, 1], "texture": "#0"},
				"east": {"uv": [15, 0, 16, 1], "texture": "#0"},
				"south": {"uv": [15, 0, 16, 1], "texture": "#0"},
				"west": {"uv": [15, 0, 16, 1], "texture": "#0"},
				"up": {"uv": [15, 0, 16, 1], "texture": "#0"},
				"down": {"uv": [15, 0, 16, 1], "texture": "#0"}
			}
		},
		{
			"from": [7.38607, 11.32766, 14.52543],
			"to": [8.05013, 11.60272, 18.6064],
			"rotation": {"angle": 0, "axis": "y", "origin": [7.7181, 11.46519, 16.81592]},
			"faces": {
				"north": {"uv": [15, 0, 16, 1], "texture": "#0"},
				"east": {"uv": [15, 0, 16, 1], "texture": "#0"},
				"south": {"uv": [15, 0, 16, 1], "texture": "#0"},
				"west": {"uv": [15, 0, 16, 1], "texture": "#0"},
				"up": {"uv": [15, 0, 16, 1], "texture": "#0"},
				"down": {"uv": [15, 0, 16, 1], "texture": "#0"}
			}
		},
		{
			"from": [7.58057, 11.13316, 14.52543],
			"to": [7.85563, 11.79722, 18.6064],
			"rotation": {"angle": -45, "axis": "z", "origin": [7.7181, 11.46519, 16.81592]},
			"faces": {
				"north": {"uv": [15, 0, 16, 1], "texture": "#0"},
				"east": {"uv": [15, 0, 16, 1], "texture": "#0"},
				"south": {"uv": [15, 0, 16, 1], "texture": "#0"},
				"west": {"uv": [15, 0, 16, 1], "texture": "#0"},
				"up": {"uv": [15, 0, 16, 1], "texture": "#0"},
				"down": {"uv": [15, 0, 16, 1], "texture": "#0"}
			}
		},
		{
			"from": [7.58057, 11.13316, 14.52543],
			"to": [7.85563, 11.79722, 18.6064],
			"rotation": {"angle": 0, "axis": "y", "origin": [7.7181, 11.46519, 16.81592]},
			"faces": {
				"north": {"uv": [15, 0, 16, 1], "texture": "#0"},
				"east": {"uv": [15, 0, 16, 1], "texture": "#0"},
				"south": {"uv": [15, 0, 16, 1], "texture": "#0"},
				"west": {"uv": [15, 0, 16, 1], "texture": "#0"},
				"up": {"uv": [15, 0, 16, 1], "texture": "#0"},
				"down": {"uv": [15, 0, 16, 1], "texture": "#0"}
			}
		},
		{
			"from": [7.58057, 11.13316, 14.52543],
			"to": [7.85563, 11.79722, 18.6064],
			"rotation": {"angle": 45, "axis": "z", "origin": [7.7181, 11.46519, 16.81592]},
			"faces": {
				"north": {"uv": [15, 0, 16, 1], "texture": "#0"},
				"east": {"uv": [15, 0, 16, 1], "texture": "#0"},
				"south": {"uv": [15, 0, 16, 1], "texture": "#0"},
				"west": {"uv": [15, 0, 16, 1], "texture": "#0"},
				"up": {"uv": [15, 0, 16, 1], "texture": "#0"},
				"down": {"uv": [15, 0, 16, 1], "texture": "#0"}
			}
		},
		{
			"from": [7.14575, 11.00545, 13.93666],
			"to": [8.29045, 11.4796, 17.08045],
			"rotation": {"angle": 0, "axis": "y", "origin": [7.66675, 11.20252, 14.66224]},
			"faces": {
				"north": {"uv": [15, 0, 16, 1], "texture": "#0"},
				"east": {"uv": [15, 0, 16, 1], "texture": "#0"},
				"south": {"uv": [15, 0, 16, 1], "texture": "#0"},
				"west": {"uv": [15, 0, 16, 1], "texture": "#0"},
				"up": {"uv": [15, 0, 16, 1], "texture": "#0"},
				"down": {"uv": [15, 0, 16, 1], "texture": "#0"}
			}
		},
		{
			"from": [7.49427, 10.62216, 14.53666],
			"to": [7.67798, 11.76686, 17.0966],
			"rotation": {"angle": 45, "axis": "z", "origin": [7.66675, 11.20252, 14.66224]},
			"faces": {
				"north": {"uv": [15, 0, 16, 1], "texture": "#0"},
				"east": {"uv": [15, 0, 16, 1], "texture": "#0"},
				"south": {"uv": [15, 0, 16, 1], "texture": "#0"},
				"west": {"uv": [15, 0, 16, 1], "texture": "#0"},
				"up": {"uv": [15, 0, 16, 1], "texture": "#0"},
				"down": {"uv": [15, 0, 16, 1], "texture": "#0"}
			}
		},
		{
			"from": [8.33428, 10.47402, 18.04902],
			"to": [8.59652, 11.7639, 18.28073],
			"rotation": {"angle": 22.5, "axis": "z", "origin": [8.4654, 11.11896, 18.16487]},
			"faces": {
				"north": {"uv": [15, 0, 16, 1], "texture": "#0"},
				"east": {"uv": [15, 0, 16, 1], "texture": "#0"},
				"south": {"uv": [15, 0, 16, 1], "texture": "#0"},
				"west": {"uv": [15, 0, 16, 1], "texture": "#0"},
				"up": {"uv": [15, 0, 16, 1], "texture": "#0"},
				"down": {"uv": [15, 0, 16, 1], "texture": "#0"}
			}
		},
		{
			"from": [8.42129, 10.23111, 17.94902],
			"to": [8.88353, 10.62099, 18.41122],
			"rotation": {"angle": 0, "axis": "z", "origin": [8.75241, 10.42605, 18.16488]},
			"faces": {
				"north": {"uv": [15, 0, 16, 1], "texture": "#0"},
				"east": {"uv": [15, 0, 16, 1], "texture": "#0"},
				"south": {"uv": [15, 0, 16, 1], "texture": "#0"},
				"west": {"uv": [15, 0, 16, 1], "texture": "#0"},
				"up": {"uv": [15, 0, 16, 1], "texture": "#0"},
				"down": {"uv": [15, 0, 16, 1], "texture": "#0"}
			}
		},
		{
			"from": [7.75339, 11.50274, 18.04902],
			"to": [8.33974, 11.76498, 18.28073],
			"rotation": {"angle": 0, "axis": "y", "origin": [8.04656, 11.63386, 18.16487]},
			"faces": {
				"north": {"uv": [15, 0, 16, 1], "texture": "#0"},
				"east": {"uv": [15, 0, 16, 1], "texture": "#0"},
				"south": {"uv": [15, 0, 16, 1], "texture": "#0"},
				"west": {"uv": [15, 0, 16, 1], "texture": "#0"},
				"up": {"uv": [15, 0, 16, 1], "texture": "#0"},
				"down": {"uv": [15, 0, 16, 1], "texture": "#0"}
			}
		},
		{
			"from": [7.30093, 10.49129, 7.21334],
			"to": [8.11607, 11.48336, 12.30957],
			"rotation": {"angle": 0, "axis": "y", "origin": [7.7085, 11.13034, 4.84759]},
			"faces": {
				"north": {"uv": [6, 9.5, 7, 10.5], "rotation": 180, "texture": "#0", "cullface": "north"},
				"east": {"uv": [6, 9.5, 7, 10.5], "rotation": 180, "texture": "#0"},
				"south": {"uv": [6, 9.5, 7, 10.5], "rotation": 180, "texture": "#0", "cullface": "south"},
				"west": {"uv": [6, 9.5, 7, 10.5], "rotation": 180, "texture": "#0"},
				"up": {"uv": [6, 9.5, 7, 10.5], "rotation": 180, "texture": "#0"},
				"down": {"uv": [6, 9.5, 7, 10.5], "rotation": 180, "texture": "#0"}
			}
		},
		{
			"from": [7.4176, 11.32649, 7.21334],
			"to": [7.66994, 11.66816, 11.25409],
			"rotation": {"angle": 45, "axis": "z", "origin": [7.7085, 11.13034, 4.84759]},
			"faces": {
				"north": {"uv": [6, 9.5, 7, 10.5], "rotation": 180, "texture": "#0"},
				"east": {"uv": [6, 9.5, 7, 10.5], "rotation": 180, "texture": "#0"},
				"south": {"uv": [6, 9.5, 7, 10.5], "rotation": 180, "texture": "#0"},
				"west": {"uv": [6, 9.5, 7, 10.5], "rotation": 180, "texture": "#0"},
				"up": {"uv": [6, 9.5, 7, 10.5], "rotation": 180, "texture": "#0"},
				"down": {"uv": [6, 9.5, 7, 10.5], "rotation": 180, "texture": "#0"}
			}
		},
		{
			"from": [7.74706, 11.32649, 7.21334],
			"to": [7.9994, 11.66816, 11.25409],
			"rotation": {"angle": -45, "axis": "z", "origin": [7.7085, 11.13034, 4.84759]},
			"faces": {
				"north": {"uv": [6, 9.5, 7, 10.5], "rotation": 180, "texture": "#0"},
				"east": {"uv": [6, 9.5, 7, 10.5], "rotation": 180, "texture": "#0"},
				"south": {"uv": [6, 9.5, 7, 10.5], "rotation": 180, "texture": "#0"},
				"west": {"uv": [6, 9.5, 7, 10.5], "rotation": 180, "texture": "#0"},
				"up": {"uv": [6, 9.5, 7, 10.5], "rotation": 180, "texture": "#0"},
				"down": {"uv": [6, 9.5, 7, 10.5], "rotation": 180, "texture": "#0"}
			}
		},
		{
			"from": [7.1226, 11.95574, 10.71334],
			"to": [7.59458, 12.92911, 12.93783],
			"rotation": {"angle": -22.5, "axis": "x", "origin": [7.7085, 9.99243, 14.77558]},
			"faces": {
				"north": {"uv": [6, 9.5, 7, 10.5], "texture": "#0", "cullface": "north"},
				"east": {"uv": [6, 9.5, 7, 10.5], "texture": "#0"},
				"south": {"uv": [6, 9.5, 7, 10.5], "texture": "#0", "cullface": "south"},
				"west": {"uv": [6, 9.5, 7, 10.5], "texture": "#0"},
				"up": {"uv": [6, 9.5, 7, 10.5], "texture": "#0"},
				"down": {"uv": [6, 9.5, 7, 10.5], "texture": "#0"}
			}
		},
		{
			"from": [7.1225, 11.13, 11.953],
			"to": [7.59448, 12.00337, 13.17749],
			"rotation": {"angle": 0, "axis": "y", "origin": [7.7085, 9.99243, 14.77558]},
			"faces": {
				"north": {"uv": [6, 9.5, 7, 10.5], "texture": "#0", "cullface": "north"},
				"east": {"uv": [6, 9.5, 7, 10.5], "texture": "#0"},
				"south": {"uv": [6, 9.5, 7, 10.5], "texture": "#0", "cullface": "south"},
				"west": {"uv": [6, 9.5, 7, 10.5], "texture": "#0"},
				"up": {"uv": [6, 9.5, 7, 10.5], "texture": "#0"},
				"down": {"uv": [6, 9.5, 7, 10.5], "texture": "#0"}
			}
		},
		{
			"from": [7.8226, 11.95574, 10.71334],
			"to": [8.29458, 12.92911, 12.93783],
			"rotation": {"angle": -22.5, "axis": "x", "origin": [7.7085, 9.99243, 14.77558]},
			"faces": {
				"north": {"uv": [6, 9.5, 7, 10.5], "texture": "#0", "cullface": "north"},
				"east": {"uv": [6, 9.5, 7, 10.5], "texture": "#0"},
				"south": {"uv": [6, 9.5, 7, 10.5], "texture": "#0", "cullface": "south"},
				"west": {"uv": [6, 9.5, 7, 10.5], "texture": "#0"},
				"up": {"uv": [6, 9.5, 7, 10.5], "texture": "#0"},
				"down": {"uv": [6, 9.5, 7, 10.5], "texture": "#0"}
			}
		},
		{
			"from": [7.52251, 11.95574, 10.71334],
			"to": [7.89449, 12.92911, 12.53783],
			"rotation": {"angle": -22.5, "axis": "x", "origin": [7.7085, 9.99243, 14.77558]},
			"faces": {
				"north": {"uv": [6, 9.5, 7, 10.5], "texture": "#0", "cullface": "north"},
				"east": {"uv": [6, 9.5, 7, 10.5], "texture": "#0"},
				"south": {"uv": [6, 9.5, 7, 10.5], "texture": "#0", "cullface": "south"},
				"west": {"uv": [6, 9.5, 7, 10.5], "texture": "#0"},
				"up": {"uv": [6, 9.5, 7, 10.5], "texture": "#0"},
				"down": {"uv": [6, 9.5, 7, 10.5], "texture": "#0"}
			}
		},
		{
			"from": [7.8223, 11.13, 11.953],
			"to": [8.29428, 12.00337, 13.17749],
			"rotation": {"angle": 0, "axis": "y", "origin": [7.7085, 9.99243, 14.77558]},
			"faces": {
				"north": {"uv": [6, 9.5, 7, 10.5], "texture": "#0", "cullface": "north"},
				"east": {"uv": [6, 9.5, 7, 10.5], "texture": "#0"},
				"south": {"uv": [6, 9.5, 7, 10.5], "texture": "#0", "cullface": "south"},
				"west": {"uv": [6, 9.5, 7, 10.5], "texture": "#0"},
				"up": {"uv": [6, 9.5, 7, 10.5], "texture": "#0"},
				"down": {"uv": [6, 9.5, 7, 10.5], "texture": "#0"}
			}
		},
		{
			"from": [7.52251, 10.93, 11.553],
			"to": [7.89449, 11.80337, 13.17749],
			"rotation": {"angle": 0, "axis": "y", "origin": [7.7085, 9.99243, 14.77558]},
			"faces": {
				"north": {"uv": [6, 9.5, 7, 10.5], "texture": "#0", "cullface": "north"},
				"east": {"uv": [6, 9.5, 7, 10.5], "texture": "#0"},
				"south": {"uv": [6, 9.5, 7, 10.5], "texture": "#0", "cullface": "south"},
				"west": {"uv": [6, 9.5, 7, 10.5], "texture": "#0"},
				"up": {"uv": [6, 9.5, 7, 10.5], "texture": "#0"},
				"down": {"uv": [6, 9.5, 7, 10.5], "texture": "#0"}
			}
		},
		{
			"from": [7.49608, 10.79346, -1.12654],
			"to": [7.92091, 11.43976, 7.08239],
			"rotation": {"angle": 0, "axis": "y", "origin": [7.7085, 11.11661, -0.42208]},
			"faces": {
				"north": {"uv": [6, 9.5, 7, 10.5], "texture": "#0"},
				"east": {"uv": [6, 9.5, 7, 10.5], "texture": "#0"},
				"south": {"uv": [6, 9.5, 7, 10.5], "texture": "#0"},
				"west": {"uv": [6, 9.5, 7, 10.5], "texture": "#0"},
				"up": {"uv": [6, 9.5, 7, 10.5], "texture": "#0"},
				"down": {"uv": [6, 9.5, 7, 10.5], "texture": "#0"}
			}
		},
		{
			"from": [7.67371, 11.2187, -6.00778],
			"to": [7.74328, 11.72277, -5.39616],
			"rotation": {"angle": 0, "axis": "y", "origin": [7.7085, 11.32073, -5.70197]},
			"faces": {
				"north": {"uv": [7, 1, 8, 2], "texture": "#0"},
				"east": {"uv": [7, 1, 8, 2], "texture": "#0"},
				"south": {"uv": [7, 1, 8, 2], "texture": "#0"},
				"west": {"uv": [7, 1, 8, 2], "texture": "#0"},
				"up": {"uv": [7, 1, 8, 2], "texture": "#0"},
				"down": {"uv": [7, 1, 8, 2], "texture": "#0"}
			}
		},
		{
			"from": [7.69731, 11.35127, -5.91447],
			"to": [7.71968, 12.0092, -5.4906],
			"rotation": {"angle": 0, "axis": "y", "origin": [7.7085, 11.53024, -5.70254]},
			"faces": {
				"north": {"uv": [7, 1, 8, 2], "texture": "#0"},
				"east": {"uv": [7, 1, 8, 2], "texture": "#0"},
				"south": {"uv": [7, 1, 8, 2], "texture": "#0"},
				"west": {"uv": [7, 1, 8, 2], "texture": "#0"},
				"up": {"uv": [7, 1, 8, 2], "texture": "#0"},
				"down": {"uv": [7, 1, 8, 2], "texture": "#0"}
			}
		},
		{
			"from": [7.90962, 10.94067, -1.51851],
			"to": [8.12378, 11.57537, -1.0898],
			"rotation": {"angle": 45, "axis": "z", "origin": [8.0167, 11.25802, -1.30416]},
			"faces": {
				"north": {"uv": [7.5, 1, 8.5, 2], "texture": "#0"},
				"east": {"uv": [7.5, 1, 8.5, 2], "texture": "#0"},
				"south": {"uv": [7.5, 1, 8.5, 2], "texture": "#0"},
				"west": {"uv": [7.5, 1, 8.5, 2], "texture": "#0"},
				"up": {"uv": [7.5, 1, 8.5, 2], "texture": "#0"},
				"down": {"uv": [7.5, 1, 8.5, 2], "texture": "#0"}
			}
		},
		{
			"from": [7.22991, 9.77485, -1.51851],
			"to": [7.44407, 10.23051, -1.0898],
			"rotation": {"angle": 45, "axis": "z", "origin": [7.33699, 10.00268, -1.30416]},
			"faces": {
				"north": {"uv": [7.5, 1, 8.5, 2], "texture": "#0"},
				"east": {"uv": [7.5, 1, 8.5, 2], "texture": "#0"},
				"south": {"uv": [7.5, 1, 8.5, 2], "texture": "#0"},
				"west": {"uv": [7.5, 1, 8.5, 2], "texture": "#0"},
				"up": {"uv": [7.5, 1, 8.5, 2], "texture": "#0"},
				"down": {"uv": [7.5, 1, 8.5, 2], "texture": "#0"}
			}
		},
		{
			"from": [7.97293, 9.77485, -1.51851],
			"to": [8.18708, 10.23051, -1.0898],
			"rotation": {"angle": -45, "axis": "z", "origin": [8.08001, 10.00268, -1.30416]},
			"faces": {
				"north": {"uv": [7.5, 1, 8.5, 2], "texture": "#0"},
				"east": {"uv": [7.5, 1, 8.5, 2], "texture": "#0"},
				"south": {"uv": [7.5, 1, 8.5, 2], "texture": "#0"},
				"west": {"uv": [7.5, 1, 8.5, 2], "texture": "#0"},
				"up": {"uv": [7.5, 1, 8.5, 2], "texture": "#0"},
				"down": {"uv": [7.5, 1, 8.5, 2], "texture": "#0"}
			}
		},
		{
			"from": [7.10018, 10.08806, -1.51852],
			"to": [7.50556, 11.10933, -1.0898],
			"rotation": {"angle": 0, "axis": "y", "origin": [7.30287, 10.5987, -1.30416]},
			"faces": {
				"north": {"uv": [7.5, 1, 8.5, 2], "texture": "#0"},
				"east": {"uv": [7.5, 1, 8.5, 2], "texture": "#0"},
				"south": {"uv": [7.5, 1, 8.5, 2], "texture": "#0"},
				"west": {"uv": [7.5, 1, 8.5, 2], "texture": "#0"},
				"up": {"uv": [7.5, 1, 8.5, 2], "texture": "#0"},
				"down": {"uv": [7.5, 1, 8.5, 2], "texture": "#0"}
			}
		},
		{
			"from": [7.91144, 10.08806, -1.51851],
			"to": [8.31682, 11.10933, -1.0898],
			"rotation": {"angle": 0, "axis": "y", "origin": [8.11413, 10.5987, -1.30416]},
			"faces": {
				"north": {"uv": [7.5, 1, 8.5, 2], "texture": "#0"},
				"east": {"uv": [7.5, 1, 8.5, 2], "texture": "#0"},
				"south": {"uv": [7.5, 1, 8.5, 2], "texture": "#0"},
				"west": {"uv": [7.5, 1, 8.5, 2], "texture": "#0"},
				"up": {"uv": [7.5, 1, 8.5, 2], "texture": "#0"},
				"down": {"uv": [7.5, 1, 8.5, 2], "texture": "#0"}
			}
		},
		{
			"from": [7.42237, 9.76587, -1.51851],
			"to": [7.99462, 10.65688, -1.0898],
			"rotation": {"angle": 0, "axis": "y", "origin": [7.7085, 10.21137, -1.30415]},
			"faces": {
				"north": {"uv": [7.5, 1, 8.5, 2], "texture": "#0"},
				"east": {"uv": [7.5, 1, 8.5, 2], "texture": "#0"},
				"south": {"uv": [7.5, 1, 8.5, 2], "texture": "#0"},
				"west": {"uv": [7.5, 1, 8.5, 2], "texture": "#0"},
				"up": {"uv": [7.5, 1, 8.5, 2], "texture": "#0"},
				"down": {"uv": [7.5, 1, 8.5, 2], "texture": "#0"}
			}
		},
		{
			"from": [7.54898, 10.91603, -1.51851],
			"to": [7.86801, 11.55814, -1.0898],
			"rotation": {"angle": 0, "axis": "y", "origin": [7.7085, 11.23708, -1.30416]},
			"faces": {
				"north": {"uv": [7.5, 1, 8.5, 2], "texture": "#0"},
				"east": {"uv": [7.5, 1, 8.5, 2], "texture": "#0"},
				"south": {"uv": [7.5, 1, 8.5, 2], "texture": "#0"},
				"west": {"uv": [7.5, 1, 8.5, 2], "texture": "#0"},
				"up": {"uv": [7.5, 1, 8.5, 2], "texture": "#0"},
				"down": {"uv": [7.5, 1, 8.5, 2], "texture": "#0"}
			}
		},
		{
			"from": [7.29322, 10.94067, -1.51851],
			"to": [7.50737, 11.57537, -1.0898],
			"rotation": {"angle": -45, "axis": "z", "origin": [7.40029, 11.25802, -1.30416]},
			"faces": {
				"north": {"uv": [7.5, 1, 8.5, 2], "texture": "#0"},
				"east": {"uv": [7.5, 1, 8.5, 2], "texture": "#0"},
				"south": {"uv": [7.5, 1, 8.5, 2], "texture": "#0"},
				"west": {"uv": [7.5, 1, 8.5, 2], "texture": "#0"},
				"up": {"uv": [7.5, 1, 8.5, 2], "texture": "#0"},
				"down": {"uv": [7.5, 1, 8.5, 2], "texture": "#0"}
			}
		},
		{
			"from": [7.59907, 9.91645, -3.10936],
			"to": [7.81792, 10.26769, -2.3472],
			"rotation": {"angle": 0, "axis": "y", "origin": [7.7085, 10.09207, -2.82828]},
			"faces": {
				"north": {"uv": [7, 1, 8, 2], "texture": "#0"},
				"east": {"uv": [7, 1, 8, 2], "texture": "#0"},
				"south": {"uv": [7, 1, 8, 2], "texture": "#0"},
				"west": {"uv": [7, 1, 8, 2], "texture": "#0"},
				"up": {"uv": [7, 1, 8, 2], "texture": "#0"},
				"down": {"uv": [7, 1, 8, 2], "texture": "#0"}
			}
		},
		{
			"from": [7.47338, 10.19044, -3.15316],
			"to": [7.94362, 11.3257, -1.45265],
			"rotation": {"angle": 45, "axis": "z", "origin": [7.7085, 10.75807, -2.9029]},
			"faces": {
				"north": {"uv": [7, 1, 8, 2], "texture": "#0"},
				"east": {"uv": [7, 1, 8, 2], "texture": "#0"},
				"south": {"uv": [7, 1, 8, 2], "texture": "#0"},
				"west": {"uv": [7, 1, 8, 2], "texture": "#0"},
				"up": {"uv": [7, 1, 8, 2], "texture": "#0"},
				"down": {"uv": [7, 1, 8, 2], "texture": "#0"}
			}
		},
		{
			"from": [7.47338, 10.19044, -3.15316],
			"to": [7.94362, 11.3257, -1.45265],
			"rotation": {"angle": -45, "axis": "z", "origin": [7.7085, 10.75807, -2.9029]},
			"faces": {
				"north": {"uv": [7, 1, 8, 2], "texture": "#0"},
				"east": {"uv": [7, 1, 8, 2], "texture": "#0"},
				"south": {"uv": [7, 1, 8, 2], "texture": "#0"},
				"west": {"uv": [7, 1, 8, 2], "texture": "#0"},
				"up": {"uv": [7, 1, 8, 2], "texture": "#0"},
				"down": {"uv": [7, 1, 8, 2], "texture": "#0"}
			}
		},
		{
			"from": [7.14087, 10.52295, -3.15316],
			"to": [8.27613, 10.99319, -1.45265],
			"rotation": {"angle": 0, "axis": "y", "origin": [7.7085, 10.75807, -2.9029]},
			"faces": {
				"north": {"uv": [7, 1, 8, 2], "texture": "#0"},
				"east": {"uv": [7, 1, 8, 2], "texture": "#0"},
				"south": {"uv": [7, 1, 8, 2], "texture": "#0"},
				"west": {"uv": [7, 1, 8, 2], "texture": "#0"},
				"up": {"uv": [7, 1, 8, 2], "texture": "#0"},
				"down": {"uv": [7, 1, 8, 2], "texture": "#0"}
			}
		},
		{
			"from": [7.47338, 10.19044, -3.15316],
			"to": [7.94362, 11.3257, -1.45265],
			"rotation": {"angle": 0, "axis": "y", "origin": [7.7085, 10.75807, -2.9029]},
			"faces": {
				"north": {"uv": [7, 1, 8, 2], "texture": "#0"},
				"east": {"uv": [7, 1, 8, 2], "texture": "#0"},
				"south": {"uv": [7, 1, 8, 2], "texture": "#0"},
				"west": {"uv": [7, 1, 8, 2], "texture": "#0"},
				"up": {"uv": [7, 1, 8, 2], "texture": "#0"},
				"down": {"uv": [7, 1, 8, 2], "texture": "#0"}
			}
		},
		{
			"from": [7.26856, 11.16694, -1.10327],
			"to": [8.14775, 11.20136, 7.07493],
			"rotation": {"angle": 0, "axis": "y", "origin": [7.70816, 11.18415, -0.41417]},
			"faces": {
				"north": {"uv": [6, 9.5, 7, 10.5], "texture": "#0"},
				"east": {"uv": [6, 9.5, 7, 10.5], "texture": "#0"},
				"south": {"uv": [6, 9.5, 7, 10.5], "texture": "#0"},
				"west": {"uv": [6, 9.5, 7, 10.5], "texture": "#0"},
				"up": {"uv": [6, 9.5, 7, 10.5], "texture": "#0"},
				"down": {"uv": [6, 9.5, 7, 10.5], "texture": "#0"}
			}
		},
		{
			"from": [7.32282, 11.05912, -1.12654],
			"to": [7.65374, 11.36799, 7.08239],
			"rotation": {"angle": 45, "axis": "z", "origin": [7.48829, 11.21356, -0.42208]},
			"faces": {
				"north": {"uv": [6, 9.5, 7, 10.5], "texture": "#0"},
				"east": {"uv": [6, 9.5, 7, 10.5], "texture": "#0"},
				"south": {"uv": [6, 9.5, 7, 10.5], "texture": "#0"},
				"west": {"uv": [6, 9.5, 7, 10.5], "texture": "#0"},
				"up": {"uv": [6, 9.5, 7, 10.5], "texture": "#0"},
				"down": {"uv": [6, 9.5, 7, 10.5], "texture": "#0"}
			}
		},
		{
			"from": [7.76325, 11.05912, -1.12654],
			"to": [8.09418, 11.36799, 7.08239],
			"rotation": {"angle": -45, "axis": "z", "origin": [7.92871, 11.21356, -0.42208]},
			"faces": {
				"north": {"uv": [6, 9.5, 7, 10.5], "texture": "#0"},
				"east": {"uv": [6, 9.5, 7, 10.5], "texture": "#0"},
				"south": {"uv": [6, 9.5, 7, 10.5], "texture": "#0"},
				"west": {"uv": [6, 9.5, 7, 10.5], "texture": "#0"},
				"up": {"uv": [6, 9.5, 7, 10.5], "texture": "#0"},
				"down": {"uv": [6, 9.5, 7, 10.5], "texture": "#0"}
			}
		},
		{
			"from": [7.53137, 9.83324, -1.12239],
			"to": [7.88495, 10.73008, 7.08654],
			"rotation": {"angle": 0, "axis": "y", "origin": [7.70816, 10.28166, -0.41793]},
			"faces": {
				"north": {"uv": [6, 9.5, 7, 10.5], "texture": "#0"},
				"east": {"uv": [6, 9.5, 7, 10.5], "texture": "#0"},
				"south": {"uv": [6, 9.5, 7, 10.5], "texture": "#0"},
				"west": {"uv": [6, 9.5, 7, 10.5], "texture": "#0"},
				"up": {"uv": [6, 9.5, 7, 10.5], "texture": "#0"},
				"down": {"uv": [6, 9.5, 7, 10.5], "texture": "#0"}
			}
		},
		{
			"from": [7.25155, 10.11306, -1.12239],
			"to": [8.16477, 11.18304, 7.08654],
			"rotation": {"angle": 0, "axis": "y", "origin": [7.70816, 10.64805, -0.41793]},
			"faces": {
				"north": {"uv": [6, 9.5, 7, 10.5], "texture": "#0"},
				"east": {"uv": [6, 9.5, 7, 10.5], "texture": "#0"},
				"south": {"uv": [6, 9.5, 7, 10.5], "texture": "#0"},
				"west": {"uv": [6, 9.5, 7, 10.5], "texture": "#0"},
				"up": {"uv": [6, 9.5, 7, 10.5], "texture": "#0"},
				"down": {"uv": [6, 9.5, 7, 10.5], "texture": "#0"}
			}
		},
		{
			"from": [7.34299, 9.89229, -1.12239],
			"to": [7.67393, 10.28801, 7.08654],
			"rotation": {"angle": 45, "axis": "z", "origin": [7.50846, 10.09015, -0.41793]},
			"faces": {
				"north": {"uv": [6, 9.5, 7, 10.5], "texture": "#0"},
				"east": {"uv": [6, 9.5, 7, 10.5], "texture": "#0"},
				"south": {"uv": [6, 9.5, 7, 10.5], "texture": "#0"},
				"west": {"uv": [6, 9.5, 7, 10.5], "texture": "#0"},
				"up": {"uv": [6, 9.5, 7, 10.5], "texture": "#0"},
				"down": {"uv": [6, 9.5, 7, 10.5], "texture": "#0"}
			}
		},
		{
			"from": [7.74239, 9.89229, -1.12239],
			"to": [8.07332, 10.28801, 7.08654],
			"rotation": {"angle": -45, "axis": "z", "origin": [7.90786, 10.09015, -0.41793]},
			"faces": {
				"north": {"uv": [6, 9.5, 7, 10.5], "texture": "#0"},
				"east": {"uv": [6, 9.5, 7, 10.5], "texture": "#0"},
				"south": {"uv": [6, 9.5, 7, 10.5], "texture": "#0"},
				"west": {"uv": [6, 9.5, 7, 10.5], "texture": "#0"},
				"up": {"uv": [6, 9.5, 7, 10.5], "texture": "#0"},
				"down": {"uv": [6, 9.5, 7, 10.5], "texture": "#0"}
			}
		},
		{
			"from": [7.50055, 9.12232, 17.82072],
			"to": [7.91645, 9.96171, 17.95739],
			"rotation": {"angle": 0, "axis": "y", "origin": [7.7085, 9.44042, 17.18049]},
			"faces": {
				"north": {"uv": [15, 0, 16, 1], "texture": "#0"},
				"east": {"uv": [15, 0, 16, 1], "texture": "#0"},
				"south": {"uv": [15, 0, 16, 1], "texture": "#0"},
				"west": {"uv": [15, 0, 16, 1], "texture": "#0"},
				"up": {"uv": [15, 0, 16, 1], "texture": "#0"},
				"down": {"uv": [15, 0, 16, 1], "texture": "#0"}
			}
		},
		{
			"from": [7.50055, 8.78589, 16.74003],
			"to": [7.91645, 8.92257, 17.62096],
			"rotation": {"angle": 0, "axis": "y", "origin": [7.7085, 9.44042, 17.18049]},
			"faces": {
				"north": {"uv": [15, 0, 16, 1], "texture": "#0"},
				"east": {"uv": [15, 0, 16, 1], "texture": "#0"},
				"south": {"uv": [15, 0, 16, 1], "texture": "#0"},
				"west": {"uv": [15, 0, 16, 1], "texture": "#0"},
				"up": {"uv": [15, 0, 16, 1], "texture": "#0"},
				"down": {"uv": [15, 0, 16, 1], "texture": "#0"}
			}
		},
		{
			"from": [7.50055, 9.28351, 17.41112],
			"to": [7.91645, 10.04749, 17.52157],
			"rotation": {"angle": -22.5, "axis": "x", "origin": [7.7085, 9.44042, 17.18049]},
			"faces": {
				"north": {"uv": [15, 0, 16, 1], "texture": "#0"},
				"east": {"uv": [15, 0, 16, 1], "texture": "#0"},
				"south": {"uv": [15, 0, 16, 1], "texture": "#0"},
				"west": {"uv": [15, 0, 16, 1], "texture": "#0"},
				"up": {"uv": [15, 0, 16, 1], "texture": "#0"},
				"down": {"uv": [15, 0, 16, 1], "texture": "#0"}
			}
		},
		{
			"from": [7.50055, 9.28906, 16.40621],
			"to": [7.91645, 9.76484, 16.54288],
			"rotation": {"angle": -45, "axis": "x", "origin": [7.7085, 9.44042, 17.18049]},
			"faces": {
				"north": {"uv": [15, 0, 16, 1], "texture": "#0"},
				"east": {"uv": [15, 0, 16, 1], "texture": "#0"},
				"south": {"uv": [15, 0, 16, 1], "texture": "#0"},
				"west": {"uv": [15, 0, 16, 1], "texture": "#0"},
				"up": {"uv": [15, 0, 16, 1], "texture": "#0"},
				"down": {"uv": [15, 0, 16, 1], "texture": "#0"}
			}
		},
		{
			"from": [7.50055, 9.28906, 17.8181],
			"to": [7.91645, 9.76485, 17.95477],
			"rotation": {"angle": 45, "axis": "x", "origin": [7.7085, 9.44042, 17.18049]},
			"faces": {
				"north": {"uv": [15, 0, 16, 1], "texture": "#0"},
				"east": {"uv": [15, 0, 16, 1], "texture": "#0"},
				"south": {"uv": [15, 0, 16, 1], "texture": "#0"},
				"west": {"uv": [15, 0, 16, 1], "texture": "#0"},
				"up": {"uv": [15, 0, 16, 1], "texture": "#0"},
				"down": {"uv": [15, 0, 16, 1], "texture": "#0"}
			}
		},
		{
			"from": [7.50055, 9.13138, 17.4452],
			"to": [7.91645, 9.42598, 17.55565],
			"rotation": {"angle": 0, "axis": "y", "origin": [7.7085, 9.44042, 17.18049]},
			"faces": {
				"north": {"uv": [15, 0, 16, 1], "texture": "#0"},
				"east": {"uv": [15, 0, 16, 1], "texture": "#0"},
				"south": {"uv": [15, 0, 16, 1], "texture": "#0"},
				"west": {"uv": [15, 0, 16, 1], "texture": "#0"},
				"up": {"uv": [15, 0, 16, 1], "texture": "#0"},
				"down": {"uv": [15, 0, 16, 1], "texture": "#0"}
			}
		},
		{
			"from": [7.50055, 9.19258, 17.5862],
			"to": [7.91645, 9.48718, 17.6643],
			"rotation": {"angle": 45, "axis": "x", "origin": [7.7085, 9.44042, 17.18049]},
			"faces": {
				"north": {"uv": [15, 0, 16, 1], "texture": "#0"},
				"east": {"uv": [15, 0, 16, 1], "texture": "#0"},
				"south": {"uv": [15, 0, 16, 1], "texture": "#0"},
				"west": {"uv": [15, 0, 16, 1], "texture": "#0"},
				"up": {"uv": [15, 0, 16, 1], "texture": "#0"},
				"down": {"uv": [15, 0, 16, 1], "texture": "#0"}
			}
		},
		{
			"from": [7.50055, 9.12232, 16.4036],
			"to": [7.91645, 9.61339, 16.54026],
			"rotation": {"angle": 0, "axis": "y", "origin": [7.7085, 9.44042, 17.18049]},
			"faces": {
				"north": {"uv": [15, 0, 16, 1], "texture": "#0"},
				"east": {"uv": [15, 0, 16, 1], "texture": "#0"},
				"south": {"uv": [15, 0, 16, 1], "texture": "#0"},
				"west": {"uv": [15, 0, 16, 1], "texture": "#0"},
				"up": {"uv": [15, 0, 16, 1], "texture": "#0"},
				"down": {"uv": [15, 0, 16, 1], "texture": "#0"}
			}
		},
		{
			"from": [7.37369, 9.76025, 14.92938],
			"to": [8.0433, 10.11351, 17.96805],
			"rotation": {"angle": 0, "axis": "y", "origin": [7.7085, 9.44042, 17.18049]},
			"faces": {
				"north": {"uv": [15, 0, 16, 1], "texture": "#0"},
				"east": {"uv": [15, 0, 16, 1], "texture": "#0"},
				"south": {"uv": [15, 0, 16, 1], "texture": "#0"},
				"west": {"uv": [15, 0, 16, 1], "texture": "#0"},
				"up": {"uv": [15, 0, 16, 1], "texture": "#0"},
				"down": {"uv": [15, 0, 16, 1], "texture": "#0"}
			}
		},
		{
			"from": [7.50055, 9.30292, 16.39654],
			"to": [7.91645, 9.9423, 16.53817],
			"rotation": {"angle": 22.5, "axis": "x", "origin": [7.7085, 9.44042, 17.18049]},
			"faces": {
				"north": {"uv": [15, 0, 16, 1], "texture": "#0"},
				"east": {"uv": [15, 0, 16, 1], "texture": "#0"},
				"south": {"uv": [15, 0, 16, 1], "texture": "#0"},
				"west": {"uv": [15, 0, 16, 1], "texture": "#0"},
				"up": {"uv": [15, 0, 16, 1], "texture": "#0"},
				"down": {"uv": [15, 0, 16, 1], "texture": "#0"}
			}
		},
		{
			"from": [7.44435, 10.70161, -6.52379],
			"to": [7.95565, 11.21293, -2.8909],
			"rotation": {"angle": 0, "axis": "y", "origin": [8.21238, 10.88227, -5.70734]},
			"faces": {
				"north": {"uv": [0.5, 3.5, 3, 6], "texture": "#0"},
				"east": {"uv": [7, 1, 8, 2], "texture": "#0"},
				"south": {"uv": [7, 1, 8, 2], "texture": "#0"},
				"west": {"uv": [2, 0.5, 4.5, 3], "texture": "#0"},
				"up": {"uv": [7, 1, 8, 2], "texture": "#0"},
				"down": {"uv": [7, 1, 8, 2], "texture": "#0"}
			}
		}
	],
	"display": {
		"thirdperson_righthand": {
			"translation": [0, -0.5, -5.25],
			"scale": [0.64, 0.64, 0.64]
		},
		"thirdperson_lefthand": {
			"translation": [0, -0.5, -5.25],
			"scale": [0.64, 0.64, 0.64]
		},
		"firstperson_righthand": {
			"rotation": [-20.75, -5, 0],
			"translation": [1.75, -4.5, -6]
		},
		"firstperson_lefthand": {
			"rotation": [0, 2, 0],
			"translation": [0.75, 0, -6.25],
			"scale": [1, 1, 0.8]
		},
		"gui": {
			"rotation": [90, -50, 70],
			"translation": [2.75, 1.5, 0],
			"scale": [0.6, 0.6, 0.6]
		},
		"fixed": {
			"rotation": [0, 90, 0],
			"translation": [-4.25, -1.5, -0.75]
		}
	}
}