{
	"credit": "Made with Blockbench",
	"textures": {
		"2": "item/gun/xeth_rifle1",
		"particle": "item/gun/xeth_rifle1"
	},
	"elements": [
		{
			"from": [7.11871, 6.29564, 19.95666],
			"to": [8.12111, 7.88592, 26.47926],
			"rotation": {"angle": 22.5, "axis": "x", "origin": [7.62004, 6.81078, 23.21796]},
			"faces": {
				"north": {"uv": [0.5, 12.5, 1, 13], "rotation": 270, "texture": "#2"},
				"east": {"uv": [3, 9.73461, 11.25325, 7.74675], "texture": "#2"},
				"south": {"uv": [0.5, 12.5, 1, 13], "rotation": 270, "texture": "#2"},
				"west": {"uv": [0.5, 14.48786, 8.75325, 12.5], "rotation": 180, "texture": "#2"},
				"up": {"uv": [1, 12.5, 0.5, 13], "rotation": 270, "texture": "#2"},
				"down": {"uv": [1, 12.5, 0.5, 13], "rotation": 270, "texture": "#2"}
			}
		},
		{
			"from": [7.11861, 7.5718, 18.8041],
			"to": [8.12146, 9.06152, 26.67443],
			"rotation": {"angle": 0, "axis": "z", "origin": [7.62004, 8.08666, 22.73926]},
			"faces": {
				"north": {"uv": [0.5, 12.5, 1, 13], "rotation": 270, "texture": "#2"},
				"east": {"uv": [2, 10.36214, 11.83792, 8.5], "rotation": 180, "texture": "#2"},
				"south": {"uv": [0.5, 12.5, 1.75357, 14.36214], "rotation": 180, "texture": "#2"},
				"west": {"uv": [0.5, 13, 1, 12.5], "texture": "#2"},
				"up": {"uv": [10.33792, 12.5, 0.5, 13.75357], "rotation": 270, "texture": "#2"},
				"down": {"uv": [10.33792, 12.5, 0.5, 13.75357], "rotation": 270, "texture": "#2"}
			}
		},
		{
			"from": [7.11861, 5.93548, 24.13314],
			"to": [8.12146, 7.57802, 26.67443],
			"rotation": {"angle": 0, "axis": "z", "origin": [7.62004, 6.40675, 25.40379]},
			"faces": {
				"north": {"uv": [0.5, 12.5, 1, 13], "rotation": 270, "texture": "#2"},
				"east": {"uv": [0.5, 14.55318, 3.67661, 12.5], "rotation": 180, "texture": "#2"},
				"south": {"uv": [0.5, 12.5, 1.75357, 14.55318], "rotation": 180, "texture": "#2"},
				"west": {"uv": [4, 10.05318, 7.17661, 8], "texture": "#2"},
				"up": {"uv": [1, 12.5, 0.5, 13], "rotation": 270, "texture": "#2"},
				"down": {"uv": [1, 12.5, 0.5, 13], "rotation": 270, "texture": "#2"}
			}
		},
		{
			"from": [7.11861, 5.06823, 26.04946],
			"to": [8.12146, 5.93548, 26.67443],
			"rotation": {"angle": 0, "axis": "z", "origin": [7.62004, 5.50185, 26.38195]},
			"faces": {
				"north": {"uv": [0.5, 12.5, 1, 13], "rotation": 270, "texture": "#2"},
				"east": {"uv": [1, 12.5, 0.5, 13], "rotation": 90, "texture": "#2"},
				"south": {"uv": [0.5, 12.5, 1.75357, 13.58406], "rotation": 180, "texture": "#2"},
				"west": {"uv": [1.58406, 12.5, 0.5, 13.28121], "rotation": 90, "texture": "#2"},
				"up": {"uv": [1, 12.5, 0.5, 13], "rotation": 270, "texture": "#2"},
				"down": {"uv": [1, 12.5, 0.5, 13], "rotation": 270, "texture": "#2"}
			}
		},
		{
			"from": [7.11871, 8.42322, 16.3309],
			"to": [8.12111, 9.41502, 19.53488],
			"rotation": {"angle": 22.5, "axis": "x", "origin": [7.62004, 9.07912, 17.61289]},
			"faces": {
				"north": {"uv": [0.5, 12.5, 1, 13], "rotation": 270, "texture": "#2"},
				"east": {"uv": [0.5, 13.73975, 4.50497, 12.5], "rotation": 180, "texture": "#2"},
				"south": {"uv": [0.5, 12.5, 1, 13], "rotation": 270, "texture": "#2"},
				"west": {"uv": [0.5, 13.23478, 4.50497, 11.99503], "rotation": 180, "texture": "#2"},
				"up": {"uv": [4.50497, 12.5, 0.5, 13.753], "rotation": 270, "texture": "#2"},
				"down": {"uv": [4.50497, 12.5, 0.5, 13.753], "rotation": 270, "texture": "#2"}
			}
		},
		{
			"from": [7.29418, 8.61956, 15.95074],
			"to": [7.94589, 9.64256, 19.33638],
			"rotation": {"angle": 22.5, "axis": "x", "origin": [7.62004, 9.53106, 17.64356]},
			"faces": {
				"north": {"uv": [0.5, 12.5, 1, 13], "rotation": 270, "texture": "#2"},
				"east": {"uv": [0.5, 13.77874, 4.73206, 12.5], "texture": "#2"},
				"south": {"uv": [0.5, 12.5, 1, 13], "rotation": 270, "texture": "#2"},
				"west": {"uv": [0.5, 13.77874, 4.73206, 12.5], "texture": "#2"},
				"up": {"uv": [4.73206, 12.5, 0.5, 13.31463], "rotation": 270, "texture": "#2"},
				"down": {"uv": [1, 12.5, 0.5, 13], "rotation": 270, "texture": "#2"}
			}
		},
		{
			"from": [7.11861, 7.5911, 18.5032],
			"to": [8.12101, 8.48452, 18.90109],
			"rotation": {"angle": -22.5, "axis": "x", "origin": [7.62004, 8.3378, 18.70214]},
			"faces": {
				"north": {"uv": [1.61677, 12.5, 0.5, 13.75357], "rotation": 90, "texture": "#2"},
				"east": {"uv": [0.5, 12.5, 1.61677, 12.99737], "rotation": 270, "texture": "#2"},
				"south": {"uv": [1, 12.5, 0.5, 13], "rotation": 90, "texture": "#2"},
				"west": {"uv": [0.5, 12.5, 1, 13], "rotation": 270, "texture": "#2"},
				"up": {"uv": [0.5, 12.5, 1, 13], "rotation": 270, "texture": "#2"},
				"down": {"uv": [0.5, 12.5, 1, 13], "rotation": 270, "texture": "#2"}
			}
		},
		{
			"from": [7.52814, 9.39743, -11.12372],
			"to": [7.77194, 9.62268, -10.87459],
			"rotation": {"angle": 0, "axis": "z", "origin": [7.62004, 9.51005, -11.13916]},
			"faces": {
				"north": {"uv": [5.5, 0, 5, 0.5], "rotation": 90, "texture": "#2"},
				"east": {"uv": [5, 0, 5.5, 0.5], "rotation": 270, "texture": "#2"},
				"south": {"uv": [2.5, 11, 2, 11.5], "rotation": 90, "texture": "#2"},
				"west": {"uv": [5.5, 0.5, 6, 1], "rotation": 270, "texture": "#2"},
				"up": {"uv": [5, 0, 4, 1], "texture": "#2"},
				"down": {"uv": [5, 0.5, 4.5, 1], "texture": "#2"}
			}
		},
		{
			"from": [7.30265, 9.1477, -7.03336],
			"to": [7.93743, 9.54255, -6.8698],
			"rotation": {"angle": 0, "axis": "z", "origin": [7.62004, 9.34512, -6.95159]},
			"faces": {
				"north": {"uv": [4.5, 0, 5, 0.5], "rotation": 270, "texture": "#2"},
				"east": {"uv": [4.5, 0, 4, 0.5], "rotation": 90, "texture": "#2"},
				"south": {"uv": [5, 0, 5.5, 0.5], "rotation": 270, "texture": "#2"},
				"west": {"uv": [4.5, 0, 4, 0.5], "rotation": 90, "texture": "#2"},
				"up": {"uv": [2.5, 11, 2, 11.5], "rotation": 90, "texture": "#2"},
				"down": {"uv": [6.5, 0, 6, 0.5], "rotation": 90, "texture": "#2"}
			}
		},
		{
			"from": [7.50557, 9.02912, -8.11378],
			"to": [7.7345, 9.49412, -7.6119],
			"rotation": {"angle": 0, "axis": "z", "origin": [7.62004, 9.26162, -7.86283]},
			"faces": {
				"north": {"uv": [4, 0.5, 4.5, 1], "rotation": 270, "texture": "#2"},
				"east": {"uv": [6, 0, 5.5, 0.5], "rotation": 90, "texture": "#2"},
				"south": {"uv": [4.5, 0, 5, 0.5], "rotation": 270, "texture": "#2"},
				"west": {"uv": [5, 0, 4.5, 0.5], "rotation": 90, "texture": "#2"},
				"up": {"uv": [2.5, 11, 2, 11.5], "rotation": 90, "texture": "#2"},
				"down": {"uv": [4.5, 0.5, 4, 1], "rotation": 90, "texture": "#2"}
			}
		},
		{
			"from": [7.37235, 7.98636, 15.64946],
			"to": [7.86772, 8.99914, 15.81225],
			"rotation": {"angle": 0, "axis": "x", "origin": [7.62003, 8.49275, 15.73086]},
			"faces": {
				"north": {"uv": [6, 0, 5.5, 0.5], "rotation": 90, "texture": "#2"},
				"east": {"uv": [2.5, 0, 3, 0.5], "rotation": 270, "texture": "#2"},
				"south": {"uv": [3, 0, 2.5, 0.5], "rotation": 90, "texture": "#2"},
				"west": {"uv": [1, 0, 1.5, 0.5], "rotation": 270, "texture": "#2"},
				"up": {"uv": [3.5, 11, 4, 11.5], "rotation": 270, "texture": "#2"},
				"down": {"uv": [3.5, 11, 4, 11.5], "rotation": 270, "texture": "#2"}
			}
		},
		{
			"from": [7.37235, 7.58564, 14.36225],
			"to": [7.86772, 7.74843, 15.41153],
			"rotation": {"angle": 0, "axis": "z", "origin": [7.62004, 7.66703, 14.88689]},
			"faces": {
				"north": {"uv": [3.5, 11, 4, 11.5], "rotation": 90, "texture": "#2"},
				"east": {"uv": [3, 0, 4, 1], "texture": "#2"},
				"south": {"uv": [3.5, 11, 4, 11.5], "rotation": 270, "texture": "#2"},
				"west": {"uv": [1, 0, 1.5, 0.5], "texture": "#2"},
				"up": {"uv": [7, 0, 6.5, 0.5], "rotation": 270, "texture": "#2"},
				"down": {"uv": [4, 0, 3.5, 0.5], "rotation": 90, "texture": "#2"}
			}
		},
		{
			"from": [7.37235, 8.43948, 13.65904],
			"to": [7.86772, 9.13235, 13.94978],
			"rotation": {"angle": 0, "axis": "z", "origin": [7.62004, 8.78591, 13.80441]},
			"faces": {
				"north": {"uv": [4, 11, 3.5, 11.5], "rotation": 90, "texture": "#2"},
				"east": {"uv": [1, 0, 1.5, 0.5], "rotation": 270, "texture": "#2"},
				"south": {"uv": [4, 0, 3.5, 0.5], "rotation": 90, "texture": "#2"},
				"west": {"uv": [4, 0, 4.5, 0.5], "rotation": 270, "texture": "#2"},
				"up": {"uv": [3.5, 11, 4, 11.5], "rotation": 270, "texture": "#2"},
				"down": {"uv": [3.5, 11, 4, 11.5], "rotation": 270, "texture": "#2"}
			}
		},
		{
			"from": [7.37235, 8.4573, 14.90706],
			"to": [7.86772, 9.15255, 15.03861],
			"rotation": {"angle": -22.5, "axis": "x", "origin": [7.62004, 8.80492, 14.97283]},
			"faces": {
				"north": {"uv": [5.5, 0, 5, 0.5], "rotation": 90, "texture": "#2"},
				"east": {"uv": [6, 0.5, 6.5, 1], "rotation": 270, "texture": "#2"},
				"south": {"uv": [4, 0, 3.5, 0.5], "rotation": 90, "texture": "#2"},
				"west": {"uv": [5.5, 0, 6, 0.5], "rotation": 270, "texture": "#2"},
				"up": {"uv": [3.5, 11, 4, 11.5], "rotation": 270, "texture": "#2"},
				"down": {"uv": [3.5, 11, 4, 11.5], "rotation": 270, "texture": "#2"}
			}
		},
		{
			"from": [7.37235, 7.5602, 14.13805],
			"to": [7.86772, 8.12691, 14.30084],
			"rotation": {"angle": -45, "axis": "x", "origin": [7.62004, 7.84356, 14.21945]},
			"faces": {
				"north": {"uv": [6, 0, 5.5, 0.5], "rotation": 90, "texture": "#2"},
				"east": {"uv": [3, 0, 3.5, 0.5], "rotation": 270, "texture": "#2"},
				"south": {"uv": [4, 0, 3.5, 0.5], "rotation": 90, "texture": "#2"},
				"west": {"uv": [5, 0, 5.5, 0.5], "rotation": 270, "texture": "#2"},
				"up": {"uv": [3.5, 11, 4, 11.5], "rotation": 270, "texture": "#2"},
				"down": {"uv": [3.5, 11, 4, 11.5], "rotation": 270, "texture": "#2"}
			}
		},
		{
			"from": [7.37235, 7.5602, 15.47294],
			"to": [7.86772, 8.12691, 15.63573],
			"rotation": {"angle": 45, "axis": "x", "origin": [7.62004, 7.84356, 15.55434]},
			"faces": {
				"north": {"uv": [6.5, 0, 6, 0.5], "rotation": 90, "texture": "#2"},
				"east": {"uv": [1.5, 0, 2, 0.5], "rotation": 270, "texture": "#2"},
				"south": {"uv": [4.5, 0, 4, 0.5], "rotation": 90, "texture": "#2"},
				"west": {"uv": [3.5, 0, 4, 0.5], "rotation": 270, "texture": "#2"},
				"up": {"uv": [3.5, 11, 4, 11.5], "rotation": 270, "texture": "#2"},
				"down": {"uv": [3.5, 11, 4, 11.5], "rotation": 270, "texture": "#2"}
			}
		},
		{
			"from": [7.37235, 7.99111, 15.03508],
			"to": [7.86772, 8.50894, 15.16663],
			"rotation": {"angle": 0, "axis": "z", "origin": [7.62004, 8.25002, 15.10086]},
			"faces": {
				"north": {"uv": [5, 0, 4.5, 0.5], "rotation": 90, "texture": "#2"},
				"east": {"uv": [5.5, 0, 6, 0.5], "rotation": 270, "texture": "#2"},
				"south": {"uv": [4.5, 0, 4, 0.5], "rotation": 90, "texture": "#2"},
				"west": {"uv": [2, 0, 2.5, 0.5], "rotation": 270, "texture": "#2"},
				"up": {"uv": [3.5, 11, 4, 11.5], "rotation": 270, "texture": "#2"},
				"down": {"uv": [4.5, 0, 5, 0.5], "rotation": 270, "texture": "#2"}
			}
		},
		{
			"from": [7.31256, 7.81944, 11.33414],
			"to": [7.92751, 9.10819, 13.4595],
			"rotation": {"angle": 22.5, "axis": "x", "origin": [7.62004, 8.46381, 12.39682]},
			"faces": {
				"north": {"uv": [2.5, 9.5, 2, 10], "rotation": 90, "texture": "#2"},
				"east": {"uv": [2.5, 0, 5.11094, 0.5], "rotation": 270, "texture": "#2"},
				"south": {"uv": [2.5, 9.5, 2, 10], "rotation": 90, "texture": "#2"},
				"west": {"uv": [2.5, 0, 4.11094, 2.6567], "rotation": 270, "texture": "#2"},
				"up": {"uv": [2, 9.5, 2.5, 10], "rotation": 270, "texture": "#2"},
				"down": {"uv": [1.5, 0, 2, 0.5], "rotation": 270, "texture": "#2"}
			}
		},
		{
			"from": [7.31256, 8.42441, 10.95606],
			"to": [7.92751, 9.34291, 11.9188],
			"rotation": {"angle": -22.5, "axis": "x", "origin": [7.62004, 8.88366, 11.43743]},
			"faces": {
				"north": {"uv": [0.5, 0, 0, 0.5], "rotation": 90, "texture": "#2"},
				"east": {"uv": [0, 0, 1.14812, 1.20343], "rotation": 270, "texture": "#2"},
				"south": {"uv": [2.5, 9.5, 2, 10], "rotation": 90, "texture": "#2"},
				"west": {"uv": [1, 0, 2.14812, 1.20343], "rotation": 270, "texture": "#2"},
				"up": {"uv": [2, 9.5, 2.5, 10], "rotation": 270, "texture": "#2"},
				"down": {"uv": [2, 9.5, 2.5, 10], "rotation": 270, "texture": "#2"}
			}
		},
		{
			"from": [7.31256, 7.55564, 12.7561],
			"to": [7.92751, 9.15167, 13.86372],
			"rotation": {"angle": -22.5, "axis": "x", "origin": [7.62004, 8.45365, 13.17991]},
			"faces": {
				"north": {"uv": [2.5, 9.5, 2, 10], "rotation": 90, "texture": "#2"},
				"east": {"uv": [1, 0, 2.49503, 0.88452], "rotation": 270, "texture": "#2"},
				"south": {"uv": [1, 0, 0.5, 0.5], "rotation": 90, "texture": "#2"},
				"west": {"uv": [2.5, 0, 3, 0.5], "rotation": 270, "texture": "#2"},
				"up": {"uv": [2, 9.5, 2.5, 10], "rotation": 270, "texture": "#2"},
				"down": {"uv": [2.5, 0, 3, 0.5], "rotation": 270, "texture": "#2"}
			}
		},
		{
			"from": [7.11861, 9.63488, -10.47249],
			"to": [8.12147, 10.44576, -6.7765],
			"rotation": {"angle": 0, "axis": "z", "origin": [7.62004, 10.05032, -5.2745]},
			"faces": {
				"north": {"uv": [1, 12.5, 0.5, 13], "rotation": 90, "texture": "#2"},
				"east": {"uv": [0.5, 12.5, 5.11998, 13.5136], "rotation": 180, "texture": "#2"},
				"south": {"uv": [1, 12.5, 0.5, 13], "rotation": 90, "texture": "#2"},
				"west": {"uv": [7.5, 11, 12.11998, 12.0136], "rotation": 180, "texture": "#2"},
				"up": {"uv": [0.5, 13.75358, 5.11998, 12.5], "rotation": 90, "texture": "#2"},
				"down": {"uv": [1, 12.5, 0.5, 13], "texture": "#2"}
			}
		},
		{
			"from": [7.3225, 10.09786, -10.53202],
			"to": [7.91758, 10.72456, -10.17059],
			"rotation": {"angle": 0, "axis": "z", "origin": [7.62004, 10.4112, -10.3513]},
			"faces": {
				"north": {"uv": [1, 9.5, 0.5, 10], "rotation": 90, "texture": "#2"},
				"east": {"uv": [0.5, 9.5, 1, 10], "rotation": 270, "texture": "#2"},
				"south": {"uv": [1, 9.5, 0.5, 10], "rotation": 90, "texture": "#2"},
				"west": {"uv": [0.5, 9.5, 1, 10], "rotation": 270, "texture": "#2"},
				"up": {"uv": [1, 9.5, 0.5, 10], "rotation": 180, "texture": "#2"},
				"down": {"uv": [1, 9.5, 0.5, 10], "texture": "#2"}
			}
		},
		{
			"from": [7.20685, 10.4332, -8.94649],
			"to": [8.0343, 10.85183, -0.48656],
			"rotation": {"angle": 0, "axis": "z", "origin": [7.96058, 10.64252, 4.93347]},
			"faces": {
				"north": {"uv": [1, 12.5, 0.5, 13], "rotation": 90, "texture": "#2"},
				"east": {"uv": [0.5, 12.5, 11.07491, 13.02328], "rotation": 180, "texture": "#2"},
				"south": {"uv": [1, 12.5, 0.5, 13], "rotation": 90, "texture": "#2"},
				"west": {"uv": [0.5, 12.5, 11.07491, 13.02328], "rotation": 180, "texture": "#2"},
				"up": {"uv": [0.5, 13.53431, 11.07491, 12.5], "rotation": 90, "texture": "#2"},
				"down": {"uv": [1, 12.5, 0.5, 13], "texture": "#2"}
			}
		},
		{
			"from": [7.11861, 9.02008, 10.05854],
			"to": [8.12146, 10.40252, 15.51472],
			"rotation": {"angle": 0, "axis": "z", "origin": [7.62004, 9.8313, 11.79663]},
			"faces": {
				"north": {"uv": [2.27805, 12.5, 0.5, 13.75357], "rotation": 90, "texture": "#2"},
				"east": {"uv": [0.5, 12.5, 7.32022, 14.27805], "rotation": 180, "texture": "#2"},
				"south": {"uv": [1, 12.5, 0.5, 13], "rotation": 90, "texture": "#2"},
				"west": {"uv": [0.5, 12.5, 1, 13], "rotation": 270, "texture": "#2"},
				"up": {"uv": [0.5, 13.75357, 7.32022, 12.5], "rotation": 90, "texture": "#2"},
				"down": {"uv": [0.5, 13.75357, 7.32022, 12.5], "rotation": 90, "texture": "#2"}
			}
		},
		{
			"from": [7.32062, 9.24757, -0.27748],
			"to": [7.91945, 10.82747, 10.13854],
			"rotation": {"angle": 0, "axis": "z", "origin": [7.62004, 9.47752, 5.33054]},
			"faces": {
				"north": {"uv": [1, 12.5, 0.5, 13], "rotation": 90, "texture": "#2"},
				"east": {"uv": [0.5, 12.5, 13.52003, 14.47487], "rotation": 180, "texture": "#2"},
				"south": {"uv": [1, 12.5, 0.5, 13], "rotation": 90, "texture": "#2"},
				"west": {"uv": [0.5, 12.5, 13.52003, 14.47487], "rotation": 180, "texture": "#2"},
				"up": {"uv": [0.5, 13.24853, 13.52003, 12.5], "rotation": 90, "texture": "#2"},
				"down": {"uv": [0.5, 13.24853, 13.52003, 12.5], "rotation": 90, "texture": "#2"}
			}
		},
		{
			"from": [7.11861, 9.44959, -6.77748],
			"to": [8.12146, 10.56252, 10.07854],
			"rotation": {"angle": 0, "axis": "z", "origin": [7.62004, 9.89605, 5.33054]},
			"faces": {
				"north": {"uv": [1.89117, 12.5, 0.5, 13.75357], "rotation": 90, "texture": "#2"},
				"east": {"uv": [0, 12.5, 16, 13.89117], "rotation": 180, "texture": "#2"},
				"south": {"uv": [1, 12.5, 0.5, 13], "rotation": 90, "texture": "#2"},
				"west": {"uv": [0, 10, 16, 11.39117], "rotation": 180, "texture": "#2"},
				"up": {"uv": [0.5, 13.75357, 16, 12.5], "rotation": 90, "texture": "#2"},
				"down": {"uv": [0.5, 13.75357, 15, 12.5], "rotation": 90, "texture": "#2"}
			}
		},
		{
			"from": [7.11808, 10.36695, -0.93654],
			"to": [7.39693, 10.95628, -0.29574],
			"rotation": {"angle": -22.5, "axis": "z", "origin": [7.21751, 10.66161, -0.61613]},
			"faces": {
				"north": {"uv": [7.5, 2, 7, 2.5], "rotation": 90, "texture": "#2"},
				"east": {"uv": [2, 11, 2.5, 11.5], "rotation": 270, "texture": "#2"},
				"south": {"uv": [5, 1.5, 4.5, 2], "rotation": 90, "texture": "#2"},
				"west": {"uv": [10.5, 1, 11.23666, 1.801], "rotation": 270, "texture": "#2"},
				"up": {"uv": [2.5, 11, 2, 11.5], "rotation": 180, "texture": "#2"},
				"down": {"uv": [2.5, 11, 2, 11.5], "texture": "#2"}
			}
		},
		{
			"from": [7.83851, 10.36695, -0.93654],
			"to": [8.11735, 10.95628, -0.29574],
			"rotation": {"angle": 22.5, "axis": "z", "origin": [8.01794, 10.66161, -0.61613]},
			"faces": {
				"north": {"uv": [6, 1.5, 5.5, 2], "rotation": 90, "texture": "#2"},
				"east": {"uv": [4.5, 1.5, 5, 2], "rotation": 270, "texture": "#2"},
				"south": {"uv": [5, 1.5, 4.5, 2], "rotation": 90, "texture": "#2"},
				"west": {"uv": [2, 11, 2.5, 11.5], "rotation": 270, "texture": "#2"},
				"up": {"uv": [2.5, 11, 2, 11.5], "rotation": 180, "texture": "#2"},
				"down": {"uv": [2.5, 11, 2, 11.5], "texture": "#2"}
			}
		},
		{
			"from": [7.24609, 9.3052, -0.93654],
			"to": [7.99702, 10.97189, -0.29622],
			"rotation": {"angle": 0, "axis": "z", "origin": [8.49156, 9.63855, -0.57638]},
			"faces": {
				"north": {"uv": [10, 2.5, 9.5, 3], "rotation": 90, "texture": "#2"},
				"east": {"uv": [4.5, 1.5, 5, 2], "rotation": 270, "texture": "#2"},
				"south": {"uv": [5, 1.5, 4.5, 2], "rotation": 90, "texture": "#2"},
				"west": {"uv": [5.5, 0.5, 6, 1], "rotation": 270, "texture": "#2"},
				"up": {"uv": [5, 2.5, 6, 1.5], "rotation": 270, "texture": "#2"},
				"down": {"uv": [6, 2, 5.5, 2.5], "texture": "#2"}
			}
		},
		{
			"from": [7.84615, 9.52903, -0.93654],
			"to": [8.22255, 10.42742, -0.29574],
			"rotation": {"angle": 0, "axis": "z", "origin": [8.03435, 9.97823, -0.61613]},
			"faces": {
				"north": {"uv": [6, 1.5, 5.5, 2], "rotation": 90, "texture": "#2"},
				"east": {"uv": [4.5, 1.5, 5, 2], "rotation": 270, "texture": "#2"},
				"south": {"uv": [5, 1.5, 4.5, 2], "rotation": 90, "texture": "#2"},
				"west": {"uv": [2, 11, 2.5, 11.5], "rotation": 270, "texture": "#2"},
				"up": {"uv": [2.5, 11, 2, 11.5], "rotation": 180, "texture": "#2"},
				"down": {"uv": [2.5, 11, 2, 11.5], "texture": "#2"}
			}
		},
		{
			"from": [7.0129, 9.52903, -0.93654],
			"to": [7.38929, 10.42742, -0.29574],
			"rotation": {"angle": 0, "axis": "z", "origin": [7.20109, 9.97823, -0.61613]},
			"faces": {
				"north": {"uv": [8.5, 2, 8, 2.5], "rotation": 90, "texture": "#2"},
				"east": {"uv": [2, 11, 2.5, 11.5], "rotation": 270, "texture": "#2"},
				"south": {"uv": [5, 1.5, 4.5, 2], "rotation": 90, "texture": "#2"},
				"west": {"uv": [10, 1, 10.5, 1.5], "rotation": 270, "texture": "#2"},
				"up": {"uv": [2.5, 11, 2, 11.5], "rotation": 180, "texture": "#2"},
				"down": {"uv": [6, 0, 5.5, 0.5], "texture": "#2"}
			}
		},
		{
			"from": [7.90324, 9.3382, -0.93654],
			"to": [8.10209, 9.66128, -0.29574],
			"rotation": {"angle": -45, "axis": "z", "origin": [8.00267, 9.44975, -0.61613]},
			"faces": {
				"north": {"uv": [7, 2.5, 6.5, 3], "rotation": 90, "texture": "#2"},
				"east": {"uv": [4.5, 1.5, 5, 2], "rotation": 270, "texture": "#2"},
				"south": {"uv": [7.5, 1.5, 7, 2], "rotation": 90, "texture": "#2"},
				"west": {"uv": [2, 11, 2.5, 11.5], "rotation": 270, "texture": "#2"},
				"up": {"uv": [2.5, 11, 2, 11.5], "rotation": 180, "texture": "#2"},
				"down": {"uv": [6, 0, 5.5, 0.5], "texture": "#2"}
			}
		},
		{
			"from": [7.24382, 9.60392, -0.93545],
			"to": [7.45046, 9.9236, -0.28952],
			"rotation": {"angle": 45, "axis": "z", "origin": [7.60715, 9.44376, -0.94168]},
			"faces": {
				"north": {"uv": [9, 2.5, 8.5, 3], "rotation": 90, "texture": "#2"},
				"east": {"uv": [2, 11, 2.5, 11.5], "rotation": 270, "texture": "#2"},
				"south": {"uv": [5, 1.5, 4.5, 2], "rotation": 90, "texture": "#2"},
				"west": {"uv": [6.5, 1, 7, 1.5], "rotation": 270, "texture": "#2"},
				"up": {"uv": [9, 2, 8, 3], "rotation": 180, "texture": "#2"},
				"down": {"uv": [6.5, 0, 6, 0.5], "texture": "#2"}
			}
		},
		{
			"from": [7.19562, 10.37268, -10.90371],
			"to": [7.45966, 10.92344, -8.9515],
			"rotation": {"angle": -22.5, "axis": "z", "origin": [7.28764, 10.64806, -9.92761]},
			"faces": {
				"north": {"uv": [9, 1, 8.5, 1.5], "rotation": 90, "texture": "#2"},
				"east": {"uv": [2, 11, 2.5, 11.5], "rotation": 270, "texture": "#2"},
				"south": {"uv": [6, 0, 5.5, 0.5], "rotation": 90, "texture": "#2"},
				"west": {"uv": [2.5, 3.5, 3, 4], "rotation": 270, "texture": "#2"},
				"up": {"uv": [2.5, 11, 2, 11.5], "rotation": 180, "texture": "#2"},
				"down": {"uv": [7, 0, 6.5, 0.5], "texture": "#2"}
			}
		},
		{
			"from": [7.78041, 10.37268, -10.90371],
			"to": [8.04446, 10.92344, -8.9515],
			"rotation": {"angle": 22.5, "axis": "z", "origin": [7.95243, 10.64806, -9.9276]},
			"faces": {
				"north": {"uv": [8, 1.5, 7.5, 2], "rotation": 90, "texture": "#2"},
				"east": {"uv": [6, 0.5, 6.5, 1], "rotation": 270, "texture": "#2"},
				"south": {"uv": [5.5, 0, 5, 0.5], "rotation": 90, "texture": "#2"},
				"west": {"uv": [2, 11, 2.5, 11.5], "rotation": 270, "texture": "#2"},
				"up": {"uv": [2.5, 11, 2, 11.5], "rotation": 180, "texture": "#2"},
				"down": {"uv": [6, 0, 6.5, 0.5], "texture": "#2"}
			}
		},
		{
			"from": [7.30801, 10.36604, -10.90372],
			"to": [7.93207, 11.03769, -8.9515],
			"rotation": {"angle": 0, "axis": "z", "origin": [7.62004, 10.81187, -9.92761]},
			"faces": {
				"north": {"uv": [7.5, 1, 7, 1.5], "rotation": 90, "texture": "#2"},
				"east": {"uv": [7, 0.5, 7.5, 1], "rotation": 270, "texture": "#2"},
				"south": {"uv": [6.5, 0, 6, 0.5], "rotation": 90, "texture": "#2"},
				"west": {"uv": [9, 0.5, 9.5, 1], "rotation": 270, "texture": "#2"},
				"up": {"uv": [8.5, 2, 7.5, 3], "rotation": 180, "texture": "#2"},
				"down": {"uv": [2.5, 11, 2, 11.5], "texture": "#2"}
			}
		},
		{
			"from": [7.37414, 9.34541, -10.90371],
			"to": [7.86594, 10.11116, -6.78738],
			"rotation": {"angle": 0, "axis": "z", "origin": [7.62004, 9.72829, -8.84555]},
			"faces": {
				"north": {"uv": [6, 0, 5.5, 0.5], "rotation": 90, "texture": "#2"},
				"east": {"uv": [2, 11, 2.5, 11.5], "rotation": 270, "texture": "#2"},
				"south": {"uv": [6, 0, 5.5, 0.5], "rotation": 90, "texture": "#2"},
				"west": {"uv": [7, 0, 7.5, 0.5], "rotation": 270, "texture": "#2"},
				"up": {"uv": [2.5, 11, 2, 11.5], "rotation": 180, "texture": "#2"},
				"down": {"uv": [7, 0, 6.5, 0.5], "texture": "#2"}
			}
		},
		{
			"from": [7.09723, 9.62232, -10.90452],
			"to": [8.13841, 10.42885, -10.37567],
			"rotation": {"angle": 0, "axis": "z", "origin": [7.23782, 10.02558, -10.63929]},
			"faces": {
				"north": {"uv": [3, 3.5, 0.5, 6], "rotation": 90, "texture": "#2"},
				"east": {"uv": [6, 0, 6.5, 0.5], "rotation": 270, "texture": "#2"},
				"south": {"uv": [5, 0.5, 4.5, 1], "rotation": 90, "texture": "#2"},
				"west": {"uv": [6, 0, 6.5, 0.5], "rotation": 270, "texture": "#2"},
				"up": {"uv": [2.5, 11, 2, 11.5], "rotation": 180, "texture": "#2"},
				"down": {"uv": [2.5, 11, 2, 11.5], "texture": "#2"}
			}
		},
		{
			"from": [7.8473, 9.35313, -10.90371],
			"to": [8.03134, 9.74473, -6.78738],
			"rotation": {"angle": -45, "axis": "z", "origin": [7.93932, 9.54893, -8.84555]},
			"faces": {
				"north": {"uv": [4.5, 0.5, 4, 1], "rotation": 90, "texture": "#2"},
				"east": {"uv": [6, 0.5, 6.5, 1], "rotation": 270, "texture": "#2"},
				"south": {"uv": [5, 0, 4.5, 0.5], "rotation": 90, "texture": "#2"},
				"west": {"uv": [2, 11, 2.5, 11.5], "rotation": 270, "texture": "#2"},
				"up": {"uv": [6, 0, 5, 1], "texture": "#2"},
				"down": {"uv": [2.5, 11, 2, 11.5], "texture": "#2"}
			}
		},
		{
			"from": [7.20874, 9.35313, -10.90371],
			"to": [7.39278, 9.74473, -6.78738],
			"rotation": {"angle": 45, "axis": "z", "origin": [7.30076, 9.54893, -8.84555]},
			"faces": {
				"north": {"uv": [5, 0, 4.5, 0.5], "rotation": 90, "texture": "#2"},
				"east": {"uv": [2, 11, 2.5, 11.5], "rotation": 270, "texture": "#2"},
				"south": {"uv": [5.5, 0, 5, 0.5], "rotation": 90, "texture": "#2"},
				"west": {"uv": [7.5, 0, 8, 0.5], "rotation": 270, "texture": "#2"},
				"up": {"uv": [5.5, 0, 4.5, 1], "rotation": 180, "texture": "#2"},
				"down": {"uv": [2.5, 11, 2, 11.5], "texture": "#2"}
			}
		},
		{
			"from": [7.09723, 9.62232, -10.08291],
			"to": [8.13841, 10.42885, -9.59582],
			"rotation": {"angle": 0, "axis": "z", "origin": [7.23782, 10.02558, -9.83937]},
			"faces": {
				"north": {"uv": [8.5, 0, 8, 0.5], "rotation": 90, "texture": "#2"},
				"east": {"uv": [6.5, 0, 7, 0.5], "rotation": 270, "texture": "#2"},
				"south": {"uv": [6, 0, 5.5, 0.5], "rotation": 90, "texture": "#2"},
				"west": {"uv": [6, 0, 6.5, 0.5], "rotation": 270, "texture": "#2"},
				"up": {"uv": [2.5, 11, 2, 11.5], "rotation": 180, "texture": "#2"},
				"down": {"uv": [2.5, 11, 2, 11.5], "texture": "#2"}
			}
		},
		{
			"from": [7.60583, 11.0205, -10.53397],
			"to": [7.63425, 11.22043, -9.92358],
			"rotation": {"angle": 0, "axis": "z", "origin": [7.62004, 11.12046, -10.22878]},
			"faces": {
				"north": {"uv": [5, 0, 4.5, 0.5], "rotation": 90, "texture": "#2"},
				"east": {"uv": [6.5, 0.5, 7, 1], "rotation": 270, "texture": "#2"},
				"south": {"uv": [6.5, 0.5, 6, 1], "rotation": 90, "texture": "#2"},
				"west": {"uv": [6, 0.5, 6.5, 1], "rotation": 270, "texture": "#2"},
				"up": {"uv": [6.5, 1, 7.5, 0], "rotation": 270, "texture": "#2"},
				"down": {"uv": [2.5, 11, 2, 11.5], "texture": "#2"}
			}
		},
		{
			"from": [7.22475, 10.32712, 10.07843],
			"to": [7.40761, 10.90247, 10.70322],
			"rotation": {"angle": -22.5, "axis": "z", "origin": [7.31618, 10.5948, 10.39082]},
			"faces": {
				"north": {"uv": [4.5, 0, 4, 0.5], "rotation": 90, "texture": "#2"},
				"east": {"uv": [0.5, 11, 1, 11.5], "rotation": 270, "texture": "#2"},
				"south": {"uv": [4.5, 0, 4, 0.5], "rotation": 90, "texture": "#2"},
				"west": {"uv": [8.5, 0, 9, 0.5], "rotation": 270, "texture": "#2"},
				"up": {"uv": [1, 11, 0.5, 11.5], "rotation": 180, "texture": "#2"},
				"down": {"uv": [1, 11, 0.5, 11.5], "texture": "#2"}
			}
		},
		{
			"from": [7.83247, 10.32712, 10.07843],
			"to": [8.01532, 10.90247, 10.70322],
			"rotation": {"angle": 22.5, "axis": "z", "origin": [7.9239, 10.5948, 10.39082]},
			"faces": {
				"north": {"uv": [7, 0, 6.5, 0.5], "rotation": 90, "texture": "#2"},
				"east": {"uv": [5.5, 0, 6, 0.5], "rotation": 270, "texture": "#2"},
				"south": {"uv": [6.5, 0, 6, 0.5], "rotation": 90, "texture": "#2"},
				"west": {"uv": [8.5, 0, 9, 0.5], "rotation": 270, "texture": "#2"},
				"up": {"uv": [1, 11, 0.5, 11.5], "rotation": 180, "texture": "#2"},
				"down": {"uv": [1, 11, 0.5, 11.5], "texture": "#2"}
			}
		},
		{
			"from": [7.34946, 10.36578, 10.07843],
			"to": [7.89062, 10.91404, 10.70322],
			"rotation": {"angle": 0, "axis": "z", "origin": [7.62004, 10.63991, 10.39082]},
			"faces": {
				"north": {"uv": [5.5, 0, 5, 0.5], "rotation": 90, "texture": "#2"},
				"east": {"uv": [0.5, 11, 1, 11.5], "rotation": 270, "texture": "#2"},
				"south": {"uv": [4, 0, 3.5, 0.5], "rotation": 90, "texture": "#2"},
				"west": {"uv": [8.5, 0, 9, 0.5], "rotation": 270, "texture": "#2"},
				"up": {"uv": [5.5, 0, 4.5, 1], "rotation": 180, "texture": "#2"},
				"down": {"uv": [1, 11, 0.5, 11.5], "texture": "#2"}
			}
		},
		{
			"from": [7.17062, 9.93405, 15.51372],
			"to": [7.51807, 10.27284, 16.20107],
			"rotation": {"angle": -45, "axis": "z", "origin": [7.34435, 10.12344, 15.85739]},
			"faces": {
				"north": {"uv": [2.5, 11, 2, 11.5], "rotation": 90, "texture": "#2"},
				"east": {"uv": [2, 11, 2.5, 11.5], "rotation": 270, "texture": "#2"},
				"south": {"uv": [4, 0, 3.5, 0.5], "rotation": 90, "texture": "#2"},
				"west": {"uv": [4.5, 0, 5, 0.5], "rotation": 270, "texture": "#2"},
				"up": {"uv": [3, 0, 2, 1], "rotation": 180, "texture": "#2"},
				"down": {"uv": [2.5, 11, 2, 11.5], "texture": "#2"}
			}
		},
		{
			"from": [7.72201, 9.93405, 15.51372],
			"to": [8.06946, 10.27284, 16.20107],
			"rotation": {"angle": 45, "axis": "z", "origin": [7.89573, 10.12344, 15.85739]},
			"faces": {
				"north": {"uv": [4.5, 0, 4, 0.5], "rotation": 90, "texture": "#2"},
				"east": {"uv": [4.5, 0, 5, 0.5], "rotation": 270, "texture": "#2"},
				"south": {"uv": [6, 0, 5.5, 0.5], "rotation": 90, "texture": "#2"},
				"west": {"uv": [2, 11, 2.5, 11.5], "rotation": 270, "texture": "#2"},
				"up": {"uv": [3, 1, 4, 0], "rotation": 270, "texture": "#2"},
				"down": {"uv": [2.5, 11, 2, 11.5], "texture": "#2"}
			}
		},
		{
			"from": [7.79767, 9.20268, 15.51372],
			"to": [8.1525, 10.11236, 16.20107],
			"rotation": {"angle": 0, "axis": "z", "origin": [7.97508, 9.65752, 15.8574]},
			"faces": {
				"north": {"uv": [4, 0, 3.5, 0.5], "rotation": 90, "texture": "#2"},
				"east": {"uv": [5, 0, 5.5, 0.5], "rotation": 270, "texture": "#2"},
				"south": {"uv": [6, 0, 5.5, 0.5], "rotation": 90, "texture": "#2"},
				"west": {"uv": [2, 11, 2.5, 11.5], "rotation": 270, "texture": "#2"},
				"up": {"uv": [2.5, 11, 2, 11.5], "rotation": 180, "texture": "#2"},
				"down": {"uv": [2.5, 11, 2, 11.5], "texture": "#2"}
			}
		},
		{
			"from": [7.08758, 9.20268, 15.51372],
			"to": [7.44241, 10.11236, 16.20107],
			"rotation": {"angle": 0, "axis": "z", "origin": [7.26499, 9.65752, 15.8574]},
			"faces": {
				"north": {"uv": [4.5, 0, 4, 0.5], "rotation": 90, "texture": "#2"},
				"east": {"uv": [2, 11, 2.5, 11.5], "rotation": 270, "texture": "#2"},
				"south": {"uv": [5, 0, 4.5, 0.5], "rotation": 90, "texture": "#2"},
				"west": {"uv": [5.5, 0, 6, 0.5], "rotation": 270, "texture": "#2"},
				"up": {"uv": [2.5, 11, 2, 11.5], "rotation": 180, "texture": "#2"},
				"down": {"uv": [2.5, 11, 2, 11.5], "texture": "#2"}
			}
		},
		{
			"from": [7.32758, 8.94268, 15.51372],
			"to": [7.90241, 10.35236, 16.20107],
			"rotation": {"angle": 0, "axis": "z", "origin": [7.26499, 9.65752, 15.8574]},
			"faces": {
				"north": {"uv": [4.5, 0, 4, 0.5], "rotation": 90, "texture": "#2"},
				"east": {"uv": [7, 0, 8.78711, 0.85919], "rotation": 270, "texture": "#2"},
				"south": {"uv": [5, 0, 4.5, 0.5], "rotation": 90, "texture": "#2"},
				"west": {"uv": [5.5, 0, 6, 0.5], "rotation": 270, "texture": "#2"},
				"up": {"uv": [4, 0, 3, 1], "rotation": 180, "texture": "#2"},
				"down": {"uv": [4, 0, 3.5, 0.5], "texture": "#2"}
			}
		},
		{
			"from": [7.53149, 8.96852, 15.51372],
			"to": [8.03894, 9.32736, 16.20107],
			"rotation": {"angle": -45, "axis": "z", "origin": [7.94522, 9.12794, 15.8574]},
			"faces": {
				"north": {"uv": [5.5, 0, 5, 0.5], "rotation": 90, "texture": "#2"},
				"east": {"uv": [5.5, 0, 6, 0.5], "rotation": 270, "texture": "#2"},
				"south": {"uv": [5, 0, 4.5, 0.5], "rotation": 90, "texture": "#2"},
				"west": {"uv": [2, 11, 2.5, 11.5], "rotation": 270, "texture": "#2"},
				"up": {"uv": [2.5, 11, 2, 11.5], "rotation": 180, "texture": "#2"},
				"down": {"uv": [6.5, 0, 6, 0.5], "texture": "#2"}
			}
		},
		{
			"from": [7.20114, 8.96852, 15.51372],
			"to": [7.86858, 9.32736, 16.20107],
			"rotation": {"angle": 45, "axis": "z", "origin": [7.29486, 9.12794, 15.8574]},
			"faces": {
				"north": {"uv": [4.5, 0, 4, 0.5], "rotation": 90, "texture": "#2"},
				"east": {"uv": [2, 11, 2.5, 11.5], "rotation": 270, "texture": "#2"},
				"south": {"uv": [4, 0, 3.5, 0.5], "rotation": 90, "texture": "#2"},
				"west": {"uv": [4, 0, 4.5, 0.5], "rotation": 270, "texture": "#2"},
				"up": {"uv": [2.5, 11, 2, 11.5], "rotation": 180, "texture": "#2"},
				"down": {"uv": [4.5, 0, 4, 0.5], "texture": "#2"}
			}
		},
		{
			"from": [7.24276, 10.48696, -10.59346],
			"to": [7.32049, 11.14324, -9.72848],
			"rotation": {"angle": 0, "axis": "z", "origin": [7.28162, 10.81509, -10.16098]},
			"faces": {
				"north": {"uv": [7.5, 0, 8, 0.5], "rotation": 270, "texture": "#2"},
				"east": {"uv": [6, 0, 5.5, 0.5], "rotation": 90, "texture": "#2"},
				"south": {"uv": [7.5, 0, 8, 0.5], "rotation": 270, "texture": "#2"},
				"west": {"uv": [8, 0.5, 7.5, 1], "rotation": 90, "texture": "#2"},
				"up": {"uv": [7, 0, 6.5, 0.5], "rotation": 270, "texture": "#2"},
				"down": {"uv": [2.5, 11, 2, 11.5], "rotation": 270, "texture": "#2"}
			}
		},
		{
			"from": [7.24276, 10.9942, -10.48833],
			"to": [7.32049, 11.39704, -9.83361],
			"rotation": {"angle": 0, "axis": "z", "origin": [7.28162, 11.19562, -10.16097]},
			"faces": {
				"north": {"uv": [7, 0, 7.5, 0.5], "rotation": 270, "texture": "#2"},
				"east": {"uv": [5.5, 0, 5, 0.5], "rotation": 90, "texture": "#2"},
				"south": {"uv": [6, 0, 6.5, 0.5], "rotation": 270, "texture": "#2"},
				"west": {"uv": [7.5, 0.5, 7, 1], "rotation": 90, "texture": "#2"},
				"up": {"uv": [7, 0.5, 6.5, 1], "rotation": 270, "texture": "#2"},
				"down": {"uv": [2.5, 11, 2, 11.5], "rotation": 270, "texture": "#2"}
			}
		},
		{
			"from": [7.91959, 10.48696, -10.59346],
			"to": [7.99732, 11.14324, -9.72848],
			"rotation": {"angle": 0, "axis": "z", "origin": [7.95846, 10.81509, -10.16098]},
			"faces": {
				"north": {"uv": [6.5, 0, 6, 0.5], "rotation": 90, "texture": "#2"},
				"east": {"uv": [7, 0, 7.5, 0.5], "rotation": 270, "texture": "#2"},
				"south": {"uv": [7, 0.5, 6.5, 1], "rotation": 90, "texture": "#2"},
				"west": {"uv": [7.5, 0, 8, 0.5], "rotation": 270, "texture": "#2"},
				"up": {"uv": [5.5, 0.5, 6, 1], "rotation": 90, "texture": "#2"},
				"down": {"uv": [2, 11, 2.5, 11.5], "rotation": 90, "texture": "#2"}
			}
		},
		{
			"from": [7.91959, 10.9942, -10.48833],
			"to": [7.99732, 11.39704, -9.83361],
			"rotation": {"angle": 0, "axis": "z", "origin": [7.95846, 11.19562, -10.16097]},
			"faces": {
				"north": {"uv": [8.5, 0, 8, 0.5], "rotation": 90, "texture": "#2"},
				"east": {"uv": [7, 0.5, 7.5, 1], "rotation": 270, "texture": "#2"},
				"south": {"uv": [6.5, 0, 6, 0.5], "rotation": 90, "texture": "#2"},
				"west": {"uv": [8, 0, 8.5, 0.5], "rotation": 270, "texture": "#2"},
				"up": {"uv": [6, 0, 6.5, 0.5], "rotation": 90, "texture": "#2"},
				"down": {"uv": [2, 11, 2.5, 11.5], "rotation": 90, "texture": "#2"}
			}
		},
		{
			"from": [7.30265, 8.70508, 10.45861],
			"to": [7.93743, 9.09992, 10.82216],
			"rotation": {"angle": 0, "axis": "z", "origin": [7.62004, 8.9025, 10.62038]},
			"faces": {
				"north": {"uv": [4, 0, 4.5, 0.5], "rotation": 270, "texture": "#2"},
				"east": {"uv": [4, 0, 3.5, 0.5], "rotation": 90, "texture": "#2"},
				"south": {"uv": [9.5, 0, 10, 0.5], "rotation": 270, "texture": "#2"},
				"west": {"uv": [4, 0, 3.5, 0.5], "rotation": 90, "texture": "#2"},
				"up": {"uv": [2.5, 11, 2, 11.5], "rotation": 90, "texture": "#2"},
				"down": {"uv": [4.5, 0, 4, 0.5], "rotation": 90, "texture": "#2"}
			}
		},
		{
			"from": [7.41558, 10.11268, 10.54566],
			"to": [7.80838, 10.78579, 10.90586],
			"rotation": {"angle": 0, "axis": "z", "origin": [7.57499, 9.72924, 12.71327]},
			"faces": {
				"north": {"uv": [1, 11, 0.5, 11.5], "rotation": 90, "texture": "#2"},
				"east": {"uv": [6, 0, 7.5, 0.5], "rotation": 180, "texture": "#2"},
				"south": {"uv": [4.5, 0, 4, 0.5], "rotation": 90, "texture": "#2"},
				"west": {"uv": [2, 0, 2.5, 0.5], "rotation": 270, "texture": "#2"},
				"up": {"uv": [9, 0, 7.5, 1], "rotation": 180, "texture": "#2"},
				"down": {"uv": [1, 11, 0.5, 11.5], "texture": "#2"}
			}
		},
		{
			"from": [7.27501, 10.3664, 10.54566],
			"to": [7.9481, 10.6452, 14.10586],
			"rotation": {"angle": 0, "axis": "z", "origin": [7.61156, 10.5058, 12.71327]},
			"faces": {
				"north": {"uv": [1, 11, 0.5, 11.5], "rotation": 90, "texture": "#2"},
				"east": {"uv": [6, 0, 7.5, 0.5], "rotation": 180, "texture": "#2"},
				"south": {"uv": [1, 11, 0.5, 11.5], "rotation": 90, "texture": "#2"},
				"west": {"uv": [4.5, 0, 5, 0.5], "rotation": 270, "texture": "#2"},
				"up": {"uv": [8, 0, 6, 0.5], "texture": "#2"},
				"down": {"uv": [1, 11, 0.5, 11.5], "texture": "#2"}
			}
		},
		{
			"from": [7.55215, 10.16925, 10.54566],
			"to": [7.75096, 10.84236, 14.10586],
			"rotation": {"angle": -45, "axis": "z", "origin": [7.61156, 10.5058, 12.71327]},
			"faces": {
				"north": {"uv": [1, 11, 0.5, 11.5], "rotation": 90, "texture": "#2"},
				"east": {"uv": [6, 0, 7.5, 0.5], "rotation": 180, "texture": "#2"},
				"south": {"uv": [4.5, 0.5, 4, 1], "rotation": 90, "texture": "#2"},
				"west": {"uv": [5, 0, 5.5, 0.5], "rotation": 270, "texture": "#2"},
				"up": {"uv": [5, 0, 3.5, 1], "rotation": 180, "texture": "#2"},
				"down": {"uv": [1, 11, 0.5, 11.5], "texture": "#2"}
			}
		},
		{
			"from": [7.47215, 10.16925, 10.54566],
			"to": [7.67096, 10.84236, 14.10586],
			"rotation": {"angle": 45, "axis": "z", "origin": [7.61156, 10.5058, 11.91327]},
			"faces": {
				"north": {"uv": [1, 11, 0.5, 11.5], "rotation": 90, "texture": "#2"},
				"east": {"uv": [6, 0, 7.5, 0.5], "rotation": 180, "texture": "#2"},
				"south": {"uv": [4.5, 0, 4, 0.5], "rotation": 90, "texture": "#2"},
				"west": {"uv": [0.5, 11, 1, 11.5], "rotation": 270, "texture": "#2"},
				"up": {"uv": [5, 0, 4, 1], "rotation": 180, "texture": "#2"},
				"down": {"uv": [1, 11, 0.5, 11.5], "texture": "#2"}
			}
		},
		{
			"from": [7.53869, 10.13057, 14.02454],
			"to": [7.78138, 10.90963, 15.52218],
			"rotation": {"angle": -45, "axis": "z", "origin": [7.62004, 10.5201, 16.53335]},
			"faces": {
				"north": {"uv": [11, 0, 10.5, 0.5], "rotation": 90, "texture": "#2"},
				"east": {"uv": [6, 0, 7.5, 0.5], "rotation": 180, "texture": "#2"},
				"south": {"uv": [4, 0, 3.5, 0.5], "rotation": 90, "texture": "#2"},
				"west": {"uv": [3, 0, 3.5, 0.5], "rotation": 270, "texture": "#2"},
				"up": {"uv": [5, 0, 3.5, 1], "rotation": 180, "texture": "#2"},
				"down": {"uv": [1, 11, 0.5, 11.5], "texture": "#2"}
			}
		},
		{
			"from": [7.23051, 10.35876, 14.02454],
			"to": [8.00956, 10.68144, 15.52218],
			"rotation": {"angle": 0, "axis": "z", "origin": [7.62004, 10.5201, 16.53335]},
			"faces": {
				"north": {"uv": [3, 1, 4.5, 0], "rotation": 90, "texture": "#2"},
				"east": {"uv": [6, 0, 7.5, 0.5], "rotation": 180, "texture": "#2"},
				"south": {"uv": [3.5, 0, 3, 0.5], "rotation": 90, "texture": "#2"},
				"west": {"uv": [4.5, 0, 5, 0.5], "rotation": 270, "texture": "#2"},
				"up": {"uv": [1, 11, 0.5, 11.5], "rotation": 180, "texture": "#2"},
				"down": {"uv": [1, 11, 0.5, 11.5], "texture": "#2"}
			}
		},
		{
			"from": [7.45869, 10.13057, 14.02454],
			"to": [7.70138, 10.90963, 15.52218],
			"rotation": {"angle": 45, "axis": "z", "origin": [7.62004, 10.5201, 16.53335]},
			"faces": {
				"north": {"uv": [3, 0, 2.5, 0.5], "rotation": 90, "texture": "#2"},
				"east": {"uv": [6, 0, 7.5, 0.5], "rotation": 180, "texture": "#2"},
				"south": {"uv": [3.5, 0, 3, 0.5], "rotation": 90, "texture": "#2"},
				"west": {"uv": [0.5, 11, 1, 11.5], "rotation": 270, "texture": "#2"},
				"up": {"uv": [5, 0, 4, 1], "rotation": 180, "texture": "#2"},
				"down": {"uv": [1, 11, 0.5, 11.5], "texture": "#2"}
			}
		},
		{
			"from": [11.21302, 9.43434, 17.50346],
			"to": [12.34624, 9.64049, 17.64899],
			"rotation": {"angle": 45, "axis": "z", "origin": [8.1995, 5.96904, 17.57661]},
			"faces": {
				"north": {"uv": [15.5, 5, 16, 5.5], "rotation": 90, "texture": "#2"},
				"east": {"uv": [6, 0.5, 7.5, 0], "rotation": 180, "texture": "#2"},
				"south": {"uv": [15, 5, 15.5, 5.5], "rotation": 90, "texture": "#2"},
				"west": {"uv": [1, 11, 0.5, 11.5], "rotation": 270, "texture": "#2"},
				"up": {"uv": [16, 6, 15.5, 5.5], "texture": "#2"},
				"down": {"uv": [16, 5.3, 15, 5], "rotation": 180, "texture": "#2"}
			}
		},
		{
			"from": [8.58606, 11.218, 17.48896],
			"to": [8.76214, 11.64308, 17.66503],
			"rotation": {"angle": 0, "axis": "z", "origin": [8.1995, 11.8374, 17.57661]},
			"faces": {
				"north": {"uv": [0.5, 11, 1, 11.5], "rotation": 270, "texture": "#2"},
				"east": {"uv": [6, 0, 7.5, 0.5], "rotation": 180, "texture": "#2"},
				"south": {"uv": [0.5, 11, 1, 11.5], "rotation": 270, "texture": "#2"},
				"west": {"uv": [1, 11, 0.5, 11.5], "rotation": 90, "texture": "#2"},
				"up": {"uv": [16, 5, 15.5, 5.5], "rotation": 270, "texture": "#2"},
				"down": {"uv": [15.5, 5, 15, 5.5], "rotation": 270, "texture": "#2"}
			}
		},
		{
			"from": [8.58606, 11.34251, 17.36446],
			"to": [8.76214, 11.51858, 17.78954],
			"rotation": {"angle": 0, "axis": "z", "origin": [8.1995, 11.8374, 17.57661]},
			"faces": {
				"north": {"uv": [15, 5, 15.5, 5.5], "rotation": 270, "texture": "#2"},
				"east": {"uv": [6, 0, 7.5, 0.5], "rotation": 180, "texture": "#2"},
				"south": {"uv": [15, 4.7, 16, 5.5], "rotation": 270, "texture": "#2"},
				"west": {"uv": [1, 11, 0.5, 11.5], "rotation": 90, "texture": "#2"},
				"up": {"uv": [1, 11, 0.5, 11.5], "rotation": 270, "texture": "#2"},
				"down": {"uv": [1, 11, 0.5, 11.5], "rotation": 270, "texture": "#2"}
			}
		},
		{
			"from": [8.46156, 11.34251, 17.48896],
			"to": [8.88664, 11.51858, 17.66503],
			"rotation": {"angle": 0, "axis": "z", "origin": [8.1995, 11.8374, 17.57661]},
			"faces": {
				"north": {"uv": [0.5, 11, 1, 11.5], "rotation": 270, "texture": "#2"},
				"east": {"uv": [15, 5, 15.7, 5.65], "rotation": 180, "texture": "#2"},
				"south": {"uv": [0.5, 11, 1, 11.5], "rotation": 270, "texture": "#2"},
				"west": {"uv": [16, 5, 15.5, 5.5], "rotation": 90, "texture": "#2"},
				"up": {"uv": [1, 11, 0.5, 11.5], "rotation": 270, "texture": "#2"},
				"down": {"uv": [1, 11, 0.5, 11.5], "rotation": 270, "texture": "#2"}
			}
		},
		{
			"from": [8.03486, 11.12608, 17.48896],
			"to": [8.45994, 11.30215, 17.66503],
			"rotation": {"angle": 45, "axis": "z", "origin": [8.1995, 11.8374, 17.57661]},
			"faces": {
				"north": {"uv": [15, 5, 15.5, 5.5], "rotation": 270, "texture": "#2"},
				"east": {"uv": [15.5, 5, 16, 5.5], "rotation": 180, "texture": "#2"},
				"south": {"uv": [15, 5, 15.5, 5.5], "rotation": 270, "texture": "#2"},
				"west": {"uv": [1, 11, 0.5, 11.5], "rotation": 90, "texture": "#2"},
				"up": {"uv": [1, 11, 0.5, 11.5], "rotation": 270, "texture": "#2"},
				"down": {"uv": [1, 11, 0.5, 11.5], "rotation": 270, "texture": "#2"}
			}
		},
		{
			"from": [8.61024, 11.79727, 17.48896],
			"to": [9.03532, 11.97334, 17.66503],
			"rotation": {"angle": -45, "axis": "z", "origin": [8.1995, 11.8374, 17.57661]},
			"faces": {
				"north": {"uv": [15, 5, 15.5, 5.5], "rotation": 270, "texture": "#2"},
				"east": {"uv": [15, 5, 15.5, 5.5], "rotation": 180, "texture": "#2"},
				"south": {"uv": [15, 5.5, 15.5, 5], "rotation": 270, "texture": "#2"},
				"west": {"uv": [16, 5, 15.5, 5.5], "rotation": 90, "texture": "#2"},
				"up": {"uv": [1, 11, 0.5, 11.5], "rotation": 270, "texture": "#2"},
				"down": {"uv": [1, 11, 0.5, 11.5], "rotation": 270, "texture": "#2"}
			}
		},
		{
			"from": [8.58606, 11.33744, 17.77654],
			"to": [8.76214, 11.76252, 17.95261],
			"rotation": {"angle": 45, "axis": "x", "origin": [8.1995, 11.8374, 17.57661]},
			"faces": {
				"north": {"uv": [0.5, 11, 1, 11.5], "rotation": 270, "texture": "#2"},
				"east": {"uv": [15, 5, 15.5, 5.5], "rotation": 180, "texture": "#2"},
				"south": {"uv": [0.5, 11, 1, 11.5], "rotation": 270, "texture": "#2"},
				"west": {"uv": [15.5, 5, 15, 5.5], "rotation": 90, "texture": "#2"},
				"up": {"uv": [16, 5, 15.5, 5.5], "rotation": 270, "texture": "#2"},
				"down": {"uv": [16, 5, 15.5, 5.5], "rotation": 270, "texture": "#2"}
			}
		},
		{
			"from": [8.58606, 11.3369, 17.20116],
			"to": [8.76214, 11.76198, 17.37723],
			"rotation": {"angle": -45, "axis": "x", "origin": [8.1995, 11.8374, 17.57661]},
			"faces": {
				"north": {"uv": [0.5, 11, 1, 11.5], "rotation": 270, "texture": "#2"},
				"east": {"uv": [15, 5, 15.5, 5.5], "rotation": 180, "texture": "#2"},
				"south": {"uv": [0.5, 11, 1, 11.5], "rotation": 270, "texture": "#2"},
				"west": {"uv": [15.5, 5, 15, 5.5], "rotation": 90, "texture": "#2"},
				"up": {"uv": [16, 4.5, 15.5, 5], "rotation": 270, "texture": "#2"},
				"down": {"uv": [16, 5.5, 15.5, 5], "rotation": 270, "texture": "#2"}
			}
		},
		{
			"from": [8.44678, 11.34251, 17.69994],
			"to": [8.62286, 11.51858, 18.12502],
			"rotation": {"angle": 45, "axis": "y", "origin": [8.1995, 11.8374, 17.57661]},
			"faces": {
				"north": {"uv": [15, 5, 15.5, 5.5], "rotation": 270, "texture": "#2"},
				"east": {"uv": [6, 0, 7.5, 0.5], "rotation": 180, "texture": "#2"},
				"south": {"uv": [15.5, 5.5, 16, 6], "rotation": 270, "texture": "#2"},
				"west": {"uv": [1, 11, 0.5, 11.5], "rotation": 90, "texture": "#2"},
				"up": {"uv": [16, 5, 15.5, 5.5], "rotation": 270, "texture": "#2"},
				"down": {"uv": [15.5, 5, 15, 5.5], "rotation": 270, "texture": "#2"}
			}
		},
		{
			"from": [8.44733, 11.34251, 17.02874],
			"to": [8.6234, 11.51858, 17.45382],
			"rotation": {"angle": -45, "axis": "y", "origin": [8.1995, 11.8374, 17.57661]},
			"faces": {
				"north": {"uv": [15, 5, 15.5, 5.5], "rotation": 270, "texture": "#2"},
				"east": {"uv": [6, 0, 7.5, 0.5], "rotation": 180, "texture": "#2"},
				"south": {"uv": [15.5, 5.5, 16, 6], "rotation": 270, "texture": "#2"},
				"west": {"uv": [1, 11, 0.5, 11.5], "rotation": 90, "texture": "#2"},
				"up": {"uv": [16, 5, 15.5, 5.5], "rotation": 270, "texture": "#2"},
				"down": {"uv": [15, 5, 15.5, 5.5], "rotation": 270, "texture": "#2"}
			}
		},
		{
			"from": [7.50692, 10.36701, 12.57248],
			"to": [7.73315, 10.77319, 18.2226],
			"rotation": {"angle": 0, "axis": "z", "origin": [7.62004, 10.5001, 16.95754]},
			"faces": {
				"north": {"uv": [15.5, 5, 15, 5.5], "rotation": 90, "texture": "#2"},
				"east": {"uv": [14.5, 5, 16, 5.5], "rotation": 180, "texture": "#2"},
				"south": {"uv": [15.5, 5, 15, 5.5], "rotation": 90, "texture": "#2"},
				"west": {"uv": [15.5, 5, 16, 5.5], "rotation": 270, "texture": "#2"},
				"up": {"uv": [15.5, 5, 15, 5.5], "rotation": 180, "texture": "#2"},
				"down": {"uv": [15.5, 5, 15, 5.5], "texture": "#2"}
			}
		},
		{
			"from": [7.50692, 10.22701, 10.65248],
			"to": [7.73315, 10.77319, 15.5026],
			"rotation": {"angle": -45, "axis": "z", "origin": [7.62004, 10.5001, 11.27754]},
			"faces": {
				"north": {"uv": [15.5, 5, 15, 5.5], "rotation": 90, "texture": "#2"},
				"east": {"uv": [6, 0, 7.5, 0.5], "rotation": 180, "texture": "#2"},
				"south": {"uv": [1, 11, 0.5, 11.5], "rotation": 90, "texture": "#2"},
				"west": {"uv": [0.5, 11, 1, 11.5], "rotation": 270, "texture": "#2"},
				"up": {"uv": [15.5, 5, 15, 5.5], "rotation": 180, "texture": "#2"},
				"down": {"uv": [16, 5, 15.5, 5.5], "texture": "#2"}
			}
		},
		{
			"from": [7.50692, 10.22701, 10.65248],
			"to": [7.73315, 10.77319, 15.5026],
			"rotation": {"angle": 45, "axis": "z", "origin": [7.62004, 10.5001, 11.27754]},
			"faces": {
				"north": {"uv": [15.5, 5, 15, 5.5], "rotation": 90, "texture": "#2"},
				"east": {"uv": [6, 0, 7.5, 0.5], "rotation": 180, "texture": "#2"},
				"south": {"uv": [1, 11, 0.5, 11.5], "rotation": 90, "texture": "#2"},
				"west": {"uv": [0.5, 11, 1, 11.5], "rotation": 270, "texture": "#2"},
				"up": {"uv": [15.5, 5, 15, 5.5], "rotation": 180, "texture": "#2"},
				"down": {"uv": [15.5, 5, 15, 5.5], "texture": "#2"}
			}
		},
		{
			"from": [7.14358, 10.31446, 12.99833],
			"to": [8.13649, 10.56574, 13.53771],
			"rotation": {"angle": 0, "axis": "z", "origin": [7.62004, 10.5201, 13.26802]},
			"faces": {
				"north": {"uv": [5.5, 0, 4.5, 1], "rotation": 90, "texture": "#2"},
				"east": {"uv": [6, 0, 7.5, 0.5], "rotation": 180, "texture": "#2"},
				"south": {"uv": [5.5, 0, 4.5, 1], "rotation": 90, "texture": "#2"},
				"west": {"uv": [3.5, 0, 4.5, 1], "rotation": 270, "texture": "#2"},
				"up": {"uv": [2.15, 0, 1.35, 0.8], "rotation": 180, "texture": "#2"},
				"down": {"uv": [1, 11, 0.5, 11.5], "texture": "#2"}
			}
		},
		{
			"from": [7.4944, 10.90364, 13.03833],
			"to": [7.82567, 11.01656, 13.49771],
			"rotation": {"angle": -45, "axis": "z", "origin": [7.62004, 10.5201, 13.26802]},
			"faces": {
				"north": {"uv": [5, 0, 4, 1], "rotation": 90, "texture": "#2"},
				"east": {"uv": [6, 0, 7.5, 0.5], "rotation": 180, "texture": "#2"},
				"south": {"uv": [5.5, 0, 4.5, 1], "rotation": 90, "texture": "#2"},
				"west": {"uv": [3.5, 0, 4, 0.5], "rotation": 270, "texture": "#2"},
				"up": {"uv": [4.5, 0, 3.5, 1], "rotation": 180, "texture": "#2"},
				"down": {"uv": [5.5, 0, 5, 0.5], "texture": "#2"}
			}
		},
		{
			"from": [8.00358, 10.39447, 13.03833],
			"to": [8.11649, 10.72574, 13.49771],
			"rotation": {"angle": 0, "axis": "z", "origin": [6.46003, 10.56011, 13.26802]},
			"faces": {
				"north": {"uv": [5, 0, 4, 1], "texture": "#2"},
				"east": {"uv": [4.5, 0, 3.5, 1], "rotation": 270, "texture": "#2"},
				"south": {"uv": [5.5, 0, 4.5, 1], "rotation": 180, "texture": "#2"},
				"west": {"uv": [4, 0, 3.5, 0.5], "rotation": 90, "texture": "#2"},
				"up": {"uv": [3.5, 0, 4, 0.5], "texture": "#2"},
				"down": {"uv": [6, 0, 7.5, 0.5], "rotation": 270, "texture": "#2"}
			}
		},
		{
			"from": [7.25098, 10.84708, 13.03833],
			"to": [7.88225, 10.95999, 13.49771],
			"rotation": {"angle": 0, "axis": "z", "origin": [8.27661, 10.74353, 13.26802]},
			"faces": {
				"north": {"uv": [5, 0, 4, 1], "rotation": 90, "texture": "#2"},
				"east": {"uv": [6, 0, 7.5, 0.5], "rotation": 180, "texture": "#2"},
				"south": {"uv": [5.5, 0, 4.5, 1], "rotation": 90, "texture": "#2"},
				"west": {"uv": [3.5, 0, 4, 0.5], "rotation": 270, "texture": "#2"},
				"up": {"uv": [4.5, 0, 3.5, 1], "rotation": 180, "texture": "#2"},
				"down": {"uv": [5, 0, 4.5, 0.5], "texture": "#2"}
			}
		},
		{
			"from": [7.15806, 10.53599, 13.03833],
			"to": [7.25098, 10.95999, 13.49771],
			"rotation": {"angle": 0, "axis": "z", "origin": [7.36486, 10.95868, 13.49771]},
			"faces": {
				"north": {"uv": [6, 0, 5, 1], "rotation": 180, "texture": "#2"},
				"east": {"uv": [12, 0, 11.5, 0.5], "rotation": 270, "texture": "#2"},
				"south": {"uv": [4.5, 0, 3.5, 1], "texture": "#2"},
				"west": {"uv": [4, 0, 3, 1], "rotation": 90, "texture": "#2"},
				"up": {"uv": [6, 0, 7.5, 0.5], "rotation": 90, "texture": "#2"},
				"down": {"uv": [0.5, 11, 1, 11.5], "rotation": 180, "texture": "#2"}
			}
		},
		{
			"from": [7.56973, 10.55026, 17.50346],
			"to": [7.88004, 10.75642, 17.64899],
			"rotation": {"angle": 0, "axis": "z", "origin": [8.19949, 9.82648, 17.57661]},
			"faces": {
				"north": {"uv": [15.5, 5, 15, 5.5], "rotation": 90, "texture": "#2"},
				"east": {"uv": [6, 0, 7.5, 0.5], "rotation": 180, "texture": "#2"},
				"south": {"uv": [16, 5, 15.5, 5.5], "rotation": 90, "texture": "#2"},
				"west": {"uv": [15.5, 5, 16, 5.5], "rotation": 270, "texture": "#2"},
				"up": {"uv": [15.2, 5.75, 16, 5], "rotation": 270, "texture": "#2"},
				"down": {"uv": [16, 5, 15.5, 5.5], "texture": "#2"}
			}
		},
		{
			"from": [7.37806, 10.46382, 3.06346],
			"to": [7.86202, 10.94272, 7.2943],
			"rotation": {"angle": 0, "axis": "z", "origin": [7.62004, 10.70328, 5.17888]},
			"faces": {
				"north": {"uv": [7, 2, 7.5, 1.5], "rotation": 180, "texture": "#2"},
				"east": {"uv": [8.5, 2, 9, 2.5], "texture": "#2"},
				"south": {"uv": [1.5, 0.5, 2, 0], "rotation": 180, "texture": "#2"},
				"west": {"uv": [5.5, 2, 6, 2.5], "texture": "#2"},
				"up": {"uv": [4.5, 2, 5, 1.5], "rotation": 270, "texture": "#2"},
				"down": {"uv": [2, 11.5, 2.5, 11], "rotation": 90, "texture": "#2"}
			}
		},
		{
			"from": [7.28957, 10.93396, 3.2828],
			"to": [7.95051, 11.01186, 3.36478],
			"rotation": {"angle": 0, "axis": "z", "origin": [7.62004, 10.95291, 3.32379]},
			"faces": {
				"north": {"uv": [2, 1.5, 2.5, 2], "rotation": 270, "texture": "#2"},
				"east": {"uv": [3, 1.5, 2.5, 2], "rotation": 90, "texture": "#2"},
				"south": {"uv": [2, 2, 2.5, 2.5], "rotation": 270, "texture": "#2"},
				"west": {"uv": [2.5, 2.5, 2, 3], "rotation": 90, "texture": "#2"},
				"up": {"uv": [4, 2, 3.5, 2.5], "rotation": 90, "texture": "#2"},
				"down": {"uv": [3, 2, 2.5, 2.5], "rotation": 90, "texture": "#2"}
			}
		},
		{
			"from": [7.16188, 10.68172, 6.4211],
			"to": [8.0782, 10.90507, 6.61362],
			"rotation": {"angle": 0, "axis": "z", "origin": [7.62004, 10.7934, 6.52736]},
			"faces": {
				"north": {"uv": [8, 1, 8.5, 1.5], "rotation": 270, "texture": "#2"},
				"east": {"uv": [4.5, 1.5, 4, 2], "rotation": 90, "texture": "#2"},
				"south": {"uv": [7.5, 2, 8, 2.5], "rotation": 270, "texture": "#2"},
				"west": {"uv": [6, 1.5, 5.5, 2], "rotation": 90, "texture": "#2"},
				"up": {"uv": [5, 1.5, 4.5, 2], "rotation": 90, "texture": "#2"},
				"down": {"uv": [2.5, 11, 2, 11.5], "rotation": 90, "texture": "#2"}
			}
		},
		{
			"from": [7.25596, 10.29685, 6.23966],
			"to": [7.9919, 11.06265, 6.81452],
			"rotation": {"angle": 0, "axis": "z", "origin": [7.30393, 10.83975, 6.52709]},
			"faces": {
				"north": {"uv": [7, 1, 7.5, 1.5], "rotation": 270, "texture": "#2"},
				"east": {"uv": [8, 1.5, 7.5, 2], "rotation": 90, "texture": "#2"},
				"south": {"uv": [5.5, 1, 6, 1.5], "rotation": 270, "texture": "#2"},
				"west": {"uv": [5, 1.5, 4.5, 2], "rotation": 90, "texture": "#2"},
				"up": {"uv": [8, 1.5, 7.5, 2], "rotation": 270, "texture": "#2"},
				"down": {"uv": [2.5, 11, 2, 11.5], "rotation": 270, "texture": "#2"}
			}
		},
		{
			"from": [7.25596, 10.94135, 6.39202],
			"to": [7.3519, 11.21499, 6.66218],
			"rotation": {"angle": 0, "axis": "z", "origin": [7.30393, 11.07817, 6.5271]},
			"faces": {
				"north": {"uv": [2, 11, 2.5, 11.5], "rotation": 270, "texture": "#2"},
				"east": {"uv": [6, 1, 5.5, 1.5], "rotation": 90, "texture": "#2"},
				"south": {"uv": [2, 11, 2.5, 11.5], "rotation": 270, "texture": "#2"},
				"west": {"uv": [7, 2, 6.5, 2.5], "rotation": 90, "texture": "#2"},
				"up": {"uv": [6, 2, 5.5, 2.5], "rotation": 270, "texture": "#2"},
				"down": {"uv": [2.5, 11, 2, 11.5], "rotation": 270, "texture": "#2"}
			}
		},
		{
			"from": [7.25596, 10.95213, 6.28313],
			"to": [7.3519, 11.16757, 6.5065],
			"rotation": {"angle": 45, "axis": "x", "origin": [7.30393, 11.05985, 6.39481]},
			"faces": {
				"north": {"uv": [6, 1, 6.5, 1.5], "rotation": 270, "texture": "#2"},
				"east": {"uv": [6.5, 1.5, 6, 2], "rotation": 90, "texture": "#2"},
				"south": {"uv": [2, 11, 2.5, 11.5], "rotation": 270, "texture": "#2"},
				"west": {"uv": [7, 0.5, 6.5, 1], "rotation": 90, "texture": "#2"},
				"up": {"uv": [2.5, 11, 2, 11.5], "rotation": 270, "texture": "#2"},
				"down": {"uv": [2.5, 11, 2, 11.5], "rotation": 270, "texture": "#2"}
			}
		},
		{
			"from": [7.25596, 10.95213, 6.54769],
			"to": [7.3519, 11.16757, 6.77106],
			"rotation": {"angle": -45, "axis": "x", "origin": [7.30393, 11.05985, 6.65937]},
			"faces": {
				"north": {"uv": [2, 11, 2.5, 11.5], "rotation": 270, "texture": "#2"},
				"east": {"uv": [6, 1.5, 5.5, 2], "rotation": 90, "texture": "#2"},
				"south": {"uv": [6, 1.5, 6.5, 2], "rotation": 270, "texture": "#2"},
				"west": {"uv": [6, 2, 5.5, 2.5], "rotation": 90, "texture": "#2"},
				"up": {"uv": [2.5, 11, 2, 11.5], "rotation": 270, "texture": "#2"},
				"down": {"uv": [2.5, 11, 2, 11.5], "rotation": 270, "texture": "#2"}
			}
		},
		{
			"from": [7.88818, 10.94135, 6.39202],
			"to": [7.98411, 11.21499, 6.66218],
			"rotation": {"angle": 0, "axis": "z", "origin": [7.93614, 11.07817, 6.5271]},
			"faces": {
				"north": {"uv": [2.5, 11, 2, 11.5], "rotation": 90, "texture": "#2"},
				"east": {"uv": [7.5, 1.5, 8, 2], "rotation": 270, "texture": "#2"},
				"south": {"uv": [2.5, 11, 2, 11.5], "rotation": 90, "texture": "#2"},
				"west": {"uv": [6.5, 1.5, 7, 2], "rotation": 270, "texture": "#2"},
				"up": {"uv": [6, 1, 6.5, 1.5], "rotation": 90, "texture": "#2"},
				"down": {"uv": [2, 11, 2.5, 11.5], "rotation": 90, "texture": "#2"}
			}
		},
		{
			"from": [7.88818, 10.95213, 6.28313],
			"to": [7.98411, 11.16757, 6.5065],
			"rotation": {"angle": 45, "axis": "x", "origin": [7.93615, 11.05985, 6.39481]},
			"faces": {
				"north": {"uv": [5.5, 1.5, 5, 2], "rotation": 90, "texture": "#2"},
				"east": {"uv": [6.5, 1.5, 7, 2], "rotation": 270, "texture": "#2"},
				"south": {"uv": [2.5, 11, 2, 11.5], "rotation": 90, "texture": "#2"},
				"west": {"uv": [5.5, 1.5, 6, 2], "rotation": 270, "texture": "#2"},
				"up": {"uv": [2, 11, 2.5, 11.5], "rotation": 90, "texture": "#2"},
				"down": {"uv": [2, 11, 2.5, 11.5], "rotation": 90, "texture": "#2"}
			}
		},
		{
			"from": [7.88818, 10.95213, 6.54769],
			"to": [7.98411, 11.16757, 6.77106],
			"rotation": {"angle": -45, "axis": "x", "origin": [7.93615, 11.05985, 6.65937]},
			"faces": {
				"north": {"uv": [2.5, 11, 2, 11.5], "rotation": 90, "texture": "#2"},
				"east": {"uv": [7.5, 1.5, 8, 2], "rotation": 270, "texture": "#2"},
				"south": {"uv": [7, 1.5, 6.5, 2], "rotation": 90, "texture": "#2"},
				"west": {"uv": [6.5, 1, 7.5, 1.5], "rotation": 270, "texture": "#2"},
				"up": {"uv": [2, 11, 2.5, 11.5], "rotation": 90, "texture": "#2"},
				"down": {"uv": [2, 11, 2.5, 11.5], "rotation": 90, "texture": "#2"}
			}
		},
		{
			"from": [7.32225, 10.87886, 3.22674],
			"to": [7.39253, 11.1525, 3.4309],
			"rotation": {"angle": 0, "axis": "z", "origin": [7.35738, 11.01568, 3.32881]},
			"faces": {
				"north": {"uv": [2, 11, 2.5, 11.5], "rotation": 270, "texture": "#2"},
				"east": {"uv": [5.5, 1.5, 5, 2], "rotation": 90, "texture": "#2"},
				"south": {"uv": [2, 11, 2.5, 11.5], "rotation": 270, "texture": "#2"},
				"west": {"uv": [6, 0, 5.5, 0.5], "rotation": 90, "texture": "#2"},
				"up": {"uv": [3.5, 1.5, 3, 2], "rotation": 270, "texture": "#2"},
				"down": {"uv": [2.5, 11, 2, 11.5], "rotation": 270, "texture": "#2"}
			}
		},
		{
			"from": [7.32225, 10.88964, 3.11786],
			"to": [7.39253, 11.10508, 3.34122],
			"rotation": {"angle": 45, "axis": "x", "origin": [7.35738, 10.99736, 3.22954]},
			"faces": {
				"north": {"uv": [2.5, 2.5, 3, 3], "rotation": 270, "texture": "#2"},
				"east": {"uv": [5.5, 1.5, 5, 2], "rotation": 90, "texture": "#2"},
				"south": {"uv": [2, 11, 2.5, 11.5], "rotation": 270, "texture": "#2"},
				"west": {"uv": [6.5, 1.5, 6, 2], "rotation": 90, "texture": "#2"},
				"up": {"uv": [2.5, 11, 2, 11.5], "rotation": 270, "texture": "#2"},
				"down": {"uv": [2.5, 11, 2, 11.5], "rotation": 270, "texture": "#2"}
			}
		},
		{
			"from": [7.32225, 10.88964, 3.3164],
			"to": [7.39252, 11.10508, 3.53977],
			"rotation": {"angle": -45, "axis": "x", "origin": [7.35738, 10.99736, 3.42808]},
			"faces": {
				"north": {"uv": [2, 11, 2.5, 11.5], "rotation": 270, "texture": "#2"},
				"east": {"uv": [5.5, 1.5, 5, 2], "rotation": 90, "texture": "#2"},
				"south": {"uv": [2.5, 1.5, 3, 2], "rotation": 270, "texture": "#2"},
				"west": {"uv": [6, 0, 5.5, 0.5], "rotation": 90, "texture": "#2"},
				"up": {"uv": [3.5, 1.5, 3, 2], "rotation": 270, "texture": "#2"},
				"down": {"uv": [2.5, 2.5, 2, 3], "rotation": 270, "texture": "#2"}
			}
		},
		{
			"from": [7.32755, 10.55436, 3.0744],
			"to": [7.91782, 11.00016, 3.58323],
			"rotation": {"angle": 0, "axis": "z", "origin": [7.88269, 10.77726, 3.32881]},
			"faces": {
				"north": {"uv": [7, 1.5, 6.5, 2], "rotation": 90, "texture": "#2"},
				"east": {"uv": [9, 1.5, 9.5, 2], "rotation": 270, "texture": "#2"},
				"south": {"uv": [4.5, 1.5, 4, 2], "rotation": 90, "texture": "#2"},
				"west": {"uv": [6, 1.5, 6.5, 2], "rotation": 270, "texture": "#2"},
				"up": {"uv": [7.5, 1.5, 8, 2], "rotation": 90, "texture": "#2"},
				"down": {"uv": [2, 11, 2.5, 11.5], "rotation": 90, "texture": "#2"}
			}
		},
		{
			"from": [7.84755, 10.87886, 3.22674],
			"to": [7.91782, 11.1525, 3.4309],
			"rotation": {"angle": 0, "axis": "z", "origin": [7.88269, 11.01568, 3.32881]},
			"faces": {
				"north": {"uv": [2.5, 11, 2, 11.5], "rotation": 90, "texture": "#2"},
				"east": {"uv": [9, 1.5, 9.5, 2], "rotation": 270, "texture": "#2"},
				"south": {"uv": [2.5, 11, 2, 11.5], "rotation": 90, "texture": "#2"},
				"west": {"uv": [1.5, 2, 2, 2.5], "rotation": 270, "texture": "#2"},
				"up": {"uv": [3, 2, 3.5, 2.5], "rotation": 90, "texture": "#2"},
				"down": {"uv": [2, 11, 2.5, 11.5], "rotation": 90, "texture": "#2"}
			}
		},
		{
			"from": [7.84755, 10.88964, 3.11786],
			"to": [7.91782, 11.10508, 3.34122],
			"rotation": {"angle": 45, "axis": "x", "origin": [7.88269, 10.99736, 3.22954]},
			"faces": {
				"north": {"uv": [3.5, 2, 3, 2.5], "rotation": 90, "texture": "#2"},
				"east": {"uv": [9, 1.5, 9.5, 2], "rotation": 270, "texture": "#2"},
				"south": {"uv": [2.5, 11, 2, 11.5], "rotation": 90, "texture": "#2"},
				"west": {"uv": [1.5, 2, 2, 2.5], "rotation": 270, "texture": "#2"},
				"up": {"uv": [2, 11, 2.5, 11.5], "rotation": 90, "texture": "#2"},
				"down": {"uv": [2, 11, 2.5, 11.5], "rotation": 90, "texture": "#2"}
			}
		},
		{
			"from": [7.84755, 10.88964, 3.3164],
			"to": [7.91783, 11.10508, 3.53977],
			"rotation": {"angle": -45, "axis": "x", "origin": [7.88269, 10.99736, 3.42808]},
			"faces": {
				"north": {"uv": [2.5, 11, 2, 11.5], "rotation": 90, "texture": "#2"},
				"east": {"uv": [9, 1.5, 9.5, 2], "rotation": 270, "texture": "#2"},
				"south": {"uv": [3.5, 2.5, 3, 3], "rotation": 90, "texture": "#2"},
				"west": {"uv": [1.5, 2, 2, 2.5], "rotation": 270, "texture": "#2"},
				"up": {"uv": [3, 2, 3.5, 2.5], "rotation": 90, "texture": "#2"},
				"down": {"uv": [2, 11, 2.5, 11.5], "rotation": 90, "texture": "#2"}
			}
		},
		{
			"name": "blt.001",
			"from": [7.44666, 10.77644, 11.81836],
			"to": [7.72757, 11.05736, 12.95061],
			"rotation": {"angle": 0, "axis": "y", "origin": [7.98711, 8.5169, 8.22448]},
			"faces": {
				"north": {"uv": [8, 5, 9, 6], "texture": "#2"},
				"east": {"uv": [7.5, 3.5, 9.5, 6], "rotation": 180, "texture": "#2"},
				"south": {"uv": [7.5, 4, 9, 5.5], "rotation": 270, "texture": "#2"},
				"west": {"uv": [7.5, 4.5, 9.5, 6], "texture": "#2"},
				"up": {"uv": [7.5, 5, 9.5, 6], "rotation": 270, "texture": "#2"},
				"down": {"uv": [7.5, 3.5, 9.5, 6], "rotation": 90, "texture": "#2"}
			}
		},
		{
			"name": "blt.002",
			"from": [7.49053, 10.82032, 11.18157],
			"to": [7.6837, 11.01348, 11.78901],
			"rotation": {"angle": 0, "axis": "y", "origin": [7.98711, 8.5169, 7.32529]},
			"faces": {
				"north": {"uv": [4.5, 3.5, 5.5, 4.5], "rotation": 270, "texture": "#2"},
				"east": {"uv": [4, 3.5, 6.5, 6], "rotation": 180, "texture": "#2"},
				"south": {"uv": [4, 5.5, 4.5, 6], "rotation": 270, "texture": "#2"},
				"west": {"uv": [4, 3.5, 6.5, 6], "texture": "#2"},
				"up": {"uv": [4, 3.5, 6.5, 6], "rotation": 270, "texture": "#2"},
				"down": {"uv": [4, 3.5, 6.5, 6], "rotation": 90, "texture": "#2"}
			}
		},
		{
			"name": "blt.003",
			"from": [7.51962, 10.8494, 11.04441],
			"to": [7.65461, 10.9844, 11.31603],
			"rotation": {"angle": 0, "axis": "y", "origin": [7.98711, 8.5169, 7.02022]},
			"faces": {
				"north": {"uv": [4.5, 3.5, 5.5, 4.5], "rotation": 270, "texture": "#2"},
				"east": {"uv": [4, 3.5, 6.5, 6], "rotation": 180, "texture": "#2"},
				"south": {"uv": [4, 5.5, 4.5, 6], "rotation": 270, "texture": "#2"},
				"west": {"uv": [4, 3.5, 6.5, 6], "texture": "#2"},
				"up": {"uv": [4, 3.5, 6.5, 6], "rotation": 270, "texture": "#2"},
				"down": {"uv": [4, 3.5, 6.5, 6], "rotation": 90, "texture": "#2"}
			}
		},
		{
			"name": "blt",
			"from": [7.54037, 10.87015, 10.98486],
			"to": [7.63386, 10.96364, 11.17298],
			"rotation": {"angle": 0, "axis": "y", "origin": [7.98711, 8.5169, 6.91892]},
			"faces": {
				"north": {"uv": [4.5, 3.5, 5.5, 4.5], "rotation": 270, "texture": "#2"},
				"east": {"uv": [4, 3.5, 6.5, 6], "rotation": 180, "texture": "#2"},
				"south": {"uv": [4, 5.5, 4.5, 6], "rotation": 270, "texture": "#2"},
				"west": {"uv": [4, 3.5, 6.5, 6], "texture": "#2"},
				"up": {"uv": [4, 3.5, 6.5, 6], "rotation": 270, "texture": "#2"},
				"down": {"uv": [4, 3.5, 6.5, 6], "rotation": 90, "texture": "#2"}
			}
		},
		{
			"name": "blt.004",
			"from": [7.48037, 10.81015, 11.4932],
			"to": [7.69386, 11.02364, 11.93894],
			"rotation": {"angle": 0, "axis": "y", "origin": [7.98711, 8.5169, 7.55607]},
			"faces": {
				"north": {"uv": [8, 5, 9, 6], "texture": "#2"},
				"east": {"uv": [7.5, 3.5, 9.5, 6], "rotation": 180, "texture": "#2"},
				"south": {"uv": [7.5, 4, 9, 5.5], "rotation": 270, "texture": "#2"},
				"west": {"uv": [7.5, 4.5, 9.5, 6], "texture": "#2"},
				"up": {"uv": [7.5, 5, 9.5, 6], "rotation": 270, "texture": "#2"},
				"down": {"uv": [7.5, 3.5, 9.5, 6], "rotation": 90, "texture": "#2"}
			}
		},
		{
			"name": "blt.005",
			"from": [7.44666, 11.0749, 11.81836],
			"to": [7.72757, 11.35582, 12.95061],
			"rotation": {"angle": 0, "axis": "y", "origin": [7.98711, 8.81536, 8.22448]},
			"faces": {
				"north": {"uv": [8, 5, 9, 6], "texture": "#2"},
				"east": {"uv": [7.5, 3.5, 9.5, 6], "rotation": 180, "texture": "#2"},
				"south": {"uv": [7.5, 4, 9, 5.5], "rotation": 270, "texture": "#2"},
				"west": {"uv": [7.5, 4.5, 9.5, 6], "texture": "#2"},
				"up": {"uv": [7.5, 4.5, 9.5, 6], "rotation": 270, "texture": "#2"},
				"down": {"uv": [7.5, 3.5, 9.5, 6], "rotation": 90, "texture": "#2"}
			}
		},
		{
			"name": "blt.006",
			"from": [7.49053, 11.11878, 11.18157],
			"to": [7.6837, 11.31194, 11.78901],
			"rotation": {"angle": 0, "axis": "y", "origin": [7.98711, 8.81536, 7.32529]},
			"faces": {
				"north": {"uv": [4.5, 3.5, 5.5, 4.5], "rotation": 270, "texture": "#2"},
				"east": {"uv": [4, 3.5, 6.5, 6], "rotation": 180, "texture": "#2"},
				"south": {"uv": [4, 5.5, 4.5, 6], "rotation": 270, "texture": "#2"},
				"west": {"uv": [4, 3.5, 6.5, 6], "texture": "#2"},
				"up": {"uv": [4, 3.5, 6.5, 6], "rotation": 270, "texture": "#2"},
				"down": {"uv": [4, 3.5, 6.5, 6], "rotation": 90, "texture": "#2"}
			}
		},
		{
			"name": "blt.007",
			"from": [7.51962, 11.14787, 11.04441],
			"to": [7.65461, 11.28286, 11.31603],
			"rotation": {"angle": 0, "axis": "y", "origin": [7.98711, 8.81536, 7.02022]},
			"faces": {
				"north": {"uv": [4.5, 3.5, 5.5, 4.5], "rotation": 270, "texture": "#2"},
				"east": {"uv": [4, 3.5, 6.5, 6], "rotation": 180, "texture": "#2"},
				"south": {"uv": [4, 5.5, 4.5, 6], "rotation": 270, "texture": "#2"},
				"west": {"uv": [4, 3.5, 6.5, 6], "texture": "#2"},
				"up": {"uv": [4, 3.5, 6.5, 6], "rotation": 270, "texture": "#2"},
				"down": {"uv": [4, 3.5, 6.5, 6], "rotation": 90, "texture": "#2"}
			}
		},
		{
			"name": "blt.008",
			"from": [7.54037, 11.16861, 10.98486],
			"to": [7.63386, 11.26211, 11.17298],
			"rotation": {"angle": 0, "axis": "y", "origin": [7.98711, 8.81536, 6.91892]},
			"faces": {
				"north": {"uv": [4.5, 3.5, 5.5, 4.5], "rotation": 270, "texture": "#2"},
				"east": {"uv": [4, 3.5, 6.5, 6], "rotation": 180, "texture": "#2"},
				"south": {"uv": [4, 5.5, 4.5, 6], "rotation": 270, "texture": "#2"},
				"west": {"uv": [4, 3.5, 6.5, 6], "texture": "#2"},
				"up": {"uv": [4, 3.5, 6.5, 6], "rotation": 270, "texture": "#2"},
				"down": {"uv": [4, 3.5, 6.5, 6], "rotation": 90, "texture": "#2"}
			}
		},
		{
			"name": "blt.009",
			"from": [7.48037, 11.10861, 11.4932],
			"to": [7.69386, 11.32211, 11.93894],
			"rotation": {"angle": 0, "axis": "y", "origin": [7.98711, 8.81536, 7.55607]},
			"faces": {
				"north": {"uv": [8, 5, 9, 6], "texture": "#2"},
				"east": {"uv": [7.5, 3.5, 9.5, 6], "rotation": 180, "texture": "#2"},
				"south": {"uv": [7.5, 4, 9, 5.5], "rotation": 270, "texture": "#2"},
				"west": {"uv": [7.5, 4.5, 9.5, 6], "texture": "#2"},
				"up": {"uv": [7.5, 4.5, 9.5, 6], "rotation": 270, "texture": "#2"},
				"down": {"uv": [7.5, 3.5, 9.5, 6], "rotation": 90, "texture": "#2"}
			}
		},
		{
			"name": "blt.010",
			"from": [7.44666, 11.38988, 11.81836],
			"to": [7.72757, 11.6708, 12.95061],
			"rotation": {"angle": 0, "axis": "y", "origin": [7.98711, 9.13035, 8.22448]},
			"faces": {
				"north": {"uv": [8, 5, 9, 6], "texture": "#2"},
				"east": {"uv": [7.5, 3.5, 9.5, 6], "rotation": 180, "texture": "#2"},
				"south": {"uv": [7.5, 4, 9, 5.5], "rotation": 270, "texture": "#2"},
				"west": {"uv": [7.5, 4, 9.5, 6], "texture": "#2"},
				"up": {"uv": [7.5, 3.5, 9.5, 6], "rotation": 270, "texture": "#2"},
				"down": {"uv": [7.5, 3.5, 9.5, 6], "rotation": 90, "texture": "#2"}
			}
		},
		{
			"name": "blt.011",
			"from": [7.49053, 11.43376, 11.18157],
			"to": [7.6837, 11.62693, 11.78901],
			"rotation": {"angle": 0, "axis": "y", "origin": [7.98711, 9.13035, 7.32529]},
			"faces": {
				"north": {"uv": [4.5, 3.5, 5.5, 4.5], "rotation": 270, "texture": "#2"},
				"east": {"uv": [4, 3.5, 6.5, 6], "rotation": 180, "texture": "#2"},
				"south": {"uv": [4, 5.5, 4.5, 6], "rotation": 270, "texture": "#2"},
				"west": {"uv": [4, 3.5, 6.5, 6], "texture": "#2"},
				"up": {"uv": [4, 3.5, 6.5, 6], "rotation": 270, "texture": "#2"},
				"down": {"uv": [4, 3.5, 6.5, 6], "rotation": 90, "texture": "#2"}
			}
		},
		{
			"name": "blt.012",
			"from": [7.51962, 11.46285, 11.04441],
			"to": [7.65461, 11.59784, 11.31603],
			"rotation": {"angle": 0, "axis": "y", "origin": [7.98711, 9.13035, 7.02022]},
			"faces": {
				"north": {"uv": [4.5, 3.5, 5.5, 4.5], "rotation": 270, "texture": "#2"},
				"east": {"uv": [4, 3.5, 6.5, 6], "rotation": 180, "texture": "#2"},
				"south": {"uv": [4, 5.5, 4.5, 6], "rotation": 270, "texture": "#2"},
				"west": {"uv": [4, 3.5, 6.5, 6], "texture": "#2"},
				"up": {"uv": [4, 3.5, 6.5, 6], "rotation": 270, "texture": "#2"},
				"down": {"uv": [4, 3.5, 6.5, 6], "rotation": 90, "texture": "#2"}
			}
		},
		{
			"name": "blt.013",
			"from": [7.54037, 11.4836, 10.98486],
			"to": [7.63386, 11.57709, 11.17298],
			"rotation": {"angle": 0, "axis": "y", "origin": [7.98711, 9.13035, 6.91892]},
			"faces": {
				"north": {"uv": [4.5, 3.5, 5.5, 4.5], "rotation": 270, "texture": "#2"},
				"east": {"uv": [4, 3.5, 6.5, 6], "rotation": 180, "texture": "#2"},
				"south": {"uv": [4, 5.5, 4.5, 6], "rotation": 270, "texture": "#2"},
				"west": {"uv": [4, 3.5, 6.5, 6], "texture": "#2"},
				"up": {"uv": [4, 3.5, 6.5, 6], "rotation": 270, "texture": "#2"},
				"down": {"uv": [4, 3.5, 6.5, 6], "rotation": 90, "texture": "#2"}
			}
		},
		{
			"name": "blt.014",
			"from": [7.48037, 11.4236, 11.4932],
			"to": [7.69386, 11.63709, 11.93894],
			"rotation": {"angle": 0, "axis": "y", "origin": [7.98711, 9.13035, 7.55607]},
			"faces": {
				"north": {"uv": [8, 5, 9, 6], "texture": "#2"},
				"east": {"uv": [7.5, 3.5, 9.5, 6], "rotation": 180, "texture": "#2"},
				"south": {"uv": [7.5, 4, 9, 5.5], "rotation": 270, "texture": "#2"},
				"west": {"uv": [7.5, 3.5, 9.5, 6], "texture": "#2"},
				"up": {"uv": [7.5, 3.5, 9.5, 6], "rotation": 270, "texture": "#2"},
				"down": {"uv": [7.5, 3.5, 9.5, 6], "rotation": 90, "texture": "#2"}
			}
		},
		{
			"name": "clp.001",
			"from": [7.72517, 10.58324, 12.8972],
			"to": [7.74717, 12.09196, 13.02527],
			"rotation": {"angle": 0, "axis": "y", "origin": [8.13617, 8.9376, 8.80124]},
			"faces": {
				"north": {"uv": [12, 3.5, 12.5, 4], "rotation": 270, "texture": "#2"},
				"east": {"uv": [12.5, 3.5, 12, 4], "rotation": 90, "texture": "#2"},
				"south": {"uv": [12, 3.5, 12.5, 4], "rotation": 270, "texture": "#2"},
				"west": {"uv": [12.5, 3.5, 12, 4], "rotation": 90, "texture": "#2"},
				"up": {"uv": [12.5, 3.5, 12, 4], "rotation": 270, "texture": "#2"},
				"down": {"uv": [12.5, 3.5, 12, 4], "rotation": 270, "texture": "#2"}
			}
		},
		{
			"name": "clp",
			"from": [7.43908, 10.57815, 12.9732],
			"to": [7.73514, 12.08687, 13.02073],
			"rotation": {"angle": 0, "axis": "y", "origin": [7.98711, 8.93251, 8.83697]},
			"faces": {
				"north": {"uv": [12, 3.5, 12.5, 4], "rotation": 270, "texture": "#2"},
				"east": {"uv": [12.5, 3.5, 12, 4], "rotation": 90, "texture": "#2"},
				"south": {"uv": [12, 3.5, 12.5, 4], "rotation": 270, "texture": "#2"},
				"west": {"uv": [12.5, 3.5, 12, 4], "rotation": 90, "texture": "#2"},
				"up": {"uv": [12.5, 3.5, 12, 4], "rotation": 270, "texture": "#2"},
				"down": {"uv": [12.5, 3.5, 12, 4], "rotation": 270, "texture": "#2"}
			}
		},
		{
			"name": "clp.002",
			"from": [7.42706, 10.58324, 12.8972],
			"to": [7.44906, 12.09196, 13.02527],
			"rotation": {"angle": 0, "axis": "y", "origin": [7.83806, 8.9376, 8.80124]},
			"faces": {
				"north": {"uv": [12, 3.5, 12.5, 4], "rotation": 270, "texture": "#2"},
				"east": {"uv": [12.5, 3.5, 12, 4], "rotation": 90, "texture": "#2"},
				"south": {"uv": [12, 3.5, 12.5, 4], "rotation": 270, "texture": "#2"},
				"west": {"uv": [12.5, 3.5, 12, 4], "rotation": 90, "texture": "#2"},
				"up": {"uv": [12.5, 3.5, 12, 4], "rotation": 270, "texture": "#2"},
				"down": {"uv": [12.5, 3.5, 12, 4], "rotation": 270, "texture": "#2"}
			}
		}
	],
	"display": {
		"thirdperson_righthand": {
			"rotation": [3.8, 33.22, -5.91],
			"translation": [-1.5, 0.25, -1.25],
			"scale": [0.64, 0.64, 0.64]
		},
		"thirdperson_lefthand": {
			"translation": [0, 0, -3.75],
			"scale": [0.64, 0.64, 0.64]
		},
		"firstperson_righthand": {
			"rotation": [26.18, 22.58, 8.31],
			"translation": [-7.5, 3.75, -1]
		},
		"ground": {
			"rotation": [0, 0, 90],
			"scale": [0.67, 0.67, 0.67]
		},
		"gui": {
			"rotation": [59.25, -42.5, 53],
			"translation": [0.25, -0.5, 0],
			"scale": [0.74, 0.74, 0.74]
		},
		"head": {
			"rotation": [98.75, 3.5, 5.5],
			"translation": [7.5, -11, 4.5]
		},
		"fixed": {
			"rotation": [0, 90, 0],
			"translation": [0, -1.25, -2.5]
		}
	},
	"groups": [
		{
			"name": "stock",
			"origin": [0, 0, 0],
			"color": 0,
			"children": [0, 1, 2, 3, 4, 5, 6]
		},
		{
			"name": "barrel",
			"origin": [0, 0, 0],
			"color": 0,
			"children": []
		},
		{
			"name": "rod",
			"origin": [0, 0, 0],
			"color": 0,
			"children": [7]
		},
		{
			"name": "rod_hold",
			"origin": [0, 0, 0],
			"color": 0,
			"children": [8, 9]
		},
		{
			"name": "btn",
			"origin": [0, 0, 0],
			"color": 0,
			"children": [10, 11, 12, 13, 14, 15, 16]
		},
		{
			"name": "cartridge_bottom",
			"origin": [0, 0, 0],
			"color": 0,
			"children": [17, 18, 19]
		},
		{
			"name": "body_front_top",
			"origin": [0, 0, 0],
			"color": 0,
			"children": []
		},
		{
			"name": "body_front_bottom",
			"origin": [0, 0, 0],
			"color": 0,
			"children": [20, 21]
		},
		{
			"name": "body_back_top",
			"origin": [0, 0, 0],
			"color": 0,
			"children": [22]
		},
		{
			"name": "body_back_bottom",
			"origin": [0, 0, 0],
			"color": 0,
			"children": [23, 24, 25]
		},
		{
			"name": "metal_ring_front",
			"origin": [0, 0, 0],
			"color": 0,
			"children": [26, 27, 28, 29, 30, 31, 32]
		},
		{
			"name": "metal_end",
			"origin": [0, 0, 0],
			"color": 0,
			"children": [33, 34, 35, 36, 37, 38, 39, 40, 41]
		},
		{
			"name": "metal_ring_middle_bottom",
			"origin": [0, 0, 0],
			"color": 0,
			"children": []
		},
		{
			"name": "bolt",
			"origin": [0, 0, 0],
			"color": 0,
			"children": [42, 43, 44]
		},
		{
			"name": "metal_ring_back",
			"origin": [0, 0, 0],
			"color": 0,
			"children": [45, 46, 47, 48, 49, 50, 51]
		},
		{
			"name": "iron_sight_front",
			"origin": [0, 0, 0],
			"color": 0,
			"children": [52, 53, 54, 55]
		},
		{
			"name": "metal_ring_back.001",
			"origin": [0, 0, 0],
			"color": 0,
			"children": [56]
		},
		{
			"name": "load",
			"origin": [0, 0, 0],
			"color": 0,
			"children": [57, 58, 59, 60, 61, 62, 63, 64, 65, 66, 67, 68, 69, 70, 71, 72, 73, 74, 75, 76, 77, 78, 79, 80, 81, 82]
		},
		{
			"name": "iron_sight_middle",
			"origin": [0, 0, 0],
			"color": 0,
			"children": [83]
		},
		{
			"name": "bolt1",
			"origin": [0, 0, 0],
			"color": 0,
			"children": [84, 85]
		},
		{
			"name": "is",
			"origin": [0, 0, 0],
			"color": 0,
			"children": [86, 87, 88, 89, 90, 91, 92]
		},
		{
			"name": "is2",
			"origin": [0, 0, 0],
			"color": 0,
			"children": [93, 94, 95, 96, 97, 98, 99]
		},
		100,
		101,
		102,
		103,
		104,
		105,
		106,
		107,
		108,
		109,
		110,
		111,
		112,
		113,
		114,
		115,
		116,
		117
	]
}