{
	"credit": "Made with Blockbench",
	"textures": {
		"1": "item/gun/xeth_rifle1"
	},
	"elements": [
		{
			"from": [7.88281, 7.9874, 11.43627],
			"to": [8.11719, 8.55326, 17.59201],
			"rotation": {"angle": 0, "axis": "z", "origin": [8, 8.27032, 13.16526]},
			"faces": {
				"north": {"uv": [14, 3.5, 13.5, 4], "rotation": 90, "texture": "#1"},
				"east": {"uv": [13.5, 3.5, 14, 4], "rotation": 270, "texture": "#1"},
				"south": {"uv": [14, 5, 13.5, 5.5], "rotation": 90, "texture": "#1"},
				"west": {"uv": [13.5, 3.5, 14, 4], "rotation": 270, "texture": "#1"},
				"up": {"uv": [14.5, 5, 13.5, 5.5], "rotation": 180, "texture": "#1"},
				"down": {"uv": [14, 3.5, 13.5, 4], "texture": "#1"}
			}
		},
		{
			"from": [7.71707, 8.15314, 11.43627],
			"to": [8.28293, 8.38752, 17.59201],
			"rotation": {"angle": 0, "axis": "z", "origin": [8, 8.27032, 13.16526]},
			"faces": {
				"north": {"uv": [14, 3.5, 13.5, 4], "rotation": 90, "texture": "#1"},
				"east": {"uv": [13.5, 5, 14, 5.5], "rotation": 270, "texture": "#1"},
				"south": {"uv": [14, 5, 13, 5.5], "rotation": 90, "texture": "#1"},
				"west": {"uv": [13.5, 5, 14.5, 5.5], "rotation": 270, "texture": "#1"},
				"up": {"uv": [14, 3.5, 13.5, 4], "rotation": 180, "texture": "#1"},
				"down": {"uv": [14, 3.5, 13.5, 4], "texture": "#1"}
			}
		},
		{
			"from": [7.88281, 7.9874, 11.43627],
			"to": [8.11719, 8.55326, 17.59201],
			"rotation": {"angle": -45, "axis": "z", "origin": [8, 8.27032, 13.16526]},
			"faces": {
				"north": {"uv": [14, 3.5, 13.5, 4], "rotation": 90, "texture": "#1"},
				"east": {"uv": [13.5, 3.5, 14, 4], "rotation": 270, "texture": "#1"},
				"south": {"uv": [14, 5, 13.5, 5.5], "rotation": 90, "texture": "#1"},
				"west": {"uv": [13.5, 3.5, 14, 4], "rotation": 270, "texture": "#1"},
				"up": {"uv": [14, 5, 13, 5.5], "rotation": 180, "texture": "#1"},
				"down": {"uv": [14, 5, 13.5, 5.5], "texture": "#1"}
			}
		},
		{
			"from": [7.88281, 7.9874, 11.43627],
			"to": [8.11719, 8.55326, 17.59201],
			"rotation": {"angle": 45, "axis": "z", "origin": [8, 8.27032, 13.16526]},
			"faces": {
				"north": {"uv": [14, 3.5, 13.5, 4], "rotation": 90, "texture": "#1"},
				"east": {"uv": [13.5, 3.5, 14, 4], "rotation": 270, "texture": "#1"},
				"south": {"uv": [14, 5, 13.5, 5.5], "rotation": 90, "texture": "#1"},
				"west": {"uv": [13.5, 3.5, 14, 4], "rotation": 270, "texture": "#1"},
				"up": {"uv": [14.5, 4.5, 13.5, 5], "rotation": 180, "texture": "#1"},
				"down": {"uv": [14, 5.5, 13.5, 6], "texture": "#1"}
			}
		},
		{
			"from": [7.77262, 8.16956, 17.57467],
			"to": [8.22738, 8.35793, 17.68978],
			"rotation": {"angle": 0, "axis": "z", "origin": [8, 8.26375, 18.96417]},
			"faces": {
				"north": {"uv": [14, 3.5, 13.5, 4], "rotation": 90, "texture": "#1"},
				"east": {"uv": [12, 5, 12.5, 5.5], "rotation": 270, "texture": "#1"},
				"south": {"uv": [13, 5, 12, 5.5], "rotation": 90, "texture": "#1"},
				"west": {"uv": [12, 5, 13, 5.5], "rotation": 270, "texture": "#1"},
				"up": {"uv": [14, 3.5, 13.5, 4], "rotation": 180, "texture": "#1"},
				"down": {"uv": [14, 3.5, 13.5, 4], "texture": "#1"}
			}
		},
		{
			"from": [7.90582, 8.03638, 17.57467],
			"to": [8.09418, 8.49113, 17.68978],
			"rotation": {"angle": -45, "axis": "z", "origin": [8, 8.26375, 18.96417]},
			"faces": {
				"north": {"uv": [14, 3.5, 13.5, 4], "rotation": 90, "texture": "#1"},
				"east": {"uv": [12, 5, 12.5, 5.5], "rotation": 270, "texture": "#1"},
				"south": {"uv": [13, 5, 12.5, 5.5], "rotation": 90, "texture": "#1"},
				"west": {"uv": [13.5, 3.5, 14, 4], "rotation": 270, "texture": "#1"},
				"up": {"uv": [12.5, 5, 11.5, 5.5], "rotation": 180, "texture": "#1"},
				"down": {"uv": [14, 3.5, 13.5, 4], "texture": "#1"}
			}
		},
		{
			"from": [7.90582, 8.03638, 17.57467],
			"to": [8.09418, 8.49113, 17.68978],
			"rotation": {"angle": 0, "axis": "z", "origin": [8, 8.26375, 18.96417]},
			"faces": {
				"north": {"uv": [14, 3.5, 13.5, 4], "rotation": 90, "texture": "#1"},
				"east": {"uv": [12, 5, 12.5, 5.5], "rotation": 270, "texture": "#1"},
				"south": {"uv": [13, 5, 12.5, 5.5], "rotation": 90, "texture": "#1"},
				"west": {"uv": [13.5, 3.5, 14, 4], "rotation": 270, "texture": "#1"},
				"up": {"uv": [12.5, 5, 11.5, 5.5], "rotation": 180, "texture": "#1"},
				"down": {"uv": [14, 3.5, 13.5, 4], "texture": "#1"}
			}
		},
		{
			"from": [7.90582, 8.03638, 17.57467],
			"to": [8.09418, 8.49113, 17.68978],
			"rotation": {"angle": 45, "axis": "z", "origin": [8, 8.26375, 18.96417]},
			"faces": {
				"north": {"uv": [14, 3.5, 13.5, 4], "rotation": 90, "texture": "#1"},
				"east": {"uv": [12, 5, 12.5, 5.5], "rotation": 270, "texture": "#1"},
				"south": {"uv": [13, 5, 12.5, 5.5], "rotation": 90, "texture": "#1"},
				"west": {"uv": [13.5, 3.5, 14, 4], "rotation": 270, "texture": "#1"},
				"up": {"uv": [12.5, 5, 11.5, 5.5], "rotation": 180, "texture": "#1"},
				"down": {"uv": [12, 5, 11.5, 5.5], "texture": "#1"}
			}
		},
		{
			"from": [8.49795, 7.6206, 14.69232],
			"to": [8.76332, 8.47588, 14.92679],
			"rotation": {"angle": 22.5, "axis": "z", "origin": [8.80564, 8.27324, 14.80956]},
			"faces": {
				"north": {"uv": [12.5, 5, 12, 5.5], "texture": "#1"},
				"east": {"uv": [12.5, 5, 12, 5.5], "rotation": 270, "texture": "#1"},
				"south": {"uv": [12.5, 5, 12, 5.5], "rotation": 180, "texture": "#1"},
				"west": {"uv": [13, 5, 12.5, 5.5], "rotation": 90, "texture": "#1"},
				"up": {"uv": [13.5, 3.5, 14, 4], "texture": "#1"},
				"down": {"uv": [13.5, 3.5, 14, 4], "texture": "#1"}
			}
		},
		{
			"from": [8.96657, 7.1195, 14.67608],
			"to": [9.22756, 7.74958, 14.93707],
			"rotation": {"angle": 0, "axis": "z", "origin": [9.09706, 7.43454, 14.80658]},
			"faces": {
				"north": {"uv": [13.5, 3.5, 14, 4], "rotation": 270, "texture": "#1"},
				"east": {"uv": [14, 3.5, 13.5, 4], "rotation": 90, "texture": "#1"},
				"south": {"uv": [15, 3.5, 15.5, 4], "rotation": 270, "texture": "#1"},
				"west": {"uv": [14, 3.5, 13.5, 4], "rotation": 90, "texture": "#1"},
				"up": {"uv": [12.5, 5, 12, 5.5], "rotation": 270, "texture": "#1"},
				"down": {"uv": [12.5, 5, 12, 5.5], "rotation": 270, "texture": "#1"}
			}
		},
		{
			"from": [8.96657, 7.30405, 14.49153],
			"to": [9.22756, 7.56504, 15.12162],
			"rotation": {"angle": 0, "axis": "z", "origin": [9.09706, 7.43454, 14.80658]},
			"faces": {
				"north": {"uv": [12, 5, 12.5, 5.5], "rotation": 270, "texture": "#1"},
				"east": {"uv": [14, 3.5, 13.5, 4], "rotation": 90, "texture": "#1"},
				"south": {"uv": [12, 5, 12.5, 5.5], "rotation": 270, "texture": "#1"},
				"west": {"uv": [14, 3.5, 13.5, 4], "rotation": 90, "texture": "#1"},
				"up": {"uv": [14, 3.5, 13.5, 4], "rotation": 270, "texture": "#1"},
				"down": {"uv": [14, 3.5, 13.5, 4], "rotation": 270, "texture": "#1"}
			}
		},
		{
			"from": [8.78202, 7.30405, 14.67608],
			"to": [9.4121, 7.56504, 14.93707],
			"rotation": {"angle": 0, "axis": "z", "origin": [9.09706, 7.43454, 14.80658]},
			"faces": {
				"north": {"uv": [13.5, 3.5, 14, 4], "rotation": 270, "texture": "#1"},
				"east": {"uv": [12.5, 5, 12, 5.5], "rotation": 90, "texture": "#1"},
				"south": {"uv": [15, 3.5, 15.5, 4], "rotation": 270, "texture": "#1"},
				"west": {"uv": [12.5, 5, 12, 5.5], "rotation": 90, "texture": "#1"},
				"up": {"uv": [14, 3.5, 13.5, 4], "rotation": 270, "texture": "#1"},
				"down": {"uv": [14, 3.5, 13.5, 4], "rotation": 270, "texture": "#1"}
			}
		},
		{
			"from": [8.78202, 7.30405, 14.67608],
			"to": [9.4121, 7.56504, 14.93707],
			"rotation": {"angle": 45, "axis": "z", "origin": [9.09706, 7.43454, 14.80658]},
			"faces": {
				"north": {"uv": [12, 5, 12.5, 5.5], "rotation": 270, "texture": "#1"},
				"east": {"uv": [12.5, 5, 12, 5.5], "rotation": 90, "texture": "#1"},
				"south": {"uv": [12, 5, 12.5, 5.5], "rotation": 270, "texture": "#1"},
				"west": {"uv": [12.5, 5, 12, 5.5], "rotation": 90, "texture": "#1"},
				"up": {"uv": [14, 3.5, 13.5, 4], "rotation": 270, "texture": "#1"},
				"down": {"uv": [14, 3.5, 13.5, 4], "rotation": 270, "texture": "#1"}
			}
		},
		{
			"from": [8.78202, 7.30405, 14.67608],
			"to": [9.4121, 7.56504, 14.93707],
			"rotation": {"angle": -45, "axis": "z", "origin": [9.09706, 7.43454, 14.80658]},
			"faces": {
				"north": {"uv": [12.5, 5, 13, 5.5], "rotation": 270, "texture": "#1"},
				"east": {"uv": [12.5, 5, 12, 5.5], "rotation": 90, "texture": "#1"},
				"south": {"uv": [12.5, 5, 13, 5.5], "rotation": 270, "texture": "#1"},
				"west": {"uv": [13, 5, 12.5, 5.5], "rotation": 90, "texture": "#1"},
				"up": {"uv": [14, 3.5, 13.5, 4], "rotation": 270, "texture": "#1"},
				"down": {"uv": [14, 3.5, 13.5, 4], "rotation": 270, "texture": "#1"}
			}
		},
		{
			"from": [8.96657, 7.1195, 14.67608],
			"to": [9.22756, 7.74958, 14.93707],
			"rotation": {"angle": 45, "axis": "x", "origin": [9.09706, 7.43454, 14.80658]},
			"faces": {
				"north": {"uv": [13.5, 3.5, 14, 4], "rotation": 270, "texture": "#1"},
				"east": {"uv": [12.5, 5, 12, 5.5], "rotation": 90, "texture": "#1"},
				"south": {"uv": [15, 3.5, 15.5, 4], "rotation": 270, "texture": "#1"},
				"west": {"uv": [12.5, 5, 12, 5.5], "rotation": 90, "texture": "#1"},
				"up": {"uv": [12.5, 5, 12, 5.5], "rotation": 270, "texture": "#1"},
				"down": {"uv": [12.5, 5, 12, 5.5], "rotation": 270, "texture": "#1"}
			}
		},
		{
			"from": [8.96657, 7.1195, 14.67608],
			"to": [9.22756, 7.74958, 14.93707],
			"rotation": {"angle": -45, "axis": "x", "origin": [9.09706, 7.43454, 14.80658]},
			"faces": {
				"north": {"uv": [13.5, 3.5, 14, 4], "rotation": 270, "texture": "#1"},
				"east": {"uv": [12.5, 5, 12, 5.5], "rotation": 90, "texture": "#1"},
				"south": {"uv": [15, 3.5, 15.5, 4], "rotation": 270, "texture": "#1"},
				"west": {"uv": [12.5, 5, 12, 5.5], "rotation": 90, "texture": "#1"},
				"up": {"uv": [12.5, 5, 12, 5.5], "rotation": 270, "texture": "#1"},
				"down": {"uv": [12.5, 5.5, 12, 6], "rotation": 270, "texture": "#1"}
			}
		},
		{
			"from": [8.96657, 7.30405, 14.49153],
			"to": [9.22756, 7.56504, 15.12162],
			"rotation": {"angle": 45, "axis": "y", "origin": [9.09706, 7.43454, 14.80658]},
			"faces": {
				"north": {"uv": [12, 5, 12.5, 5.5], "rotation": 270, "texture": "#1"},
				"east": {"uv": [14, 3.5, 13.5, 4], "rotation": 90, "texture": "#1"},
				"south": {"uv": [12, 5, 12.5, 5.5], "rotation": 270, "texture": "#1"},
				"west": {"uv": [14, 3.5, 13.5, 4], "rotation": 90, "texture": "#1"},
				"up": {"uv": [12.5, 5, 12, 5.5], "rotation": 270, "texture": "#1"},
				"down": {"uv": [12.5, 5, 12, 5.5], "rotation": 270, "texture": "#1"}
			}
		},
		{
			"from": [8.96657, 7.30405, 14.49153],
			"to": [9.22756, 7.56504, 15.12162],
			"rotation": {"angle": -45, "axis": "y", "origin": [9.09706, 7.43454, 14.80658]},
			"faces": {
				"north": {"uv": [12, 5, 12.5, 5.5], "rotation": 270, "texture": "#1"},
				"east": {"uv": [14, 3.5, 13.5, 4], "rotation": 90, "texture": "#1"},
				"south": {"uv": [12, 5, 12.5, 5.5], "rotation": 270, "texture": "#1"},
				"west": {"uv": [14, 3.5, 13.5, 4], "rotation": 90, "texture": "#1"},
				"up": {"uv": [12.5, 5, 12, 5.5], "rotation": 270, "texture": "#1"},
				"down": {"uv": [12.5, 5, 12, 5.5], "rotation": 270, "texture": "#1"}
			}
		},
		{
			"from": [8.04922, 8.08822, 14.64625],
			"to": [8.69618, 8.45787, 14.97286],
			"rotation": {"angle": 0, "axis": "z", "origin": [8.3727, 8.27305, 14.80956]},
			"faces": {
				"north": {"uv": [14.5, 5, 13.5, 6], "rotation": 90, "texture": "#1"},
				"east": {"uv": [13.5, 5, 14, 5.5], "rotation": 270, "texture": "#1"},
				"south": {"uv": [14.5, 5, 13.5, 6], "rotation": 90, "texture": "#1"},
				"west": {"uv": [13.5, 3.5, 14, 4], "rotation": 270, "texture": "#1"},
				"up": {"uv": [14, 5, 13, 6], "rotation": 180, "texture": "#1"},
				"down": {"uv": [14.5, 4.5, 13.5, 5.5], "texture": "#1"}
			}
		},
		{
			"from": [7.8344, 7.87054, 10.27576],
			"to": [8.1656, 8.67013, 11.75186],
			"rotation": {"angle": -45, "axis": "z", "origin": [8, 8.27034, 10.90499]},
			"faces": {
				"north": {"uv": [15.5, 3.5, 15, 4], "rotation": 90, "texture": "#1"},
				"east": {"uv": [15, 3.5, 15.5, 4], "rotation": 270, "texture": "#1"},
				"south": {"uv": [15.5, 3.5, 15, 4], "rotation": 90, "texture": "#1"},
				"west": {"uv": [15, 3.5, 15.5, 4], "rotation": 270, "texture": "#1"},
				"up": {"uv": [15.5, 3.5, 15, 4], "rotation": 180, "texture": "#1"},
				"down": {"uv": [15.5, 3.5, 15, 4], "texture": "#1"}
			}
		},
		{
			"from": [7.8344, 7.47054, 10.27575],
			"to": [8.1656, 8.67013, 11.75186],
			"rotation": {"angle": 0, "axis": "z", "origin": [8, 8.27034, 10.90499]},
			"faces": {
				"north": {"uv": [15.5, 3.5, 15, 4], "rotation": 90, "texture": "#1"},
				"east": {"uv": [15, 3.5, 15.5, 4], "rotation": 270, "texture": "#1"},
				"south": {"uv": [15.5, 3.5, 15, 4], "rotation": 90, "texture": "#1"},
				"west": {"uv": [15, 3.5, 15.5, 4], "rotation": 270, "texture": "#1"},
				"up": {"uv": [15.5, 3.5, 15, 4], "rotation": 180, "texture": "#1"},
				"down": {"uv": [15.5, 3.5, 15, 4], "texture": "#1"}
			}
		},
		{
			"from": [7.8344, 7.87054, 10.27576],
			"to": [8.1656, 8.67013, 11.75186],
			"rotation": {"angle": 45, "axis": "z", "origin": [8, 8.27034, 10.90499]},
			"faces": {
				"north": {"uv": [15.5, 3.5, 15, 4], "rotation": 90, "texture": "#1"},
				"east": {"uv": [15, 3.5, 15.5, 4], "rotation": 270, "texture": "#1"},
				"south": {"uv": [15.5, 3.5, 15, 4], "rotation": 90, "texture": "#1"},
				"west": {"uv": [15, 3.5, 15.5, 4], "rotation": 270, "texture": "#1"},
				"up": {"uv": [15.5, 3.5, 15, 4], "rotation": 180, "texture": "#1"},
				"down": {"uv": [15.5, 3.5, 15, 4], "texture": "#1"}
			}
		},
		{
			"from": [7.6002, 8.10473, 10.27575],
			"to": [8.3998, 8.43593, 11.75186],
			"rotation": {"angle": 0, "axis": "z", "origin": [8, 8.27034, 10.90499]},
			"faces": {
				"north": {"uv": [15.5, 3.5, 15, 4], "rotation": 90, "texture": "#1"},
				"east": {"uv": [15, 3.5, 15.5, 4], "rotation": 270, "texture": "#1"},
				"south": {"uv": [15.5, 3.5, 15, 4], "rotation": 90, "texture": "#1"},
				"west": {"uv": [15, 3.5, 15.5, 4], "rotation": 270, "texture": "#1"},
				"up": {"uv": [15.5, 3.5, 15, 4], "rotation": 180, "texture": "#1"},
				"down": {"uv": [15.5, 3.5, 15, 4], "texture": "#1"}
			}
		},
		{
			"from": [7.74623, 7.87521, 16.06352],
			"to": [8.25377, 8.63843, 16.64494],
			"rotation": {"angle": 0, "axis": "z", "origin": [8, 8.28182, 15.74283]},
			"faces": {
				"north": {"uv": [15.5, 3.5, 15, 4], "rotation": 90, "texture": "#1"},
				"east": {"uv": [15, 3.5, 15.5, 4], "rotation": 270, "texture": "#1"},
				"south": {"uv": [15.5, 3.5, 15, 4], "rotation": 90, "texture": "#1"},
				"west": {"uv": [15, 3.5, 15.5, 4], "rotation": 270, "texture": "#1"},
				"up": {"uv": [15.5, 3.5, 15, 4], "rotation": 180, "texture": "#1"},
				"down": {"uv": [15.5, 3.5, 15, 4], "texture": "#1"}
			}
		},
		{
			"from": [7.56839, 8.10304, 15.06352],
			"to": [8.43161, 8.46059, 16.64494],
			"rotation": {"angle": 0, "axis": "z", "origin": [8, 8.28182, 15.74283]},
			"faces": {
				"north": {"uv": [15.5, 3.5, 15, 4], "rotation": 90, "texture": "#1"},
				"east": {"uv": [15, 3.5, 15.5, 4], "rotation": 270, "texture": "#1"},
				"south": {"uv": [15.5, 3.5, 15, 4], "rotation": 90, "texture": "#1"},
				"west": {"uv": [15, 3.5, 15.5, 4], "rotation": 270, "texture": "#1"},
				"up": {"uv": [15.5, 3.5, 15, 4], "rotation": 180, "texture": "#1"},
				"down": {"uv": [15.5, 3.5, 15, 4], "texture": "#1"}
			}
		},
		{
			"from": [7.56839, 8.10304, 14.53106],
			"to": [8.08073, 8.46059, 15.06248],
			"rotation": {"angle": 0, "axis": "z", "origin": [8, 8.28182, 15.69283]},
			"faces": {
				"north": {"uv": [15.5, 3.5, 15, 4], "rotation": 90, "texture": "#1"},
				"east": {"uv": [15, 3.5, 15.5, 4], "rotation": 270, "texture": "#1"},
				"south": {"uv": [15.5, 3.5, 15, 4], "rotation": 90, "texture": "#1"},
				"west": {"uv": [15, 3.5, 15.5, 4], "rotation": 270, "texture": "#1"},
				"up": {"uv": [15.5, 3.5, 15, 4], "rotation": 180, "texture": "#1"},
				"down": {"uv": [15.5, 3.5, 15, 4], "texture": "#1"}
			}
		},
		{
			"from": [7.82123, 7.85021, 14.53107],
			"to": [8.07877, 8.71343, 16.64494],
			"rotation": {"angle": 45, "axis": "z", "origin": [8, 8.28182, 15.69283]},
			"faces": {
				"north": {"uv": [15.5, 3.5, 15, 4], "rotation": 90, "texture": "#1"},
				"east": {"uv": [15, 3.5, 15.5, 4], "rotation": 270, "texture": "#1"},
				"south": {"uv": [15.5, 3.5, 15, 4], "rotation": 90, "texture": "#1"},
				"west": {"uv": [15, 3.5, 15.5, 4], "rotation": 270, "texture": "#1"},
				"up": {"uv": [15.5, 3.5, 15, 4], "rotation": 180, "texture": "#1"},
				"down": {"uv": [15.5, 3.5, 15, 4], "texture": "#1"}
			}
		},
		{
			"from": [7.92123, 7.85021, 15.06353],
			"to": [8.17877, 8.71343, 16.64494],
			"rotation": {"angle": -45, "axis": "z", "origin": [8, 8.28182, 15.74283]},
			"faces": {
				"north": {"uv": [15.5, 3.5, 15, 4], "rotation": 90, "texture": "#1"},
				"east": {"uv": [15, 3.5, 15.5, 4], "rotation": 270, "texture": "#1"},
				"south": {"uv": [15.5, 3.5, 15, 4], "rotation": 90, "texture": "#1"},
				"west": {"uv": [15, 3.5, 15.5, 4], "rotation": 270, "texture": "#1"},
				"up": {"uv": [15.5, 3.5, 15, 4], "rotation": 180, "texture": "#1"},
				"down": {"uv": [15.5, 3.5, 15, 4], "texture": "#1"}
			}
		},
		{
			"from": [7.77479, 7.50615, 17.07779],
			"to": [8.22521, 7.92989, 18.10344],
			"rotation": {"angle": 22.5, "axis": "x", "origin": [8, 7.73052, 17.59062]},
			"faces": {
				"north": {"uv": [15.5, 3.5, 15, 4], "rotation": 90, "texture": "#1"},
				"east": {"uv": [15, 3.5, 15.5, 4], "rotation": 270, "texture": "#1"},
				"south": {"uv": [15.5, 3.5, 15, 4], "rotation": 90, "texture": "#1"},
				"west": {"uv": [15, 3.5, 15.5, 4], "rotation": 270, "texture": "#1"},
				"up": {"uv": [15.5, 3.5, 15, 4], "rotation": 180, "texture": "#1"},
				"down": {"uv": [15.5, 3.5, 15, 4], "texture": "#1"}
			}
		},
		{
			"from": [7.63336, 7.91066, 16.68776],
			"to": [8.36664, 8.10906, 17.20269],
			"rotation": {"angle": 0, "axis": "z", "origin": [8, 8.02236, 17.32022]},
			"faces": {
				"north": {"uv": [15, 3.5, 15.5, 4], "rotation": 270, "texture": "#1"},
				"east": {"uv": [15.5, 3.5, 15, 4], "rotation": 90, "texture": "#1"},
				"south": {"uv": [15, 3.5, 15.5, 4], "rotation": 270, "texture": "#1"},
				"west": {"uv": [15.5, 3.5, 15, 4], "rotation": 90, "texture": "#1"},
				"up": {"uv": [15.5, 3.5, 15, 4], "rotation": 270, "texture": "#1"},
				"down": {"uv": [15.5, 3.5, 15, 4], "rotation": 270, "texture": "#1"}
			}
		},
		{
			"from": [7.71124, 7.88454, -11.2],
			"to": [8.28876, 8.46206, 2.82976],
			"rotation": {"angle": 0, "axis": "z", "origin": [8, 8.1733, -4.38512]},
			"faces": {
				"north": {"uv": [0.5, 3.5, 3, 6], "rotation": 270, "texture": "#1"},
				"east": {"uv": [15.5, 0.5, 0.5, 2.5], "texture": "#1"},
				"south": {"uv": [15, 3.5, 15.5, 4], "rotation": 270, "texture": "#1"},
				"west": {"uv": [0.5, 0.5, 15.5, 2.5], "texture": "#1"},
				"up": {"uv": [15.5, 0.5, 0.5, 2.5], "rotation": 270, "texture": "#1"},
				"down": {"uv": [15.5, 0.5, 0.5, 2.5], "rotation": 270, "texture": "#1"}
			}
		},
		{
			"from": [7.68969, 5.81035, 16.72421],
			"to": [8.31031, 6.76448, 16.92816],
			"rotation": {"angle": 0, "axis": "z", "origin": [8, 6.28742, 16.82619]},
			"faces": {
				"north": {"uv": [15.5, 3.5, 15, 4], "rotation": 90, "texture": "#1"},
				"east": {"uv": [15, 3.5, 15.5, 4], "rotation": 270, "texture": "#1"},
				"south": {"uv": [15.5, 3.5, 15, 4], "rotation": 90, "texture": "#1"},
				"west": {"uv": [15, 3.5, 15.5, 4], "rotation": 270, "texture": "#1"},
				"up": {"uv": [15, 3.5, 15.5, 4], "rotation": 270, "texture": "#1"},
				"down": {"uv": [15, 3.5, 15.5, 4], "rotation": 270, "texture": "#1"}
			}
		},
		{
			"from": [7.68969, 5.30831, 14.63655],
			"to": [8.31031, 5.51226, 16.42612],
			"rotation": {"angle": 0, "axis": "z", "origin": [8, 5.41029, 15.76883]},
			"faces": {
				"north": {"uv": [15, 3.5, 15.5, 4], "rotation": 90, "texture": "#1"},
				"east": {"uv": [15, 3.5, 15.5, 4], "rotation": 180, "texture": "#1"},
				"south": {"uv": [15, 3.5, 15.5, 4], "rotation": 270, "texture": "#1"},
				"west": {"uv": [15, 3.5, 15.5, 4], "texture": "#1"},
				"up": {"uv": [15.5, 3.5, 15, 4], "rotation": 270, "texture": "#1"},
				"down": {"uv": [15.5, 3.5, 15, 4], "rotation": 90, "texture": "#1"}
			}
		},
		{
			"from": [7.68969, 5.27644, 14.83066],
			"to": [8.31031, 5.98644, 15.03461],
			"rotation": {"angle": -45, "axis": "x", "origin": [8, 5.63144, 14.93263]},
			"faces": {
				"north": {"uv": [15.5, 3.5, 15, 4], "rotation": 90, "texture": "#1"},
				"east": {"uv": [15, 3.5, 15.5, 4], "rotation": 270, "texture": "#1"},
				"south": {"uv": [15.5, 3.5, 15, 4], "rotation": 90, "texture": "#1"},
				"west": {"uv": [15, 3.5, 15.5, 4], "rotation": 270, "texture": "#1"},
				"up": {"uv": [15, 3.5, 15.5, 4], "rotation": 270, "texture": "#1"},
				"down": {"uv": [15, 3.5, 15.5, 4], "rotation": 270, "texture": "#1"}
			}
		},
		{
			"from": [7.68969, 5.27644, 16.50306],
			"to": [8.31031, 5.98644, 16.70701],
			"rotation": {"angle": 45, "axis": "x", "origin": [8, 5.63144, 16.60503]},
			"faces": {
				"north": {"uv": [15.5, 3.5, 15, 4], "rotation": 90, "texture": "#1"},
				"east": {"uv": [15, 3.5, 15.5, 4], "rotation": 270, "texture": "#1"},
				"south": {"uv": [15.5, 3.5, 15, 4], "rotation": 90, "texture": "#1"},
				"west": {"uv": [15, 3.5, 15.5, 4], "rotation": 270, "texture": "#1"},
				"up": {"uv": [15, 3.5, 15.5, 4], "rotation": 270, "texture": "#1"},
				"down": {"uv": [15, 3.5, 15.5, 4], "rotation": 270, "texture": "#1"}
			}
		},
		{
			"from": [7.68969, 5.90735, 15.99342],
			"to": [8.31031, 6.79091, 16.15824],
			"rotation": {"angle": 0, "axis": "z", "origin": [8, 6.27745, 16.07583]},
			"faces": {
				"north": {"uv": [14, 3.5, 13.5, 4], "rotation": 90, "texture": "#1"},
				"east": {"uv": [13.5, 3.5, 14, 4], "rotation": 270, "texture": "#1"},
				"south": {"uv": [14, 3.5, 13.5, 4], "rotation": 90, "texture": "#1"},
				"west": {"uv": [13.5, 3.5, 14, 4], "rotation": 270, "texture": "#1"},
				"up": {"uv": [13.5, 3.5, 14, 4], "rotation": 270, "texture": "#1"},
				"down": {"uv": [13.5, 3.5, 14, 4], "rotation": 270, "texture": "#1"}
			}
		},
		{
			"from": [7.68969, 5.58862, 15.86639],
			"to": [8.31031, 6.02824, 16.02622],
			"rotation": {"angle": 45, "axis": "x", "origin": [8, 5.80843, 15.94631]},
			"faces": {
				"north": {"uv": [14, 3.5, 13.5, 4], "rotation": 90, "texture": "#1"},
				"east": {"uv": [13.5, 3.5, 14, 4], "rotation": 270, "texture": "#1"},
				"south": {"uv": [14, 3.5, 13.5, 4], "rotation": 90, "texture": "#1"},
				"west": {"uv": [13.5, 3.5, 14, 4], "rotation": 270, "texture": "#1"},
				"up": {"uv": [13.5, 3.5, 14, 4], "rotation": 270, "texture": "#1"},
				"down": {"uv": [13.5, 3.5, 14, 4], "rotation": 270, "texture": "#1"}
			}
		},
		{
			"from": [7.68969, 5.31035, 14.50951],
			"to": [8.31031, 7.3197, 14.91345],
			"rotation": {"angle": 0, "axis": "z", "origin": [8, 6.17675, 14.71148]},
			"faces": {
				"north": {"uv": [15.5, 3.5, 15, 4], "rotation": 90, "texture": "#1"},
				"east": {"uv": [15, 3.5, 15.5, 4], "rotation": 270, "texture": "#1"},
				"south": {"uv": [15.5, 3.5, 15, 4], "rotation": 90, "texture": "#1"},
				"west": {"uv": [15, 3.5, 15.5, 4], "rotation": 270, "texture": "#1"},
				"up": {"uv": [15, 3.5, 15.5, 4], "rotation": 270, "texture": "#1"},
				"down": {"uv": [15, 3.5, 15.5, 4], "rotation": 270, "texture": "#1"}
			}
		},
		{
			"from": [7.52285, 5.52412, 17.87198],
			"to": [8.47715, 6.68904, 19.77043],
			"rotation": {"angle": 45, "axis": "x", "origin": [8, 6.10658, 18.82121]},
			"faces": {
				"north": {"uv": [3.5, 10, 10, 15.5], "texture": "#1"},
				"east": {"uv": [10, 10, 3.5, 15.5], "texture": "#1"},
				"south": {"uv": [3.5, 10, 10, 15.5], "texture": "#1"},
				"west": {"uv": [10, 11.5, 3.5, 15.5], "texture": "#1"},
				"up": {"uv": [12.5, 10.5, 3, 13], "rotation": 270, "texture": "#1"},
				"down": {"uv": [13, 13, 4.5, 15.5], "rotation": 270, "texture": "#1"}
			}
		},
		{
			"from": [7.50394, 5.02351, 19.08055],
			"to": [8.49606, 7.11634, 28.31699],
			"rotation": {"angle": 0, "axis": "z", "origin": [8, 5.37203, 26.56049]},
			"faces": {
				"north": {"uv": [7.5, 10, 10, 13.5], "texture": "#1"},
				"east": {"uv": [14.5, 11, 0.5, 14.5], "texture": "#1"},
				"south": {"uv": [7.5, 10, 10, 13.5], "texture": "#1"},
				"west": {"uv": [14.5, 11, 0.5, 14.5], "texture": "#1"},
				"up": {"uv": [15.5, 13, 0.5, 15.5], "rotation": 270, "texture": "#1"},
				"down": {"uv": [13, 13, 1.5, 14.5], "rotation": 270, "texture": "#1"}
			}
		},
		{
			"from": [7.51247, 3.42491, 23.90279],
			"to": [8.48753, 5.42808, 28.317],
			"rotation": {"angle": 0, "axis": "z", "origin": [8, 3.9391, 27.85275]},
			"faces": {
				"north": {"uv": [3.5, 10, 10, 15.5], "texture": "#1"},
				"east": {"uv": [10, 13, 3.5, 15.5], "texture": "#1"},
				"south": {"uv": [3.5, 10, 10, 15.5], "texture": "#1"},
				"west": {"uv": [10, 13, 3.5, 15.5], "texture": "#1"},
				"up": {"uv": [10, 10, 3.5, 15.5], "rotation": 180, "texture": "#1"},
				"down": {"uv": [10, 10, 3.5, 15.5], "rotation": 180, "texture": "#1"}
			}
		},
		{
			"from": [7.52252, 5.4944, 16.74919],
			"to": [8.47748, 6.96241, 19.91182],
			"rotation": {"angle": 22.5, "axis": "x", "origin": [8, 6.4212, 19.78545]},
			"faces": {
				"north": {"uv": [3.5, 10, 10, 15.5], "texture": "#1"},
				"east": {"uv": [14.5, 11, 7, 14.5], "texture": "#1"},
				"south": {"uv": [3.5, 10, 10, 15.5], "texture": "#1"},
				"west": {"uv": [14.5, 11, 7, 14.5], "texture": "#1"},
				"up": {"uv": [11, 9.5, 5.5, 14], "texture": "#1"},
				"down": {"uv": [10, 10, 3.5, 15.5], "rotation": 180, "texture": "#1"}
			}
		},
		{
			"from": [7.5086, 4.41366, 20.14216],
			"to": [8.4914, 5.96359, 24.40776],
			"rotation": {"angle": 22.5, "axis": "x", "origin": [8, 5.18862, 21.66989]},
			"faces": {
				"north": {"uv": [3.5, 10, 10, 15.5], "texture": "#1"},
				"east": {"uv": [10, 13.5, 3.5, 15.5], "texture": "#1"},
				"south": {"uv": [3.5, 10, 10, 15.5], "texture": "#1"},
				"west": {"uv": [15, 13.5, 8.5, 15.5], "texture": "#1"},
				"up": {"uv": [10, 10, 3.5, 15.5], "rotation": 180, "texture": "#1"},
				"down": {"uv": [10, 10, 3.5, 15.5], "rotation": 180, "texture": "#1"}
			}
		},
		{
			"from": [7.51247, 7.04689, 21.29851],
			"to": [8.48753, 7.39609, 28.31699],
			"rotation": {"angle": 0, "axis": "z", "origin": [8, 7.12286, 26.56049]},
			"faces": {
				"north": {"uv": [3, 9, 7, 10], "texture": "#1"},
				"east": {"uv": [15, 9, 3, 10], "texture": "#1"},
				"south": {"uv": [3, 9, 9, 10.5], "texture": "#1"},
				"west": {"uv": [15, 9, 3, 10], "texture": "#1"},
				"up": {"uv": [15, 8.5, 1, 11], "rotation": 270, "texture": "#1"},
				"down": {"uv": [15, 8.5, 1, 11], "rotation": 270, "texture": "#1"}
			}
		},
		{
			"from": [7.46185, 3.3648, 28.1785],
			"to": [8.53815, 7.44404, 28.41169],
			"rotation": {"angle": 0, "axis": "z", "origin": [8, 5.40442, 28.2951]},
			"faces": {
				"north": {"uv": [15, 3.5, 15.5, 4], "rotation": 270, "texture": "#1"},
				"east": {"uv": [15.5, 3.5, 15, 4], "rotation": 90, "texture": "#1"},
				"south": {"uv": [15, 3.5, 15.5, 4], "rotation": 270, "texture": "#1"},
				"west": {"uv": [15.5, 3.5, 15, 4], "rotation": 90, "texture": "#1"},
				"up": {"uv": [15.5, 3.5, 15, 4], "rotation": 270, "texture": "#1"},
				"down": {"uv": [15.5, 3.5, 15, 4], "rotation": 270, "texture": "#1"}
			}
		},
		{
			"from": [7.85344, 7.8839, 9.49211],
			"to": [8.14656, 8.59151, 11.31872],
			"rotation": {"angle": 0, "axis": "z", "origin": [8, 8.23771, 13.91175]},
			"faces": {
				"north": {"uv": [15.5, 3.5, 15, 4], "rotation": 90, "texture": "#1"},
				"east": {"uv": [15, 3.5, 15.5, 4], "rotation": 270, "texture": "#1"},
				"south": {"uv": [15.5, 3.5, 15, 4], "rotation": 90, "texture": "#1"},
				"west": {"uv": [15, 3.5, 15.5, 4], "rotation": 270, "texture": "#1"},
				"up": {"uv": [15.5, 3.5, 15, 4], "rotation": 180, "texture": "#1"},
				"down": {"uv": [15.5, 3.5, 15, 4], "texture": "#1"}
			}
		},
		{
			"from": [7.64619, 8.09115, 9.49211],
			"to": [8.35381, 8.38426, 13.84873],
			"rotation": {"angle": 0, "axis": "z", "origin": [8, 8.23771, 13.91175]},
			"faces": {
				"north": {"uv": [15.5, 3.5, 15, 4], "rotation": 90, "texture": "#1"},
				"east": {"uv": [15, 3.5, 15.5, 4], "rotation": 270, "texture": "#1"},
				"south": {"uv": [15.5, 3.5, 15, 4], "rotation": 90, "texture": "#1"},
				"west": {"uv": [15, 3.5, 15.5, 4], "rotation": 270, "texture": "#1"},
				"up": {"uv": [15.5, 3.5, 15, 4], "rotation": 180, "texture": "#1"},
				"down": {"uv": [15.5, 3.5, 15, 4], "texture": "#1"}
			}
		},
		{
			"from": [7.85344, 7.8839, 9.49211],
			"to": [8.14656, 8.59151, 11.31872],
			"rotation": {"angle": -45, "axis": "z", "origin": [8, 8.23771, 13.91175]},
			"faces": {
				"north": {"uv": [15.5, 3.5, 15, 4], "rotation": 90, "texture": "#1"},
				"east": {"uv": [15, 3.5, 15.5, 4], "rotation": 270, "texture": "#1"},
				"south": {"uv": [15.5, 3.5, 15, 4], "rotation": 90, "texture": "#1"},
				"west": {"uv": [15, 3.5, 15.5, 4], "rotation": 270, "texture": "#1"},
				"up": {"uv": [15.5, 3.5, 15, 4], "rotation": 180, "texture": "#1"},
				"down": {"uv": [15.5, 3.5, 15, 4], "texture": "#1"}
			}
		},
		{
			"from": [7.85344, 7.8839, 9.49212],
			"to": [8.14656, 8.59151, 11.32375],
			"rotation": {"angle": 45, "axis": "z", "origin": [8, 8.23771, 13.91175]},
			"faces": {
				"north": {"uv": [15.5, 3.5, 15, 4], "rotation": 90, "texture": "#1"},
				"east": {"uv": [15, 3.5, 15.5, 4], "rotation": 270, "texture": "#1"},
				"south": {"uv": [15.5, 3.5, 15, 4], "rotation": 90, "texture": "#1"},
				"west": {"uv": [15, 3.5, 15.5, 4], "rotation": 270, "texture": "#1"},
				"up": {"uv": [15.5, 3.5, 15, 4], "rotation": 180, "texture": "#1"},
				"down": {"uv": [15.5, 3.5, 15, 4], "texture": "#1"}
			}
		},
		{
			"from": [7.8681, 7.84551, 5.7429],
			"to": [8.1319, 8.48236, 10.08685],
			"rotation": {"angle": 0, "axis": "z", "origin": [8, 8.16394, 9.72058]},
			"faces": {
				"north": {"uv": [15.5, 3.5, 15, 4], "rotation": 90, "texture": "#1"},
				"east": {"uv": [15, 3.5, 15.5, 4], "rotation": 270, "texture": "#1"},
				"south": {"uv": [15.5, 3.5, 15, 4], "rotation": 90, "texture": "#1"},
				"west": {"uv": [15, 3.5, 15.5, 4], "rotation": 270, "texture": "#1"},
				"up": {"uv": [15.5, 3.5, 15, 4], "rotation": 180, "texture": "#1"},
				"down": {"uv": [15.5, 3.5, 15, 4], "texture": "#1"}
			}
		},
		{
			"from": [7.8681, 7.84551, 5.74291],
			"to": [8.1319, 8.48236, 10.09138],
			"rotation": {"angle": 45, "axis": "z", "origin": [8, 8.16394, 9.72058]},
			"faces": {
				"north": {"uv": [15.5, 3.5, 15, 4], "rotation": 90, "texture": "#1"},
				"east": {"uv": [15, 3.5, 15.5, 4], "rotation": 270, "texture": "#1"},
				"south": {"uv": [15.5, 3.5, 15, 4], "rotation": 90, "texture": "#1"},
				"west": {"uv": [15, 3.5, 15.5, 4], "rotation": 270, "texture": "#1"},
				"up": {"uv": [15.5, 3.5, 15, 4], "rotation": 180, "texture": "#1"},
				"down": {"uv": [15.5, 3.5, 15, 4], "texture": "#1"}
			}
		},
		{
			"from": [7.68157, 8.03204, 5.7429],
			"to": [8.31843, 8.29583, 12.36385],
			"rotation": {"angle": 0, "axis": "z", "origin": [8, 8.16394, 9.72058]},
			"faces": {
				"north": {"uv": [15.5, 3.5, 15, 4], "rotation": 90, "texture": "#1"},
				"east": {"uv": [15, 3.5, 15.5, 4], "rotation": 270, "texture": "#1"},
				"south": {"uv": [15.5, 3.5, 15, 4], "rotation": 90, "texture": "#1"},
				"west": {"uv": [15, 3.5, 15.5, 4], "rotation": 270, "texture": "#1"},
				"up": {"uv": [15.5, 3.5, 15, 4], "rotation": 180, "texture": "#1"},
				"down": {"uv": [15.5, 3.5, 15, 4], "texture": "#1"}
			}
		},
		{
			"from": [7.8681, 7.84551, 5.7429],
			"to": [8.1319, 8.48236, 10.08685],
			"rotation": {"angle": -45, "axis": "z", "origin": [8, 8.16394, 9.72058]},
			"faces": {
				"north": {"uv": [15.5, 3.5, 15, 4], "rotation": 90, "texture": "#1"},
				"east": {"uv": [15, 3.5, 15.5, 4], "rotation": 270, "texture": "#1"},
				"south": {"uv": [15.5, 3.5, 15, 4], "rotation": 90, "texture": "#1"},
				"west": {"uv": [15, 3.5, 15.5, 4], "rotation": 270, "texture": "#1"},
				"up": {"uv": [15.5, 3.5, 15, 4], "rotation": 180, "texture": "#1"},
				"down": {"uv": [15.5, 3.5, 15, 4], "texture": "#1"}
			}
		},
		{
			"from": [7.66394, 7.91332, 1.99616],
			"to": [8.33606, 8.60532, 8.34687],
			"rotation": {"angle": 0, "axis": "z", "origin": [8, 8.27028, 0.88172]},
			"faces": {
				"north": {"uv": [5.5, 7, 8.5, 9], "rotation": 180, "texture": "#1"},
				"east": {"uv": [0, 7, 16, 9], "rotation": 180, "texture": "#1"},
				"south": {"uv": [6, 7, 9.5, 9], "rotation": 180, "texture": "#1"},
				"west": {"uv": [16, 7, 0, 9], "rotation": 180, "texture": "#1"},
				"up": {"uv": [0, 9.5, 16, 11.5], "rotation": 270, "texture": "#1"},
				"down": {"uv": [0.5, 13.5, 15.5, 15.5], "rotation": 270, "texture": "#1"}
			}
		},
		{
			"from": [7.54949, 6.83911, 1.15034],
			"to": [8.45051, 8.25417, 5.89822],
			"rotation": {"angle": 0, "axis": "z", "origin": [8, 7.47164, 2.57428]},
			"faces": {
				"north": {"uv": [6.5, 11, 10.5, 15], "texture": "#1"},
				"east": {"uv": [3, 10.5, 15.5, 14], "texture": "#1"},
				"south": {"uv": [6.5, 11, 10.5, 15], "texture": "#1"},
				"west": {"uv": [3, 10.5, 15.5, 14], "texture": "#1"},
				"up": {"uv": [0, 9.5, 16, 10.5], "rotation": 270, "texture": "#1"},
				"down": {"uv": [0, 14.5, 16, 16], "rotation": 270, "texture": "#1"}
			}
		},
		{
			"from": [7.53306, 6.60167, 5.89827],
			"to": [8.46694, 8.10417, 17.20199],
			"rotation": {"angle": 0, "axis": "z", "origin": [8, 7.35292, 11.92513]},
			"faces": {
				"north": {"uv": [6.5, 11, 10.5, 15], "texture": "#1"},
				"east": {"uv": [0, 10.5, 16, 14.5], "texture": "#1"},
				"south": {"uv": [4, 12, 7, 15], "texture": "#1"},
				"west": {"uv": [0, 10.5, 16, 14.5], "texture": "#1"},
				"up": {"uv": [0, 11, 16, 12], "rotation": 270, "texture": "#1"},
				"down": {"uv": [0, 14.5, 16, 16], "rotation": 270, "texture": "#1"}
			}
		},
		{
			"from": [7.53306, 7.0332, -6.19333],
			"to": [8.46694, 8.25417, 1.56243],
			"rotation": {"angle": 0, "axis": "z", "origin": [8, 7.47126, -2.79045]},
			"faces": {
				"north": {"uv": [6.5, 10, 10.5, 14], "texture": "#1"},
				"east": {"uv": [2.5, 10.5, 13, 14], "texture": "#1"},
				"south": {"uv": [7, 12, 10, 15], "texture": "#1"},
				"west": {"uv": [2.5, 10.5, 15.5, 14], "texture": "#1"},
				"up": {"uv": [0, 9.5, 16, 10.5], "rotation": 270, "texture": "#1"},
				"down": {"uv": [0, 14.5, 16, 16], "rotation": 270, "texture": "#1"}
			}
		},
		{
			"from": [7.50913, 6.83628, 1.27609],
			"to": [8.49087, 8.45213, 2.03146],
			"rotation": {"angle": 0, "axis": "z", "origin": [7.91942, 7.57465, 1.50377]},
			"faces": {
				"north": {"uv": [15, 3.5, 15.5, 4], "rotation": 270, "texture": "#1"},
				"east": {"uv": [15.5, 3.5, 15, 4], "rotation": 90, "texture": "#1"},
				"south": {"uv": [15, 3.5, 15.5, 4], "rotation": 270, "texture": "#1"},
				"west": {"uv": [15.5, 3.5, 15, 4], "rotation": 90, "texture": "#1"},
				"up": {"uv": [15.5, 3.5, 15, 4], "rotation": 270, "texture": "#1"},
				"down": {"uv": [15.5, 3.5, 15, 4], "rotation": 270, "texture": "#1"}
			}
		},
		{
			"from": [6.44902, 8.69763, 1.27609],
			"to": [6.91641, 8.96779, 2.03146],
			"rotation": {"angle": -45, "axis": "z", "origin": [6.68272, 7.29521, 0.75377]},
			"faces": {
				"north": {"uv": [15, 3.5, 15.5, 4], "rotation": 270, "texture": "#1"},
				"east": {"uv": [15.5, 3.5, 15, 4], "rotation": 90, "texture": "#1"},
				"south": {"uv": [15, 3.5, 15.5, 4], "rotation": 270, "texture": "#1"},
				"west": {"uv": [15.5, 3.5, 15, 4], "rotation": 90, "texture": "#1"},
				"up": {"uv": [15.5, 3.5, 15, 4], "rotation": 270, "texture": "#1"},
				"down": {"uv": [15.5, 3.5, 15, 4], "rotation": 270, "texture": "#1"}
			}
		},
		{
			"from": [9.08359, 8.69763, 1.27609],
			"to": [9.55098, 8.96779, 2.03146],
			"rotation": {"angle": 45, "axis": "z", "origin": [9.31728, 7.29521, 1.50377]},
			"faces": {
				"north": {"uv": [15, 4, 15.5, 3.5], "rotation": 270, "texture": "#1"},
				"east": {"uv": [15.5, 4, 15, 3.5], "rotation": 90, "texture": "#1"},
				"south": {"uv": [15, 4, 15.5, 3.5], "rotation": 270, "texture": "#1"},
				"west": {"uv": [15.5, 4, 15, 3.5], "rotation": 90, "texture": "#1"},
				"up": {"uv": [15.5, 4, 15, 3.5], "rotation": 270, "texture": "#1"},
				"down": {"uv": [15.5, 4, 15, 3.5], "rotation": 270, "texture": "#1"}
			}
		},
		{
			"from": [9.08359, 6.32062, 1.27609],
			"to": [9.55098, 6.59077, 2.03146],
			"rotation": {"angle": -45, "axis": "z", "origin": [9.31728, 7.9932, 1.50377]},
			"faces": {
				"north": {"uv": [15.5, 4, 15, 3.5], "rotation": 270, "texture": "#1"},
				"east": {"uv": [15, 4, 15.5, 3.5], "rotation": 90, "texture": "#1"},
				"south": {"uv": [15.5, 4, 15, 3.5], "rotation": 270, "texture": "#1"},
				"west": {"uv": [15, 4, 15.5, 3.5], "rotation": 90, "texture": "#1"},
				"up": {"uv": [15, 4, 15.5, 3.5], "rotation": 270, "texture": "#1"},
				"down": {"uv": [15, 4, 15.5, 3.5], "rotation": 270, "texture": "#1"}
			}
		},
		{
			"from": [6.44902, 6.32062, 1.27609],
			"to": [6.91641, 6.59077, 2.03146],
			"rotation": {"angle": 45, "axis": "z", "origin": [6.68272, 7.9932, 1.50377]},
			"faces": {
				"north": {"uv": [15.5, 3.5, 15, 4], "rotation": 270, "texture": "#1"},
				"east": {"uv": [15, 3.5, 15.5, 4], "rotation": 90, "texture": "#1"},
				"south": {"uv": [15.5, 3.5, 15, 4], "rotation": 270, "texture": "#1"},
				"west": {"uv": [15, 3.5, 15.5, 4], "rotation": 90, "texture": "#1"},
				"up": {"uv": [15, 3.5, 15.5, 4], "rotation": 270, "texture": "#1"},
				"down": {"uv": [15, 3.5, 15.5, 4], "rotation": 270, "texture": "#1"}
			}
		},
		{
			"from": [7.70016, 6.64525, 1.27609],
			"to": [8.30016, 8.64525, 2.03146],
			"rotation": {"angle": 0, "axis": "z", "origin": [7.06577, 8.03947, 1.50377]},
			"faces": {
				"north": {"uv": [15, 3.5, 15.5, 4], "rotation": 270, "texture": "#1"},
				"east": {"uv": [15.5, 3.5, 15, 4], "rotation": 90, "texture": "#1"},
				"south": {"uv": [15, 3.5, 15.5, 4], "rotation": 270, "texture": "#1"},
				"west": {"uv": [15.5, 3.5, 15, 4], "rotation": 90, "texture": "#1"},
				"up": {"uv": [15.5, 3.5, 15, 4], "rotation": 270, "texture": "#1"},
				"down": {"uv": [15.5, 3.5, 15, 4], "rotation": 270, "texture": "#1"}
			}
		},
		{
			"from": [7.46872, 7.21964, -7.05061],
			"to": [8.53372, 8.25211, -6.49093],
			"rotation": {"angle": 0, "axis": "z", "origin": [8.07071, 7.65012, -6.77077]},
			"faces": {
				"north": {"uv": [15, 3.5, 15.5, 4], "rotation": 270, "texture": "#1"},
				"east": {"uv": [15.5, 3.5, 15, 4], "rotation": 90, "texture": "#1"},
				"south": {"uv": [15, 3.5, 15.5, 4], "rotation": 270, "texture": "#1"},
				"west": {"uv": [15.5, 3.5, 15, 4], "rotation": 90, "texture": "#1"},
				"up": {"uv": [15.5, 3.5, 15, 4], "rotation": 270, "texture": "#1"},
				"down": {"uv": [15.5, 3.5, 15, 4], "rotation": 270, "texture": "#1"}
			}
		},
		{
			"from": [7.46872, 7.21964, -6.47561],
			"to": [8.53372, 8.27711, -5.59093],
			"rotation": {"angle": 0, "axis": "z", "origin": [8.07071, 7.65012, -6.77077]},
			"faces": {
				"north": {"uv": [15, 3.5, 15.5, 4], "rotation": 270, "texture": "#1"},
				"east": {"uv": [15.5, 3.5, 15, 4], "rotation": 90, "texture": "#1"},
				"south": {"uv": [15, 3.5, 15.5, 4], "rotation": 270, "texture": "#1"},
				"west": {"uv": [15.5, 3.5, 15, 4], "rotation": 90, "texture": "#1"},
				"up": {"uv": [15.5, 3.5, 15, 4], "rotation": 270, "texture": "#1"},
				"down": {"uv": [15.5, 3.5, 15, 4], "rotation": 270, "texture": "#1"}
			}
		},
		{
			"from": [7.51143, 8.02846, -7.05061],
			"to": [8.00866, 8.45522, -6.49093],
			"rotation": {"angle": -45, "axis": "z", "origin": [7.76005, 8.19184, -6.77077]},
			"faces": {
				"north": {"uv": [15, 3.5, 15.5, 4], "rotation": 270, "texture": "#1"},
				"east": {"uv": [15.5, 3.5, 15, 4], "rotation": 90, "texture": "#1"},
				"south": {"uv": [15, 3.5, 15.5, 4], "rotation": 270, "texture": "#1"},
				"west": {"uv": [15.5, 3.5, 15, 4], "rotation": 90, "texture": "#1"},
				"up": {"uv": [15.5, 3.5, 15, 4], "rotation": 270, "texture": "#1"},
				"down": {"uv": [15.5, 3.5, 15, 4], "rotation": 270, "texture": "#1"}
			}
		},
		{
			"from": [7.99134, 8.02846, -7.05061],
			"to": [8.48857, 8.45522, -6.49093],
			"rotation": {"angle": 45, "axis": "z", "origin": [8.23995, 8.19184, -6.77077]},
			"faces": {
				"north": {"uv": [15, 4, 15.5, 3.5], "rotation": 270, "texture": "#1"},
				"east": {"uv": [15.5, 4, 15, 3.5], "rotation": 90, "texture": "#1"},
				"south": {"uv": [15, 4, 15.5, 3.5], "rotation": 270, "texture": "#1"},
				"west": {"uv": [15.5, 4, 15, 3.5], "rotation": 90, "texture": "#1"},
				"up": {"uv": [15.5, 4, 15, 3.5], "rotation": 270, "texture": "#1"},
				"down": {"uv": [15.5, 4, 15, 3.5], "rotation": 270, "texture": "#1"}
			}
		},
		{
			"from": [7.77049, 7.22646, -7.05061],
			"to": [8.22951, 8.55387, -6.49093],
			"rotation": {"angle": 0, "axis": "z", "origin": [7.62752, 7.95189, -6.77077]},
			"faces": {
				"north": {"uv": [15, 3.5, 15.5, 4], "rotation": 270, "texture": "#1"},
				"east": {"uv": [15.5, 3.5, 15, 4], "rotation": 90, "texture": "#1"},
				"south": {"uv": [15, 3.5, 15.5, 4], "rotation": 270, "texture": "#1"},
				"west": {"uv": [15.5, 3.5, 15, 4], "rotation": 90, "texture": "#1"},
				"up": {"uv": [15.5, 3.5, 15, 4], "rotation": 270, "texture": "#1"},
				"down": {"uv": [15.5, 3.5, 15, 4], "rotation": 270, "texture": "#1"}
			}
		},
		{
			"from": [7.70597, 8.32513, 8.28885],
			"to": [8.29403, 8.59489, 8.6588],
			"rotation": {"angle": 0, "axis": "z", "origin": [8, 8.33501, 8.94883]},
			"faces": {
				"north": {"uv": [15.5, 3.5, 15, 4], "rotation": 90, "texture": "#1"},
				"east": {"uv": [15, 3.5, 15.5, 4], "rotation": 270, "texture": "#1"},
				"south": {"uv": [15.5, 3.5, 15, 4], "rotation": 90, "texture": "#1"},
				"west": {"uv": [15, 3.5, 15.5, 4], "rotation": 270, "texture": "#1"},
				"up": {"uv": [15.5, 3.5, 15, 4], "rotation": 180, "texture": "#1"},
				"down": {"uv": [15.5, 3.5, 15, 4], "texture": "#1"}
			}
		},
		{
			"from": [7.74171, 8.60177, 8.358],
			"to": [8.25829, 8.81299, 8.61695],
			"rotation": {"angle": 0, "axis": "z", "origin": [8, 8.70738, 10.13748]},
			"faces": {
				"north": {"uv": [15.5, 3.5, 15, 4], "rotation": 90, "texture": "#1"},
				"east": {"uv": [15, 3.5, 15.5, 4], "rotation": 270, "texture": "#1"},
				"south": {"uv": [15.5, 3.5, 15, 4], "rotation": 90, "texture": "#1"},
				"west": {"uv": [15, 3.5, 15.5, 4], "rotation": 270, "texture": "#1"},
				"up": {"uv": [15.5, 3.5, 15, 4], "rotation": 180, "texture": "#1"},
				"down": {"uv": [15.5, 3.5, 15, 4], "texture": "#1"}
			}
		},
		{
			"from": [7.94708, 8.73611, 8.47733],
			"to": [8.22305, 8.86033, 8.59762],
			"rotation": {"angle": 22.5, "axis": "z", "origin": [8.12257, 8.84822, 8.53747]},
			"faces": {
				"north": {"uv": [15, 3.5, 15.5, 4], "rotation": 270, "texture": "#1"},
				"east": {"uv": [15.5, 3.5, 15, 4], "rotation": 90, "texture": "#1"},
				"south": {"uv": [15, 3.5, 15.5, 4], "rotation": 270, "texture": "#1"},
				"west": {"uv": [15.5, 3.5, 15, 4], "rotation": 90, "texture": "#1"},
				"up": {"uv": [15, 3.5, 15.5, 4], "rotation": 180, "texture": "#1"},
				"down": {"uv": [15, 3.5, 15.5, 4], "texture": "#1"}
			}
		},
		{
			"from": [7.77695, 8.73611, 8.47733],
			"to": [8.05292, 8.86033, 8.59762],
			"rotation": {"angle": -22.5, "axis": "z", "origin": [7.87744, 8.84822, 8.53747]},
			"faces": {
				"north": {"uv": [15, 4, 15.5, 3.5], "rotation": 270, "texture": "#1"},
				"east": {"uv": [15.5, 4, 15, 3.5], "rotation": 90, "texture": "#1"},
				"south": {"uv": [15, 4, 15.5, 3.5], "rotation": 270, "texture": "#1"},
				"west": {"uv": [15.5, 4, 15, 3.5], "rotation": 90, "texture": "#1"},
				"up": {"uv": [15.5, 3.5, 15, 4], "rotation": 180, "texture": "#1"},
				"down": {"uv": [15.5, 3.5, 15, 4], "texture": "#1"}
			}
		},
		{
			"from": [7.6878, 8.03575, -9.62518],
			"to": [7.71152, 8.97899, -9.06975],
			"rotation": {"angle": 0, "axis": "z", "origin": [8, 8.84967, -8.44746]},
			"faces": {
				"north": {"uv": [15.5, 3.5, 15, 4], "rotation": 180, "texture": "#1"},
				"east": {"uv": [15.5, 3.5, 15, 4], "rotation": 270, "texture": "#1"},
				"south": {"uv": [15.5, 3.5, 15, 4], "texture": "#1"},
				"west": {"uv": [15.5, 3.5, 15, 4], "rotation": 90, "texture": "#1"},
				"up": {"uv": [15, 3.5, 15.5, 4], "rotation": 180, "texture": "#1"},
				"down": {"uv": [15, 3.5, 15.5, 4], "rotation": 180, "texture": "#1"}
			}
		},
		{
			"from": [7.9878, 7.93575, -9.62518],
			"to": [8.01152, 8.87899, -9.06975],
			"rotation": {"angle": 0, "axis": "z", "origin": [8, 8.84967, -8.44746]},
			"faces": {
				"north": {"uv": [15.5, 3.5, 15, 4], "rotation": 180, "texture": "#1"},
				"east": {"uv": [15.5, 3.5, 15, 4], "rotation": 270, "texture": "#1"},
				"south": {"uv": [15.5, 3.5, 15, 4], "texture": "#1"},
				"west": {"uv": [15.5, 3.5, 15, 4], "rotation": 90, "texture": "#1"},
				"up": {"uv": [15, 3.5, 15.5, 4], "rotation": 180, "texture": "#1"},
				"down": {"uv": [15, 3.5, 15.5, 4], "rotation": 180, "texture": "#1"}
			}
		},
		{
			"from": [8.28848, 8.03575, -9.62518],
			"to": [8.3122, 8.97899, -9.06975],
			"rotation": {"angle": 0, "axis": "z", "origin": [8, 8.84967, -8.44746]},
			"faces": {
				"north": {"uv": [15.5, 3.5, 15, 4], "texture": "#1"},
				"east": {"uv": [15.5, 3.5, 15, 4], "rotation": 270, "texture": "#1"},
				"south": {"uv": [15.5, 3.5, 15, 4], "rotation": 180, "texture": "#1"},
				"west": {"uv": [15.5, 3.5, 15, 4], "rotation": 90, "texture": "#1"},
				"up": {"uv": [15, 3.5, 15.5, 4], "texture": "#1"},
				"down": {"uv": [15, 3.5, 15.5, 4], "texture": "#1"}
			}
		},
		{
			"from": [7.88651, 7.28824, -8.59475],
			"to": [8.11349, 7.51522, -6.81116],
			"rotation": {"angle": 0, "axis": "z", "origin": [8, 7.30173, -4.70296]},
			"faces": {
				"north": {"uv": [15, 3.5, 15.5, 4], "rotation": 270, "texture": "#1"},
				"east": {"uv": [15.5, 3.5, 15, 4], "rotation": 90, "texture": "#1"},
				"south": {"uv": [15, 3.5, 15.5, 4], "rotation": 270, "texture": "#1"},
				"west": {"uv": [15.5, 3.5, 15, 4], "rotation": 90, "texture": "#1"},
				"up": {"uv": [15.5, 3.5, 15, 4], "rotation": 270, "texture": "#1"},
				"down": {"uv": [15.5, 3.5, 15, 4], "rotation": 270, "texture": "#1"}
			}
		},
		{
			"from": [7.61713, 5.30555, 13.21662],
			"to": [8.38268, 6.65203, 14.65534],
			"rotation": {"angle": 0, "axis": "y", "origin": [7.99991, 5.55379, 13.71098]},
			"faces": {
				"north": {"uv": [7, 0.5, 6.5, 1], "rotation": 90, "texture": "#1"},
				"east": {"uv": [6.5, 0.5, 7, 1], "rotation": 270, "texture": "#1"},
				"south": {"uv": [7, 0.5, 6.5, 1], "rotation": 90, "texture": "#1"},
				"west": {"uv": [6.5, 0.5, 7, 1], "rotation": 270, "texture": "#1"},
				"up": {"uv": [6.5, 0.5, 7, 1], "rotation": 270, "texture": "#1"},
				"down": {"uv": [6.5, 0.5, 7, 1], "rotation": 270, "texture": "#1"}
			}
		},
		{
			"from": [7.61713, 5.85034, 11.47778],
			"to": [8.38268, 7.45468, 13.69384],
			"rotation": {"angle": 22.5, "axis": "x", "origin": [7.99991, 6.77751, 12.08581]},
			"faces": {
				"north": {"uv": [7, 0.5, 6.5, 1], "rotation": 90, "texture": "#1"},
				"east": {"uv": [6.5, 0.5, 7, 1], "rotation": 270, "texture": "#1"},
				"south": {"uv": [7, 0.5, 6.5, 1], "rotation": 90, "texture": "#1"},
				"west": {"uv": [6.5, 0.5, 7, 1], "rotation": 270, "texture": "#1"},
				"up": {"uv": [6.5, 0.5, 7, 1], "rotation": 270, "texture": "#1"},
				"down": {"uv": [6.5, 0.5, 7, 1], "rotation": 270, "texture": "#1"}
			}
		},
		{
			"from": [7.61819, 6.15879, 11.16432],
			"to": [8.38162, 7.46512, 11.37215],
			"rotation": {"angle": 0, "axis": "y", "origin": [7.99991, 7.21196, 11.56824]},
			"faces": {
				"north": {"uv": [7, 0.5, 6.5, 1], "rotation": 90, "texture": "#1"},
				"east": {"uv": [6.5, 0.5, 7, 1], "rotation": 270, "texture": "#1"},
				"south": {"uv": [7, 0.5, 6.5, 1], "rotation": 90, "texture": "#1"},
				"west": {"uv": [6.5, 0.5, 7, 1], "rotation": 270, "texture": "#1"},
				"up": {"uv": [6.5, 0.5, 7, 1], "rotation": 270, "texture": "#1"},
				"down": {"uv": [6.5, 0.5, 7, 1], "rotation": 270, "texture": "#1"}
			}
		}
	],
	"display": {
		"thirdperson_righthand": {
			"translation": [0, 1.5, -2],
			"scale": [0.64, 0.64, 0.64]
		},
		"thirdperson_lefthand": {
			"translation": [0, 1.25, -2],
			"scale": [0.64, 0.64, 0.64]
		},
		"firstperson_righthand": {
			"translation": [2.75, 1, -9]
		},
		"firstperson_lefthand": {
			"translation": [2.75, 1, -9]
		},
		"gui": {
			"rotation": [52.96, -40.13, 55.91],
			"translation": [-2.25, 0, 0],
			"scale": [1, 0.9, 0.8]
		},
		"fixed": {
			"rotation": [0, 90, 0],
			"translation": [2.25, 0, -1.5]
		}
	},
	"groups": [
		{
			"name": "metal_bolt_action_inner",
			"origin": [0, 0, 0],
			"color": 0,
			"children": [0, 1, 2, 3, 4, 5, 6, 7]
		},
		{
			"name": "bolt_rear",
			"origin": [0, 0, 0],
			"color": 0,
			"children": []
		},
		{
			"name": "boltgrip",
			"origin": [0, 0, 0],
			"color": 0,
			"children": [8, 9, 10, 11, 12, 13, 14, 15, 16, 17, 18]
		},
		{
			"name": "action",
			"origin": [0, 0, 0],
			"color": 0,
			"children": [19, 20, 21, 22, 23, 24, 25, 26, 27, 28, 29]
		},
		{
			"name": "barrel",
			"origin": [0, 0, 0],
			"color": 0,
			"children": [30]
		},
		{
			"name": "btn",
			"origin": [0, 0, 0],
			"color": 0,
			"children": [31, 32, 33, 34, 35, 36, 37]
		},
		{
			"name": "stock_metal_detail",
			"origin": [0, 0, 0],
			"color": 0,
			"children": []
		},
		{
			"name": "stock",
			"origin": [0, 0, 0],
			"color": 0,
			"children": [38, 39, 40, 41, 42, 43, 44]
		},
		{
			"name": "barrel_mid",
			"origin": [0, 0, 0],
			"color": 0,
			"children": [45, 46, 47, 48, 49, 50, 51, 52]
		},
		{
			"name": "body_upper",
			"origin": [0, 0, 0],
			"color": 0,
			"children": [53]
		},
		{
			"name": "body_lower",
			"origin": [0, 0, 0],
			"color": 0,
			"children": [54, 55, 56]
		},
		{
			"name": "body_metal_detail",
			"origin": [0, 0, 0],
			"color": 0,
			"children": []
		},
		{
			"name": "ring_mid",
			"origin": [0, 0, 0],
			"color": 0,
			"children": [57, 58, 59, 60, 61, 62]
		},
		{
			"name": "ring_end",
			"origin": [0, 0, 0],
			"color": 0,
			"children": [63, 64, 65, 66, 67]
		},
		{
			"name": "iron_sight",
			"origin": [0, 0, 0],
			"color": 0,
			"children": [68, 69, 70, 71]
		},
		{
			"name": "iron_sight_barrel",
			"origin": [0, 0, 0],
			"color": 0,
			"children": [72, 73, 74]
		},
		{
			"name": "end_rod",
			"origin": [0, 0, 0],
			"color": 0,
			"children": [75]
		},
		76,
		77,
		78
	]
}