{"credit":"Made with Blockbench","textures":{"1":"item/gun/xeth_rifle1"},"elements":[{"from":[7.86979,7.911,6.0403],"to":[8.13021,8.53973,12.14946],"rotation":{"angle":0,"axis":"z","origin":[8,8.22536,7.9614]},"faces":{"north":{"uv":[14,3.5,13.5,4],"rotation":90,"texture":"#1"},"east":{"uv":[13.5,3.5,14,4],"rotation":270,"texture":"#1"},"south":{"uv":[14,3.5,13.5,4],"rotation":90,"texture":"#1"},"west":{"uv":[13.5,3.5,14,4],"rotation":270,"texture":"#1"},"up":{"uv":[14,3.5,13.5,4],"rotation":180,"texture":"#1"},"down":{"uv":[14,3.5,13.5,4],"texture":"#1"}}},{"from":[7.68563,8.09515,6.0403],"to":[8.31437,8.35558,12.14946],"rotation":{"angle":0,"axis":"z","origin":[8,8.22536,7.9614]},"faces":{"north":{"uv":[14,3.5,13.5,4],"rotation":90,"texture":"#1"},"east":{"uv":[13.5,3.5,14,4],"rotation":270,"texture":"#1"},"south":{"uv":[14,3.5,13.5,4],"rotation":90,"texture":"#1"},"west":{"uv":[13.5,3.5,14,4],"rotation":270,"texture":"#1"},"up":{"uv":[14,3.5,13.5,4],"rotation":180,"texture":"#1"},"down":{"uv":[14,3.5,13.5,4],"texture":"#1"}}},{"from":[7.86979,7.911,6.0403],"to":[8.13021,8.53973,12.14946],"rotation":{"angle":-45,"axis":"z","origin":[8,8.22536,7.9614]},"faces":{"north":{"uv":[14,3.5,13.5,4],"rotation":90,"texture":"#1"},"east":{"uv":[13.5,3.5,14,4],"rotation":270,"texture":"#1"},"south":{"uv":[14,3.5,13.5,4],"rotation":90,"texture":"#1"},"west":{"uv":[13.5,3.5,14,4],"rotation":270,"texture":"#1"},"up":{"uv":[14,3.5,13.5,4],"rotation":180,"texture":"#1"},"down":{"uv":[14,3.5,13.5,4],"texture":"#1"}}},{"from":[7.86979,7.911,6.0403],"to":[8.13021,8.53973,12.14946],"rotation":{"angle":45,"axis":"z","origin":[8,8.22536,7.9614]},"faces":{"north":{"uv":[14,3.5,13.5,4],"rotation":90,"texture":"#1"},"east":{"uv":[13.5,3.5,14,4],"rotation":270,"texture":"#1"},"south":{"uv":[14,3.5,13.5,4],"rotation":90,"texture":"#1"},"west":{"uv":[13.5,3.5,14,4],"rotation":270,"texture":"#1"},"up":{"uv":[14,3.5,13.5,4],"rotation":180,"texture":"#1"},"down":{"uv":[14,3.5,13.5,4],"texture":"#1"}}},{"from":[7.62238,8.07233,10.93011],"to":[8.37762,8.38516,11.74331],"rotation":{"angle":0,"axis":"z","origin":[8,8.22874,11.33671]},"faces":{"north":{"uv":[15.5,3.5,15,4],"rotation":90,"texture":"#1"},"east":{"uv":[15,3.5,15.5,4],"rotation":270,"texture":"#1"},"south":{"uv":[15.5,3.5,15,4],"rotation":90,"texture":"#1"},"west":{"uv":[15,3.5,15.5,4],"rotation":270,"texture":"#1"},"up":{"uv":[15.5,3.5,15,4],"rotation":180,"texture":"#1"},"down":{"uv":[15.5,3.5,15,4],"texture":"#1"}}},{"from":[7.84359,7.85112,10.93011],"to":[8.15641,8.60636,11.74331],"rotation":{"angle":-45,"axis":"z","origin":[8,8.22874,11.33671]},"faces":{"north":{"uv":[15.5,3.5,15,4],"rotation":90,"texture":"#1"},"east":{"uv":[15,3.5,15.5,4],"rotation":270,"texture":"#1"},"south":{"uv":[15.5,3.5,15,4],"rotation":90,"texture":"#1"},"west":{"uv":[15,3.5,15.5,4],"rotation":270,"texture":"#1"},"up":{"uv":[15.5,3.5,15,4],"rotation":180,"texture":"#1"},"down":{"uv":[15.5,3.5,15,4],"texture":"#1"}}},{"from":[7.84359,7.85112,10.93011],"to":[8.15641,8.60636,11.74331],"rotation":{"angle":45,"axis":"z","origin":[8,8.22874,11.33671]},"faces":{"north":{"uv":[15.5,3.5,15,4],"rotation":90,"texture":"#1"},"east":{"uv":[15,3.5,15.5,4],"rotation":270,"texture":"#1"},"south":{"uv":[15.5,3.5,15,4],"rotation":90,"texture":"#1"},"west":{"uv":[15,3.5,15.5,4],"rotation":270,"texture":"#1"},"up":{"uv":[15.5,3.5,15,4],"rotation":180,"texture":"#1"},"down":{"uv":[15.5,3.5,15,4],"texture":"#1"}}},{"from":[7.84359,7.85112,10.93011],"to":[8.15641,8.60636,11.74331],"rotation":{"angle":0,"axis":"z","origin":[8,8.22874,11.33671]},"faces":{"north":{"uv":[15.5,3.5,15,4],"rotation":90,"texture":"#1"},"east":{"uv":[15,3.5,15.5,4],"rotation":270,"texture":"#1"},"south":{"uv":[15.5,3.5,15,4],"rotation":90,"texture":"#1"},"west":{"uv":[15,3.5,15.5,4],"rotation":270,"texture":"#1"},"up":{"uv":[15.5,3.5,15,4],"rotation":180,"texture":"#1"},"down":{"uv":[15.5,3.5,15,4],"texture":"#1"}}},{"from":[7.8924,8.49275,10.78472],"to":[8.1076,8.71614,12.11848],"rotation":{"angle":0,"axis":"z","origin":[8,8.60445,11.4516]},"faces":{"north":{"uv":[15,3.5,15.5,4],"rotation":270,"texture":"#1"},"east":{"uv":[15.5,3.5,15,4],"rotation":90,"texture":"#1"},"south":{"uv":[15,3.5,15.5,4],"rotation":270,"texture":"#1"},"west":{"uv":[15.5,3.5,15,4],"rotation":90,"texture":"#1"},"up":{"uv":[15.5,3.5,15,4],"rotation":270,"texture":"#1"},"down":{"uv":[15.5,3.5,15,4],"rotation":270,"texture":"#1"}}},{"from":[7.91743,8.57713,11.8121],"to":[8.37577,8.68536,12.15753],"rotation":{"angle":0,"axis":"z","origin":[8.1466,8.63125,11.98481]},"faces":{"north":{"uv":[15,3.5,15.5,4],"rotation":270,"texture":"#1"},"east":{"uv":[15.5,3.5,15,4],"rotation":90,"texture":"#1"},"south":{"uv":[15,3.5,15.5,4],"rotation":270,"texture":"#1"},"west":{"uv":[15.5,3.5,15,4],"rotation":90,"texture":"#1"},"up":{"uv":[15.5,3.5,15,4],"rotation":270,"texture":"#1"},"down":{"uv":[15.5,3.5,15,4],"rotation":270,"texture":"#1"}}},{"from":[7.77696,7.79572,10.79803],"to":[8.44947,8.69466,10.97236],"rotation":{"angle":0,"axis":"z","origin":[8,8.24519,10.8852]},"faces":{"north":{"uv":[15,3.5,15.5,4],"rotation":270,"texture":"#1"},"east":{"uv":[15.5,3.5,15,4],"rotation":90,"texture":"#1"},"south":{"uv":[15,3.5,15.5,4],"rotation":270,"texture":"#1"},"west":{"uv":[15.5,3.5,15,4],"rotation":90,"texture":"#1"},"up":{"uv":[15.5,3.5,15,4],"rotation":270,"texture":"#1"},"down":{"uv":[15.5,3.5,15,4],"rotation":270,"texture":"#1"}}},{"from":[7.86862,8.11381,11.96978],"to":[8.13138,8.37657,12.9217],"rotation":{"angle":0,"axis":"z","origin":[8,8.24519,12.44574]},"faces":{"north":{"uv":[13.5,3.5,14,4],"rotation":270,"texture":"#1"},"east":{"uv":[14,3.5,13.5,4],"rotation":90,"texture":"#1"},"south":{"uv":[13.5,3.5,14,4],"rotation":270,"texture":"#1"},"west":{"uv":[14,3.5,13.5,4],"rotation":90,"texture":"#1"},"up":{"uv":[14,3.5,13.5,4],"rotation":270,"texture":"#1"},"down":{"uv":[14,3.5,13.5,4],"rotation":270,"texture":"#1"}}},{"from":[8.67295,7.1206,10.44232],"to":[8.93832,8.42588,10.67679],"rotation":{"angle":22.5,"axis":"z","origin":[8.80564,7.77324,10.55956]},"faces":{"north":{"uv":[14,3.5,13.5,4],"texture":"#1"},"east":{"uv":[14,3.5,13.5,4],"rotation":270,"texture":"#1"},"south":{"uv":[14,3.5,13.5,4],"rotation":180,"texture":"#1"},"west":{"uv":[14,3.5,13.5,4],"rotation":90,"texture":"#1"},"up":{"uv":[13.5,3.5,14,4],"texture":"#1"},"down":{"uv":[13.5,3.5,14,4],"texture":"#1"}}},{"from":[8.99157,6.6945,10.42608],"to":[9.25256,7.32458,10.68707],"rotation":{"angle":0,"axis":"z","origin":[9.12206,7.00954,10.55658]},"faces":{"north":{"uv":[13.5,3.5,14,4],"rotation":270,"texture":"#1"},"east":{"uv":[14,3.5,13.5,4],"rotation":90,"texture":"#1"},"south":{"uv":[13.5,3.5,14,4],"rotation":270,"texture":"#1"},"west":{"uv":[14,3.5,13.5,4],"rotation":90,"texture":"#1"},"up":{"uv":[14,3.5,13.5,4],"rotation":270,"texture":"#1"},"down":{"uv":[14,3.5,13.5,4],"rotation":270,"texture":"#1"}}},{"from":[8.99157,6.87905,10.24153],"to":[9.25256,7.14004,10.87162],"rotation":{"angle":0,"axis":"z","origin":[9.12206,7.00954,10.55658]},"faces":{"north":{"uv":[13.5,3.5,14,4],"rotation":270,"texture":"#1"},"east":{"uv":[14,3.5,13.5,4],"rotation":90,"texture":"#1"},"south":{"uv":[13.5,3.5,14,4],"rotation":270,"texture":"#1"},"west":{"uv":[14,3.5,13.5,4],"rotation":90,"texture":"#1"},"up":{"uv":[14,3.5,13.5,4],"rotation":270,"texture":"#1"},"down":{"uv":[14,3.5,13.5,4],"rotation":270,"texture":"#1"}}},{"from":[8.80702,6.87905,10.42608],"to":[9.4371,7.14004,10.68707],"rotation":{"angle":0,"axis":"z","origin":[9.12206,7.00954,10.55658]},"faces":{"north":{"uv":[13.5,3.5,14,4],"rotation":270,"texture":"#1"},"east":{"uv":[14,3.5,13.5,4],"rotation":90,"texture":"#1"},"south":{"uv":[13.5,3.5,14,4],"rotation":270,"texture":"#1"},"west":{"uv":[14,3.5,13.5,4],"rotation":90,"texture":"#1"},"up":{"uv":[14,3.5,13.5,4],"rotation":270,"texture":"#1"},"down":{"uv":[14,3.5,13.5,4],"rotation":270,"texture":"#1"}}},{"from":[8.80702,6.87905,10.42608],"to":[9.4371,7.14004,10.68707],"rotation":{"angle":45,"axis":"z","origin":[9.12206,7.00954,10.55658]},"faces":{"north":{"uv":[13.5,3.5,14,4],"rotation":270,"texture":"#1"},"east":{"uv":[14,3.5,13.5,4],"rotation":90,"texture":"#1"},"south":{"uv":[13.5,3.5,14,4],"rotation":270,"texture":"#1"},"west":{"uv":[14,3.5,13.5,4],"rotation":90,"texture":"#1"},"up":{"uv":[14,3.5,13.5,4],"rotation":270,"texture":"#1"},"down":{"uv":[14,3.5,13.5,4],"rotation":270,"texture":"#1"}}},{"from":[8.80702,6.87905,10.42608],"to":[9.4371,7.14004,10.68707],"rotation":{"angle":-45,"axis":"z","origin":[9.12206,7.00954,10.55658]},"faces":{"north":{"uv":[13.5,3.5,14,4],"rotation":270,"texture":"#1"},"east":{"uv":[14,3.5,13.5,4],"rotation":90,"texture":"#1"},"south":{"uv":[13.5,3.5,14,4],"rotation":270,"texture":"#1"},"west":{"uv":[14,3.5,13.5,4],"rotation":90,"texture":"#1"},"up":{"uv":[14,3.5,13.5,4],"rotation":270,"texture":"#1"},"down":{"uv":[14,3.5,13.5,4],"rotation":270,"texture":"#1"}}},{"from":[8.99157,6.6945,10.42608],"to":[9.25256,7.32458,10.68707],"rotation":{"angle":45,"axis":"x","origin":[9.12206,7.00954,10.55658]},"faces":{"north":{"uv":[13.5,3.5,14,4],"rotation":270,"texture":"#1"},"east":{"uv":[14,3.5,13.5,4],"rotation":90,"texture":"#1"},"south":{"uv":[13.5,3.5,14,4],"rotation":270,"texture":"#1"},"west":{"uv":[14,3.5,13.5,4],"rotation":90,"texture":"#1"},"up":{"uv":[14,3.5,13.5,4],"rotation":270,"texture":"#1"},"down":{"uv":[14,3.5,13.5,4],"rotation":270,"texture":"#1"}}},{"from":[8.99157,6.6945,10.42608],"to":[9.25256,7.32458,10.68707],"rotation":{"angle":-45,"axis":"x","origin":[9.12206,7.00954,10.55658]},"faces":{"north":{"uv":[13.5,3.5,14,4],"rotation":270,"texture":"#1"},"east":{"uv":[14,3.5,13.5,4],"rotation":90,"texture":"#1"},"south":{"uv":[13.5,3.5,14,4],"rotation":270,"texture":"#1"},"west":{"uv":[14,3.5,13.5,4],"rotation":90,"texture":"#1"},"up":{"uv":[14,3.5,13.5,4],"rotation":270,"texture":"#1"},"down":{"uv":[14,3.5,13.5,4],"rotation":270,"texture":"#1"}}},{"from":[8.99157,6.87905,10.24153],"to":[9.25256,7.14004,10.87162],"rotation":{"angle":45,"axis":"y","origin":[9.12206,7.00954,10.55658]},"faces":{"north":{"uv":[13.5,3.5,14,4],"rotation":270,"texture":"#1"},"east":{"uv":[14,3.5,13.5,4],"rotation":90,"texture":"#1"},"south":{"uv":[13.5,3.5,14,4],"rotation":270,"texture":"#1"},"west":{"uv":[14,3.5,13.5,4],"rotation":90,"texture":"#1"},"up":{"uv":[14,3.5,13.5,4],"rotation":270,"texture":"#1"},"down":{"uv":[14,3.5,13.5,4],"rotation":270,"texture":"#1"}}},{"from":[8.99157,6.87905,10.24153],"to":[9.25256,7.14004,10.87162],"rotation":{"angle":-45,"axis":"y","origin":[9.12206,7.00954,10.55658]},"faces":{"north":{"uv":[13.5,3.5,14,4],"rotation":270,"texture":"#1"},"east":{"uv":[14,3.5,13.5,4],"rotation":90,"texture":"#1"},"south":{"uv":[13.5,3.5,14,4],"rotation":270,"texture":"#1"},"west":{"uv":[14,3.5,13.5,4],"rotation":90,"texture":"#1"},"up":{"uv":[14,3.5,13.5,4],"rotation":270,"texture":"#1"},"down":{"uv":[14,3.5,13.5,4],"rotation":270,"texture":"#1"}}},{"from":[8.04922,8.08822,10.39625],"to":[8.69618,8.45787,10.72286],"rotation":{"angle":0,"axis":"z","origin":[8.3727,8.27305,10.55956]},"faces":{"north":{"uv":[14,3.5,13.5,4],"rotation":90,"texture":"#1"},"east":{"uv":[13.5,3.5,14,4],"rotation":270,"texture":"#1"},"south":{"uv":[14,3.5,13.5,4],"rotation":90,"texture":"#1"},"west":{"uv":[13.5,3.5,14,4],"rotation":270,"texture":"#1"},"up":{"uv":[14,3.5,13.5,4],"rotation":180,"texture":"#1"},"down":{"uv":[14,3.5,13.5,4],"texture":"#1"}}},{"from":[7.7962,7.78353,4.71295],"to":[8.2038,8.76759,6.26176],"rotation":{"angle":0,"axis":"z","origin":[8,8.27556,5.48736]},"faces":{"north":{"uv":[15.5,3.5,15,4],"rotation":90,"texture":"#1"},"east":{"uv":[15,3.5,15.5,4],"rotation":270,"texture":"#1"},"south":{"uv":[15.5,3.5,15,4],"rotation":90,"texture":"#1"},"west":{"uv":[15,3.5,15.5,4],"rotation":270,"texture":"#1"},"up":{"uv":[15.5,3.5,15,4],"rotation":180,"texture":"#1"},"down":{"uv":[15.5,3.5,15,4],"texture":"#1"}}},{"from":[7.50797,8.07175,4.71295],"to":[8.49203,8.47936,6.26176],"rotation":{"angle":0,"axis":"z","origin":[8,8.27556,5.48736]},"faces":{"north":{"uv":[15.5,3.5,15,4],"rotation":90,"texture":"#1"},"east":{"uv":[15,3.5,15.5,4],"rotation":270,"texture":"#1"},"south":{"uv":[15.5,3.5,15,4],"rotation":90,"texture":"#1"},"west":{"uv":[15,3.5,15.5,4],"rotation":270,"texture":"#1"},"up":{"uv":[15.5,3.5,15,4],"rotation":180,"texture":"#1"},"down":{"uv":[15.5,3.5,15,4],"texture":"#1"}}},{"from":[7.7962,7.78353,4.71296],"to":[8.2038,8.76759,6.26176],"rotation":{"angle":-45,"axis":"z","origin":[8,8.27556,5.48736]},"faces":{"north":{"uv":[15.5,3.5,15,4],"rotation":90,"texture":"#1"},"east":{"uv":[15,3.5,15.5,4],"rotation":270,"texture":"#1"},"south":{"uv":[15.5,3.5,15,4],"rotation":90,"texture":"#1"},"west":{"uv":[15,3.5,15.5,4],"rotation":270,"texture":"#1"},"up":{"uv":[15.5,3.5,15,4],"rotation":180,"texture":"#1"},"down":{"uv":[15.5,3.5,15,4],"texture":"#1"}}},{"from":[7.7962,7.78353,4.71296],"to":[8.2038,8.76759,6.26176],"rotation":{"angle":45,"axis":"z","origin":[8,8.27556,5.48736]},"faces":{"north":{"uv":[15.5,3.5,15,4],"rotation":90,"texture":"#1"},"east":{"uv":[15,3.5,15.5,4],"rotation":270,"texture":"#1"},"south":{"uv":[15.5,3.5,15,4],"rotation":90,"texture":"#1"},"west":{"uv":[15,3.5,15.5,4],"rotation":270,"texture":"#1"},"up":{"uv":[15.5,3.5,15,4],"rotation":180,"texture":"#1"},"down":{"uv":[15.5,3.5,15,4],"texture":"#1"}}},{"from":[7.55801,8.11117,9.47168],"to":[8.44199,8.47733,10.39481],"rotation":{"angle":0,"axis":"z","origin":[8,8.29425,9.93324]},"faces":{"north":{"uv":[15.5,3.5,15,4],"rotation":90,"texture":"#1"},"east":{"uv":[15,3.5,15.5,4],"rotation":270,"texture":"#1"},"south":{"uv":[15.5,3.5,15,4],"rotation":90,"texture":"#1"},"west":{"uv":[15,3.5,15.5,4],"rotation":270,"texture":"#1"},"up":{"uv":[15.5,3.5,15,4],"rotation":180,"texture":"#1"},"down":{"uv":[15.5,3.5,15,4],"texture":"#1"}}},{"from":[7.81692,7.85226,9.47168],"to":[8.18308,8.73624,10.39481],"rotation":{"angle":-45,"axis":"z","origin":[8,8.29425,9.93324]},"faces":{"north":{"uv":[15.5,3.5,15,4],"rotation":90,"texture":"#1"},"east":{"uv":[15,3.5,15.5,4],"rotation":270,"texture":"#1"},"south":{"uv":[15.5,3.5,15,4],"rotation":90,"texture":"#1"},"west":{"uv":[15,3.5,15.5,4],"rotation":270,"texture":"#1"},"up":{"uv":[15.5,3.5,15,4],"rotation":180,"texture":"#1"},"down":{"uv":[15.5,3.5,15,4],"texture":"#1"}}},{"from":[7.81692,7.85226,9.47168],"to":[8.18308,8.73624,11.43787],"rotation":{"angle":45,"axis":"z","origin":[8,8.29425,9.93324]},"faces":{"north":{"uv":[15.5,3.5,15,4],"rotation":90,"texture":"#1"},"east":{"uv":[15,3.5,15.5,4],"rotation":270,"texture":"#1"},"south":{"uv":[15.5,3.5,15,4],"rotation":90,"texture":"#1"},"west":{"uv":[15,3.5,15.5,4],"rotation":270,"texture":"#1"},"up":{"uv":[15.5,3.5,15,4],"rotation":180,"texture":"#1"},"down":{"uv":[15.5,3.5,15,4],"texture":"#1"}}},{"from":[7.77479,7.50615,12.07779],"to":[8.22521,7.95489,13.10344],"rotation":{"angle":22.5,"axis":"x","origin":[8,7.73052,12.59062]},"faces":{"north":{"uv":[15.5,3.5,15,4],"rotation":90,"texture":"#1"},"east":{"uv":[15,3.5,15.5,4],"rotation":270,"texture":"#1"},"south":{"uv":[15.5,3.5,15,4],"rotation":90,"texture":"#1"},"west":{"uv":[15,3.5,15.5,4],"rotation":270,"texture":"#1"},"up":{"uv":[15.5,3.5,15,4],"rotation":180,"texture":"#1"},"down":{"uv":[15.5,3.5,15,4],"texture":"#1"}}},{"from":[7.52846,8.03646,9.47168],"to":[7.93064,8.47789,11.43787],"rotation":{"angle":0,"axis":"z","origin":[7.72955,8.29927,10.82723]},"faces":{"north":{"uv":[15.5,3.5,15,4],"rotation":90,"texture":"#1"},"east":{"uv":[15,3.5,15.5,4],"rotation":270,"texture":"#1"},"south":{"uv":[15.5,3.5,15,4],"rotation":90,"texture":"#1"},"west":{"uv":[15,3.5,15.5,4],"rotation":270,"texture":"#1"},"up":{"uv":[15.5,3.5,15,4],"rotation":180,"texture":"#1"},"down":{"uv":[15.5,3.5,15,4],"texture":"#1"}}},{"from":[7.81692,7.85226,9.47168],"to":[8.18308,8.73624,10.39481],"rotation":{"angle":0,"axis":"z","origin":[8,8.29425,9.93324]},"faces":{"north":{"uv":[15.5,3.5,15,4],"rotation":90,"texture":"#1"},"east":{"uv":[15,3.5,15.5,4],"rotation":270,"texture":"#1"},"south":{"uv":[15.5,3.5,15,4],"rotation":90,"texture":"#1"},"west":{"uv":[15,3.5,15.5,4],"rotation":270,"texture":"#1"},"up":{"uv":[15.5,3.5,15,4],"rotation":180,"texture":"#1"},"down":{"uv":[15.5,3.5,15,4],"texture":"#1"}}},{"from":[7.63336,7.91066,10.93776],"to":[8.36664,8.13406,12.20269],"rotation":{"angle":0,"axis":"z","origin":[8,8.02236,11.57022]},"faces":{"north":{"uv":[15,3.5,15.5,4],"rotation":270,"texture":"#1"},"east":{"uv":[15.5,3.5,15,4],"rotation":90,"texture":"#1"},"south":{"uv":[15,3.5,15.5,4],"rotation":270,"texture":"#1"},"west":{"uv":[15.5,3.5,15,4],"rotation":90,"texture":"#1"},"up":{"uv":[15.5,3.5,15,4],"rotation":270,"texture":"#1"},"down":{"uv":[15.5,3.5,15,4],"rotation":270,"texture":"#1"}}},{"from":[7.71124,7.88454,-16],"to":[8.28876,8.46206,-6.37024],"rotation":{"angle":0,"axis":"z","origin":[8,8.1733,-11.18512]},"faces":{"north":{"uv":[0.5,3.5,3,6],"rotation":270,"texture":"#1"},"east":{"uv":[15.5,0.5,0.5,2.5],"texture":"#1"},"south":{"uv":[15,3.5,15.5,4],"rotation":270,"texture":"#1"},"west":{"uv":[0.5,0.5,15.5,2.5],"texture":"#1"},"up":{"uv":[15.5,0.5,0.5,2.5],"rotation":270,"texture":"#1"},"down":{"uv":[15.5,0.5,0.5,2.5],"rotation":270,"texture":"#1"}}},{"from":[7.68969,5.81035,12.32421],"to":[8.31031,6.76448,12.52816],"rotation":{"angle":0,"axis":"z","origin":[8,6.28742,12.42619]},"faces":{"north":{"uv":[15.5,3.5,15,4],"rotation":90,"texture":"#1"},"east":{"uv":[15,3.5,15.5,4],"rotation":270,"texture":"#1"},"south":{"uv":[15.5,3.5,15,4],"rotation":90,"texture":"#1"},"west":{"uv":[15,3.5,15.5,4],"rotation":270,"texture":"#1"},"up":{"uv":[15,3.5,15.5,4],"rotation":270,"texture":"#1"},"down":{"uv":[15,3.5,15.5,4],"rotation":270,"texture":"#1"}}},{"from":[7.68969,5.30831,10.71155],"to":[8.31031,5.51226,12.02612],"rotation":{"angle":0,"axis":"z","origin":[8,5.41029,11.36883]},"faces":{"north":{"uv":[15,3.5,15.5,4],"rotation":90,"texture":"#1"},"east":{"uv":[15,3.5,15.5,4],"rotation":180,"texture":"#1"},"south":{"uv":[15,3.5,15.5,4],"rotation":270,"texture":"#1"},"west":{"uv":[15,3.5,15.5,4],"texture":"#1"},"up":{"uv":[15.5,3.5,15,4],"rotation":270,"texture":"#1"},"down":{"uv":[15.5,3.5,15,4],"rotation":90,"texture":"#1"}}},{"from":[7.68969,5.27644,10.43066],"to":[8.31031,5.98644,10.63461],"rotation":{"angle":-45,"axis":"x","origin":[8,5.63144,10.53263]},"faces":{"north":{"uv":[15.5,3.5,15,4],"rotation":90,"texture":"#1"},"east":{"uv":[15,3.5,15.5,4],"rotation":270,"texture":"#1"},"south":{"uv":[15.5,3.5,15,4],"rotation":90,"texture":"#1"},"west":{"uv":[15,3.5,15.5,4],"rotation":270,"texture":"#1"},"up":{"uv":[15,3.5,15.5,4],"rotation":270,"texture":"#1"},"down":{"uv":[15,3.5,15.5,4],"rotation":270,"texture":"#1"}}},{"from":[7.68969,5.27644,12.10306],"to":[8.31031,5.98644,12.30701],"rotation":{"angle":45,"axis":"x","origin":[8,5.63144,12.20503]},"faces":{"north":{"uv":[15.5,3.5,15,4],"rotation":90,"texture":"#1"},"east":{"uv":[15,3.5,15.5,4],"rotation":270,"texture":"#1"},"south":{"uv":[15.5,3.5,15,4],"rotation":90,"texture":"#1"},"west":{"uv":[15,3.5,15.5,4],"rotation":270,"texture":"#1"},"up":{"uv":[15,3.5,15.5,4],"rotation":270,"texture":"#1"},"down":{"uv":[15,3.5,15.5,4],"rotation":270,"texture":"#1"}}},{"from":[7.68969,5.90735,11.59342],"to":[8.31031,6.79091,11.75824],"rotation":{"angle":0,"axis":"z","origin":[8,6.27745,11.67583]},"faces":{"north":{"uv":[14,3.5,13.5,4],"rotation":90,"texture":"#1"},"east":{"uv":[13.5,3.5,14,4],"rotation":270,"texture":"#1"},"south":{"uv":[14,3.5,13.5,4],"rotation":90,"texture":"#1"},"west":{"uv":[13.5,3.5,14,4],"rotation":270,"texture":"#1"},"up":{"uv":[13.5,3.5,14,4],"rotation":270,"texture":"#1"},"down":{"uv":[13.5,3.5,14,4],"rotation":270,"texture":"#1"}}},{"from":[7.68969,5.58862,11.46639],"to":[8.31031,6.02824,11.62622],"rotation":{"angle":45,"axis":"x","origin":[8,5.80843,11.54631]},"faces":{"north":{"uv":[14,3.5,13.5,4],"rotation":90,"texture":"#1"},"east":{"uv":[13.5,3.5,14,4],"rotation":270,"texture":"#1"},"south":{"uv":[14,3.5,13.5,4],"rotation":90,"texture":"#1"},"west":{"uv":[13.5,3.5,14,4],"rotation":270,"texture":"#1"},"up":{"uv":[13.5,3.5,14,4],"rotation":270,"texture":"#1"},"down":{"uv":[13.5,3.5,14,4],"rotation":270,"texture":"#1"}}},{"from":[7.68969,5.81035,10.20951],"to":[8.31031,6.8197,10.41345],"rotation":{"angle":0,"axis":"z","origin":[8,6.17675,10.31148]},"faces":{"north":{"uv":[15.5,3.5,15,4],"rotation":90,"texture":"#1"},"east":{"uv":[15,3.5,15.5,4],"rotation":270,"texture":"#1"},"south":{"uv":[15.5,3.5,15,4],"rotation":90,"texture":"#1"},"west":{"uv":[15,3.5,15.5,4],"rotation":270,"texture":"#1"},"up":{"uv":[15,3.5,15.5,4],"rotation":270,"texture":"#1"},"down":{"uv":[15,3.5,15.5,4],"rotation":270,"texture":"#1"}}},{"from":[7.46958,5.11746,19.06659],"to":[8.53042,6.00949,19.95862],"rotation":{"angle":0,"axis":"z","origin":[8,5.56348,19.51261]},"faces":{"north":{"uv":[15,3.5,15.5,4],"rotation":270,"texture":"#1"},"east":{"uv":[15.5,3.5,15,4],"rotation":90,"texture":"#1"},"south":{"uv":[15,3.5,15.5,4],"rotation":270,"texture":"#1"},"west":{"uv":[15.5,3.5,15,4],"rotation":90,"texture":"#1"},"up":{"uv":[15.5,3.5,15,4],"rotation":270,"texture":"#1"},"down":{"uv":[15.5,3.5,15,4],"rotation":270,"texture":"#1"}}},{"from":[7.52285,5.52412,12.87198],"to":[8.47715,6.68904,14.77043],"rotation":{"angle":45,"axis":"x","origin":[8,6.10658,13.82121]},"faces":{"north":{"uv":[3.5,10,10,15.5],"texture":"#1"},"east":{"uv":[10,10,3.5,15.5],"texture":"#1"},"south":{"uv":[3.5,10,10,15.5],"texture":"#1"},"west":{"uv":[10,11.5,3.5,15.5],"texture":"#1"},"up":{"uv":[12.5,10.5,3,13],"rotation":270,"texture":"#1"},"down":{"uv":[13,13,4.5,15.5],"rotation":270,"texture":"#1"}}},{"from":[7.50394,5.02351,14.08055],"to":[8.49606,7.11634,23.31699],"rotation":{"angle":0,"axis":"z","origin":[8,5.37203,21.56049]},"faces":{"north":{"uv":[7.5,10,10,13.5],"texture":"#1"},"east":{"uv":[14.5,11,0.5,14.5],"texture":"#1"},"south":{"uv":[7.5,10,10,13.5],"texture":"#1"},"west":{"uv":[14.5,11,0.5,14.5],"texture":"#1"},"up":{"uv":[15.5,13,0.5,15.5],"rotation":270,"texture":"#1"},"down":{"uv":[13,13,1.5,14.5],"rotation":270,"texture":"#1"}}},{"from":[7.51247,3.42491,18.90279],"to":[8.48753,5.42808,23.317],"rotation":{"angle":0,"axis":"z","origin":[8,3.9391,22.85275]},"faces":{"north":{"uv":[3.5,10,10,15.5],"texture":"#1"},"east":{"uv":[10,13,3.5,15.5],"texture":"#1"},"south":{"uv":[3.5,10,10,15.5],"texture":"#1"},"west":{"uv":[10,13,3.5,15.5],"texture":"#1"},"up":{"uv":[10,10,3.5,15.5],"rotation":180,"texture":"#1"},"down":{"uv":[10,10,3.5,15.5],"rotation":180,"texture":"#1"}}},{"from":[7.52252,5.4944,11.74919],"to":[8.47748,6.98741,14.91182],"rotation":{"angle":22.5,"axis":"x","origin":[8,6.4212,14.78545]},"faces":{"north":{"uv":[3.5,10,10,15.5],"texture":"#1"},"east":{"uv":[14.5,11,7,14.5],"texture":"#1"},"south":{"uv":[3.5,10,10,15.5],"texture":"#1"},"west":{"uv":[14.5,11,7,14.5],"texture":"#1"},"up":{"uv":[11,9.5,5.5,14],"texture":"#1"},"down":{"uv":[10,10,3.5,15.5],"rotation":180,"texture":"#1"}}},{"from":[7.5086,4.41366,15.14216],"to":[8.4914,5.96359,19.40776],"rotation":{"angle":22.5,"axis":"x","origin":[8,5.18862,16.66989]},"faces":{"north":{"uv":[3.5,10,10,15.5],"texture":"#1"},"east":{"uv":[10,13.5,3.5,15.5],"texture":"#1"},"south":{"uv":[3.5,10,10,15.5],"texture":"#1"},"west":{"uv":[15,13.5,8.5,15.5],"texture":"#1"},"up":{"uv":[10,10,3.5,15.5],"rotation":180,"texture":"#1"},"down":{"uv":[10,10,3.5,15.5],"rotation":180,"texture":"#1"}}},{"from":[7.51247,7.04689,16.29851],"to":[8.48753,7.39609,23.31699],"rotation":{"angle":0,"axis":"z","origin":[8,7.12286,21.56049]},"faces":{"north":{"uv":[3,9,7,10],"texture":"#1"},"east":{"uv":[15,9,3,10],"texture":"#1"},"south":{"uv":[3,9,9,10.5],"texture":"#1"},"west":{"uv":[15,9,3,10],"texture":"#1"},"up":{"uv":[15,8.5,1,11],"rotation":270,"texture":"#1"},"down":{"uv":[15,8.5,1,11],"rotation":270,"texture":"#1"}}},{"from":[7.46185,3.3648,23.1785],"to":[8.53815,7.44404,23.41169],"rotation":{"angle":0,"axis":"z","origin":[8,5.40442,23.2951]},"faces":{"north":{"uv":[15,3.5,15.5,4],"rotation":270,"texture":"#1"},"east":{"uv":[15.5,3.5,15,4],"rotation":90,"texture":"#1"},"south":{"uv":[15,3.5,15.5,4],"rotation":270,"texture":"#1"},"west":{"uv":[15.5,3.5,15,4],"rotation":90,"texture":"#1"},"up":{"uv":[15.5,3.5,15,4],"rotation":270,"texture":"#1"},"down":{"uv":[15.5,3.5,15,4],"rotation":270,"texture":"#1"}}},{"from":[7.8407,7.86293,-0.50314],"to":[8.1593,8.63208,5.70839],"rotation":{"angle":0,"axis":"z","origin":[8,8.24751,4.30082]},"faces":{"north":{"uv":[15.5,3.5,15,4],"rotation":90,"texture":"#1"},"east":{"uv":[15,3.5,15.5,4],"rotation":270,"texture":"#1"},"south":{"uv":[15.5,3.5,15,4],"rotation":90,"texture":"#1"},"west":{"uv":[15,3.5,15.5,4],"rotation":270,"texture":"#1"},"up":{"uv":[15.5,3.5,15,4],"rotation":180,"texture":"#1"},"down":{"uv":[15.5,3.5,15,4],"texture":"#1"}}},{"from":[7.61542,8.08821,-0.50314],"to":[8.38458,8.4068,9.49318],"rotation":{"angle":0,"axis":"z","origin":[8,8.24751,4.30082]},"faces":{"north":{"uv":[15.5,3.5,15,4],"rotation":90,"texture":"#1"},"east":{"uv":[15,3.5,15.5,4],"rotation":270,"texture":"#1"},"south":{"uv":[15.5,3.5,15,4],"rotation":90,"texture":"#1"},"west":{"uv":[15,3.5,15.5,4],"rotation":270,"texture":"#1"},"up":{"uv":[15.5,3.5,15,4],"rotation":180,"texture":"#1"},"down":{"uv":[15.5,3.5,15,4],"texture":"#1"}}},{"from":[7.8407,7.86293,-0.50314],"to":[8.1593,8.63208,5.70839],"rotation":{"angle":-45,"axis":"z","origin":[8,8.24751,4.30082]},"faces":{"north":{"uv":[15.5,3.5,15,4],"rotation":90,"texture":"#1"},"east":{"uv":[15,3.5,15.5,4],"rotation":270,"texture":"#1"},"south":{"uv":[15.5,3.5,15,4],"rotation":90,"texture":"#1"},"west":{"uv":[15,3.5,15.5,4],"rotation":270,"texture":"#1"},"up":{"uv":[15.5,3.5,15,4],"rotation":180,"texture":"#1"},"down":{"uv":[15.5,3.5,15,4],"texture":"#1"}}},{"from":[7.8407,7.86293,-0.50313],"to":[8.1593,8.63208,8.46386],"rotation":{"angle":45,"axis":"z","origin":[8,8.24751,4.30082]},"faces":{"north":{"uv":[15.5,3.5,15,4],"rotation":90,"texture":"#1"},"east":{"uv":[15,3.5,15.5,4],"rotation":270,"texture":"#1"},"south":{"uv":[15.5,3.5,15,4],"rotation":90,"texture":"#1"},"west":{"uv":[15,3.5,15.5,4],"rotation":270,"texture":"#1"},"up":{"uv":[15.5,3.5,15,4],"rotation":180,"texture":"#1"},"down":{"uv":[15.5,3.5,15,4],"texture":"#1"}}},{"from":[7.66394,8.01332,-7.25384],"to":[8.33606,8.65532,-0.50313],"rotation":{"angle":0,"axis":"z","origin":[8,8.27028,-4.86828]},"faces":{"north":{"uv":[5.5,7,8.5,9],"rotation":180,"texture":"#1"},"east":{"uv":[0,7,16,9],"rotation":180,"texture":"#1"},"south":{"uv":[6,7,9.5,9],"rotation":180,"texture":"#1"},"west":{"uv":[16,7,0,9],"rotation":180,"texture":"#1"},"up":{"uv":[0,9.5,16,11.5],"rotation":270,"texture":"#1"},"down":{"uv":[0.5,13.5,15.5,15.5],"rotation":270,"texture":"#1"}}},{"from":[7.54949,6.83911,-6.59966],"to":[8.45051,8.10417,0.24822],"rotation":{"angle":0,"axis":"z","origin":[8,7.47164,-3.17572]},"faces":{"north":{"uv":[6.5,11,10.5,15],"texture":"#1"},"east":{"uv":[3,10.5,15.5,14],"texture":"#1"},"south":{"uv":[6.5,11,10.5,15],"texture":"#1"},"west":{"uv":[3,10.5,15.5,14],"texture":"#1"},"up":{"uv":[0,9.5,16,10.5],"rotation":270,"texture":"#1"},"down":{"uv":[0,14.5,16,16],"rotation":270,"texture":"#1"}}},{"from":[7.53306,6.60167,0.14827],"to":[8.46694,8.10417,12.20199],"rotation":{"angle":0,"axis":"z","origin":[8,7.35292,6.17513]},"faces":{"north":{"uv":[6.5,11,10.5,15],"texture":"#1"},"east":{"uv":[0,10.5,16,14.5],"texture":"#1"},"south":{"uv":[4,12,7,15],"texture":"#1"},"west":{"uv":[0,10.5,16,14.5],"texture":"#1"},"up":{"uv":[0,11,16,12],"rotation":270,"texture":"#1"},"down":{"uv":[0,14.5,16,16],"rotation":270,"texture":"#1"}}},{"from":[7.53306,7.0332,-10.99333],"to":[8.46694,8.10417,-6.78757],"rotation":{"angle":0,"axis":"z","origin":[8,7.47126,-8.89045]},"faces":{"north":{"uv":[6.5,10,10.5,14],"texture":"#1"},"east":{"uv":[2.5,10.5,13,14],"texture":"#1"},"south":{"uv":[7,12,10,15],"texture":"#1"},"west":{"uv":[2.5,10.5,13,14],"texture":"#1"},"up":{"uv":[0,9.5,16,10.5],"rotation":270,"texture":"#1"},"down":{"uv":[0,14.5,16,16],"rotation":270,"texture":"#1"}}},{"from":[7.50922,7.20949,5.46031],"to":[8.49078,7.62747,5.87829],"rotation":{"angle":0,"axis":"z","origin":[8,7.41848,5.6693]},"faces":{"north":{"uv":[13.5,3.5,14,4],"rotation":270,"texture":"#1"},"east":{"uv":[14,3.5,13.5,4],"rotation":90,"texture":"#1"},"south":{"uv":[13.5,3.5,14,4],"rotation":270,"texture":"#1"},"west":{"uv":[14,3.5,13.5,4],"rotation":90,"texture":"#1"},"up":{"uv":[14,3.5,13.5,4],"rotation":270,"texture":"#1"},"down":{"uv":[14,3.5,13.5,4],"rotation":270,"texture":"#1"}}},{"from":[7.39801,6.9003,-6.84459],"to":[8.60199,8.45971,-6.36015],"rotation":{"angle":0,"axis":"z","origin":[7.91428,7.57941,-6.60237]},"faces":{"north":{"uv":[15,3.5,15.5,4],"rotation":270,"texture":"#1"},"east":{"uv":[15.5,3.5,15,4],"rotation":90,"texture":"#1"},"south":{"uv":[15,3.5,15.5,4],"rotation":270,"texture":"#1"},"west":{"uv":[15.5,3.5,15,4],"rotation":90,"texture":"#1"},"up":{"uv":[15.5,3.5,15,4],"rotation":270,"texture":"#1"},"down":{"uv":[15.5,3.5,15,4],"rotation":270,"texture":"#1"}}},{"from":[7.99134,8.20677,-6.84459],"to":[8.48857,8.73353,-6.36015],"rotation":{"angle":45,"axis":"z","origin":[8.23995,8.47015,-6.60237]},"faces":{"north":{"uv":[15,3.5,15.5,4],"rotation":270,"texture":"#1"},"east":{"uv":[15.5,3.5,15,4],"rotation":90,"texture":"#1"},"south":{"uv":[15,3.5,15.5,4],"rotation":270,"texture":"#1"},"west":{"uv":[15.5,3.5,15,4],"rotation":90,"texture":"#1"},"up":{"uv":[15.5,3.5,15,4],"rotation":270,"texture":"#1"},"down":{"uv":[15.5,3.5,15,4],"rotation":270,"texture":"#1"}}},{"from":[7.51143,8.20677,-6.84459],"to":[8.00866,8.73353,-6.36015],"rotation":{"angle":-45,"axis":"z","origin":[7.76005,8.47015,-6.60237]},"faces":{"north":{"uv":[15,3.5,15.5,4],"rotation":270,"texture":"#1"},"east":{"uv":[15.5,3.5,15,4],"rotation":90,"texture":"#1"},"south":{"uv":[15,3.5,15.5,4],"rotation":270,"texture":"#1"},"west":{"uv":[15.5,3.5,15,4],"rotation":90,"texture":"#1"},"up":{"uv":[15.5,3.5,15,4],"rotation":270,"texture":"#1"},"down":{"uv":[15.5,3.5,15,4],"rotation":270,"texture":"#1"}}},{"from":[7.99134,6.62648,-6.84459],"to":[8.48857,7.15324,-6.36015],"rotation":{"angle":-45,"axis":"z","origin":[8.23995,6.88986,-6.60237]},"faces":{"north":{"uv":[15,3.5,15.5,4],"rotation":270,"texture":"#1"},"east":{"uv":[15.5,3.5,15,4],"rotation":90,"texture":"#1"},"south":{"uv":[15,3.5,15.5,4],"rotation":270,"texture":"#1"},"west":{"uv":[15.5,3.5,15,4],"rotation":90,"texture":"#1"},"up":{"uv":[15.5,3.5,15,4],"rotation":270,"texture":"#1"},"down":{"uv":[15.5,3.5,15,4],"rotation":270,"texture":"#1"}}},{"from":[7.77049,6.52782,-6.84459],"to":[8.22951,8.83218,-6.36015],"rotation":{"angle":0,"axis":"z","origin":[7.62752,7.79826,-6.60237]},"faces":{"north":{"uv":[15,3.5,15.5,4],"rotation":270,"texture":"#1"},"east":{"uv":[15.5,3.5,15,4],"rotation":90,"texture":"#1"},"south":{"uv":[15,3.5,15.5,4],"rotation":270,"texture":"#1"},"west":{"uv":[15.5,3.5,15,4],"rotation":90,"texture":"#1"},"up":{"uv":[15.5,3.5,15,4],"rotation":270,"texture":"#1"},"down":{"uv":[15.5,3.5,15,4],"rotation":270,"texture":"#1"}}},{"from":[7.51143,6.62648,-6.84459],"to":[8.00866,7.15324,-6.36015],"rotation":{"angle":45,"axis":"z","origin":[7.76005,6.88986,-6.60237]},"faces":{"north":{"uv":[15,3.5,15.5,4],"rotation":270,"texture":"#1"},"east":{"uv":[15.5,3.5,15,4],"rotation":90,"texture":"#1"},"south":{"uv":[15,3.5,15.5,4],"rotation":270,"texture":"#1"},"west":{"uv":[15.5,3.5,15,4],"rotation":90,"texture":"#1"},"up":{"uv":[15.5,3.5,15,4],"rotation":270,"texture":"#1"},"down":{"uv":[15.5,3.5,15,4],"rotation":270,"texture":"#1"}}},{"from":[7.39801,7.09893,-11.15061],"to":[8.60199,8.1814,-10.59093],"rotation":{"angle":0,"axis":"z","origin":[8,7.57941,-10.87077]},"faces":{"north":{"uv":[15,3.5,15.5,4],"rotation":270,"texture":"#1"},"east":{"uv":[15.5,3.5,15,4],"rotation":90,"texture":"#1"},"south":{"uv":[15,3.5,15.5,4],"rotation":270,"texture":"#1"},"west":{"uv":[15.5,3.5,15,4],"rotation":90,"texture":"#1"},"up":{"uv":[15.5,3.5,15,4],"rotation":270,"texture":"#1"},"down":{"uv":[15.5,3.5,15,4],"rotation":270,"texture":"#1"}}},{"from":[7.99134,7.92846,-11.15061],"to":[8.48857,8.45522,-10.59093],"rotation":{"angle":45,"axis":"z","origin":[8.23995,8.19184,-10.87077]},"faces":{"north":{"uv":[15,3.5,15.5,4],"rotation":270,"texture":"#1"},"east":{"uv":[15.5,3.5,15,4],"rotation":90,"texture":"#1"},"south":{"uv":[15,3.5,15.5,4],"rotation":270,"texture":"#1"},"west":{"uv":[15.5,3.5,15,4],"rotation":90,"texture":"#1"},"up":{"uv":[15.5,3.5,15,4],"rotation":270,"texture":"#1"},"down":{"uv":[15.5,3.5,15,4],"rotation":270,"texture":"#1"}}},{"from":[7.51143,7.92846,-11.15061],"to":[8.00866,8.45522,-10.59093],"rotation":{"angle":-45,"axis":"z","origin":[7.76005,8.19184,-10.87077]},"faces":{"north":{"uv":[15,3.5,15.5,4],"rotation":270,"texture":"#1"},"east":{"uv":[15.5,3.5,15,4],"rotation":90,"texture":"#1"},"south":{"uv":[15,3.5,15.5,4],"rotation":270,"texture":"#1"},"west":{"uv":[15.5,3.5,15,4],"rotation":90,"texture":"#1"},"up":{"uv":[15.5,3.5,15,4],"rotation":270,"texture":"#1"},"down":{"uv":[15.5,3.5,15,4],"rotation":270,"texture":"#1"}}},{"from":[7.51143,6.82511,-11.15061],"to":[8.00866,7.35187,-10.59093],"rotation":{"angle":45,"axis":"z","origin":[7.76005,7.08849,-10.87077]},"faces":{"north":{"uv":[15,3.5,15.5,4],"rotation":270,"texture":"#1"},"east":{"uv":[15.5,3.5,15,4],"rotation":90,"texture":"#1"},"south":{"uv":[15,3.5,15.5,4],"rotation":270,"texture":"#1"},"west":{"uv":[15.5,3.5,15,4],"rotation":90,"texture":"#1"},"up":{"uv":[15.5,3.5,15,4],"rotation":270,"texture":"#1"},"down":{"uv":[15.5,3.5,15,4],"rotation":270,"texture":"#1"}}},{"from":[7.99134,6.82511,-11.15061],"to":[8.48857,7.35187,-10.59093],"rotation":{"angle":-45,"axis":"z","origin":[8.23995,7.08849,-10.87077]},"faces":{"north":{"uv":[15,3.5,15.5,4],"rotation":270,"texture":"#1"},"east":{"uv":[15.5,3.5,15,4],"rotation":90,"texture":"#1"},"south":{"uv":[15,3.5,15.5,4],"rotation":270,"texture":"#1"},"west":{"uv":[15.5,3.5,15,4],"rotation":90,"texture":"#1"},"up":{"uv":[15.5,3.5,15,4],"rotation":270,"texture":"#1"},"down":{"uv":[15.5,3.5,15,4],"rotation":270,"texture":"#1"}}},{"from":[7.77049,6.72646,-11.15061],"to":[8.22951,8.55387,-10.59093],"rotation":{"angle":0,"axis":"z","origin":[7.62752,7.95189,-10.87077]},"faces":{"north":{"uv":[15,3.5,15.5,4],"rotation":270,"texture":"#1"},"east":{"uv":[15.5,3.5,15,4],"rotation":90,"texture":"#1"},"south":{"uv":[15,3.5,15.5,4],"rotation":270,"texture":"#1"},"west":{"uv":[15.5,3.5,15,4],"rotation":90,"texture":"#1"},"up":{"uv":[15.5,3.5,15,4],"rotation":270,"texture":"#1"},"down":{"uv":[15.5,3.5,15,4],"rotation":270,"texture":"#1"}}},{"from":[7.39801,7.09893,-10.14409],"to":[8.60199,8.1814,-9.58441],"rotation":{"angle":0,"axis":"z","origin":[8,7.57941,-9.86425]},"faces":{"north":{"uv":[15,3.5,15.5,4],"rotation":270,"texture":"#1"},"east":{"uv":[15.5,3.5,15,4],"rotation":90,"texture":"#1"},"south":{"uv":[15,3.5,15.5,4],"rotation":270,"texture":"#1"},"west":{"uv":[15.5,3.5,15,4],"rotation":90,"texture":"#1"},"up":{"uv":[15.5,3.5,15,4],"rotation":270,"texture":"#1"},"down":{"uv":[15.5,3.5,15,4],"rotation":270,"texture":"#1"}}},{"from":[7.99134,7.92846,-10.14409],"to":[8.48857,8.45522,-9.58441],"rotation":{"angle":45,"axis":"z","origin":[8.23995,8.19184,-9.86425]},"faces":{"north":{"uv":[15,3.5,15.5,4],"rotation":270,"texture":"#1"},"east":{"uv":[15.5,3.5,15,4],"rotation":90,"texture":"#1"},"south":{"uv":[15,3.5,15.5,4],"rotation":270,"texture":"#1"},"west":{"uv":[15.5,3.5,15,4],"rotation":90,"texture":"#1"},"up":{"uv":[15.5,3.5,15,4],"rotation":270,"texture":"#1"},"down":{"uv":[15.5,3.5,15,4],"rotation":270,"texture":"#1"}}},{"from":[7.51143,7.92846,-10.14409],"to":[8.00866,8.45522,-9.58441],"rotation":{"angle":-45,"axis":"z","origin":[7.76005,8.19184,-9.86425]},"faces":{"north":{"uv":[15,3.5,15.5,4],"rotation":270,"texture":"#1"},"east":{"uv":[15.5,3.5,15,4],"rotation":90,"texture":"#1"},"south":{"uv":[15,3.5,15.5,4],"rotation":270,"texture":"#1"},"west":{"uv":[15.5,3.5,15,4],"rotation":90,"texture":"#1"},"up":{"uv":[15.5,3.5,15,4],"rotation":270,"texture":"#1"},"down":{"uv":[15.5,3.5,15,4],"rotation":270,"texture":"#1"}}},{"from":[7.51143,6.82511,-10.14409],"to":[8.00866,7.35187,-9.58441],"rotation":{"angle":45,"axis":"z","origin":[7.76005,7.08849,-9.86425]},"faces":{"north":{"uv":[15,3.5,15.5,4],"rotation":270,"texture":"#1"},"east":{"uv":[15.5,3.5,15,4],"rotation":90,"texture":"#1"},"south":{"uv":[15,3.5,15.5,4],"rotation":270,"texture":"#1"},"west":{"uv":[15.5,3.5,15,4],"rotation":90,"texture":"#1"},"up":{"uv":[15.5,3.5,15,4],"rotation":270,"texture":"#1"},"down":{"uv":[15.5,3.5,15,4],"rotation":270,"texture":"#1"}}},{"from":[7.99134,6.82511,-10.14409],"to":[8.48857,7.35187,-9.58441],"rotation":{"angle":-45,"axis":"z","origin":[8.23995,7.08849,-9.86425]},"faces":{"north":{"uv":[15,3.5,15.5,4],"rotation":270,"texture":"#1"},"east":{"uv":[15.5,3.5,15,4],"rotation":90,"texture":"#1"},"south":{"uv":[15,3.5,15.5,4],"rotation":270,"texture":"#1"},"west":{"uv":[15.5,3.5,15,4],"rotation":90,"texture":"#1"},"up":{"uv":[15.5,3.5,15,4],"rotation":270,"texture":"#1"},"down":{"uv":[15.5,3.5,15,4],"rotation":270,"texture":"#1"}}},{"from":[7.77049,6.72646,-10.14409],"to":[8.22951,8.55387,-9.58441],"rotation":{"angle":0,"axis":"z","origin":[7.62752,7.95189,-9.86425]},"faces":{"north":{"uv":[15,3.5,15.5,4],"rotation":270,"texture":"#1"},"east":{"uv":[15.5,3.5,15,4],"rotation":90,"texture":"#1"},"south":{"uv":[15,3.5,15.5,4],"rotation":270,"texture":"#1"},"west":{"uv":[15.5,3.5,15,4],"rotation":90,"texture":"#1"},"up":{"uv":[15.5,3.5,15,4],"rotation":270,"texture":"#1"},"down":{"uv":[15.5,3.5,15,4],"rotation":270,"texture":"#1"}}},{"from":[7.39801,7.33826,-10.59093],"to":[8.60199,7.88155,-10.14409],"rotation":{"angle":0,"axis":"z","origin":[8,7.57941,-10.42393]},"faces":{"north":{"uv":[15,3.5,15.5,4],"rotation":270,"texture":"#1"},"east":{"uv":[15.5,3.5,15,4],"rotation":90,"texture":"#1"},"south":{"uv":[15,3.5,15.5,4],"rotation":270,"texture":"#1"},"west":{"uv":[15.5,3.5,15,4],"rotation":90,"texture":"#1"},"up":{"uv":[15.5,3.5,15,4],"rotation":270,"texture":"#1"},"down":{"uv":[15.5,3.5,15,4],"rotation":270,"texture":"#1"}}},{"from":[7.70597,7.92513,-0.36115],"to":[8.29403,8.74489,2.7588],"rotation":{"angle":0,"axis":"z","origin":[8,8.33501,1.19883]},"faces":{"north":{"uv":[15.5,3.5,15,4],"rotation":90,"texture":"#1"},"east":{"uv":[15,3.5,15.5,4],"rotation":270,"texture":"#1"},"south":{"uv":[15.5,3.5,15,4],"rotation":90,"texture":"#1"},"west":{"uv":[15,3.5,15.5,4],"rotation":270,"texture":"#1"},"up":{"uv":[15.5,3.5,15,4],"rotation":180,"texture":"#1"},"down":{"uv":[15.5,3.5,15,4],"texture":"#1"}}},{"from":[7.79616,8.05592,-0.2402],"to":[7.92481,8.84847,2.41565],"rotation":{"angle":0,"axis":"z","origin":[7.86049,8.45219,1.08772]},"faces":{"north":{"uv":[15.5,3.5,15,4],"rotation":90,"texture":"#1"},"east":{"uv":[15,3.5,15.5,4],"rotation":270,"texture":"#1"},"south":{"uv":[15.5,3.5,15,4],"rotation":90,"texture":"#1"},"west":{"uv":[15,3.5,15.5,4],"rotation":270,"texture":"#1"},"up":{"uv":[15.5,3.5,15,4],"rotation":180,"texture":"#1"},"down":{"uv":[15.5,3.5,15,4],"texture":"#1"}}},{"from":[7.74171,8.60177,2.258],"to":[8.25829,8.81299,2.51695],"rotation":{"angle":0,"axis":"z","origin":[8,8.70738,2.38748]},"faces":{"north":{"uv":[15.5,3.5,15,4],"rotation":90,"texture":"#1"},"east":{"uv":[15,3.5,15.5,4],"rotation":270,"texture":"#1"},"south":{"uv":[15.5,3.5,15,4],"rotation":90,"texture":"#1"},"west":{"uv":[15,3.5,15.5,4],"rotation":270,"texture":"#1"},"up":{"uv":[15.5,3.5,15,4],"rotation":180,"texture":"#1"},"down":{"uv":[15.5,3.5,15,4],"texture":"#1"}}},{"from":[7.70195,8.76111,2.32732],"to":[7.95292,8.88533,2.44761],"rotation":{"angle":0,"axis":"z","origin":[7.82744,8.82322,2.38746]},"faces":{"north":{"uv":[15.5,3.5,15,4],"rotation":90,"texture":"#1"},"east":{"uv":[15,3.5,15.5,4],"rotation":270,"texture":"#1"},"south":{"uv":[15.5,3.5,15,4],"rotation":90,"texture":"#1"},"west":{"uv":[15,3.5,15.5,4],"rotation":270,"texture":"#1"},"up":{"uv":[15.5,3.5,15,4],"rotation":180,"texture":"#1"},"down":{"uv":[15.5,3.5,15,4],"texture":"#1"}}},{"from":[8.04708,8.76111,2.32733],"to":[8.29805,8.88533,2.44762],"rotation":{"angle":0,"axis":"z","origin":[8.17256,8.82322,2.38748]},"faces":{"north":{"uv":[15,3.5,15.5,4],"rotation":270,"texture":"#1"},"east":{"uv":[15.5,3.5,15,4],"rotation":90,"texture":"#1"},"south":{"uv":[15,3.5,15.5,4],"rotation":270,"texture":"#1"},"west":{"uv":[15.5,3.5,15,4],"rotation":90,"texture":"#1"},"up":{"uv":[15,3.5,15.5,4],"rotation":180,"texture":"#1"},"down":{"uv":[15,3.5,15.5,4],"texture":"#1"}}},{"from":[7.63159,8.63355,2.16161],"to":[7.84985,8.89557,2.6102],"rotation":{"angle":0,"axis":"z","origin":[7.74072,8.76456,2.3859]},"faces":{"north":{"uv":[15,3.5,15.5,4],"rotation":270,"texture":"#1"},"east":{"uv":[15.5,3.5,15,4],"rotation":90,"texture":"#1"},"south":{"uv":[15,3.5,15.5,4],"rotation":270,"texture":"#1"},"west":{"uv":[15.5,3.5,15,4],"rotation":90,"texture":"#1"},"up":{"uv":[15.5,3.5,15,4],"rotation":90,"texture":"#1"},"down":{"uv":[15.5,3.5,15,4],"rotation":90,"texture":"#1"}}},{"from":[8.15015,8.63355,2.16161],"to":[8.36841,8.89557,2.6102],"rotation":{"angle":0,"axis":"z","origin":[8.25928,8.76456,2.3859]},"faces":{"north":{"uv":[15,3.5,15.5,4],"rotation":270,"texture":"#1"},"east":{"uv":[15.5,3.5,15,4],"rotation":90,"texture":"#1"},"south":{"uv":[15,3.5,15.5,4],"rotation":270,"texture":"#1"},"west":{"uv":[15.5,3.5,15,4],"rotation":90,"texture":"#1"},"up":{"uv":[15.5,3.5,15,4],"rotation":90,"texture":"#1"},"down":{"uv":[15.5,3.5,15,4],"rotation":90,"texture":"#1"}}},{"from":[8.07519,8.05592,-0.2402],"to":[8.20384,8.84847,2.41565],"rotation":{"angle":0,"axis":"z","origin":[8.13951,8.45219,1.08772]},"faces":{"north":{"uv":[15.5,3.5,15,4],"rotation":90,"texture":"#1"},"east":{"uv":[15,3.5,15.5,4],"rotation":270,"texture":"#1"},"south":{"uv":[15.5,3.5,15,4],"rotation":90,"texture":"#1"},"west":{"uv":[15,3.5,15.5,4],"rotation":270,"texture":"#1"},"up":{"uv":[15.5,3.5,15,4],"rotation":180,"texture":"#1"},"down":{"uv":[15.5,3.5,15,4],"texture":"#1"}}},{"from":[7.72932,8.53914,-0.24577],"to":[7.82073,8.91451,0.12961],"rotation":{"angle":-45,"axis":"x","origin":[7.77503,8.72683,-0.05808]},"faces":{"north":{"uv":[15,3.5,15.5,4],"rotation":270,"texture":"#1"},"east":{"uv":[15.5,3.5,15,4],"rotation":90,"texture":"#1"},"south":{"uv":[15,3.5,15.5,4],"rotation":270,"texture":"#1"},"west":{"uv":[15.5,3.5,15,4],"rotation":90,"texture":"#1"},"up":{"uv":[15.5,3.5,15,4],"rotation":270,"texture":"#1"},"down":{"uv":[15.5,3.5,15,4],"rotation":270,"texture":"#1"}}},{"from":[8.17927,8.53914,-0.24577],"to":[8.27068,8.91451,0.12961],"rotation":{"angle":-45,"axis":"x","origin":[8.22497,8.72683,-0.05808]},"faces":{"north":{"uv":[15,3.5,15.5,4],"rotation":270,"texture":"#1"},"east":{"uv":[15.5,3.5,15,4],"rotation":90,"texture":"#1"},"south":{"uv":[15,3.5,15.5,4],"rotation":270,"texture":"#1"},"west":{"uv":[15.5,3.5,15,4],"rotation":90,"texture":"#1"},"up":{"uv":[15.5,3.5,15,4],"rotation":270,"texture":"#1"},"down":{"uv":[15.5,3.5,15,4],"rotation":270,"texture":"#1"}}},{"from":[7.87068,9.13815,-15.52518],"to":[8.12932,9.16187,-14.96975],"rotation":{"angle":0,"axis":"z","origin":[8,8.84967,-15.24746]},"faces":{"north":{"uv":[15.5,3.5,15,4],"rotation":90,"texture":"#1"},"east":{"uv":[15,3.5,15.5,4],"rotation":270,"texture":"#1"},"south":{"uv":[15.5,3.5,15,4],"rotation":90,"texture":"#1"},"west":{"uv":[15,3.5,15.5,4],"rotation":270,"texture":"#1"},"up":{"uv":[15.5,3.5,15,4],"rotation":180,"texture":"#1"},"down":{"uv":[15.5,3.5,15,4],"texture":"#1"}}},{"from":[7.87068,9.13815,-15.52518],"to":[8.12932,9.16187,-14.96975],"rotation":{"angle":45,"axis":"z","origin":[8,8.84967,-15.24746]},"faces":{"north":{"uv":[15.5,3.5,15,4],"rotation":90,"texture":"#1"},"east":{"uv":[15,3.5,15.5,4],"rotation":270,"texture":"#1"},"south":{"uv":[15.5,3.5,15,4],"rotation":90,"texture":"#1"},"west":{"uv":[15,3.5,15.5,4],"rotation":270,"texture":"#1"},"up":{"uv":[15.5,3.5,15,4],"rotation":180,"texture":"#1"},"down":{"uv":[15.5,3.5,15,4],"texture":"#1"}}},{"from":[7.6878,8.03575,-15.52518],"to":[7.71152,8.97899,-14.96975],"rotation":{"angle":0,"axis":"z","origin":[8,8.84967,-15.24746]},"faces":{"north":{"uv":[15.5,3.5,15,4],"rotation":180,"texture":"#1"},"east":{"uv":[15.5,3.5,15,4],"rotation":270,"texture":"#1"},"south":{"uv":[15.5,3.5,15,4],"texture":"#1"},"west":{"uv":[15.5,3.5,15,4],"rotation":90,"texture":"#1"},"up":{"uv":[15,3.5,15.5,4],"rotation":180,"texture":"#1"},"down":{"uv":[15,3.5,15.5,4],"rotation":180,"texture":"#1"}}},{"from":[8.28848,8.03575,-15.52518],"to":[8.3122,8.97899,-14.96975],"rotation":{"angle":0,"axis":"z","origin":[8,8.84967,-15.24746]},"faces":{"north":{"uv":[15.5,3.5,15,4],"texture":"#1"},"east":{"uv":[15.5,3.5,15,4],"rotation":270,"texture":"#1"},"south":{"uv":[15.5,3.5,15,4],"rotation":180,"texture":"#1"},"west":{"uv":[15.5,3.5,15,4],"rotation":90,"texture":"#1"},"up":{"uv":[15,3.5,15.5,4],"texture":"#1"},"down":{"uv":[15,3.5,15.5,4],"texture":"#1"}}},{"from":[7.87068,9.13815,-15.52518],"to":[8.12932,9.16187,-14.96975],"rotation":{"angle":-45,"axis":"z","origin":[8,8.84967,-15.24746]},"faces":{"north":{"uv":[15.5,3.5,15,4],"rotation":90,"texture":"#1"},"east":{"uv":[15,3.5,15.5,4],"rotation":270,"texture":"#1"},"south":{"uv":[15.5,3.5,15,4],"rotation":90,"texture":"#1"},"west":{"uv":[15,3.5,15.5,4],"rotation":270,"texture":"#1"},"up":{"uv":[15.5,3.5,15,4],"rotation":180,"texture":"#1"},"down":{"uv":[15.5,3.5,15,4],"texture":"#1"}}},{"from":[7.88651,7.18824,-15.04475],"to":[8.11349,7.41522,-7.96116],"rotation":{"angle":0,"axis":"z","origin":[8,7.30173,-11.50296]},"faces":{"north":{"uv":[15,3.5,15.5,4],"rotation":270,"texture":"#1"},"east":{"uv":[15.5,3.5,15,4],"rotation":90,"texture":"#1"},"south":{"uv":[15,3.5,15.5,4],"rotation":270,"texture":"#1"},"west":{"uv":[15.5,3.5,15,4],"rotation":90,"texture":"#1"},"up":{"uv":[15.5,3.5,15,4],"rotation":270,"texture":"#1"},"down":{"uv":[15.5,3.5,15,4],"rotation":270,"texture":"#1"}}}],"display":{"thirdperson_righthand":{"translation":[0,1.5,0],"scale":[0.64,0.64,0.64]},"thirdperson_lefthand":{"translation":[0,1.25,0],"scale":[0.64,0.64,0.64]},"firstperson_righthand":{"rotation":[0,-5,0],"translation":[0.25,2.25,-2.5],"scale":[1,1,0.87]},"firstperson_lefthand":{"translation":[1,0,-6],"scale":[1,1,0.87]},"gui":{"rotation":[52.96,-40.13,55.91],"translation":[-2.25,0,0],"scale":[1,0.9,0.8]},"fixed":{"rotation":[0,90,0],"translation":[2.25,0,-1.5]}},"groups":[{"name":"metal_bolt_action_inner","origin":[0,0,0],"color":0,"children":[0,1,2,3]},{"name":"bolt_rear","origin":[0,0,0],"color":0,"children":[4,5,6,7,8,9,10,11]},{"name":"boltgrip","origin":[0,0,0],"color":0,"children":[12,13,14,15,16,17,18,19,20,21,22]},{"name":"action","origin":[0,0,0],"color":0,"children":[23,24,25,26,27,28,29,30,31,32,33]},{"name":"barrel","origin":[0,0,0],"color":0,"children":[34]},{"name":"btn","origin":[0,0,0],"color":0,"children":[35,36,37,38,39,40,41]},{"name":"stock_metal_detail","origin":[0,0,0],"color":0,"children":[42]},{"name":"stock","origin":[0,0,0],"color":0,"children":[43,44,45,46,47,48,49]},{"name":"barrel_mid","origin":[0,0,0],"color":0,"children":[50,51,52,53]},{"name":"body_upper","origin":[0,0,0],"color":0,"children":[54]},{"name":"body_lower","origin":[0,0,0],"color":0,"children":[55,56,57]},{"name":"body_metal_detail","origin":[0,0,0],"color":0,"children":[58]},{"name":"ring_mid","origin":[0,0,0],"color":0,"children":[59,60,61,62,63,64]},{"name":"ring_end","origin":[0,0,0],"color":0,"children":[65,66,67,68,69,70,71,72,73,74,75,76,77]},{"name":"iron_sight","origin":[0,0,0],"color":0,"children":[78,79,80,81,82,83,84,85,86,87]},{"name":"iron_sight_barrel","origin":[0,0,0],"color":0,"children":[88,89,90,91,92]},{"name":"end_rod","origin":[0,0,0],"color":0,"children":[93]}]}