{"credit":"Made with Blockbench","textures":{"0":"item/ww2_grenade_xeth","1":"block/fire_0","2":"block/fire_1"},"elements":[{"from":[4.58625,7.95949,6.58598],"to":[11.41375,21.84838,9.41402],"rotation":{"angle":0,"axis":"z","origin":[8,14.90394,8]},"faces":{"north":{"uv":[10,1,11,2],"texture":"#0"},"east":{"uv":[10,1,11,2],"texture":"#0"},"south":{"uv":[10,1,11,2],"texture":"#0"},"west":{"uv":[10,1,11,2],"texture":"#0"},"up":{"uv":[10,1,11,2],"texture":"#0"},"down":{"uv":[10,1,11,2],"texture":"#0"}}},{"from":[6.58598,7.95949,4.58625],"to":[9.41402,21.84838,11.41375],"rotation":{"angle":0,"axis":"z","origin":[8,14.90394,8]},"faces":{"north":{"uv":[10,1,11,2],"texture":"#0"},"east":{"uv":[10,1,11,2],"texture":"#0"},"south":{"uv":[10,1,11,2],"texture":"#0"},"west":{"uv":[10,1,11,2],"texture":"#0"},"up":{"uv":[10,1,11,2],"texture":"#0"},"down":{"uv":[10,1,11,2],"texture":"#0"}}},{"from":[4.58625,7.95949,6.58598],"to":[11.41375,21.84838,9.41402],"rotation":{"angle":-45,"axis":"y","origin":[8,14.90394,8]},"faces":{"north":{"uv":[10,1,11,2],"texture":"#0"},"east":{"uv":[10,1,11,2],"texture":"#0"},"south":{"uv":[10,1,11,2],"texture":"#0"},"west":{"uv":[10,1,11,2],"texture":"#0"},"up":{"uv":[10,1,11,2],"texture":"#0"},"down":{"uv":[10,1,11,2],"texture":"#0"}}},{"from":[4.58625,7.95949,6.58598],"to":[11.41375,21.84838,9.41402],"rotation":{"angle":45,"axis":"y","origin":[8,14.90394,8]},"faces":{"north":{"uv":[10,1,11,2],"texture":"#0"},"east":{"uv":[10,1,11,2],"texture":"#0"},"south":{"uv":[10,1,11,2],"texture":"#0"},"west":{"uv":[10,1,11,2],"texture":"#0"},"up":{"uv":[10,1,11,2],"texture":"#0"},"down":{"uv":[10,1,11,2],"texture":"#0"}}},{"from":[4.97915,20.91306,6.74872],"to":[11.02085,23.79029,9.25128],"rotation":{"angle":0,"axis":"z","origin":[8,22.35168,8]},"faces":{"north":{"uv":[10,1,11,2],"texture":"#0"},"east":{"uv":[10,1,11,2],"texture":"#0"},"south":{"uv":[10,1,11,2],"texture":"#0"},"west":{"uv":[10,1,11,2],"texture":"#0"},"up":{"uv":[10,1,11,2],"texture":"#0"},"down":{"uv":[10,1,11,2],"texture":"#0"}}},{"from":[6.74872,20.91306,4.97915],"to":[9.25128,23.79029,11.02085],"rotation":{"angle":0,"axis":"z","origin":[8,22.35168,8]},"faces":{"north":{"uv":[10,1,11,2],"texture":"#0"},"east":{"uv":[10,1,11,2],"texture":"#0"},"south":{"uv":[10,1,11,2],"texture":"#0"},"west":{"uv":[10,1,11,2],"texture":"#0"},"up":{"uv":[10,1,11,2],"texture":"#0"},"down":{"uv":[10,1,11,2],"texture":"#0"}}},{"from":[4.97915,20.91306,6.74872],"to":[11.02085,23.79029,9.25128],"rotation":{"angle":-45,"axis":"y","origin":[8,22.35168,8]},"faces":{"north":{"uv":[10,1,11,2],"texture":"#0"},"east":{"uv":[10,1,11,2],"texture":"#0"},"south":{"uv":[10,1,11,2],"texture":"#0"},"west":{"uv":[10,1,11,2],"texture":"#0"},"up":{"uv":[10,1,11,2],"texture":"#0"},"down":{"uv":[10,1,11,2],"texture":"#0"}}},{"from":[4.97915,20.91306,6.74872],"to":[11.02085,23.79029,9.25128],"rotation":{"angle":45,"axis":"y","origin":[8,22.35168,8]},"faces":{"north":{"uv":[10,1,11,2],"texture":"#0"},"east":{"uv":[10,1,11,2],"texture":"#0"},"south":{"uv":[10,1,11,2],"texture":"#0"},"west":{"uv":[10,1,11,2],"texture":"#0"},"up":{"uv":[10,1,11,2],"texture":"#0"},"down":{"uv":[10,1,11,2],"texture":"#0"}}},{"from":[6.78291,24.8418,7.49586],"to":[9.21709,30.6937,8.50414],"rotation":{"angle":0,"axis":"z","origin":[8,27.76775,8]},"faces":{"north":{"uv":[10,1,11,2],"texture":"#0"},"east":{"uv":[10,1,11,2],"texture":"#0"},"south":{"uv":[10,1,11,2],"texture":"#0"},"west":{"uv":[10,1,11,2],"texture":"#0"},"up":{"uv":[10,1,11,2],"texture":"#0"},"down":{"uv":[10,1,11,2],"texture":"#0"}}},{"from":[7.49586,24.8418,6.78291],"to":[8.50414,30.6937,9.21709],"rotation":{"angle":0,"axis":"z","origin":[8,27.76775,8]},"faces":{"north":{"uv":[10,1,11,2],"texture":"#0"},"east":{"uv":[10,1,11,2],"texture":"#0"},"south":{"uv":[10,1,11,2],"texture":"#0"},"west":{"uv":[10,1,11,2],"texture":"#0"},"up":{"uv":[10,1,11,2],"texture":"#0"},"down":{"uv":[10,1,11,2],"texture":"#0"}}},{"from":[6.78291,24.8418,7.49587],"to":[9.21709,30.6937,8.50413],"rotation":{"angle":-45,"axis":"y","origin":[8,27.76775,8]},"faces":{"north":{"uv":[10,1,11,2],"texture":"#0"},"east":{"uv":[10,1,11,2],"texture":"#0"},"south":{"uv":[10,1,11,2],"texture":"#0"},"west":{"uv":[10,1,11,2],"texture":"#0"},"up":{"uv":[10,1,11,2],"texture":"#0"},"down":{"uv":[10,1,11,2],"texture":"#0"}}},{"from":[6.78291,24.8418,7.49587],"to":[9.21709,30.6937,8.50413],"rotation":{"angle":45,"axis":"y","origin":[8,27.76775,8]},"faces":{"north":{"uv":[10,1,11,2],"texture":"#0"},"east":{"uv":[10,1,11,2],"texture":"#0"},"south":{"uv":[10,1,11,2],"texture":"#0"},"west":{"uv":[10,1,11,2],"texture":"#0"},"up":{"uv":[10,1,11,2],"texture":"#0"},"down":{"uv":[10,1,11,2],"texture":"#0"}}},{"from":[6.01774,23.26086,7.17892],"to":[9.98226,25.14887,8.82108],"rotation":{"angle":0,"axis":"z","origin":[8,24.20487,8]},"faces":{"north":{"uv":[10,1,11,2],"texture":"#0"},"east":{"uv":[10,1,11,2],"texture":"#0"},"south":{"uv":[10,1,11,2],"texture":"#0"},"west":{"uv":[10,1,11,2],"texture":"#0"},"up":{"uv":[10,1,11,2],"texture":"#0"},"down":{"uv":[10,1,11,2],"texture":"#0"}}},{"from":[7.17892,23.26086,6.01774],"to":[8.82108,25.14887,9.98226],"rotation":{"angle":0,"axis":"z","origin":[8,24.20487,8]},"faces":{"north":{"uv":[10,1,11,2],"texture":"#0"},"east":{"uv":[10,1,11,2],"texture":"#0"},"south":{"uv":[10,1,11,2],"texture":"#0"},"west":{"uv":[10,1,11,2],"texture":"#0"},"up":{"uv":[10,1,11,2],"texture":"#0"},"down":{"uv":[10,1,11,2],"texture":"#0"}}},{"from":[6.01774,23.26086,7.17892],"to":[9.98226,25.14887,8.82108],"rotation":{"angle":-45,"axis":"y","origin":[8,24.20487,8]},"faces":{"north":{"uv":[10,1,11,2],"texture":"#0"},"east":{"uv":[10,1,11,2],"texture":"#0"},"south":{"uv":[10,1,11,2],"texture":"#0"},"west":{"uv":[10,1,11,2],"texture":"#0"},"up":{"uv":[10,1,11,2],"texture":"#0"},"down":{"uv":[10,1,11,2],"texture":"#0"}}},{"from":[6.01774,23.26086,7.17892],"to":[9.98226,25.14887,8.82108],"rotation":{"angle":45,"axis":"y","origin":[8,24.20487,8]},"faces":{"north":{"uv":[10,1,11,2],"texture":"#0"},"east":{"uv":[10,1,11,2],"texture":"#0"},"south":{"uv":[10,1,11,2],"texture":"#0"},"west":{"uv":[10,1,11,2],"texture":"#0"},"up":{"uv":[10,1,11,2],"texture":"#0"},"down":{"uv":[10,1,11,2],"texture":"#0"}}},{"from":[7.06683,30.03597,7.56484],"to":[8.917,31.63435,9.06887],"rotation":{"angle":22.5,"axis":"x","origin":[7.99191,30.83516,8.31686]},"faces":{"north":{"uv":[7,4,8,5],"texture":"#0"},"east":{"uv":[7,4,8,5],"texture":"#0"},"south":{"uv":[7,4,8,5],"texture":"#0"},"west":{"uv":[7,4,8,5],"texture":"#0"},"up":{"uv":[7,4,8,5],"texture":"#0"},"down":{"uv":[7,4,8,5],"texture":"#0"}}},{"from":[7.42562,25.92965,9.79771],"to":[8.58544,31.73655,10.49205],"rotation":{"angle":-22.5,"axis":"x","origin":[8.00553,28.8331,10.14488]},"faces":{"north":{"uv":[7,4,8,5],"texture":"#0"},"east":{"uv":[7,4,8,5],"texture":"#0"},"south":{"uv":[7,4,8,5],"texture":"#0"},"west":{"uv":[7,4,8,5],"texture":"#0"},"up":{"uv":[7,4,8,5],"texture":"#0"},"down":{"uv":[7,4,8,5],"texture":"#0"}}},{"from":[6.6582,24.7779,9.6131],"to":[8.35985,31.3016,10.39315],"rotation":{"angle":-22.5,"axis":"x","origin":[7.50902,28.03975,10.00313]},"faces":{"north":{"uv":[1,7,2,8],"texture":"#0"},"east":{"uv":[1,7,2,8],"texture":"#0"},"south":{"uv":[1,7,2,8],"texture":"#0"},"west":{"uv":[1,7,2,8],"texture":"#0"},"up":{"uv":[1,7,2,8],"texture":"#0"},"down":{"uv":[1,7,2,8],"texture":"#0"}}},{"from":[7.86148,25.19064,9.57442],"to":[9.56313,31.71434,10.08991],"rotation":{"angle":-22.5,"axis":"x","origin":[8.7123,28.45249,9.83216]},"faces":{"north":{"uv":[1,7,2,8],"texture":"#0"},"east":{"uv":[1,7,2,8],"texture":"#0"},"south":{"uv":[1,7,2,8],"texture":"#0"},"west":{"uv":[1,7,2,8],"texture":"#0"},"up":{"uv":[1,7,2,8],"texture":"#0"},"down":{"uv":[1,7,2,8],"texture":"#0"}}},{"from":[6.71956,24.87333,9.62603],"to":[9.42855,27.58233,12.33502],"rotation":{"angle":22.5,"axis":"x","origin":[8.07405,26.22783,10.98053]},"faces":{"north":{"uv":[0,0,16,16],"texture":"#1"},"east":{"uv":[0,0,16,16],"texture":"#1"},"south":{"uv":[0,0,16,16],"texture":"#1"},"west":{"uv":[0,0,16,16],"texture":"#1"},"up":{"uv":[0,0,1,1],"rotation":180,"texture":"#1"},"down":{"uv":[0,0,1,1],"texture":"#1"}}},{"from":[6.64854,28.4603,8.27881],"to":[9.71778,31.52954,11.34805],"rotation":{"angle":22.5,"axis":"x","origin":[8.18316,29.99492,9.81343]},"faces":{"north":{"uv":[0,0,16,16],"texture":"#2"},"east":{"uv":[0,0,16,16],"texture":"#2"},"south":{"uv":[0,0,16,16],"texture":"#2"},"west":{"uv":[0,0,16,16],"texture":"#2"},"up":{"uv":[0,0,1,1],"rotation":180,"texture":"#2"},"down":{"uv":[0,0,1,1],"texture":"#2"}}},{"from":[6.44283,26.2523,8.67028],"to":[10.00933,29.81879,12.23677],"rotation":{"angle":-45,"axis":"y","origin":[8.22608,28.03555,10.45353]},"faces":{"north":{"uv":[0,0,16,16],"texture":"#1"},"east":{"uv":[0,0,16,16],"texture":"#1"},"south":{"uv":[0,0,16,16],"texture":"#1"},"west":{"uv":[0,0,16,16],"texture":"#1"},"up":{"uv":[0,0,1,1],"rotation":180,"texture":"#1"},"down":{"uv":[0,0,1,1],"texture":"#1"}}}],"display":{"thirdperson_righthand":{"translation":[0,-3.75,-1],"scale":[0.4,0.4,0.4]},"thirdperson_lefthand":{"translation":[0,-3.75,-0.75],"scale":[0.4,0.4,0.4]},"firstperson_righthand":{"rotation":[-26.29,20.05,-7.19],"translation":[0.5,-0.25,0],"scale":[0.44,0.44,0.44]},"firstperson_lefthand":{"rotation":[-15.25,0,0],"translation":[1.5,-0.5,0],"scale":[0.44,0.44,0.44]},"ground":{"rotation":[-90,-14,-175],"translation":[0,0,-7.25],"scale":[0.7,0.7,0.7]},"gui":{"rotation":[33.64,45.83,-60.71],"translation":[-4.5,-5.75,0],"scale":[0.7,0.7,0.7]},"fixed":{"rotation":[180,-54.25,180],"translation":[0,-10.75,-2.5]}},"groups":[{"name":"bottle","origin":[0,0,0],"color":0,"children":[0,1,2,3,4,5,6,7,8,9,10,11,12,13,14,15]},{"name":"rag_burnt","origin":[0,0,0],"color":0,"children":[16,17,18,19]},{"name":"fire","origin":[0,0,0],"color":0,"children":[20,21,22]}]}