{"credit":"Made with Blockbench","textures":{"0":"item/ww2_grenade_xeth"},"elements":[{"from":[4.56641,7.95925,6.57776],"to":[11.43359,21.92888,9.42224],"rotation":{"angle":0,"axis":"z","origin":[8,14.94407,8]},"faces":{"north":{"uv":[10,1,11,2],"texture":"#0"},"east":{"uv":[10,1,11,2],"texture":"#0"},"south":{"uv":[10,1,11,2],"texture":"#0"},"west":{"uv":[10,1,11,2],"texture":"#0"},"up":{"uv":[10,1,11,2],"texture":"#0"},"down":{"uv":[10,1,11,2],"texture":"#0"}}},{"from":[6.57776,7.95925,4.56641],"to":[9.42224,21.92888,11.43359],"rotation":{"angle":0,"axis":"z","origin":[8,14.94407,8]},"faces":{"north":{"uv":[10,1,11,2],"texture":"#0"},"east":{"uv":[10,1,11,2],"texture":"#0"},"south":{"uv":[10,1,11,2],"texture":"#0"},"west":{"uv":[10,1,11,2],"texture":"#0"},"up":{"uv":[10,1,11,2],"texture":"#0"},"down":{"uv":[10,1,11,2],"texture":"#0"}}},{"from":[4.56641,7.95925,6.57776],"to":[11.43359,21.92888,9.42224],"rotation":{"angle":-45,"axis":"y","origin":[8,14.94407,8]},"faces":{"north":{"uv":[10,1,11,2],"texture":"#0"},"east":{"uv":[10,1,11,2],"texture":"#0"},"south":{"uv":[10,1,11,2],"texture":"#0"},"west":{"uv":[10,1,11,2],"texture":"#0"},"up":{"uv":[10,1,11,2],"texture":"#0"},"down":{"uv":[10,1,11,2],"texture":"#0"}}},{"from":[4.56641,7.95925,6.57776],"to":[11.43359,21.92888,9.42224],"rotation":{"angle":45,"axis":"y","origin":[8,14.94407,8]},"faces":{"north":{"uv":[10,1,11,2],"texture":"#0"},"east":{"uv":[10,1,11,2],"texture":"#0"},"south":{"uv":[10,1,11,2],"texture":"#0"},"west":{"uv":[10,1,11,2],"texture":"#0"},"up":{"uv":[10,1,11,2],"texture":"#0"},"down":{"uv":[10,1,11,2],"texture":"#0"}}},{"from":[4.96159,20.98813,6.74145],"to":[11.03841,23.88208,9.25855],"rotation":{"angle":0,"axis":"z","origin":[8,22.4351,8]},"faces":{"north":{"uv":[10,1,11,2],"texture":"#0"},"east":{"uv":[10,1,11,2],"texture":"#0"},"south":{"uv":[10,1,11,2],"texture":"#0"},"west":{"uv":[10,1,11,2],"texture":"#0"},"up":{"uv":[10,1,11,2],"texture":"#0"},"down":{"uv":[10,1,11,2],"texture":"#0"}}},{"from":[6.74145,20.98813,4.96159],"to":[9.25855,23.88208,11.03841],"rotation":{"angle":0,"axis":"z","origin":[8,22.4351,8]},"faces":{"north":{"uv":[10,1,11,2],"texture":"#0"},"east":{"uv":[10,1,11,2],"texture":"#0"},"south":{"uv":[10,1,11,2],"texture":"#0"},"west":{"uv":[10,1,11,2],"texture":"#0"},"up":{"uv":[10,1,11,2],"texture":"#0"},"down":{"uv":[10,1,11,2],"texture":"#0"}}},{"from":[4.96159,20.98813,6.74145],"to":[11.03841,23.88208,9.25855],"rotation":{"angle":-45,"axis":"y","origin":[8,22.4351,8]},"faces":{"north":{"uv":[10,1,11,2],"texture":"#0"},"east":{"uv":[10,1,11,2],"texture":"#0"},"south":{"uv":[10,1,11,2],"texture":"#0"},"west":{"uv":[10,1,11,2],"texture":"#0"},"up":{"uv":[10,1,11,2],"texture":"#0"},"down":{"uv":[10,1,11,2],"texture":"#0"}}},{"from":[4.96159,20.98813,6.74145],"to":[11.03841,23.88208,9.25855],"rotation":{"angle":45,"axis":"y","origin":[8,22.4351,8]},"faces":{"north":{"uv":[10,1,11,2],"texture":"#0"},"east":{"uv":[10,1,11,2],"texture":"#0"},"south":{"uv":[10,1,11,2],"texture":"#0"},"west":{"uv":[10,1,11,2],"texture":"#0"},"up":{"uv":[10,1,11,2],"texture":"#0"},"down":{"uv":[10,1,11,2],"texture":"#0"}}},{"from":[6.77584,24.9397,7.49293],"to":[9.22416,30.82562,8.50707],"rotation":{"angle":0,"axis":"z","origin":[8,27.88266,8]},"faces":{"north":{"uv":[10,1,11,2],"texture":"#0"},"east":{"uv":[10,1,11,2],"texture":"#0"},"south":{"uv":[10,1,11,2],"texture":"#0"},"west":{"uv":[10,1,11,2],"texture":"#0"},"up":{"uv":[10,1,11,2],"texture":"#0"},"down":{"uv":[10,1,11,2],"texture":"#0"}}},{"from":[7.49293,24.9397,6.77584],"to":[8.50707,30.82562,9.22416],"rotation":{"angle":0,"axis":"z","origin":[8,27.88266,8]},"faces":{"north":{"uv":[10,1,11,2],"texture":"#0"},"east":{"uv":[10,1,11,2],"texture":"#0"},"south":{"uv":[10,1,11,2],"texture":"#0"},"west":{"uv":[10,1,11,2],"texture":"#0"},"up":{"uv":[10,1,11,2],"texture":"#0"},"down":{"uv":[10,1,11,2],"texture":"#0"}}},{"from":[6.77584,24.9397,7.49293],"to":[9.22416,30.82562,8.50707],"rotation":{"angle":-45,"axis":"y","origin":[8,27.88266,8]},"faces":{"north":{"uv":[10,1,11,2],"texture":"#0"},"east":{"uv":[10,1,11,2],"texture":"#0"},"south":{"uv":[10,1,11,2],"texture":"#0"},"west":{"uv":[10,1,11,2],"texture":"#0"},"up":{"uv":[10,1,11,2],"texture":"#0"},"down":{"uv":[10,1,11,2],"texture":"#0"}}},{"from":[6.77584,24.9397,7.49293],"to":[9.22416,30.82562,8.50707],"rotation":{"angle":45,"axis":"y","origin":[8,27.88266,8]},"faces":{"north":{"uv":[10,1,11,2],"texture":"#0"},"east":{"uv":[10,1,11,2],"texture":"#0"},"south":{"uv":[10,1,11,2],"texture":"#0"},"west":{"uv":[10,1,11,2],"texture":"#0"},"up":{"uv":[10,1,11,2],"texture":"#0"},"down":{"uv":[10,1,11,2],"texture":"#0"}}},{"from":[6.00622,23.34957,7.17415],"to":[9.99378,25.24856,8.82585],"rotation":{"angle":0,"axis":"z","origin":[8,24.29906,8]},"faces":{"north":{"uv":[10,1,11,2],"texture":"#0"},"east":{"uv":[10,1,11,2],"texture":"#0"},"south":{"uv":[10,1,11,2],"texture":"#0"},"west":{"uv":[10,1,11,2],"texture":"#0"},"up":{"uv":[10,1,11,2],"texture":"#0"},"down":{"uv":[10,1,11,2],"texture":"#0"}}},{"from":[7.17415,23.34957,6.00622],"to":[8.82585,25.24856,9.99378],"rotation":{"angle":0,"axis":"z","origin":[8,24.29906,8]},"faces":{"north":{"uv":[10,1,11,2],"texture":"#0"},"east":{"uv":[10,1,11,2],"texture":"#0"},"south":{"uv":[10,1,11,2],"texture":"#0"},"west":{"uv":[10,1,11,2],"texture":"#0"},"up":{"uv":[10,1,11,2],"texture":"#0"},"down":{"uv":[10,1,11,2],"texture":"#0"}}},{"from":[6.00622,23.34957,7.17415],"to":[9.99378,25.24856,8.82585],"rotation":{"angle":-45,"axis":"y","origin":[8,24.29906,8]},"faces":{"north":{"uv":[10,1,11,2],"texture":"#0"},"east":{"uv":[10,1,11,2],"texture":"#0"},"south":{"uv":[10,1,11,2],"texture":"#0"},"west":{"uv":[10,1,11,2],"texture":"#0"},"up":{"uv":[10,1,11,2],"texture":"#0"},"down":{"uv":[10,1,11,2],"texture":"#0"}}},{"from":[6.00622,23.34957,7.17415],"to":[9.99378,25.24856,8.82585],"rotation":{"angle":45,"axis":"y","origin":[8,24.29906,8]},"faces":{"north":{"uv":[10,1,11,2],"texture":"#0"},"east":{"uv":[10,1,11,2],"texture":"#0"},"south":{"uv":[10,1,11,2],"texture":"#0"},"west":{"uv":[10,1,11,2],"texture":"#0"},"up":{"uv":[10,1,11,2],"texture":"#0"},"down":{"uv":[10,1,11,2],"texture":"#0"}}},{"from":[7.06141,30.16406,7.56231],"to":[8.92233,31.77173,9.07508],"rotation":{"angle":22.5,"axis":"x","origin":[7.99187,30.9679,8.3187]},"faces":{"north":{"uv":[4,10,5,11],"texture":"#0"},"east":{"uv":[4,10,5,11],"texture":"#0"},"south":{"uv":[4,10,5,11],"texture":"#0"},"west":{"uv":[4,10,5,11],"texture":"#0"},"up":{"uv":[4,10,5,11],"texture":"#0"},"down":{"uv":[4,10,5,11],"texture":"#0"}}},{"from":[7.42228,26.03387,9.80816],"to":[8.58884,31.87452,10.50653],"rotation":{"angle":-22.5,"axis":"x","origin":[8.00556,28.9542,10.15735]},"faces":{"north":{"uv":[4,10,5,11],"texture":"#0"},"east":{"uv":[4,10,5,11],"texture":"#0"},"south":{"uv":[4,10,5,11],"texture":"#0"},"west":{"uv":[4,10,5,11],"texture":"#0"},"up":{"uv":[4,10,5,11],"texture":"#0"},"down":{"uv":[4,10,5,11],"texture":"#0"}}},{"from":[6.6504,24.87543,9.62248],"to":[8.36194,31.43704,10.40706],"rotation":{"angle":-22.5,"axis":"x","origin":[7.50617,28.15623,10.01477]},"faces":{"north":{"uv":[4,10,5,11],"texture":"#0"},"east":{"uv":[4,10,5,11],"texture":"#0"},"south":{"uv":[4,10,5,11],"texture":"#0"},"west":{"uv":[4,10,5,11],"texture":"#0"},"up":{"uv":[4,10,5,11],"texture":"#0"},"down":{"uv":[4,10,5,11],"texture":"#0"}}},{"from":[7.86067,25.29056,9.58357],"to":[9.57222,31.85218,10.10206],"rotation":{"angle":-22.5,"axis":"x","origin":[8.71644,28.57137,9.84281]},"faces":{"north":{"uv":[4,10,5,11],"texture":"#0"},"east":{"uv":[4,10,5,11],"texture":"#0"},"south":{"uv":[4,10,5,11],"texture":"#0"},"west":{"uv":[4,10,5,11],"texture":"#0"},"up":{"uv":[4,10,5,11],"texture":"#0"},"down":{"uv":[4,10,5,11],"texture":"#0"}}},{"from":[4.29461,18.13498,6.46518],"to":[11.70539,19.27583,9.53482],"rotation":{"angle":0,"axis":"z","origin":[8,18.70541,8]},"faces":{"north":{"uv":[1,4,2,5],"texture":"#0"},"east":{"uv":[1,4,2,5],"texture":"#0"},"south":{"uv":[1,4,2,5],"texture":"#0"},"west":{"uv":[1,4,2,5],"texture":"#0"},"up":{"uv":[1,4,2,5],"texture":"#0"},"down":{"uv":[1,4,2,5],"texture":"#0"}}},{"from":[6.46518,18.13498,4.29461],"to":[9.53482,19.27583,11.70539],"rotation":{"angle":0,"axis":"z","origin":[8,18.70541,8]},"faces":{"north":{"uv":[1,4,2,5],"texture":"#0"},"east":{"uv":[1,4,2,5],"texture":"#0"},"south":{"uv":[1,4,2,5],"texture":"#0"},"west":{"uv":[1,4,2,5],"texture":"#0"},"up":{"uv":[1,4,2,5],"texture":"#0"},"down":{"uv":[1,4,2,5],"texture":"#0"}}},{"from":[4.29461,18.13498,6.46518],"to":[11.70539,19.27583,9.53482],"rotation":{"angle":-45,"axis":"y","origin":[8,18.70541,8]},"faces":{"north":{"uv":[1,4,2,5],"texture":"#0"},"east":{"uv":[1,4,2,5],"texture":"#0"},"south":{"uv":[1,4,2,5],"texture":"#0"},"west":{"uv":[1,4,2,5],"texture":"#0"},"up":{"uv":[1,4,2,5],"texture":"#0"},"down":{"uv":[1,4,2,5],"texture":"#0"}}},{"from":[4.29461,18.13498,6.46518],"to":[11.70539,19.27583,9.53482],"rotation":{"angle":45,"axis":"y","origin":[8,18.70541,8]},"faces":{"north":{"uv":[1,4,2,5],"texture":"#0"},"east":{"uv":[1,4,2,5],"texture":"#0"},"south":{"uv":[1,4,2,5],"texture":"#0"},"west":{"uv":[1,4,2,5],"texture":"#0"},"up":{"uv":[1,4,2,5],"texture":"#0"},"down":{"uv":[1,4,2,5],"texture":"#0"}}},{"from":[4.29461,10.87397,6.46518],"to":[11.70539,12.01482,9.53482],"rotation":{"angle":0,"axis":"z","origin":[8,11.44439,8]},"faces":{"north":{"uv":[1,4,2,5],"texture":"#0"},"east":{"uv":[1,4,2,5],"texture":"#0"},"south":{"uv":[1,4,2,5],"texture":"#0"},"west":{"uv":[1,4,2,5],"texture":"#0"},"up":{"uv":[1,4,2,5],"texture":"#0"},"down":{"uv":[1,4,2,5],"texture":"#0"}}},{"from":[6.46518,10.87397,4.29461],"to":[9.53482,12.01482,11.70539],"rotation":{"angle":0,"axis":"z","origin":[8,11.44439,8]},"faces":{"north":{"uv":[1,4,2,5],"texture":"#0"},"east":{"uv":[1,4,2,5],"texture":"#0"},"south":{"uv":[1,4,2,5],"texture":"#0"},"west":{"uv":[1,4,2,5],"texture":"#0"},"up":{"uv":[1,4,2,5],"texture":"#0"},"down":{"uv":[1,4,2,5],"texture":"#0"}}},{"from":[4.29461,10.87397,6.46518],"to":[11.70539,12.01482,9.53482],"rotation":{"angle":-45,"axis":"y","origin":[8,11.44439,8]},"faces":{"north":{"uv":[1,4,2,5],"texture":"#0"},"east":{"uv":[1,4,2,5],"texture":"#0"},"south":{"uv":[1,4,2,5],"texture":"#0"},"west":{"uv":[1,4,2,5],"texture":"#0"},"up":{"uv":[1,4,2,5],"texture":"#0"},"down":{"uv":[1,4,2,5],"texture":"#0"}}},{"from":[4.29461,10.87397,6.46518],"to":[11.70539,12.01482,9.53482],"rotation":{"angle":45,"axis":"y","origin":[8,11.44439,8]},"faces":{"north":{"uv":[1,4,2,5],"texture":"#0"},"east":{"uv":[1,4,2,5],"texture":"#0"},"south":{"uv":[1,4,2,5],"texture":"#0"},"west":{"uv":[1,4,2,5],"texture":"#0"},"up":{"uv":[1,4,2,5],"texture":"#0"},"down":{"uv":[1,4,2,5],"texture":"#0"}}},{"from":[3.69425,18.17537,7.4552],"to":[12.30575,19.23544,8.5448],"rotation":{"angle":0,"axis":"z","origin":[8,18.70541,8]},"faces":{"north":{"uv":[1,4,2,5],"texture":"#0"},"east":{"uv":[1,4,2,5],"texture":"#0"},"south":{"uv":[1,4,2,5],"texture":"#0"},"west":{"uv":[1,4,2,5],"texture":"#0"},"up":{"uv":[1,4,2,5],"texture":"#0"},"down":{"uv":[1,4,2,5],"texture":"#0"}}},{"from":[3.69425,10.91436,7.4552],"to":[12.30575,11.97443,8.5448],"rotation":{"angle":0,"axis":"z","origin":[8,11.44439,8]},"faces":{"north":{"uv":[1,4,2,5],"texture":"#0"},"east":{"uv":[1,4,2,5],"texture":"#0"},"south":{"uv":[1,4,2,5],"texture":"#0"},"west":{"uv":[1,4,2,5],"texture":"#0"},"up":{"uv":[1,4,2,5],"texture":"#0"},"down":{"uv":[1,4,2,5],"texture":"#0"}}},{"from":[11.60938,16.05202,7.80024],"to":[12.00891,20.71453,8.19976],"rotation":{"angle":0,"axis":"z","origin":[11.80915,18.38328,8]},"faces":{"north":{"uv":[4,7,5,8],"texture":"#0"},"east":{"uv":[4,7,5,8],"texture":"#0"},"south":{"uv":[4,7,5,8],"texture":"#0"},"west":{"uv":[4,7,5,8],"texture":"#0"},"up":{"uv":[4,7,5,8],"texture":"#0"},"down":{"uv":[4,7,5,8],"texture":"#0"}}},{"from":[11.49835,9.54152,7.6892],"to":[12.11995,17.86654,8.3108],"rotation":{"angle":0,"axis":"z","origin":[11.80915,13.70403,8]},"faces":{"north":{"uv":[4,1,5,2],"texture":"#0"},"east":{"uv":[4,1,5,2],"texture":"#0"},"south":{"uv":[4,1,5,2],"texture":"#0"},"west":{"uv":[4,1,5,2],"texture":"#0"},"up":{"uv":[4,1,5,2],"texture":"#0"},"down":{"uv":[4,1,5,2],"texture":"#0"}}},{"from":[3.97192,16.05202,7.80024],"to":[4.37145,20.71453,8.19976],"rotation":{"angle":0,"axis":"z","origin":[4.17168,18.38328,8]},"faces":{"north":{"uv":[4,7,5,8],"texture":"#0"},"east":{"uv":[4,7,5,8],"texture":"#0"},"south":{"uv":[4,7,5,8],"texture":"#0"},"west":{"uv":[4,7,5,8],"texture":"#0"},"up":{"uv":[4,7,5,8],"texture":"#0"},"down":{"uv":[4,7,5,8],"texture":"#0"}}},{"from":[3.86088,9.54152,7.6892],"to":[4.48248,17.86654,8.3108],"rotation":{"angle":0,"axis":"z","origin":[4.17168,13.70403,8]},"faces":{"north":{"uv":[4,1,5,2],"texture":"#0"},"east":{"uv":[4,1,5,2],"texture":"#0"},"south":{"uv":[4,1,5,2],"texture":"#0"},"west":{"uv":[4,1,5,2],"texture":"#0"},"up":{"uv":[4,1,5,2],"texture":"#0"},"down":{"uv":[4,1,5,2],"texture":"#0"}}}],"display":{"thirdperson_righthand":{"translation":[0,-3.75,-1],"scale":[0.4,0.4,0.4]},"thirdperson_lefthand":{"translation":[0,-3.75,-0.75],"scale":[0.4,0.4,0.4]},"firstperson_righthand":{"rotation":[-21.25,9.04,-1.81],"translation":[0.75,0,0],"scale":[0.44,0.44,0.44]},"firstperson_lefthand":{"rotation":[-15.25,0,0],"scale":[0.44,0.44,0.44]},"ground":{"rotation":[-90,-14,-175],"translation":[0,0,-7.25],"scale":[0.7,0.7,0.7]},"gui":{"rotation":[33.64,45.83,-60.71],"translation":[-4.5,-5.75,0],"scale":[0.7,0.7,0.7]},"fixed":{"rotation":[180,-54.25,180],"translation":[0,-10.75,-2.5]}},"groups":[{"name":"bottle","origin":[0,0,0],"color":0,"children":[0,1,2,3,4,5,6,7,8,9,10,11,12,13,14,15]},{"name":"rag","origin":[0,0,0],"color":0,"children":[16,17,18,19]},{"name":"side_wrap","origin":[0,0,0],"color":0,"children":[20,21,22,23,24,25,26,27,28,29]},{"name":"match","origin":[0,0,0],"color":0,"children":[30,31,32,33]}]}