{"credit":"Made with Blockbench","textures":{"0":"item/ww2_grenade_xeth"},"elements":[{"from":[6.83588,6.18549,7.5178],"to":[9.16412,7.14664,8.4822],"rotation":{"angle":0,"axis":"z","origin":[8,6.66607,8]},"faces":{"north":{"uv":[7,1,8,2],"texture":"#0"},"east":{"uv":[7,1,8,2],"texture":"#0"},"south":{"uv":[7,1,8,2],"texture":"#0"},"west":{"uv":[7,1,8,2],"texture":"#0"},"up":{"uv":[7,1,8,2],"texture":"#0"},"down":{"uv":[7,1,8,2],"texture":"#0"}}},{"from":[7.5178,6.18549,6.83588],"to":[8.4822,7.14664,9.16412],"rotation":{"angle":0,"axis":"z","origin":[8,6.66607,8]},"faces":{"north":{"uv":[7,1,8,2],"texture":"#0"},"east":{"uv":[7,1,8,2],"texture":"#0"},"south":{"uv":[7,1,8,2],"texture":"#0"},"west":{"uv":[7,1,8,2],"texture":"#0"},"up":{"uv":[7,1,8,2],"texture":"#0"},"down":{"uv":[7,1,8,2],"texture":"#0"}}},{"from":[6.83588,6.18549,7.5178],"to":[9.16412,7.14664,8.4822],"rotation":{"angle":45,"axis":"y","origin":[8,6.66607,8]},"faces":{"north":{"uv":[7,1,8,2],"texture":"#0"},"east":{"uv":[7,1,8,2],"texture":"#0"},"south":{"uv":[7,1,8,2],"texture":"#0"},"west":{"uv":[7,1,8,2],"texture":"#0"},"up":{"uv":[7,1,8,2],"texture":"#0"},"down":{"uv":[7,1,8,2],"texture":"#0"}}},{"from":[6.83588,6.18549,7.5178],"to":[9.16412,7.14664,8.4822],"rotation":{"angle":-45,"axis":"y","origin":[8,6.66607,8]},"faces":{"north":{"uv":[7,1,8,2],"texture":"#0"},"east":{"uv":[7,1,8,2],"texture":"#0"},"south":{"uv":[7,1,8,2],"texture":"#0"},"west":{"uv":[7,1,8,2],"texture":"#0"},"up":{"uv":[7,1,8,2],"texture":"#0"},"down":{"uv":[7,1,8,2],"texture":"#0"}}},{"from":[6.68271,16.31182,7.45436],"to":[9.31729,23.6605,8.54564],"rotation":{"angle":0,"axis":"z","origin":[8,19.98616,8]},"faces":{"north":{"uv":[10,7,11,8],"texture":"#0"},"east":{"uv":[10,7,11,8],"texture":"#0"},"south":{"uv":[10,7,11,8],"texture":"#0"},"west":{"uv":[10,7,11,8],"texture":"#0"},"up":{"uv":[10,7,11,8],"texture":"#0"},"down":{"uv":[10,7,11,8],"texture":"#0"}}},{"from":[7.45436,16.31182,6.68271],"to":[8.54564,23.6605,9.31729],"rotation":{"angle":0,"axis":"z","origin":[8,19.98616,8]},"faces":{"north":{"uv":[10,7,11,8],"texture":"#0"},"east":{"uv":[10,7,11,8],"texture":"#0"},"south":{"uv":[10,7,11,8],"texture":"#0"},"west":{"uv":[10,7,11,8],"texture":"#0"},"up":{"uv":[10,7,11,8],"texture":"#0"},"down":{"uv":[10,7,11,8],"texture":"#0"}}},{"from":[6.68271,16.31182,7.45436],"to":[9.31729,23.6605,8.54564],"rotation":{"angle":45,"axis":"y","origin":[8,19.98616,8]},"faces":{"north":{"uv":[10,7,11,8],"texture":"#0"},"east":{"uv":[10,7,11,8],"texture":"#0"},"south":{"uv":[10,7,11,8],"texture":"#0"},"west":{"uv":[10,7,11,8],"texture":"#0"},"up":{"uv":[10,7,11,8],"texture":"#0"},"down":{"uv":[10,7,11,8],"texture":"#0"}}},{"from":[6.68271,16.31182,7.45436],"to":[9.31729,23.6605,8.54564],"rotation":{"angle":-45,"axis":"y","origin":[8,19.98616,8]},"faces":{"north":{"uv":[10,7,11,8],"texture":"#0"},"east":{"uv":[10,7,11,8],"texture":"#0"},"south":{"uv":[10,7,11,8],"texture":"#0"},"west":{"uv":[10,7,11,8],"texture":"#0"},"up":{"uv":[10,7,11,8],"texture":"#0"},"down":{"uv":[10,7,11,8],"texture":"#0"}}},{"from":[6.88828,7.06326,7.53951],"to":[9.11172,19.00102,8.46049],"rotation":{"angle":0,"axis":"z","origin":[8,13.03214,8]},"faces":{"north":{"uv":[10,7,11,8],"texture":"#0"},"east":{"uv":[10,7,11,8],"texture":"#0"},"south":{"uv":[10,7,11,8],"texture":"#0"},"west":{"uv":[10,7,11,8],"texture":"#0"},"up":{"uv":[10,7,11,8],"texture":"#0"},"down":{"uv":[10,7,11,8],"texture":"#0"}}},{"from":[7.53951,7.06326,6.88828],"to":[8.46049,19.00102,9.11172],"rotation":{"angle":0,"axis":"z","origin":[8,13.03214,8]},"faces":{"north":{"uv":[10,7,11,8],"texture":"#0"},"east":{"uv":[10,7,11,8],"texture":"#0"},"south":{"uv":[10,7,11,8],"texture":"#0"},"west":{"uv":[10,7,11,8],"texture":"#0"},"up":{"uv":[10,7,11,8],"texture":"#0"},"down":{"uv":[10,7,11,8],"texture":"#0"}}},{"from":[6.88828,7.06326,7.53951],"to":[9.11172,19.00102,8.46049],"rotation":{"angle":45,"axis":"y","origin":[8,13.03214,8]},"faces":{"north":{"uv":[10,7,11,8],"texture":"#0"},"east":{"uv":[10,7,11,8],"texture":"#0"},"south":{"uv":[10,7,11,8],"texture":"#0"},"west":{"uv":[10,7,11,8],"texture":"#0"},"up":{"uv":[10,7,11,8],"texture":"#0"},"down":{"uv":[10,7,11,8],"texture":"#0"}}},{"from":[6.88828,7.06326,7.53951],"to":[9.11172,19.00102,8.46049],"rotation":{"angle":-45,"axis":"y","origin":[8,13.03214,8]},"faces":{"north":{"uv":[10,7,11,8],"texture":"#0"},"east":{"uv":[10,7,11,8],"texture":"#0"},"south":{"uv":[10,7,11,8],"texture":"#0"},"west":{"uv":[10,7,11,8],"texture":"#0"},"up":{"uv":[10,7,11,8],"texture":"#0"},"down":{"uv":[10,7,11,8],"texture":"#0"}}},{"from":[5.38562,24.10569,6.91709],"to":[10.61438,32,9.08291],"rotation":{"angle":0,"axis":"z","origin":[8,28.05284,8]},"faces":{"north":{"uv":[7,1,8,2],"texture":"#0"},"east":{"uv":[7,1,8,2],"texture":"#0"},"south":{"uv":[7,1,8,2],"texture":"#0"},"west":{"uv":[7,1,8,2],"texture":"#0"},"up":{"uv":[7,1,8,2],"texture":"#0"},"down":{"uv":[7,1,8,2],"texture":"#0"}}},{"from":[6.91709,24.10569,5.38562],"to":[9.08291,32,10.61438],"rotation":{"angle":0,"axis":"z","origin":[8,28.05284,8]},"faces":{"north":{"uv":[7,1,8,2],"texture":"#0"},"east":{"uv":[7,1,8,2],"texture":"#0"},"south":{"uv":[7,1,8,2],"texture":"#0"},"west":{"uv":[7,1,8,2],"texture":"#0"},"up":{"uv":[7,1,8,2],"texture":"#0"},"down":{"uv":[7,1,8,2],"texture":"#0"}}},{"from":[5.38562,24.10569,6.91709],"to":[10.61438,32,9.08291],"rotation":{"angle":45,"axis":"y","origin":[8,28.05284,8]},"faces":{"north":{"uv":[7,1,8,2],"texture":"#0"},"east":{"uv":[7,1,8,2],"texture":"#0"},"south":{"uv":[7,1,8,2],"texture":"#0"},"west":{"uv":[7,1,8,2],"texture":"#0"},"up":{"uv":[7,1,8,2],"texture":"#0"},"down":{"uv":[7,1,8,2],"texture":"#0"}}},{"from":[5.38562,24.10569,6.91709],"to":[10.61438,32,9.08291],"rotation":{"angle":-45,"axis":"y","origin":[8,28.05284,8]},"faces":{"north":{"uv":[7,1,8,2],"texture":"#0"},"east":{"uv":[7,1,8,2],"texture":"#0"},"south":{"uv":[7,1,8,2],"texture":"#0"},"west":{"uv":[7,1,8,2],"texture":"#0"},"up":{"uv":[7,1,8,2],"texture":"#0"},"down":{"uv":[7,1,8,2],"texture":"#0"}}},{"from":[5.0599,23.68284,6.78217],"to":[10.9401,24.31201,9.21783],"rotation":{"angle":0,"axis":"z","origin":[8,23.99743,8]},"faces":{"north":{"uv":[7,1,8,2],"texture":"#0"},"east":{"uv":[7,1,8,2],"texture":"#0"},"south":{"uv":[7,1,8,2],"texture":"#0"},"west":{"uv":[7,1,8,2],"texture":"#0"},"up":{"uv":[7,1,8,2],"texture":"#0"},"down":{"uv":[7,1,8,2],"texture":"#0"}}},{"from":[6.78217,23.68284,5.0599],"to":[9.21783,24.31201,10.9401],"rotation":{"angle":0,"axis":"z","origin":[8,23.99743,8]},"faces":{"north":{"uv":[7,1,8,2],"texture":"#0"},"east":{"uv":[7,1,8,2],"texture":"#0"},"south":{"uv":[7,1,8,2],"texture":"#0"},"west":{"uv":[7,1,8,2],"texture":"#0"},"up":{"uv":[7,1,8,2],"texture":"#0"},"down":{"uv":[7,1,8,2],"texture":"#0"}}},{"from":[5.0599,23.68284,6.78217],"to":[10.9401,24.31201,9.21783],"rotation":{"angle":45,"axis":"y","origin":[8,23.99743,8]},"faces":{"north":{"uv":[7,1,8,2],"texture":"#0"},"east":{"uv":[7,1,8,2],"texture":"#0"},"south":{"uv":[7,1,8,2],"texture":"#0"},"west":{"uv":[7,1,8,2],"texture":"#0"},"up":{"uv":[7,1,8,2],"texture":"#0"},"down":{"uv":[7,1,8,2],"texture":"#0"}}},{"from":[5.0599,23.68284,6.78217],"to":[10.9401,24.31201,9.21783],"rotation":{"angle":-45,"axis":"y","origin":[8,23.99743,8]},"faces":{"north":{"uv":[7,1,8,2],"texture":"#0"},"east":{"uv":[7,1,8,2],"texture":"#0"},"south":{"uv":[7,1,8,2],"texture":"#0"},"west":{"uv":[7,1,8,2],"texture":"#0"},"up":{"uv":[7,1,8,2],"texture":"#0"},"down":{"uv":[7,1,8,2],"texture":"#0"}}},{"from":[6.39157,22.73372,7.33377],"to":[9.60843,24.04323,8.66623],"rotation":{"angle":0,"axis":"z","origin":[8,23.38847,8]},"faces":{"north":{"uv":[7,1,8,2],"texture":"#0"},"east":{"uv":[7,1,8,2],"texture":"#0"},"south":{"uv":[7,1,8,2],"texture":"#0"},"west":{"uv":[7,1,8,2],"texture":"#0"},"up":{"uv":[7,1,8,2],"texture":"#0"},"down":{"uv":[7,1,8,2],"texture":"#0"}}},{"from":[7.33377,22.73372,6.39157],"to":[8.66623,24.04323,9.60843],"rotation":{"angle":0,"axis":"z","origin":[8,23.38847,8]},"faces":{"north":{"uv":[7,1,8,2],"texture":"#0"},"east":{"uv":[7,1,8,2],"texture":"#0"},"south":{"uv":[7,1,8,2],"texture":"#0"},"west":{"uv":[7,1,8,2],"texture":"#0"},"up":{"uv":[7,1,8,2],"texture":"#0"},"down":{"uv":[7,1,8,2],"texture":"#0"}}},{"from":[6.39157,22.73372,7.33377],"to":[9.60843,24.04323,8.66623],"rotation":{"angle":45,"axis":"y","origin":[8,23.38847,8]},"faces":{"north":{"uv":[7,1,8,2],"texture":"#0"},"east":{"uv":[7,1,8,2],"texture":"#0"},"south":{"uv":[7,1,8,2],"texture":"#0"},"west":{"uv":[7,1,8,2],"texture":"#0"},"up":{"uv":[7,1,8,2],"texture":"#0"},"down":{"uv":[7,1,8,2],"texture":"#0"}}},{"from":[6.39157,22.73372,7.33377],"to":[9.60843,24.04323,8.66623],"rotation":{"angle":-45,"axis":"y","origin":[8,23.38847,8]},"faces":{"north":{"uv":[7,1,8,2],"texture":"#0"},"east":{"uv":[7,1,8,2],"texture":"#0"},"south":{"uv":[7,1,8,2],"texture":"#0"},"west":{"uv":[7,1,8,2],"texture":"#0"},"up":{"uv":[7,1,8,2],"texture":"#0"},"down":{"uv":[7,1,8,2],"texture":"#0"}}},{"from":[7.73558,1.2651,6.98791],"to":[7.95027,7.43241,7.2026],"rotation":{"angle":22.5,"axis":"x","origin":[7.84292,4.34876,7.09525]},"faces":{"north":{"uv":[10,4,11,5],"texture":"#0"},"east":{"uv":[10,4,11,5],"texture":"#0"},"south":{"uv":[10,4,11,5],"texture":"#0"},"west":{"uv":[10,4,11,5],"texture":"#0"},"up":{"uv":[10,4,11,5],"texture":"#0"},"down":{"uv":[10,4,11,5],"texture":"#0"}}},{"from":[8.04498,0.99138,7.25607],"to":[8.25968,7.15869,7.47077],"rotation":{"angle":22.5,"axis":"x","origin":[8.15233,4.07504,7.36342]},"faces":{"north":{"uv":[10,4,11,5],"texture":"#0"},"east":{"uv":[10,4,11,5],"texture":"#0"},"south":{"uv":[10,4,11,5],"texture":"#0"},"west":{"uv":[10,4,11,5],"texture":"#0"},"up":{"uv":[10,4,11,5],"texture":"#0"},"down":{"uv":[10,4,11,5],"texture":"#0"}}},{"from":[7.62727,0.88684,5.64264],"to":[8.37273,1.6323,6.38809],"rotation":{"angle":22.5,"axis":"x","origin":[8,1.25957,6.01537]},"faces":{"north":{"uv":[1,1,2,2],"texture":"#0"},"east":{"uv":[1,1,2,2],"texture":"#0"},"south":{"uv":[1,1,2,2],"texture":"#0"},"west":{"uv":[1,1,2,2],"texture":"#0"},"up":{"uv":[1,1,2,2],"texture":"#0"},"down":{"uv":[1,1,2,2],"texture":"#0"}}}],"display":{"thirdperson_righthand":{"translation":[0,-1.25,0],"scale":[0.4,0.4,0.4]},"thirdperson_lefthand":{"translation":[0,-1.25,0],"scale":[0.4,0.4,0.4]},"firstperson_righthand":{"rotation":[-30.02,-5.95,-0.81],"translation":[2.5,1.5,-1.5],"scale":[0.5,0.5,0.5]},"firstperson_lefthand":{"translation":[3.25,0,-1],"scale":[0.5,0.5,0.5]},"ground":{"rotation":[90,90,0],"translation":[0,-0.75,-6.75],"scale":[0.7,0.7,0.7]},"gui":{"rotation":[-41.02,1.34,-42.6],"translation":[-4.25,-3.25,0],"scale":[0.64,0.64,0.64]},"fixed":{"translation":[0,-9.75,-2]}},"groups":[{"name":"base","origin":[0,0,0],"color":0,"children":[0,1,2,3]},{"name":"wood","origin":[0,0,0],"color":0,"children":[4,5,6,7,8,9,10,11]},{"name":"top.001","origin":[0,0,0],"color":0,"children":[12,13,14,15,16,17,18,19,20,21,22,23]},{"name":"string","origin":[0,0,0],"color":0,"children":[24,25,26]}]}