{"credit":"Made with Blockbench","textures":{"1":"grimurrp:models/misc/parachute"},"elements":[{"from":[5.46725,2.43367,8.00853],"to":[10.53275,7.81922,10.48431],"rotation":{"angle":0,"axis":"z","origin":[8,5.12645,9.24642]},"faces":{"north":{"uv":[13.5,2,14,2.5],"rotation":270,"texture":"#1"},"east":{"uv":[14,2,13.5,2.5],"rotation":90,"texture":"#1"},"south":{"uv":[0,0,12.5,16],"texture":"#1"},"west":{"uv":[14,2,13.5,2.5],"rotation":90,"texture":"#1"},"up":{"uv":[14,2,13.5,2.5],"rotation":270,"texture":"#1"},"down":{"uv":[14,2,13.5,2.5],"rotation":270,"texture":"#1"}}},{"from":[5.72474,5.57537,5.60328],"to":[10.27526,6.44071,10.15488],"rotation":{"angle":0,"axis":"z","origin":[8,6.00804,8.09136]},"faces":{"north":{"uv":[15,2,15.5,2.5],"rotation":270,"texture":"#1"},"east":{"uv":[15.5,2,15,2.5],"rotation":90,"texture":"#1"},"south":{"uv":[15,2,15.5,2.5],"rotation":270,"texture":"#1"},"west":{"uv":[15.5,2,15,2.5],"rotation":90,"texture":"#1"},"up":{"uv":[15.5,2,15,2.5],"rotation":270,"texture":"#1"},"down":{"uv":[15.5,2,15,2.5],"rotation":270,"texture":"#1"}}},{"from":[5.72474,3.4652,5.6294],"to":[10.27526,4.4587,10.15488],"rotation":{"angle":0,"axis":"z","origin":[8,3.96195,8.09136]},"faces":{"north":{"uv":[15,2,15.5,2.5],"rotation":270,"texture":"#1"},"east":{"uv":[15.5,2,15,2.5],"rotation":90,"texture":"#1"},"south":{"uv":[15,2,15.5,2.5],"rotation":270,"texture":"#1"},"west":{"uv":[15.5,2,15,2.5],"rotation":90,"texture":"#1"},"up":{"uv":[15.5,2,15,2.5],"rotation":270,"texture":"#1"},"down":{"uv":[15.5,2,15,2.5],"rotation":270,"texture":"#1"}}},{"from":[9.67178,7.22246,5.5319],"to":[10.45795,7.97677,10.49797],"rotation":{"angle":0,"axis":"z","origin":[10.06486,7.48002,8.09136]},"faces":{"north":{"uv":[15,2,15.5,2.5],"rotation":270,"texture":"#1"},"east":{"uv":[15.5,2,15,2.5],"rotation":90,"texture":"#1"},"south":{"uv":[15,2,15.5,2.5],"rotation":270,"texture":"#1"},"west":{"uv":[15.5,2,15,2.5],"rotation":90,"texture":"#1"},"up":{"uv":[15.5,2,15,2.5],"rotation":270,"texture":"#1"},"down":{"uv":[15.5,2,15,2.5],"rotation":270,"texture":"#1"}}},{"from":[9.67178,3.4652,5.5319],"to":[10.45795,7.22246,6.36705],"rotation":{"angle":0,"axis":"z","origin":[10.06486,6.80939,5.94948]},"faces":{"north":{"uv":[15,2,15.5,2.5],"rotation":270,"texture":"#1"},"east":{"uv":[15.5,2,15,2.5],"rotation":90,"texture":"#1"},"south":{"uv":[15,2,15.5,2.5],"rotation":270,"texture":"#1"},"west":{"uv":[15.5,2,15,2.5],"rotation":90,"texture":"#1"},"up":{"uv":[15.5,2,15,2.5],"rotation":270,"texture":"#1"},"down":{"uv":[15.5,2,15,2.5],"rotation":270,"texture":"#1"}}},{"from":[5.54205,7.22246,5.5319],"to":[6.32822,7.97677,10.49797],"rotation":{"angle":0,"axis":"z","origin":[5.93514,7.48002,8.09136]},"faces":{"north":{"uv":[15.5,2,15,2.5],"rotation":90,"texture":"#1"},"east":{"uv":[15,2,15.5,2.5],"rotation":270,"texture":"#1"},"south":{"uv":[15.5,2,15,2.5],"rotation":90,"texture":"#1"},"west":{"uv":[15,2,15.5,2.5],"rotation":270,"texture":"#1"},"up":{"uv":[15,2,15.5,2.5],"rotation":90,"texture":"#1"},"down":{"uv":[15,2,15.5,2.5],"rotation":90,"texture":"#1"}}},{"from":[5.54205,3.4652,5.5319],"to":[6.32822,7.22246,6.36705],"rotation":{"angle":0,"axis":"z","origin":[5.93514,6.80939,5.94948]},"faces":{"north":{"uv":[15.5,2,15,2.5],"rotation":90,"texture":"#1"},"east":{"uv":[15,2,15.5,2.5],"rotation":270,"texture":"#1"},"south":{"uv":[15.5,2,15,2.5],"rotation":90,"texture":"#1"},"west":{"uv":[15,2,15.5,2.5],"rotation":270,"texture":"#1"},"up":{"uv":[15,2,15.5,2.5],"rotation":90,"texture":"#1"},"down":{"uv":[15,2,15.5,2.5],"rotation":90,"texture":"#1"}}},{"from":[6.59188,5.31244,9.84295],"to":[9.40812,5.93632,10.60388],"rotation":{"angle":0,"axis":"z","origin":[8,5.62438,10.22342]},"faces":{"north":{"uv":[15.5,2,15,2.5],"rotation":90,"texture":"#1"},"east":{"uv":[15,2,15.5,2.5],"rotation":270,"texture":"#1"},"south":{"uv":[15.5,2,15,2.5],"rotation":90,"texture":"#1"},"west":{"uv":[15,2,15.5,2.5],"rotation":270,"texture":"#1"},"up":{"uv":[15,2,15.5,2.5],"rotation":90,"texture":"#1"},"down":{"uv":[15,2,15.5,2.5],"rotation":90,"texture":"#1"}}},{"from":[6.93166,4.82134,9.9075],"to":[9.06834,5.33833,10.66843],"rotation":{"angle":0,"axis":"z","origin":[8,5.07983,10.28797]},"faces":{"north":{"uv":[15.5,2,15,2.5],"rotation":90,"texture":"#1"},"east":{"uv":[15,2,15.5,2.5],"rotation":270,"texture":"#1"},"south":{"uv":[15.5,2,15,2.5],"rotation":90,"texture":"#1"},"west":{"uv":[15,2,15.5,2.5],"rotation":270,"texture":"#1"},"up":{"uv":[15,2,15.5,2.5],"rotation":90,"texture":"#1"},"down":{"uv":[15,2,15.5,2.5],"rotation":90,"texture":"#1"}}}],"display":{"thirdperson_righthand":{"rotation":[68,0,0],"translation":[-5.75,-1.5,14.25],"scale":[2.2,2.5,2.2]},"thirdperson_lefthand":{"rotation":[68,0,0],"translation":[-6,-1.5,14.25],"scale":[2.2,2.5,2.2]},"firstperson_righthand":{"translation":[-8.95,2.5,5],"scale":[3,2,1.6]},"firstperson_lefthand":{"translation":[-8.95,2.5,5],"scale":[3,2,1.6]},"ground":{"rotation":[-51.34,-7.75,4.99],"translation":[0,-1,-5.75],"scale":[2.2,2.5,2.2]},"gui":{"rotation":[8.24,-33.9,-30.23],"translation":[2.75,4.25,0],"scale":[1.8,1.8,1.8]},"fixed":{"rotation":[180,0,180],"translation":[0,8,-2.5],"scale":[2.5,3,2.5]}},"groups":[{"name":"back.001","origin":[0,0,0],"color":0,"children":[0,1,2,3,4,5,6,7,8]}]}