{
	"credit": "Made with Blockbench",
	"textures": {
		"0": "item/xeth_ww1_guns_diffuse",
		"particle": "item/xeth_ww1_guns_diffuse"
	},
	"elements": [
		{
			"from": [7, 0, 4.18977],
			"to": [9, 13, 13.18977],
			"rotation": {"angle": 0, "axis": "y", "origin": [1, 0, 0.18977]},
			"faces": {
				"north": {"uv": [0, 11, 1, 12], "texture": "#0"},
				"east": {"uv": [0, 11, 1, 12], "texture": "#0"},
				"south": {"uv": [0, 11, 1, 12], "texture": "#0"},
				"west": {"uv": [0, 11, 1, 12], "texture": "#0"},
				"up": {"uv": [0, 11, 1, 12], "texture": "#0"},
				"down": {"uv": [0, 11, 1, 12], "texture": "#0"}
			}
		},
		{
			"from": [7, 12.00107, 8.1678],
			"to": [9, 21.00107, 17.1678],
			"rotation": {"angle": -22.5, "axis": "x", "origin": [8, 2.50107, 12.6678]},
			"faces": {
				"north": {"uv": [0, 11, 1, 12], "texture": "#0"},
				"east": {"uv": [0, 11, 1, 12], "texture": "#0"},
				"south": {"uv": [0, 11, 1, 12], "texture": "#0"},
				"west": {"uv": [0, 11, 1, 12], "texture": "#0"},
				"up": {"uv": [0, 11, 1, 12], "texture": "#0"},
				"down": {"uv": [0, 11, 1, 12], "texture": "#0"}
			}
		},
		{
			"from": [6.75, 0, 5.78977],
			"to": [9.25, 11, 6.78977],
			"rotation": {"angle": 0, "axis": "y", "origin": [0.75, 0, 1.78977]},
			"faces": {
				"north": {"uv": [0.25, 10.8, 1.25, 11.8], "texture": "#0"},
				"east": {"uv": [0.25, 10.8, 1.25, 11.8], "texture": "#0"},
				"south": {"uv": [0.25, 10.8, 1.25, 11.8], "texture": "#0"},
				"west": {"uv": [0.25, 10.8, 1.25, 11.8], "texture": "#0"},
				"up": {"uv": [0.25, 10.8, 1.25, 11.8], "texture": "#0"},
				"down": {"uv": [0.25, 10.8, 1.25, 11.8], "texture": "#0"}
			}
		},
		{
			"from": [6.75, 13.21478, 9.9242],
			"to": [9.25, 20.21478, 10.9242],
			"rotation": {"angle": -22.5, "axis": "x", "origin": [7.75, 1.71478, 14.4242]},
			"faces": {
				"north": {"uv": [0.25, 10.8, 1.25, 11.8], "texture": "#0"},
				"east": {"uv": [0.25, 10.8, 1.25, 11.8], "texture": "#0"},
				"south": {"uv": [0.25, 10.8, 1.25, 11.8], "texture": "#0"},
				"west": {"uv": [0.25, 10.8, 1.25, 11.8], "texture": "#0"},
				"up": {"uv": [0.25, 10.8, 1.25, 11.8], "texture": "#0"},
				"down": {"uv": [0.25, 10.8, 1.25, 11.8], "texture": "#0"}
			}
		},
		{
			"from": [6.75, 13.7909, 13.00689],
			"to": [9.25, 21.2909, 14.00689],
			"rotation": {"angle": -22.5, "axis": "x", "origin": [7.75, 1.2909, 17.50689]},
			"faces": {
				"north": {"uv": [0.25, 10.8, 1.25, 11.8], "texture": "#0"},
				"east": {"uv": [0.25, 10.8, 1.25, 11.8], "texture": "#0"},
				"south": {"uv": [0.25, 10.8, 1.25, 11.8], "texture": "#0"},
				"west": {"uv": [0.25, 10.8, 1.25, 11.8], "texture": "#0"},
				"up": {"uv": [0.25, 10.8, 1.25, 11.8], "texture": "#0"},
				"down": {"uv": [0.25, 10.8, 1.25, 11.8], "texture": "#0"}
			}
		},
		{
			"from": [6.75, 0, 8.48977],
			"to": [9.25, 11.5, 9.48977],
			"rotation": {"angle": 0, "axis": "y", "origin": [0.75, 0, 4.48977]},
			"faces": {
				"north": {"uv": [0.25, 10.8, 1.25, 11.8], "texture": "#0"},
				"east": {"uv": [0.25, 10.8, 1.25, 11.8], "texture": "#0"},
				"south": {"uv": [0.25, 10.8, 1.25, 11.8], "texture": "#0"},
				"west": {"uv": [0.25, 10.8, 1.25, 11.8], "texture": "#0"},
				"up": {"uv": [0.25, 10.8, 1.25, 11.8], "texture": "#0"},
				"down": {"uv": [0.25, 10.8, 1.25, 11.8], "texture": "#0"}
			}
		},
		{
			"from": [6.75, 15.4812, 16.4136],
			"to": [9.25, 22.5812, 17.4136],
			"rotation": {"angle": -22.5, "axis": "x", "origin": [7.75, 0.4812, 20.9136]},
			"faces": {
				"north": {"uv": [0.25, 10.8, 1.25, 11.8], "texture": "#0"},
				"east": {"uv": [0.25, 10.8, 1.25, 11.8], "texture": "#0"},
				"south": {"uv": [0.25, 10.8, 1.25, 11.8], "texture": "#0"},
				"west": {"uv": [0.25, 10.8, 1.25, 11.8], "texture": "#0"},
				"up": {"uv": [0.25, 10.8, 1.25, 11.8], "texture": "#0"},
				"down": {"uv": [0.25, 10.8, 1.25, 11.8], "texture": "#0"}
			}
		},
		{
			"from": [6.75, 0, 10.93977],
			"to": [9.25, 13, 11.93977],
			"rotation": {"angle": 0, "axis": "y", "origin": [0.75, 0, 6.93977]},
			"faces": {
				"north": {"uv": [0.25, 10.8, 1.25, 11.8], "texture": "#0"},
				"east": {"uv": [0.25, 10.8, 1.25, 11.8], "texture": "#0"},
				"south": {"uv": [0.25, 10.8, 1.25, 11.8], "texture": "#0"},
				"west": {"uv": [0.25, 10.8, 1.25, 11.8], "texture": "#0"},
				"up": {"uv": [0.25, 10.8, 1.25, 11.8], "texture": "#0"},
				"down": {"uv": [0.25, 10.8, 1.25, 11.8], "texture": "#0"}
			}
		}
	],
	"display": {
		"thirdperson_righthand": {
			"scale": [0.3, 0.3, 0.3]
		},
		"thirdperson_lefthand": {
			"scale": [0.3, 0.3, 0.3]
		},
		"firstperson_righthand": {
			"rotation": [45, -9, 0],
			"translation": [5.5, 0, -3.75],
			"scale": [0.3, 0.3, 0.3]
		},
		"firstperson_lefthand": {
			"rotation": [45, -9, 0],
			"translation": [5.5, 0, -3.75],
			"scale": [0.3, 0.3, 0.3]
		},
		"ground": {
			"scale": [0.3, 0.3, 0.3]
		},
		"gui": {
			"rotation": [40, 55.75, -62.25],
			"translation": [-0.25, -0.75, 0],
			"scale": [0.5, 0.5, 0.5]
		},
		"fixed": {
			"rotation": [0, 90, 0],
			"translation": [0, -1.5, -1.5],
			"scale": [0.5, 0.5, 0.5]
		}
	}
}