{
	"credit": "Made with Blockbench",
	"textures": {
		"0": "item/gun/yellow_wepon",
		"particle": "item/gun/yellow_wepon"
	},
	"elements": [
		{
			"name": "octagon",
			"from": [7.104, 5.7989, 9.8252],
			"to": [8.384, 6.3291, 12.5132],
			"rotation": {"angle": 45, "axis": "z", "origin": [7.744, 6.064, 9.8892]},
			"faces": {
				"north": {"uv": [0, 0, 1, 1], "texture": "#0"},
				"east": {"uv": [0, 0, 1, 1], "texture": "#0"},
				"south": {"uv": [0, 0, 1, 1], "texture": "#0"},
				"west": {"uv": [0, 0, 1, 1], "texture": "#0"},
				"up": {"uv": [8, 11.5, 9, 12.5], "rotation": 90, "texture": "#0"},
				"down": {"uv": [0, 0, 1, 1], "rotation": 270, "texture": "#0"}
			}
		},
		{
			"name": "octagon",
			"from": [7.104, 5.7989, 9.8252],
			"to": [8.384, 6.3291, 12.5132],
			"rotation": {"angle": 0, "axis": "y", "origin": [7.744, 6.064, 9.8892]},
			"faces": {
				"north": {"uv": [0, 0, 1, 1], "texture": "#0"},
				"east": {"uv": [0, 0, 1, 1], "texture": "#0"},
				"south": {"uv": [0, 0, 1, 1], "texture": "#0"},
				"west": {"uv": [0, 0, 1, 1], "texture": "#0"},
				"up": {"uv": [8, 11.5, 9, 12.5], "rotation": 90, "texture": "#0"},
				"down": {"uv": [0, 0, 1, 1], "rotation": 270, "texture": "#0"}
			}
		},
		{
			"name": "octagon",
			"from": [7.4789, 5.424, 9.8252],
			"to": [8.0091, 6.704, 12.5132],
			"rotation": {"angle": 45, "axis": "z", "origin": [7.744, 6.064, 16.2892]},
			"faces": {
				"north": {"uv": [0, 0, 1, 1], "texture": "#0"},
				"east": {"uv": [0, 0, 1, 1], "texture": "#0"},
				"south": {"uv": [0, 0, 1, 1], "texture": "#0"},
				"west": {"uv": [0, 0, 1, 1], "texture": "#0"},
				"up": {"uv": [8, 11.5, 9, 12.5], "rotation": 90, "texture": "#0"},
				"down": {"uv": [0, 0, 1, 1], "rotation": 270, "texture": "#0"}
			}
		},
		{
			"name": "octagon",
			"from": [7.4789, 5.424, 9.8252],
			"to": [8.0091, 6.704, 12.5132],
			"rotation": {"angle": 0, "axis": "y", "origin": [7.744, 6.064, 9.8892]},
			"faces": {
				"north": {"uv": [0, 0, 1, 1], "texture": "#0"},
				"east": {"uv": [0, 0, 1, 1], "texture": "#0"},
				"south": {"uv": [0, 0, 1, 1], "texture": "#0"},
				"west": {"uv": [0, 0, 1, 1], "texture": "#0"},
				"up": {"uv": [8, 11.5, 9, 12.5], "rotation": 90, "texture": "#0"},
				"down": {"uv": [0, 0, 1, 1], "rotation": 270, "texture": "#0"}
			}
		},
		{
			"name": "octagon",
			"from": [6.52, 5.62294, 10.0652],
			"to": [8.92, 6.61706, 10.7052],
			"rotation": {"angle": 45, "axis": "z", "origin": [7.72, 6.12, 10.1852]},
			"faces": {
				"north": {"uv": [0, 0, 1, 1], "texture": "#0"},
				"east": {"uv": [0, 0, 1, 1], "texture": "#0"},
				"south": {"uv": [0, 0, 1, 1], "texture": "#0"},
				"west": {"uv": [0, 0, 1, 1], "texture": "#0"},
				"up": {"uv": [8, 11.5, 9, 12.5], "rotation": 90, "texture": "#0"},
				"down": {"uv": [0, 0, 1, 1], "rotation": 270, "texture": "#0"}
			}
		},
		{
			"name": "octagon",
			"from": [6.52, 5.62294, 10.0652],
			"to": [8.92, 6.61706, 10.7052],
			"rotation": {"angle": 0, "axis": "y", "origin": [7.72, 6.12, 10.1852]},
			"faces": {
				"north": {"uv": [0, 0, 1, 1], "texture": "#0"},
				"east": {"uv": [0, 0, 1, 1], "texture": "#0"},
				"south": {"uv": [0, 0, 1, 1], "texture": "#0"},
				"west": {"uv": [0, 0, 1, 1], "texture": "#0"},
				"up": {"uv": [8, 11.5, 9, 12.5], "rotation": 90, "texture": "#0"},
				"down": {"uv": [0, 0, 1, 1], "rotation": 270, "texture": "#0"}
			}
		},
		{
			"name": "octagon",
			"from": [7.22294, 4.92, 10.0652],
			"to": [8.21706, 7.32, 10.7052],
			"rotation": {"angle": 45, "axis": "z", "origin": [7.72, 6.12, 10.1852]},
			"faces": {
				"north": {"uv": [0, 0, 1, 1], "texture": "#0"},
				"east": {"uv": [0, 0, 1, 1], "texture": "#0"},
				"south": {"uv": [0, 0, 1, 1], "texture": "#0"},
				"west": {"uv": [0, 0, 1, 1], "texture": "#0"},
				"up": {"uv": [8, 11.5, 9, 12.5], "rotation": 90, "texture": "#0"},
				"down": {"uv": [0, 0, 1, 1], "rotation": 270, "texture": "#0"}
			}
		},
		{
			"name": "octagon",
			"from": [7.22294, 4.92, 10.0652],
			"to": [8.21706, 7.32, 10.7052],
			"rotation": {"angle": 0, "axis": "y", "origin": [7.72, 6.12, 10.1852]},
			"faces": {
				"north": {"uv": [0, 0, 1, 1], "texture": "#0"},
				"east": {"uv": [0, 0, 1, 1], "texture": "#0"},
				"south": {"uv": [0, 0, 1, 1], "texture": "#0"},
				"west": {"uv": [0, 0, 1, 1], "texture": "#0"},
				"up": {"uv": [8, 11.5, 9, 12.5], "rotation": 90, "texture": "#0"},
				"down": {"uv": [0, 0, 1, 1], "rotation": 270, "texture": "#0"}
			}
		},
		{
			"name": "octagon",
			"from": [6.224, 5.46753, 9.1052],
			"to": [9.104, 6.66047, 10.0732],
			"rotation": {"angle": 45, "axis": "z", "origin": [7.664, 6.064, 9.2492]},
			"faces": {
				"north": {"uv": [0, 0, 1, 1], "texture": "#0"},
				"east": {"uv": [0, 0, 1, 1], "texture": "#0"},
				"south": {"uv": [0, 0, 1, 1], "texture": "#0"},
				"west": {"uv": [0, 0, 1, 1], "texture": "#0"},
				"up": {"uv": [8, 11.5, 9, 12.5], "rotation": 90, "texture": "#0"},
				"down": {"uv": [0, 0, 1, 1], "rotation": 270, "texture": "#0"}
			}
		},
		{
			"name": "octagon",
			"from": [6.224, 5.46753, 9.1052],
			"to": [9.104, 6.66047, 10.0732],
			"rotation": {"angle": 0, "axis": "y", "origin": [7.664, 6.064, 9.2492]},
			"faces": {
				"north": {"uv": [0, 0, 1, 1], "texture": "#0"},
				"east": {"uv": [0, 0, 1, 1], "texture": "#0"},
				"south": {"uv": [0, 0, 1, 1], "texture": "#0"},
				"west": {"uv": [0, 0, 1, 1], "texture": "#0"},
				"up": {"uv": [8, 11.5, 9, 12.5], "rotation": 90, "texture": "#0"},
				"down": {"uv": [0, 0, 1, 1], "rotation": 270, "texture": "#0"}
			}
		},
		{
			"name": "octagon",
			"from": [7.06753, 4.624, 9.1052],
			"to": [8.26047, 7.504, 10.0732],
			"rotation": {"angle": 45, "axis": "z", "origin": [7.664, 6.064, 9.2492]},
			"faces": {
				"north": {"uv": [0, 0, 1, 1], "texture": "#0"},
				"east": {"uv": [0, 0, 1, 1], "texture": "#0"},
				"south": {"uv": [0, 0, 1, 1], "texture": "#0"},
				"west": {"uv": [0, 0, 1, 1], "texture": "#0"},
				"up": {"uv": [8, 11.5, 9, 12.5], "rotation": 90, "texture": "#0"},
				"down": {"uv": [0, 0, 1, 1], "rotation": 270, "texture": "#0"}
			}
		},
		{
			"name": "octagon",
			"from": [7.06753, 4.624, 9.1052],
			"to": [8.26047, 7.504, 10.0732],
			"rotation": {"angle": 0, "axis": "y", "origin": [7.664, 6.064, 9.2492]},
			"faces": {
				"north": {"uv": [0, 0, 1, 1], "texture": "#0"},
				"east": {"uv": [0, 0, 1, 1], "texture": "#0"},
				"south": {"uv": [0, 0, 1, 1], "texture": "#0"},
				"west": {"uv": [0, 0, 1, 1], "texture": "#0"},
				"up": {"uv": [8, 11.5, 9, 12.5], "rotation": 90, "texture": "#0"},
				"down": {"uv": [0, 0, 1, 1], "rotation": 270, "texture": "#0"}
			}
		},
		{
			"name": "octagon",
			"from": [5.8688, 5.28104, 7.9932],
			"to": [9.3248, 6.71256, 9.1548],
			"rotation": {"angle": 45, "axis": "z", "origin": [7.5968, 5.9968, 8.166]},
			"faces": {
				"north": {"uv": [0, 0, 1, 1], "texture": "#0"},
				"east": {"uv": [0, 0, 1, 1], "texture": "#0"},
				"south": {"uv": [0, 0, 1, 1], "texture": "#0"},
				"west": {"uv": [0, 0, 1, 1], "texture": "#0"},
				"up": {"uv": [8, 11.5, 9, 12.5], "rotation": 90, "texture": "#0"},
				"down": {"uv": [0, 0, 1, 1], "rotation": 270, "texture": "#0"}
			}
		},
		{
			"name": "octagon",
			"from": [5.8688, 5.28104, 7.9932],
			"to": [9.3248, 6.71256, 9.1548],
			"rotation": {"angle": 0, "axis": "y", "origin": [7.5968, 5.9968, 8.166]},
			"faces": {
				"north": {"uv": [0, 0, 1, 1], "texture": "#0"},
				"east": {"uv": [0, 0, 1, 1], "texture": "#0"},
				"south": {"uv": [0, 0, 1, 1], "texture": "#0"},
				"west": {"uv": [0, 0, 1, 1], "texture": "#0"},
				"up": {"uv": [8, 11.5, 9, 12.5], "rotation": 90, "texture": "#0"},
				"down": {"uv": [0, 0, 1, 1], "rotation": 270, "texture": "#0"}
			}
		},
		{
			"name": "octagon",
			"from": [6.88104, 4.2688, 7.9932],
			"to": [8.31256, 7.7248, 9.1548],
			"rotation": {"angle": 45, "axis": "z", "origin": [7.5968, 5.9968, 8.166]},
			"faces": {
				"north": {"uv": [0, 0, 1, 1], "texture": "#0"},
				"east": {"uv": [0, 0, 1, 1], "texture": "#0"},
				"south": {"uv": [0, 0, 1, 1], "texture": "#0"},
				"west": {"uv": [0, 0, 1, 1], "texture": "#0"},
				"up": {"uv": [8, 11.5, 9, 12.5], "rotation": 90, "texture": "#0"},
				"down": {"uv": [0, 0, 1, 1], "rotation": 270, "texture": "#0"}
			}
		},
		{
			"name": "octagon",
			"from": [6.88104, 4.2688, 7.9932],
			"to": [8.31256, 7.7248, 9.1548],
			"rotation": {"angle": 0, "axis": "y", "origin": [7.5968, 5.9968, 8.166]},
			"faces": {
				"north": {"uv": [0, 0, 1, 1], "texture": "#0"},
				"east": {"uv": [0, 0, 1, 1], "texture": "#0"},
				"south": {"uv": [0, 0, 1, 1], "texture": "#0"},
				"west": {"uv": [0, 0, 1, 1], "texture": "#0"},
				"up": {"uv": [8, 11.5, 9, 12.5], "rotation": 90, "texture": "#0"},
				"down": {"uv": [0, 0, 1, 1], "rotation": 270, "texture": "#0"}
			}
		},
		{
			"name": "octagon",
			"from": [5.44256, 5.05725, 6.8988],
			"to": [9.58976, 6.77507, 7.97272],
			"rotation": {"angle": 45, "axis": "z", "origin": [7.51616, 5.91616, 7.10616]},
			"faces": {
				"north": {"uv": [0, 0, 1, 1], "texture": "#0"},
				"east": {"uv": [0, 0, 1, 1], "texture": "#0"},
				"south": {"uv": [0, 0, 1, 1], "texture": "#0"},
				"west": {"uv": [0, 0, 1, 1], "texture": "#0"},
				"up": {"uv": [8, 11.5, 9, 12.5], "rotation": 90, "texture": "#0"},
				"down": {"uv": [0, 0, 1, 1], "rotation": 270, "texture": "#0"}
			}
		},
		{
			"name": "octagon",
			"from": [5.44256, 5.05725, 6.8988],
			"to": [9.58976, 6.77507, 7.97272],
			"rotation": {"angle": 0, "axis": "y", "origin": [7.51616, 5.91616, 7.10616]},
			"faces": {
				"north": {"uv": [0, 0, 1, 1], "texture": "#0"},
				"east": {"uv": [0, 0, 1, 1], "texture": "#0"},
				"south": {"uv": [0, 0, 1, 1], "texture": "#0"},
				"west": {"uv": [0, 0, 1, 1], "texture": "#0"},
				"up": {"uv": [8, 11.5, 9, 12.5], "rotation": 90, "texture": "#0"},
				"down": {"uv": [0, 0, 1, 1], "rotation": 270, "texture": "#0"}
			}
		},
		{
			"name": "octagon",
			"from": [6.65725, 3.84256, 6.8988],
			"to": [8.37507, 7.98976, 7.97272],
			"rotation": {"angle": 45, "axis": "z", "origin": [7.51616, 5.91616, 7.10616]},
			"faces": {
				"north": {"uv": [0, 0, 1, 1], "texture": "#0"},
				"east": {"uv": [0, 0, 1, 1], "texture": "#0"},
				"south": {"uv": [0, 0, 1, 1], "texture": "#0"},
				"west": {"uv": [0, 0, 1, 1], "texture": "#0"},
				"up": {"uv": [8, 11.5, 9, 12.5], "rotation": 90, "texture": "#0"},
				"down": {"uv": [0, 0, 1, 1], "rotation": 270, "texture": "#0"}
			}
		},
		{
			"name": "octagon",
			"from": [6.65725, 3.84256, 6.8988],
			"to": [8.37507, 7.98976, 7.97272],
			"rotation": {"angle": 0, "axis": "y", "origin": [7.51616, 5.91616, 7.10616]},
			"faces": {
				"north": {"uv": [0, 0, 1, 1], "texture": "#0"},
				"east": {"uv": [0, 0, 1, 1], "texture": "#0"},
				"south": {"uv": [0, 0, 1, 1], "texture": "#0"},
				"west": {"uv": [0, 0, 1, 1], "texture": "#0"},
				"up": {"uv": [8, 11.5, 9, 12.5], "rotation": 90, "texture": "#0"},
				"down": {"uv": [0, 0, 1, 1], "rotation": 270, "texture": "#0"}
			}
		},
		{
			"name": "octagon",
			"from": [5.23796, 4.94983, 6.51909],
			"to": [9.71694, 6.80508, 7.04532],
			"rotation": {"angle": 45, "axis": "z", "origin": [7.47745, 5.87745, 6.74304]},
			"faces": {
				"north": {"uv": [0, 0, 1, 1], "texture": "#0"},
				"east": {"uv": [0, 0, 1, 1], "texture": "#0"},
				"south": {"uv": [0, 0, 1, 1], "texture": "#0"},
				"west": {"uv": [0, 0, 1, 1], "texture": "#0"},
				"up": {"uv": [8, 11.5, 9, 12.5], "rotation": 90, "texture": "#0"},
				"down": {"uv": [0, 0, 1, 1], "rotation": 270, "texture": "#0"}
			}
		},
		{
			"name": "octagon",
			"from": [5.23796, 4.94983, 6.51909],
			"to": [9.71694, 6.80508, 7.04532],
			"rotation": {"angle": 0, "axis": "y", "origin": [7.47745, 5.87745, 6.74304]},
			"faces": {
				"north": {"uv": [0, 0, 1, 1], "texture": "#0"},
				"east": {"uv": [0, 0, 1, 1], "texture": "#0"},
				"south": {"uv": [0, 0, 1, 1], "texture": "#0"},
				"west": {"uv": [0, 0, 1, 1], "texture": "#0"},
				"up": {"uv": [8, 11.5, 9, 12.5], "rotation": 90, "texture": "#0"},
				"down": {"uv": [0, 0, 1, 1], "rotation": 270, "texture": "#0"}
			}
		},
		{
			"name": "octagon",
			"from": [6.54983, 3.63796, 6.51909],
			"to": [8.40508, 8.11694, 7.04532],
			"rotation": {"angle": 45, "axis": "z", "origin": [7.47745, 5.87745, 6.74304]},
			"faces": {
				"north": {"uv": [0, 0, 1, 1], "texture": "#0"},
				"east": {"uv": [0, 0, 1, 1], "texture": "#0"},
				"south": {"uv": [0, 0, 1, 1], "texture": "#0"},
				"west": {"uv": [0, 0, 1, 1], "texture": "#0"},
				"up": {"uv": [8, 11.5, 9, 12.5], "rotation": 90, "texture": "#0"},
				"down": {"uv": [0, 0, 1, 1], "rotation": 270, "texture": "#0"}
			}
		},
		{
			"name": "octagon",
			"from": [6.54983, 3.63796, 6.51909],
			"to": [8.40508, 8.11694, 7.04532],
			"rotation": {"angle": 0, "axis": "y", "origin": [7.47745, 5.87745, 6.74304]},
			"faces": {
				"north": {"uv": [0, 0, 1, 1], "texture": "#0"},
				"east": {"uv": [0, 0, 1, 1], "texture": "#0"},
				"south": {"uv": [0, 0, 1, 1], "texture": "#0"},
				"west": {"uv": [0, 0, 1, 1], "texture": "#0"},
				"up": {"uv": [8, 11.5, 9, 12.5], "rotation": 90, "texture": "#0"},
				"down": {"uv": [0, 0, 1, 1], "rotation": 270, "texture": "#0"}
			}
		},
		{
			"name": "octagon",
			"from": [5.7438, 5.18104, 5.7532],
			"to": [9.1998, 6.61256, 6.9148],
			"rotation": {"angle": 45, "axis": "z", "origin": [7.4718, 5.8968, 5.926]},
			"faces": {
				"north": {"uv": [0, 0, 1, 1], "texture": "#0"},
				"east": {"uv": [0, 0, 1, 1], "texture": "#0"},
				"south": {"uv": [0, 0, 1, 1], "texture": "#0"},
				"west": {"uv": [0, 0, 1, 1], "texture": "#0"},
				"up": {"uv": [8, 11.5, 9, 12.5], "rotation": 90, "texture": "#0"},
				"down": {"uv": [0, 0, 1, 1], "rotation": 270, "texture": "#0"}
			}
		},
		{
			"name": "octagon",
			"from": [5.7438, 5.18104, 5.7532],
			"to": [9.1998, 6.61256, 6.9148],
			"rotation": {"angle": 0, "axis": "y", "origin": [7.4718, 5.8968, 5.926]},
			"faces": {
				"north": {"uv": [0, 0, 1, 1], "texture": "#0"},
				"east": {"uv": [0, 0, 1, 1], "texture": "#0"},
				"south": {"uv": [0, 0, 1, 1], "texture": "#0"},
				"west": {"uv": [0, 0, 1, 1], "texture": "#0"},
				"up": {"uv": [8, 11.5, 9, 12.5], "rotation": 90, "texture": "#0"},
				"down": {"uv": [0, 0, 1, 1], "rotation": 270, "texture": "#0"}
			}
		},
		{
			"name": "octagon",
			"from": [6.75604, 4.1688, 5.7532],
			"to": [8.18756, 7.6248, 6.9148],
			"rotation": {"angle": 45, "axis": "z", "origin": [7.4718, 5.8968, 5.926]},
			"faces": {
				"north": {"uv": [0, 0, 1, 1], "texture": "#0"},
				"east": {"uv": [0, 0, 1, 1], "texture": "#0"},
				"south": {"uv": [0, 0, 1, 1], "texture": "#0"},
				"west": {"uv": [0, 0, 1, 1], "texture": "#0"},
				"up": {"uv": [8, 11.5, 9, 12.5], "rotation": 90, "texture": "#0"},
				"down": {"uv": [0, 0, 1, 1], "rotation": 270, "texture": "#0"}
			}
		},
		{
			"name": "octagon",
			"from": [6.75604, 4.1688, 5.7532],
			"to": [8.18756, 7.6248, 6.9148],
			"rotation": {"angle": 0, "axis": "y", "origin": [7.4718, 5.8968, 5.926]},
			"faces": {
				"north": {"uv": [0, 0, 1, 1], "texture": "#0"},
				"east": {"uv": [0, 0, 1, 1], "texture": "#0"},
				"south": {"uv": [0, 0, 1, 1], "texture": "#0"},
				"west": {"uv": [0, 0, 1, 1], "texture": "#0"},
				"up": {"uv": [8, 11.5, 9, 12.5], "rotation": 90, "texture": "#0"},
				"down": {"uv": [0, 0, 1, 1], "rotation": 270, "texture": "#0"}
			}
		},
		{
			"name": "octagon",
			"from": [6.345, 5.44794, 5.1052],
			"to": [8.745, 6.44206, 5.7452],
			"rotation": {"angle": 45, "axis": "z", "origin": [7.545, 5.945, 5.2252]},
			"faces": {
				"north": {"uv": [0, 0, 1, 1], "texture": "#0"},
				"east": {"uv": [0, 0, 1, 1], "texture": "#0"},
				"south": {"uv": [0, 0, 1, 1], "texture": "#0"},
				"west": {"uv": [0, 0, 1, 1], "texture": "#0"},
				"up": {"uv": [8, 11.5, 9, 12.5], "rotation": 90, "texture": "#0"},
				"down": {"uv": [0, 0, 1, 1], "rotation": 270, "texture": "#0"}
			}
		},
		{
			"name": "octagon",
			"from": [6.345, 5.44794, 5.1052],
			"to": [8.745, 6.44206, 5.7452],
			"rotation": {"angle": 0, "axis": "y", "origin": [7.545, 5.945, 5.2252]},
			"faces": {
				"north": {"uv": [0, 0, 1, 1], "texture": "#0"},
				"east": {"uv": [0, 0, 1, 1], "texture": "#0"},
				"south": {"uv": [0, 0, 1, 1], "texture": "#0"},
				"west": {"uv": [0, 0, 1, 1], "texture": "#0"},
				"up": {"uv": [8, 11.5, 9, 12.5], "rotation": 90, "texture": "#0"},
				"down": {"uv": [0, 0, 1, 1], "rotation": 270, "texture": "#0"}
			}
		},
		{
			"name": "octagon",
			"from": [7.04794, 4.745, 5.1052],
			"to": [8.04206, 7.145, 5.7452],
			"rotation": {"angle": 45, "axis": "z", "origin": [7.545, 5.945, 5.2252]},
			"faces": {
				"north": {"uv": [0, 0, 1, 1], "texture": "#0"},
				"east": {"uv": [0, 0, 1, 1], "texture": "#0"},
				"south": {"uv": [0, 0, 1, 1], "texture": "#0"},
				"west": {"uv": [0, 0, 1, 1], "texture": "#0"},
				"up": {"uv": [8, 11.5, 9, 12.5], "rotation": 90, "texture": "#0"},
				"down": {"uv": [0, 0, 1, 1], "rotation": 270, "texture": "#0"}
			}
		},
		{
			"name": "octagon",
			"from": [7.04794, 4.745, 5.1052],
			"to": [8.04206, 7.145, 5.7452],
			"rotation": {"angle": 0, "axis": "y", "origin": [7.545, 5.945, 5.2252]},
			"faces": {
				"north": {"uv": [0, 0, 1, 1], "texture": "#0"},
				"east": {"uv": [0, 0, 1, 1], "texture": "#0"},
				"south": {"uv": [0, 0, 1, 1], "texture": "#0"},
				"west": {"uv": [0, 0, 1, 1], "texture": "#0"},
				"up": {"uv": [8, 11.5, 9, 12.5], "rotation": 90, "texture": "#0"},
				"down": {"uv": [0, 0, 1, 1], "rotation": 270, "texture": "#0"}
			}
		},
		{
			"name": "octagon",
			"from": [6.7094, 5.61552, 4.6004],
			"to": [8.4374, 6.33128, 5.0612],
			"rotation": {"angle": 45, "axis": "z", "origin": [7.5734, 5.9734, 4.6868]},
			"faces": {
				"north": {"uv": [0, 0, 1, 1], "texture": "#0"},
				"east": {"uv": [0, 0, 1, 1], "texture": "#0"},
				"south": {"uv": [0, 0, 1, 1], "texture": "#0"},
				"west": {"uv": [0, 0, 1, 1], "texture": "#0"},
				"up": {"uv": [8, 11.5, 9, 12.5], "rotation": 90, "texture": "#0"},
				"down": {"uv": [0, 0, 1, 1], "rotation": 270, "texture": "#0"}
			}
		},
		{
			"name": "octagon",
			"from": [6.7094, 5.61552, 4.6004],
			"to": [8.4374, 6.33128, 5.0612],
			"rotation": {"angle": 0, "axis": "y", "origin": [7.5734, 5.9734, 4.6868]},
			"faces": {
				"north": {"uv": [0, 0, 1, 1], "texture": "#0"},
				"east": {"uv": [0, 0, 1, 1], "texture": "#0"},
				"south": {"uv": [0, 0, 1, 1], "texture": "#0"},
				"west": {"uv": [0, 0, 1, 1], "texture": "#0"},
				"up": {"uv": [8, 11.5, 9, 12.5], "rotation": 90, "texture": "#0"},
				"down": {"uv": [0, 0, 1, 1], "rotation": 270, "texture": "#0"}
			}
		},
		{
			"name": "octagon",
			"from": [7.21552, 5.1094, 4.6004],
			"to": [7.93128, 6.8374, 5.0612],
			"rotation": {"angle": 45, "axis": "z", "origin": [7.5734, 5.9734, 4.6868]},
			"faces": {
				"north": {"uv": [0, 0, 1, 1], "texture": "#0"},
				"east": {"uv": [0, 0, 1, 1], "texture": "#0"},
				"south": {"uv": [0, 0, 1, 1], "texture": "#0"},
				"west": {"uv": [0, 0, 1, 1], "texture": "#0"},
				"up": {"uv": [8, 11.5, 9, 12.5], "rotation": 90, "texture": "#0"},
				"down": {"uv": [0, 0, 1, 1], "rotation": 270, "texture": "#0"}
			}
		},
		{
			"name": "octagon",
			"from": [7.21552, 5.1094, 4.6004],
			"to": [7.93128, 6.8374, 5.0612],
			"rotation": {"angle": 0, "axis": "y", "origin": [7.5734, 5.9734, 4.6868]},
			"faces": {
				"north": {"uv": [0, 0, 1, 1], "texture": "#0"},
				"east": {"uv": [0, 0, 1, 1], "texture": "#0"},
				"south": {"uv": [0, 0, 1, 1], "texture": "#0"},
				"west": {"uv": [0, 0, 1, 1], "texture": "#0"},
				"up": {"uv": [8, 11.5, 9, 12.5], "rotation": 90, "texture": "#0"},
				"down": {"uv": [0, 0, 1, 1], "rotation": 270, "texture": "#0"}
			}
		}
	],
	"display": {
		"thirdperson_righthand": {
			"rotation": [0, 67, 0],
			"translation": [0, 2.25, -0.75],
			"scale": [0.9, 0.9, 0.9]
		},
		"thirdperson_lefthand": {
			"rotation": [0, 67, 0],
			"translation": [0, 2.25, -0.75],
			"scale": [0.9, 0.9, 0.9]
		},
		"firstperson_righthand": {
			"rotation": [46, 25, 0],
			"translation": [0, 4.25, 0]
		},
		"firstperson_lefthand": {
			"rotation": [46, 25, 0],
			"translation": [0, 4.25, 0]
		},
		"gui": {
			"rotation": [90, -44.5, 90],
			"translation": [-1.25, 1.5, 2.75],
			"scale": [1.3, 1.3, 1.3]
		},
		"fixed": {
			"rotation": [0, -90, 0],
			"translation": [0.25, 1.75, -1.75]
		}
	},
	"groups": [
		{
			"name": "octagon",
			"origin": [8, 8, 8],
			"color": 0,
			"children": [0, 1, 2, 3]
		},
		{
			"name": "octagon",
			"origin": [8, 8, 8],
			"color": 0,
			"children": [4, 5, 6, 7]
		},
		{
			"name": "octagon",
			"origin": [8, 8, 8],
			"color": 0,
			"children": [8, 9, 10, 11]
		},
		{
			"name": "octagon",
			"origin": [8, 8, 8],
			"color": 0,
			"children": [12, 13, 14, 15]
		},
		{
			"name": "octagon",
			"origin": [8, 8, 8],
			"color": 0,
			"children": [16, 17, 18, 19]
		},
		{
			"name": "octagon",
			"origin": [8, 8, 8],
			"color": 0,
			"children": [20, 21, 22, 23]
		},
		{
			"name": "octagon",
			"origin": [8, 8, 8],
			"color": 0,
			"children": [24, 25, 26, 27]
		},
		{
			"name": "octagon",
			"origin": [8, 8, 8],
			"color": 0,
			"children": [28, 29, 30, 31]
		},
		{
			"name": "octagon",
			"origin": [8, 8, 8],
			"color": 0,
			"children": [32, 33, 34, 35]
		}
	]
}