{"credit":"Made with Blockbench","textures":{"0":"item/gun/xeth_rifle1","particle":"item/gun/xeth_rifle1"},"elements":[{"from":[6,6.75,6],"to":[10,14.75,10],"faces":{"north":{"uv":[15,5,16,6],"texture":"#0"},"east":{"uv":[15,5,16,6],"texture":"#0"},"south":{"uv":[15,5,16,6],"texture":"#0"},"west":{"uv":[15,5,16,6],"texture":"#0"},"up":{"uv":[15,5,16,6],"texture":"#0"},"down":{"uv":[16,5,15,6],"texture":"#0"}}},{"from":[6.5,4.25,6.5],"to":[9.5,16.25,9.5],"faces":{"north":{"uv":[15,5,16,6],"texture":"#0"},"east":{"uv":[15,5,16,6],"texture":"#0"},"south":{"uv":[15,5,16,6],"texture":"#0"},"west":{"uv":[15,5,16,6],"texture":"#0"},"up":{"uv":[15,5,16,6],"texture":"#0"},"down":{"uv":[15,5,16,6],"texture":"#0"}}},{"from":[7.9,2,6.75],"to":[8.15,3,9.25],"faces":{"north":{"uv":[15,5,16,6],"texture":"#0"},"east":{"uv":[15,5,16,6],"texture":"#0"},"south":{"uv":[15,5,16,6],"texture":"#0"},"west":{"uv":[15,5,16,6],"texture":"#0"},"up":{"uv":[15,5,16,6],"texture":"#0"},"down":{"uv":[15,5,16,6],"texture":"#0"}}},{"from":[6.75,2,8],"to":[9.25,3,8.25],"faces":{"north":{"uv":[15,5,16,6],"texture":"#0"},"east":{"uv":[15,5,16,6],"texture":"#0"},"south":{"uv":[15,5,16,6],"texture":"#0"},"west":{"uv":[15,5,16,6],"texture":"#0"},"up":{"uv":[15,5,16,6],"texture":"#0"},"down":{"uv":[15,5,16,6],"texture":"#0"}}},{"from":[6.25,0,8],"to":[9.75,2,8.25],"faces":{"north":{"uv":[15,5,16,6],"texture":"#0"},"east":{"uv":[15,5,16,6],"texture":"#0"},"south":{"uv":[15,5,16,6],"texture":"#0"},"west":{"uv":[15,5,16,6],"texture":"#0"},"up":{"uv":[15,5,16,6],"texture":"#0"},"down":{"uv":[15,5,16,6],"texture":"#0"}}},{"from":[7.9,0,6.25],"to":[8.15,2,9.75],"faces":{"north":{"uv":[15,5,16,6],"texture":"#0"},"east":{"uv":[15,5,16,6],"texture":"#0"},"south":{"uv":[15,5,16,6],"texture":"#0"},"west":{"uv":[15,5,16,6],"texture":"#0"},"up":{"uv":[15,5,16,6],"texture":"#0"},"down":{"uv":[15,5,16,6],"texture":"#0"}}},{"from":[7.25,1.25,7.25],"to":[8.75,17.25,8.75],"faces":{"north":{"uv":[15,4,16,5.5],"texture":"#0"},"east":{"uv":[15,4,16,5.5],"texture":"#0"},"south":{"uv":[15,4,16,5.5],"texture":"#0"},"west":{"uv":[15,4,16,5.5],"texture":"#0"},"up":{"uv":[15,3,16,4],"texture":"#0"},"down":{"uv":[15,3,16,4],"texture":"#0"}}}],"display":{"thirdperson_righthand":{"translation":[0,-2.25,-0.75],"scale":[0.6,0.6,0.6]},"thirdperson_lefthand":{"translation":[0,0,-1],"scale":[0.6,0.6,0.6]},"firstperson_righthand":{"rotation":[-131.99,-0.52,0.57],"translation":[0,3.25,-2.75]},"firstperson_lefthand":{"rotation":[-34.28,-7.6,10.92],"translation":[3.75,5.25,-6.5]},"ground":{"rotation":[90,0,0],"translation":[0,5,0]},"gui":{"rotation":[30,20,29],"scale":[1.23633,1,1]}}}