{"credit":"made by xeth","textures":{"0":"item/xeth_ww1_flare_gun"},"elements":[{"from":[1.28247,-12.96889,5.21751],"to":[14.71753,32,10.78249],"rotation":{"angle":0,"axis":"z","origin":[8,9.51555,8]},"faces":{"north":{"uv":[10,1,11,2],"texture":"#0"},"east":{"uv":[10,1,11,2],"texture":"#0"},"south":{"uv":[10,1,11,2],"texture":"#0"},"west":{"uv":[10,1,11,2],"texture":"#0"},"up":{"uv":[10,1,11,2],"texture":"#0"},"down":{"uv":[10,1,11,2],"texture":"#0"}}},{"from":[5.21751,-12.96889,1.28247],"to":[10.78249,32,14.71753],"rotation":{"angle":0,"axis":"z","origin":[8,9.51555,8]},"faces":{"north":{"uv":[10,1,11,2],"texture":"#0"},"east":{"uv":[10,1,11,2],"texture":"#0"},"south":{"uv":[10,1,11,2],"texture":"#0"},"west":{"uv":[10,1,11,2],"texture":"#0"},"up":{"uv":[10,1,11,2],"texture":"#0"},"down":{"uv":[10,1,11,2],"texture":"#0"}}},{"from":[1.28247,-12.96889,5.21751],"to":[14.71753,32,10.78249],"rotation":{"angle":45,"axis":"y","origin":[8,9.51555,8]},"faces":{"north":{"uv":[10,1,11,2],"texture":"#0"},"east":{"uv":[10,1,11,2],"texture":"#0"},"south":{"uv":[10,1,11,2],"texture":"#0"},"west":{"uv":[10,1,11,2],"texture":"#0"},"up":{"uv":[10,1,11,2],"texture":"#0"},"down":{"uv":[10,1,11,2],"texture":"#0"}}},{"from":[1.28247,-12.96889,5.21751],"to":[14.71753,32,10.78249],"rotation":{"angle":-45,"axis":"y","origin":[8,9.51555,8]},"faces":{"north":{"uv":[10,1,11,2],"texture":"#0"},"east":{"uv":[10,1,11,2],"texture":"#0"},"south":{"uv":[10,1,11,2],"texture":"#0"},"west":{"uv":[10,1,11,2],"texture":"#0"},"up":{"uv":[10,1,11,2],"texture":"#0"},"down":{"uv":[10,1,11,2],"texture":"#0"}}},{"from":[-0.4216,-16,4.51166],"to":[16.4216,-15.21515,11.48834],"rotation":{"angle":0,"axis":"z","origin":[8,-15.60758,8]},"faces":{"north":{"uv":[4,1,5,2],"texture":"#0"},"east":{"uv":[4,1,5,2],"texture":"#0"},"south":{"uv":[4,1,5,2],"texture":"#0"},"west":{"uv":[4,1,5,2],"texture":"#0"},"up":{"uv":[4,1,5,2],"texture":"#0"},"down":{"uv":[4,1,5,2],"texture":"#0"}}},{"from":[4.51166,-16,-0.4216],"to":[11.48834,-15.21515,16.4216],"rotation":{"angle":0,"axis":"z","origin":[8,-15.60758,8]},"faces":{"north":{"uv":[4,1,5,2],"texture":"#0"},"east":{"uv":[4,1,5,2],"texture":"#0"},"south":{"uv":[4,1,5,2],"texture":"#0"},"west":{"uv":[4,1,5,2],"texture":"#0"},"up":{"uv":[4,1,5,2],"texture":"#0"},"down":{"uv":[4,1,5,2],"texture":"#0"}}},{"from":[-0.4216,-16,4.51166],"to":[16.4216,-15.21515,11.48834],"rotation":{"angle":45,"axis":"y","origin":[8,-15.60758,8]},"faces":{"north":{"uv":[4,1,5,2],"texture":"#0"},"east":{"uv":[4,1,5,2],"texture":"#0"},"south":{"uv":[4,1,5,2],"texture":"#0"},"west":{"uv":[4,1,5,2],"texture":"#0"},"up":{"uv":[4,1,5,2],"texture":"#0"},"down":{"uv":[4,1,5,2],"texture":"#0"}}},{"from":[-0.4216,-16,4.51166],"to":[16.4216,-15.21515,11.48834],"rotation":{"angle":-45,"axis":"y","origin":[8,-15.60758,8]},"faces":{"north":{"uv":[4,1,5,2],"texture":"#0"},"east":{"uv":[4,1,5,2],"texture":"#0"},"south":{"uv":[4,1,5,2],"texture":"#0"},"west":{"uv":[4,1,5,2],"texture":"#0"},"up":{"uv":[4,1,5,2],"texture":"#0"},"down":{"uv":[4,1,5,2],"texture":"#0"}}},{"from":[1.05872,-15.5279,5.12483],"to":[14.94128,-11.60672,10.87517],"rotation":{"angle":0,"axis":"z","origin":[8,-13.56731,8]},"faces":{"north":{"uv":[4,1,5,2],"texture":"#0"},"east":{"uv":[4,1,5,2],"texture":"#0"},"south":{"uv":[4,1,5,2],"texture":"#0"},"west":{"uv":[4,1,5,2],"texture":"#0"},"up":{"uv":[4,1,5,2],"texture":"#0"},"down":{"uv":[4,1,5,2],"texture":"#0"}}},{"from":[5.12483,-15.5279,1.05872],"to":[10.87517,-11.60672,14.94128],"rotation":{"angle":0,"axis":"z","origin":[8,-13.56731,8]},"faces":{"north":{"uv":[4,1,5,2],"texture":"#0"},"east":{"uv":[4,1,5,2],"texture":"#0"},"south":{"uv":[4,1,5,2],"texture":"#0"},"west":{"uv":[4,1,5,2],"texture":"#0"},"up":{"uv":[4,1,5,2],"texture":"#0"},"down":{"uv":[4,1,5,2],"texture":"#0"}}},{"from":[1.05872,-15.5279,5.12483],"to":[14.94128,-11.60672,10.87517],"rotation":{"angle":45,"axis":"y","origin":[8,-13.56731,8]},"faces":{"north":{"uv":[4,1,5,2],"texture":"#0"},"east":{"uv":[4,1,5,2],"texture":"#0"},"south":{"uv":[4,1,5,2],"texture":"#0"},"west":{"uv":[4,1,5,2],"texture":"#0"},"up":{"uv":[4,1,5,2],"texture":"#0"},"down":{"uv":[4,1,5,2],"texture":"#0"}}},{"from":[1.05872,-15.5279,5.12483],"to":[14.94128,-11.60672,10.87517],"rotation":{"angle":-45,"axis":"y","origin":[8,-13.56731,8]},"faces":{"north":{"uv":[4,1,5,2],"texture":"#0"},"east":{"uv":[4,1,5,2],"texture":"#0"},"south":{"uv":[4,1,5,2],"texture":"#0"},"west":{"uv":[4,1,5,2],"texture":"#0"},"up":{"uv":[4,1,5,2],"texture":"#0"},"down":{"uv":[4,1,5,2],"texture":"#0"}}}],"display":{"thirdperson_righthand":{"translation":[0,1.75,-0.5],"scale":[0.08,0.08,0.08]},"thirdperson_lefthand":{"translation":[0,1.5,-0.5],"scale":[0.08,0.08,0.08]},"firstperson_righthand":{"rotation":[-7.25,13.5,0],"translation":[0.75,1.75,0],"scale":[0.07,0.07,0.07]},"firstperson_lefthand":{"rotation":[0,11.5,0],"translation":[4.5,0.25,-2],"scale":[0.07,0.07,0.07]},"ground":{"rotation":[0,0,90],"scale":[0.15,0.15,0.15]},"gui":{"rotation":[32.25,-158.25,13.5],"translation":[0.25,0,0],"scale":[0.22,0.22,0.22]},"head":{"rotation":[0,90,0],"translation":[0,24.25,0]},"fixed":{"rotation":[0,90,0],"translation":[0,0,-2],"scale":[0.25,0.25,0.25]}},"groups":[{"name":"ammo","origin":[0,0,0],"children":[0,1,2,3,4,5,6,7,8,9,10,11]}]}