{
	"credit": "made by xeth",
	"textures": {
		"0": "item/xeth_ww1_guns_diffuse"
	},
	"elements": [
		{
			"from": [4.40003, -14.30461, 12.15005],
			"to": [11.59997, 10.3225, 19.34995],
			"rotation": {"angle": 0, "axis": "z", "origin": [8.325, -1.99106, 15.70083]},
			"faces": {
				"north": {"uv": [10.5, 14, 11, 14.5], "texture": "#0"},
				"east": {"uv": [11, 14, 10.5, 14.5], "rotation": 180, "texture": "#0"},
				"south": {"uv": [10.5, 14, 11, 14.5], "rotation": 180, "texture": "#0"},
				"west": {"uv": [11, 14, 10.5, 14.5], "rotation": 180, "texture": "#0"},
				"up": {"uv": [11, 14, 10.5, 14.5], "texture": "#0"},
				"down": {"uv": [11, 14, 10.5, 14.5], "texture": "#0"}
			}
		},
		{
			"from": [5.17882, 7.32061, 12.9288],
			"to": [10.82118, 15.65431, 18.5712],
			"rotation": {"angle": 0, "axis": "z", "origin": [8, 11.48746, 15.29737]},
			"faces": {
				"north": {"uv": [10.5, 14, 11, 14.5], "texture": "#0"},
				"east": {"uv": [11, 14, 10.5, 14.5], "rotation": 180, "texture": "#0"},
				"south": {"uv": [10.5, 14, 11, 14.5], "rotation": 180, "texture": "#0"},
				"west": {"uv": [11, 14, 10.5, 14.5], "rotation": 180, "texture": "#0"},
				"up": {"uv": [11, 14, 10.5, 14.5], "texture": "#0"},
				"down": {"uv": [11, 14, 10.5, 14.5], "texture": "#0"}
			}
		},
		{
			"from": [5.17882, 7.32061, 20.9288],
			"to": [10.82118, 15.65431, 26.5712],
			"rotation": {"angle": 0, "axis": "z", "origin": [8, 11.48746, 23.29737]},
			"faces": {
				"north": {"uv": [10.5, 14, 11, 14.5], "texture": "#0"},
				"east": {"uv": [11, 14, 10.5, 14.5], "rotation": 180, "texture": "#0"},
				"south": {"uv": [10.5, 14, 11, 14.5], "rotation": 180, "texture": "#0"},
				"west": {"uv": [11, 14, 10.5, 14.5], "rotation": 180, "texture": "#0"},
				"up": {"uv": [11, 14, 10.5, 14.5], "texture": "#0"},
				"down": {"uv": [11, 14, 10.5, 14.5], "texture": "#0"}
			}
		},
		{
			"from": [4.40003, -14.30461, 20.15005],
			"to": [11.59997, 10.3225, 27.34995],
			"rotation": {"angle": 0, "axis": "z", "origin": [8.325, -1.99106, 23.70083]},
			"faces": {
				"north": {"uv": [10.5, 14, 11, 14.5], "texture": "#0"},
				"east": {"uv": [11, 14, 10.5, 14.5], "rotation": 180, "texture": "#0"},
				"south": {"uv": [10.5, 14, 11, 14.5], "rotation": 180, "texture": "#0"},
				"west": {"uv": [11, 14, 10.5, 14.5], "rotation": 180, "texture": "#0"},
				"up": {"uv": [11, 14, 10.5, 14.5], "texture": "#0"},
				"down": {"uv": [11, 14, 10.5, 14.5], "texture": "#0"}
			}
		},
		{
			"from": [5.17882, 7.32061, 4.9288],
			"to": [10.82118, 15.65431, 10.5712],
			"rotation": {"angle": 0, "axis": "z", "origin": [8, 11.48746, 7.29737]},
			"faces": {
				"north": {"uv": [10.5, 14, 11, 14.5], "texture": "#0"},
				"east": {"uv": [11, 14, 10.5, 14.5], "rotation": 180, "texture": "#0"},
				"south": {"uv": [10.5, 14, 11, 14.5], "rotation": 180, "texture": "#0"},
				"west": {"uv": [11, 14, 10.5, 14.5], "rotation": 180, "texture": "#0"},
				"up": {"uv": [11, 14, 10.5, 14.5], "texture": "#0"},
				"down": {"uv": [11, 14, 10.5, 14.5], "texture": "#0"}
			}
		},
		{
			"from": [4.40003, -14.30461, 4.15005],
			"to": [11.59997, 10.3225, 11.34995],
			"rotation": {"angle": 0, "axis": "z", "origin": [8.325, -1.99106, 7.70083]},
			"faces": {
				"north": {"uv": [10.5, 14, 11, 14.5], "texture": "#0"},
				"east": {"uv": [11, 14, 10.5, 14.5], "rotation": 180, "texture": "#0"},
				"south": {"uv": [10.5, 14, 11, 14.5], "rotation": 180, "texture": "#0"},
				"west": {"uv": [11, 14, 10.5, 14.5], "rotation": 180, "texture": "#0"},
				"up": {"uv": [11, 14, 10.5, 14.5], "texture": "#0"},
				"down": {"uv": [11, 14, 10.5, 14.5], "texture": "#0"}
			}
		},
		{
			"from": [5.17882, 7.32061, -3.0712],
			"to": [10.82118, 15.65431, 2.5712],
			"rotation": {"angle": 0, "axis": "z", "origin": [8, 11.48746, -0.70263]},
			"faces": {
				"north": {"uv": [10.5, 14, 11, 14.5], "texture": "#0"},
				"east": {"uv": [11, 14, 10.5, 14.5], "rotation": 180, "texture": "#0"},
				"south": {"uv": [10.5, 14, 11, 14.5], "rotation": 180, "texture": "#0"},
				"west": {"uv": [11, 14, 10.5, 14.5], "rotation": 180, "texture": "#0"},
				"up": {"uv": [11, 14, 10.5, 14.5], "texture": "#0"},
				"down": {"uv": [11, 14, 10.5, 14.5], "texture": "#0"}
			}
		},
		{
			"from": [4.40003, -14.30461, -3.84995],
			"to": [11.59997, 10.3225, 3.34995],
			"rotation": {"angle": 0, "axis": "z", "origin": [8.325, -1.99106, -0.29917]},
			"faces": {
				"north": {"uv": [10.5, 14, 11, 14.5], "texture": "#0"},
				"east": {"uv": [11, 14, 10.5, 14.5], "rotation": 180, "texture": "#0"},
				"south": {"uv": [10.5, 14, 11, 14.5], "rotation": 180, "texture": "#0"},
				"west": {"uv": [11, 14, 10.5, 14.5], "rotation": 180, "texture": "#0"},
				"up": {"uv": [11, 14, 10.5, 14.5], "texture": "#0"},
				"down": {"uv": [11, 14, 10.5, 14.5], "texture": "#0"}
			}
		},
		{
			"from": [5.17882, 7.32061, -11.0712],
			"to": [10.82118, 15.65431, -5.4288],
			"rotation": {"angle": 0, "axis": "z", "origin": [8, 11.48746, -8.70263]},
			"faces": {
				"north": {"uv": [10.5, 14, 11, 14.5], "texture": "#0"},
				"east": {"uv": [11, 14, 10.5, 14.5], "rotation": 180, "texture": "#0"},
				"south": {"uv": [10.5, 14, 11, 14.5], "rotation": 180, "texture": "#0"},
				"west": {"uv": [11, 14, 10.5, 14.5], "rotation": 180, "texture": "#0"},
				"up": {"uv": [11, 14, 10.5, 14.5], "texture": "#0"},
				"down": {"uv": [11, 14, 10.5, 14.5], "texture": "#0"}
			}
		},
		{
			"from": [4.40003, -14.30461, -11.84995],
			"to": [11.59997, 10.3225, -4.65005],
			"rotation": {"angle": 0, "axis": "z", "origin": [8.325, -1.99106, -8.29917]},
			"faces": {
				"north": {"uv": [10.5, 14, 11, 14.5], "texture": "#0"},
				"east": {"uv": [11, 14, 10.5, 14.5], "rotation": 180, "texture": "#0"},
				"south": {"uv": [10.5, 14, 11, 14.5], "rotation": 180, "texture": "#0"},
				"west": {"uv": [11, 14, 10.5, 14.5], "rotation": 180, "texture": "#0"},
				"up": {"uv": [11, 14, 10.5, 14.5], "texture": "#0"},
				"down": {"uv": [11, 14, 10.5, 14.5], "texture": "#0"}
			}
		},
		{
			"from": [9.37529, 25.95288, 14.96783],
			"to": [11.15471, 28.84249, 16.53332],
			"rotation": {"angle": -22.5, "axis": "z", "origin": [10.265, 34.66018, 15.75058]},
			"faces": {
				"north": {"uv": [12, 14, 12.5, 14.5], "texture": "#0"},
				"east": {"uv": [12.5, 14, 12, 14.5], "rotation": 180, "texture": "#0"},
				"south": {"uv": [12, 14, 12.5, 14.5], "rotation": 180, "texture": "#0"},
				"west": {"uv": [12.5, 14, 12, 14.5], "rotation": 180, "texture": "#0"},
				"up": {"uv": [12.5, 14, 12, 14.5], "texture": "#0"},
				"down": {"uv": [12.5, 14, 12, 14.5], "texture": "#0"}
			}
		},
		{
			"from": [7.21668, 26.4072, 15.35494],
			"to": [8.78217, 29.29681, 17.13436],
			"rotation": {"angle": -22.5, "axis": "x", "origin": [8.25683, 27.95051, 16.00683]},
			"faces": {
				"north": {"uv": [12, 14, 12.5, 14.5], "rotation": 180, "texture": "#0"},
				"east": {"uv": [12.5, 14, 12, 14.5], "texture": "#0"},
				"south": {"uv": [12, 14, 12.5, 14.5], "rotation": 180, "texture": "#0"},
				"west": {"uv": [12.5, 14, 12, 14.5], "rotation": 180, "texture": "#0"},
				"up": {"uv": [12, 14, 12.5, 14.5], "rotation": 90, "texture": "#0"},
				"down": {"uv": [12, 14, 12.5, 14.5], "rotation": 270, "texture": "#0"}
			}
		},
		{
			"from": [7.60494, 26.4072, 14.96668],
			"to": [9.38436, 29.29681, 16.53216],
			"rotation": {"angle": 22.5, "axis": "z", "origin": [8.25683, 27.95051, 16.00683]},
			"faces": {
				"north": {"uv": [12, 14, 12.5, 14.5], "rotation": 180, "texture": "#0"},
				"east": {"uv": [12.5, 14, 12, 14.5], "texture": "#0"},
				"south": {"uv": [12, 14, 12.5, 14.5], "rotation": 180, "texture": "#0"},
				"west": {"uv": [12.5, 14, 12, 14.5], "rotation": 180, "texture": "#0"},
				"up": {"uv": [12, 14, 12.5, 14.5], "rotation": 90, "texture": "#0"},
				"down": {"uv": [12, 14, 12.5, 14.5], "rotation": 270, "texture": "#0"}
			}
		},
		{
			"from": [7.21784, 25.9508, 15.13575],
			"to": [8.78332, 28.84041, 16.91517],
			"rotation": {"angle": 22.5, "axis": "x", "origin": [8.00058, 29.6581, 17.02546]},
			"faces": {
				"north": {"uv": [12, 14, 12.5, 14.5], "texture": "#0"},
				"east": {"uv": [12.5, 14, 12, 14.5], "rotation": 180, "texture": "#0"},
				"south": {"uv": [12, 14, 12.5, 14.5], "rotation": 180, "texture": "#0"},
				"west": {"uv": [12.5, 14, 12, 14.5], "rotation": 180, "texture": "#0"},
				"up": {"uv": [12.5, 14, 12, 14.5], "texture": "#0"},
				"down": {"uv": [12.5, 14, 12, 14.5], "texture": "#0"}
			}
		},
		{
			"from": [5.41737, 14.19297, 13.16735],
			"to": [10.58263, 21.82201, 18.33265],
			"rotation": {"angle": 0, "axis": "z", "origin": [8, 18.00749, 15.33712]},
			"faces": {
				"north": {"uv": [12, 14, 12.5, 14.5], "texture": "#0"},
				"east": {"uv": [12.5, 14, 12, 14.5], "rotation": 180, "texture": "#0"},
				"south": {"uv": [12, 14, 12.5, 14.5], "rotation": 180, "texture": "#0"},
				"west": {"uv": [12.5, 14, 12, 14.5], "rotation": 180, "texture": "#0"},
				"up": {"uv": [12.5, 14, 12, 14.5], "texture": "#0"},
				"down": {"uv": [12.5, 14, 12, 14.5], "texture": "#0"}
			}
		},
		{
			"from": [6.11029, 19.54155, 13.86725],
			"to": [9.88971, 26.95616, 17.63275],
			"rotation": {"angle": 0, "axis": "z", "origin": [8, 23.24886, 15.75]},
			"faces": {
				"north": {"uv": [12, 14, 12.5, 14.5], "texture": "#0"},
				"east": {"uv": [12.5, 14, 12, 14.5], "rotation": 180, "texture": "#0"},
				"south": {"uv": [12, 14, 12.5, 14.5], "rotation": 180, "texture": "#0"},
				"west": {"uv": [12.5, 14, 12, 14.5], "rotation": 180, "texture": "#0"},
				"up": {"uv": [12.5, 14, 12, 14.5], "texture": "#0"},
				"down": {"uv": [12.5, 14, 12, 14.5], "texture": "#0"}
			}
		},
		{
			"from": [5.41737, 14.19297, 21.16735],
			"to": [10.58263, 21.82201, 26.33265],
			"rotation": {"angle": 0, "axis": "z", "origin": [8, 18.00749, 23.33712]},
			"faces": {
				"north": {"uv": [12, 14, 12.5, 14.5], "texture": "#0"},
				"east": {"uv": [12.5, 14, 12, 14.5], "rotation": 180, "texture": "#0"},
				"south": {"uv": [12, 14, 12.5, 14.5], "rotation": 180, "texture": "#0"},
				"west": {"uv": [12.5, 14, 12, 14.5], "rotation": 180, "texture": "#0"},
				"up": {"uv": [12.5, 14, 12, 14.5], "texture": "#0"},
				"down": {"uv": [12.5, 14, 12, 14.5], "texture": "#0"}
			}
		},
		{
			"from": [6.11029, 19.54155, 21.86725],
			"to": [9.88971, 26.95616, 25.63275],
			"rotation": {"angle": 0, "axis": "z", "origin": [8, 23.24886, 23.75]},
			"faces": {
				"north": {"uv": [12, 14, 12.5, 14.5], "texture": "#0"},
				"east": {"uv": [12.5, 14, 12, 14.5], "rotation": 180, "texture": "#0"},
				"south": {"uv": [12, 14, 12.5, 14.5], "rotation": 180, "texture": "#0"},
				"west": {"uv": [12.5, 14, 12, 14.5], "rotation": 180, "texture": "#0"},
				"up": {"uv": [12.5, 14, 12, 14.5], "texture": "#0"},
				"down": {"uv": [12.5, 14, 12, 14.5], "texture": "#0"}
			}
		},
		{
			"from": [7.21784, 25.9508, 23.13575],
			"to": [8.78332, 28.84041, 24.91517],
			"rotation": {"angle": 22.5, "axis": "x", "origin": [8.00058, 29.6581, 25.02546]},
			"faces": {
				"north": {"uv": [12, 14, 12.5, 14.5], "texture": "#0"},
				"east": {"uv": [12.5, 14, 12, 14.5], "rotation": 180, "texture": "#0"},
				"south": {"uv": [12, 14, 12.5, 14.5], "rotation": 180, "texture": "#0"},
				"west": {"uv": [12.5, 14, 12, 14.5], "rotation": 180, "texture": "#0"},
				"up": {"uv": [12.5, 14, 12, 14.5], "texture": "#0"},
				"down": {"uv": [12.5, 14, 12, 14.5], "texture": "#0"}
			}
		},
		{
			"from": [7.60494, 26.4072, 22.96668],
			"to": [9.38436, 29.29681, 24.53216],
			"rotation": {"angle": 22.5, "axis": "z", "origin": [8.25683, 27.95051, 24.00683]},
			"faces": {
				"north": {"uv": [12, 14, 12.5, 14.5], "rotation": 180, "texture": "#0"},
				"east": {"uv": [12.5, 14, 12, 14.5], "texture": "#0"},
				"south": {"uv": [12, 14, 12.5, 14.5], "rotation": 180, "texture": "#0"},
				"west": {"uv": [12.5, 14, 12, 14.5], "rotation": 180, "texture": "#0"},
				"up": {"uv": [12, 14, 12.5, 14.5], "rotation": 90, "texture": "#0"},
				"down": {"uv": [12, 14, 12.5, 14.5], "rotation": 270, "texture": "#0"}
			}
		},
		{
			"from": [7.21668, 26.4072, 23.35494],
			"to": [8.78217, 29.29681, 25.13436],
			"rotation": {"angle": -22.5, "axis": "x", "origin": [8.25683, 27.95051, 24.00683]},
			"faces": {
				"north": {"uv": [12, 14, 12.5, 14.5], "rotation": 180, "texture": "#0"},
				"east": {"uv": [12.5, 14, 12, 14.5], "texture": "#0"},
				"south": {"uv": [12, 14, 12.5, 14.5], "rotation": 180, "texture": "#0"},
				"west": {"uv": [12.5, 14, 12, 14.5], "rotation": 180, "texture": "#0"},
				"up": {"uv": [12, 14, 12.5, 14.5], "rotation": 90, "texture": "#0"},
				"down": {"uv": [12, 14, 12.5, 14.5], "rotation": 270, "texture": "#0"}
			}
		},
		{
			"from": [9.37529, 25.95288, 22.96783],
			"to": [11.15471, 28.84249, 24.53332],
			"rotation": {"angle": -22.5, "axis": "z", "origin": [10.265, 34.66018, 23.75058]},
			"faces": {
				"north": {"uv": [12, 14, 12.5, 14.5], "texture": "#0"},
				"east": {"uv": [12.5, 14, 12, 14.5], "rotation": 180, "texture": "#0"},
				"south": {"uv": [12, 14, 12.5, 14.5], "rotation": 180, "texture": "#0"},
				"west": {"uv": [12.5, 14, 12, 14.5], "rotation": 180, "texture": "#0"},
				"up": {"uv": [12.5, 14, 12, 14.5], "texture": "#0"},
				"down": {"uv": [12.5, 14, 12, 14.5], "texture": "#0"}
			}
		},
		{
			"from": [5.41737, 14.19297, 5.16735],
			"to": [10.58263, 21.82201, 10.33265],
			"rotation": {"angle": 0, "axis": "z", "origin": [8, 18.00749, 7.33712]},
			"faces": {
				"north": {"uv": [12, 14, 12.5, 14.5], "texture": "#0"},
				"east": {"uv": [12.5, 14, 12, 14.5], "rotation": 180, "texture": "#0"},
				"south": {"uv": [12, 14, 12.5, 14.5], "rotation": 180, "texture": "#0"},
				"west": {"uv": [12.5, 14, 12, 14.5], "rotation": 180, "texture": "#0"},
				"up": {"uv": [12.5, 14, 12, 14.5], "texture": "#0"},
				"down": {"uv": [12.5, 14, 12, 14.5], "texture": "#0"}
			}
		},
		{
			"from": [6.11029, 19.54155, 5.86725],
			"to": [9.88971, 26.95616, 9.63275],
			"rotation": {"angle": 0, "axis": "z", "origin": [8, 23.24886, 7.75]},
			"faces": {
				"north": {"uv": [12, 14, 12.5, 14.5], "texture": "#0"},
				"east": {"uv": [12.5, 14, 12, 14.5], "rotation": 180, "texture": "#0"},
				"south": {"uv": [12, 14, 12.5, 14.5], "rotation": 180, "texture": "#0"},
				"west": {"uv": [12.5, 14, 12, 14.5], "rotation": 180, "texture": "#0"},
				"up": {"uv": [12.5, 14, 12, 14.5], "texture": "#0"},
				"down": {"uv": [12.5, 14, 12, 14.5], "texture": "#0"}
			}
		},
		{
			"from": [7.21784, 25.9508, 7.13575],
			"to": [8.78332, 28.84041, 8.91517],
			"rotation": {"angle": 22.5, "axis": "x", "origin": [8.00058, 29.6581, 9.02546]},
			"faces": {
				"north": {"uv": [12, 14, 12.5, 14.5], "texture": "#0"},
				"east": {"uv": [12.5, 14, 12, 14.5], "rotation": 180, "texture": "#0"},
				"south": {"uv": [12, 14, 12.5, 14.5], "rotation": 180, "texture": "#0"},
				"west": {"uv": [12.5, 14, 12, 14.5], "rotation": 180, "texture": "#0"},
				"up": {"uv": [12.5, 14, 12, 14.5], "texture": "#0"},
				"down": {"uv": [12.5, 14, 12, 14.5], "texture": "#0"}
			}
		},
		{
			"from": [7.60494, 26.4072, 6.96668],
			"to": [9.38436, 29.29681, 8.53216],
			"rotation": {"angle": 22.5, "axis": "z", "origin": [8.25683, 27.95051, 8.00683]},
			"faces": {
				"north": {"uv": [12, 14, 12.5, 14.5], "rotation": 180, "texture": "#0"},
				"east": {"uv": [12.5, 14, 12, 14.5], "texture": "#0"},
				"south": {"uv": [12, 14, 12.5, 14.5], "rotation": 180, "texture": "#0"},
				"west": {"uv": [12.5, 14, 12, 14.5], "rotation": 180, "texture": "#0"},
				"up": {"uv": [12, 14, 12.5, 14.5], "rotation": 90, "texture": "#0"},
				"down": {"uv": [12, 14, 12.5, 14.5], "rotation": 270, "texture": "#0"}
			}
		},
		{
			"from": [7.21668, 26.4072, 7.35494],
			"to": [8.78217, 29.29681, 9.13436],
			"rotation": {"angle": -22.5, "axis": "x", "origin": [8.25683, 27.95051, 8.00683]},
			"faces": {
				"north": {"uv": [12, 14, 12.5, 14.5], "rotation": 180, "texture": "#0"},
				"east": {"uv": [12.5, 14, 12, 14.5], "texture": "#0"},
				"south": {"uv": [12, 14, 12.5, 14.5], "rotation": 180, "texture": "#0"},
				"west": {"uv": [12.5, 14, 12, 14.5], "rotation": 180, "texture": "#0"},
				"up": {"uv": [12, 14, 12.5, 14.5], "rotation": 90, "texture": "#0"},
				"down": {"uv": [12, 14, 12.5, 14.5], "rotation": 270, "texture": "#0"}
			}
		},
		{
			"from": [9.37529, 25.95288, 6.96783],
			"to": [11.15471, 28.84249, 8.53332],
			"rotation": {"angle": -22.5, "axis": "z", "origin": [10.265, 34.66018, 7.75058]},
			"faces": {
				"north": {"uv": [12, 14, 12.5, 14.5], "texture": "#0"},
				"east": {"uv": [12.5, 14, 12, 14.5], "rotation": 180, "texture": "#0"},
				"south": {"uv": [12, 14, 12.5, 14.5], "rotation": 180, "texture": "#0"},
				"west": {"uv": [12.5, 14, 12, 14.5], "rotation": 180, "texture": "#0"},
				"up": {"uv": [12.5, 14, 12, 14.5], "texture": "#0"},
				"down": {"uv": [12.5, 14, 12, 14.5], "texture": "#0"}
			}
		},
		{
			"from": [5.41737, 14.19297, -2.83265],
			"to": [10.58263, 21.82201, 2.33265],
			"rotation": {"angle": 0, "axis": "z", "origin": [8, 18.00749, -0.66288]},
			"faces": {
				"north": {"uv": [12, 14, 12.5, 14.5], "texture": "#0"},
				"east": {"uv": [12.5, 14, 12, 14.5], "rotation": 180, "texture": "#0"},
				"south": {"uv": [12, 14, 12.5, 14.5], "rotation": 180, "texture": "#0"},
				"west": {"uv": [12.5, 14, 12, 14.5], "rotation": 180, "texture": "#0"},
				"up": {"uv": [12.5, 14, 12, 14.5], "texture": "#0"},
				"down": {"uv": [12.5, 14, 12, 14.5], "texture": "#0"}
			}
		},
		{
			"from": [6.11029, 19.54155, -2.13275],
			"to": [9.88971, 26.95616, 1.63275],
			"rotation": {"angle": 0, "axis": "z", "origin": [8, 23.24886, -0.25]},
			"faces": {
				"north": {"uv": [12, 14, 12.5, 14.5], "texture": "#0"},
				"east": {"uv": [12.5, 14, 12, 14.5], "rotation": 180, "texture": "#0"},
				"south": {"uv": [12, 14, 12.5, 14.5], "rotation": 180, "texture": "#0"},
				"west": {"uv": [12.5, 14, 12, 14.5], "rotation": 180, "texture": "#0"},
				"up": {"uv": [12.5, 14, 12, 14.5], "texture": "#0"},
				"down": {"uv": [12.5, 14, 12, 14.5], "texture": "#0"}
			}
		},
		{
			"from": [7.21784, 25.9508, -0.86425],
			"to": [8.78332, 28.84041, 0.91517],
			"rotation": {"angle": 22.5, "axis": "x", "origin": [8.00058, 29.6581, 1.02546]},
			"faces": {
				"north": {"uv": [12, 14, 12.5, 14.5], "texture": "#0"},
				"east": {"uv": [12.5, 14, 12, 14.5], "rotation": 180, "texture": "#0"},
				"south": {"uv": [12, 14, 12.5, 14.5], "rotation": 180, "texture": "#0"},
				"west": {"uv": [12.5, 14, 12, 14.5], "rotation": 180, "texture": "#0"},
				"up": {"uv": [12.5, 14, 12, 14.5], "texture": "#0"},
				"down": {"uv": [12.5, 14, 12, 14.5], "texture": "#0"}
			}
		},
		{
			"from": [7.60494, 26.4072, -1.03332],
			"to": [9.38436, 29.29681, 0.53216],
			"rotation": {"angle": 22.5, "axis": "z", "origin": [8.25683, 27.95051, 0.00683]},
			"faces": {
				"north": {"uv": [12, 14, 12.5, 14.5], "rotation": 180, "texture": "#0"},
				"east": {"uv": [12.5, 14, 12, 14.5], "texture": "#0"},
				"south": {"uv": [12, 14, 12.5, 14.5], "rotation": 180, "texture": "#0"},
				"west": {"uv": [12.5, 14, 12, 14.5], "rotation": 180, "texture": "#0"},
				"up": {"uv": [12, 14, 12.5, 14.5], "rotation": 90, "texture": "#0"},
				"down": {"uv": [12, 14, 12.5, 14.5], "rotation": 270, "texture": "#0"}
			}
		},
		{
			"from": [7.21668, 26.4072, -0.64506],
			"to": [8.78217, 29.29681, 1.13436],
			"rotation": {"angle": -22.5, "axis": "x", "origin": [8.25683, 27.95051, 0.00683]},
			"faces": {
				"north": {"uv": [12, 14, 12.5, 14.5], "rotation": 180, "texture": "#0"},
				"east": {"uv": [12.5, 14, 12, 14.5], "texture": "#0"},
				"south": {"uv": [12, 14, 12.5, 14.5], "rotation": 180, "texture": "#0"},
				"west": {"uv": [12.5, 14, 12, 14.5], "rotation": 180, "texture": "#0"},
				"up": {"uv": [12, 14, 12.5, 14.5], "rotation": 90, "texture": "#0"},
				"down": {"uv": [12, 14, 12.5, 14.5], "rotation": 270, "texture": "#0"}
			}
		},
		{
			"from": [9.37529, 25.95288, -1.03217],
			"to": [11.15471, 28.84249, 0.53332],
			"rotation": {"angle": -22.5, "axis": "z", "origin": [10.265, 34.66018, -0.24942]},
			"faces": {
				"north": {"uv": [12, 14, 12.5, 14.5], "texture": "#0"},
				"east": {"uv": [12.5, 14, 12, 14.5], "rotation": 180, "texture": "#0"},
				"south": {"uv": [12, 14, 12.5, 14.5], "rotation": 180, "texture": "#0"},
				"west": {"uv": [12.5, 14, 12, 14.5], "rotation": 180, "texture": "#0"},
				"up": {"uv": [12.5, 14, 12, 14.5], "texture": "#0"},
				"down": {"uv": [12.5, 14, 12, 14.5], "texture": "#0"}
			}
		},
		{
			"from": [5.41737, 14.19297, -10.83265],
			"to": [10.58263, 21.82201, -5.66735],
			"rotation": {"angle": 0, "axis": "z", "origin": [8, 18.00749, -8.66288]},
			"faces": {
				"north": {"uv": [12, 14, 12.5, 14.5], "texture": "#0"},
				"east": {"uv": [12.5, 14, 12, 14.5], "rotation": 180, "texture": "#0"},
				"south": {"uv": [12, 14, 12.5, 14.5], "rotation": 180, "texture": "#0"},
				"west": {"uv": [12.5, 14, 12, 14.5], "rotation": 180, "texture": "#0"},
				"up": {"uv": [12.5, 14, 12, 14.5], "texture": "#0"},
				"down": {"uv": [12.5, 14, 12, 14.5], "texture": "#0"}
			}
		},
		{
			"from": [6.11029, 19.54155, -10.13275],
			"to": [9.88971, 26.95616, -6.36725],
			"rotation": {"angle": 0, "axis": "z", "origin": [8, 23.24886, -8.25]},
			"faces": {
				"north": {"uv": [12, 14, 12.5, 14.5], "texture": "#0"},
				"east": {"uv": [12.5, 14, 12, 14.5], "rotation": 180, "texture": "#0"},
				"south": {"uv": [12, 14, 12.5, 14.5], "rotation": 180, "texture": "#0"},
				"west": {"uv": [12.5, 14, 12, 14.5], "rotation": 180, "texture": "#0"},
				"up": {"uv": [12.5, 14, 12, 14.5], "texture": "#0"},
				"down": {"uv": [12.5, 14, 12, 14.5], "texture": "#0"}
			}
		},
		{
			"from": [7.21784, 25.9508, -8.86425],
			"to": [8.78332, 28.84041, -7.08483],
			"rotation": {"angle": 22.5, "axis": "x", "origin": [8.00058, 29.6581, -6.97454]},
			"faces": {
				"north": {"uv": [12, 14, 12.5, 14.5], "texture": "#0"},
				"east": {"uv": [12.5, 14, 12, 14.5], "rotation": 180, "texture": "#0"},
				"south": {"uv": [12, 14, 12.5, 14.5], "rotation": 180, "texture": "#0"},
				"west": {"uv": [12.5, 14, 12, 14.5], "rotation": 180, "texture": "#0"},
				"up": {"uv": [12.5, 14, 12, 14.5], "texture": "#0"},
				"down": {"uv": [12.5, 14, 12, 14.5], "texture": "#0"}
			}
		},
		{
			"from": [7.60494, 26.4072, -9.03332],
			"to": [9.38436, 29.29681, -7.46784],
			"rotation": {"angle": 22.5, "axis": "z", "origin": [8.25683, 27.95051, -7.99317]},
			"faces": {
				"north": {"uv": [12, 14, 12.5, 14.5], "rotation": 180, "texture": "#0"},
				"east": {"uv": [12.5, 14, 12, 14.5], "texture": "#0"},
				"south": {"uv": [12, 14, 12.5, 14.5], "rotation": 180, "texture": "#0"},
				"west": {"uv": [12.5, 14, 12, 14.5], "rotation": 180, "texture": "#0"},
				"up": {"uv": [12, 14, 12.5, 14.5], "rotation": 90, "texture": "#0"},
				"down": {"uv": [12, 14, 12.5, 14.5], "rotation": 270, "texture": "#0"}
			}
		},
		{
			"from": [7.21668, 26.4072, -8.64506],
			"to": [8.78217, 29.29681, -6.86564],
			"rotation": {"angle": -22.5, "axis": "x", "origin": [8.25683, 27.95051, -7.99317]},
			"faces": {
				"north": {"uv": [12, 14, 12.5, 14.5], "rotation": 180, "texture": "#0"},
				"east": {"uv": [12.5, 14, 12, 14.5], "texture": "#0"},
				"south": {"uv": [12, 14, 12.5, 14.5], "rotation": 180, "texture": "#0"},
				"west": {"uv": [12.5, 14, 12, 14.5], "rotation": 180, "texture": "#0"},
				"up": {"uv": [12, 14, 12.5, 14.5], "rotation": 90, "texture": "#0"},
				"down": {"uv": [12, 14, 12.5, 14.5], "rotation": 270, "texture": "#0"}
			}
		},
		{
			"from": [9.37529, 25.95288, -9.03217],
			"to": [11.15471, 28.84249, -7.46668],
			"rotation": {"angle": -22.5, "axis": "z", "origin": [10.265, 34.66018, -8.24942]},
			"faces": {
				"north": {"uv": [12, 14, 12.5, 14.5], "texture": "#0"},
				"east": {"uv": [12.5, 14, 12, 14.5], "rotation": 180, "texture": "#0"},
				"south": {"uv": [12, 14, 12.5, 14.5], "rotation": 180, "texture": "#0"},
				"west": {"uv": [12.5, 14, 12, 14.5], "rotation": 180, "texture": "#0"},
				"up": {"uv": [12.5, 14, 12, 14.5], "texture": "#0"},
				"down": {"uv": [12.5, 14, 12, 14.5], "texture": "#0"}
			}
		},
		{
			"from": [3.04861, -16, -13.03089],
			"to": [12.95139, -13.1764, 29.03089],
			"rotation": {"angle": 0, "axis": "z", "origin": [8, -14.5882, 8]},
			"faces": {
				"north": {"uv": [9, 14, 9.5, 14.5], "rotation": 270, "texture": "#0"},
				"east": {"uv": [9.5, 14, 9, 14.5], "rotation": 90, "texture": "#0"},
				"south": {"uv": [9, 14, 9.5, 14.5], "rotation": 270, "texture": "#0"},
				"west": {"uv": [9.5, 14, 9, 14.5], "rotation": 90, "texture": "#0"},
				"up": {"uv": [9.5, 14, 9, 14.5], "rotation": 270, "texture": "#0"},
				"down": {"uv": [9.5, 14, 9, 14.5], "rotation": 270, "texture": "#0"}
			}
		}
	],
	"display": {
		"thirdperson_righthand": {
			"translation": [0, 1.25, 0],
			"scale": [0.09, 0.09, 0.09]
		},
		"thirdperson_lefthand": {
			"translation": [0, 1.25, 0],
			"scale": [0.09, 0.09, 0.09]
		},
		"firstperson_righthand": {
			"rotation": [-75, 0, 0],
			"translation": [2.5, 1, -1.75],
			"scale": [0.1, 0.1, 0.1]
		},
		"firstperson_lefthand": {
			"rotation": [-66.5, -8.5, 0],
			"translation": [5.5, -0.5, -3.5],
			"scale": [0.1, 0.08, 0.1]
		},
		"ground": {
			"rotation": [0, 0, 90],
			"scale": [0.15, 0.15, 0.15]
		},
		"gui": {
			"rotation": [-63.25, 174.5, 60.25],
			"translation": [0.5, 1, 0],
			"scale": [0.25, 0.25, 0.25]
		},
		"head": {
			"rotation": [0, 90, 0]
		},
		"fixed": {
			"rotation": [0, 90, 0],
			"translation": [0, 0, -1.25],
			"scale": [0.25, 0.25, 0.25]
		}
	},
	"groups": [
		{
			"name": "body",
			"origin": [0, 0, 0],
			"color": 0,
			"children": [0, 1, 2, 3, 4, 5, 6, 7, 8, 9]
		},
		{
			"name": "top",
			"origin": [0, 0, 0],
			"color": 0,
			"children": [10, 11, 12, 13, 14, 15, 16, 17, 18, 19, 20, 21, 22, 23, 24, 25, 26, 27, 28, 29, 30, 31, 32, 33, 34, 35, 36, 37, 38, 39]
		},
		{
			"name": "clipper",
			"origin": [0, 0, 0],
			"color": 0,
			"children": [40]
		}
	]
}