{
	"credit": "made by xeth",
	"textures": {
		"0": "item/xeth_ww1_guns_diffuse"
	},
	"elements": [
		{
			"from": [9.61358, -10.99071, 5.37281],
			"to": [22.93091, 12.88724, 10.88902],
			"rotation": {"angle": 0, "axis": "z", "origin": [16.27224, 0.94826, 8.13092]},
			"faces": {
				"north": {"uv": [10.5, 14, 11, 14.5], "texture": "#0"},
				"east": {"uv": [11, 14, 10.5, 14.5], "rotation": 180, "texture": "#0"},
				"south": {"uv": [10.5, 14, 11, 14.5], "rotation": 180, "texture": "#0"},
				"west": {"uv": [11, 14, 10.5, 14.5], "rotation": 180, "texture": "#0"},
				"up": {"uv": [11, 14, 10.5, 14.5], "texture": "#0"},
				"down": {"uv": [11, 14, 10.5, 14.5], "texture": "#0"}
			}
		},
		{
			"from": [13.51413, -10.99071, 1.47225],
			"to": [19.03035, 12.88724, 14.78958],
			"rotation": {"angle": 0, "axis": "z", "origin": [16.27224, 0.94826, 8.13092]},
			"faces": {
				"north": {"uv": [10.5, 14, 11, 14.5], "texture": "#0"},
				"east": {"uv": [11, 14, 10.5, 14.5], "rotation": 180, "texture": "#0"},
				"south": {"uv": [10.5, 14, 11, 14.5], "rotation": 180, "texture": "#0"},
				"west": {"uv": [11, 14, 10.5, 14.5], "rotation": 180, "texture": "#0"},
				"up": {"uv": [11, 14, 10.5, 14.5], "texture": "#0"},
				"down": {"uv": [11, 14, 10.5, 14.5], "texture": "#0"}
			}
		},
		{
			"from": [9.61358, -10.99071, 5.37281],
			"to": [22.93091, 12.88724, 10.88902],
			"rotation": {"angle": 45, "axis": "y", "origin": [16.27224, 0.94826, 8.13092]},
			"faces": {
				"north": {"uv": [10.5, 14, 11, 14.5], "texture": "#0"},
				"east": {"uv": [11, 14, 10.5, 14.5], "rotation": 180, "texture": "#0"},
				"south": {"uv": [10.5, 14, 11, 14.5], "rotation": 180, "texture": "#0"},
				"west": {"uv": [11, 14, 10.5, 14.5], "rotation": 180, "texture": "#0"},
				"up": {"uv": [11, 14, 10.5, 14.5], "texture": "#0"},
				"down": {"uv": [11, 14, 10.5, 14.5], "texture": "#0"}
			}
		},
		{
			"from": [9.61358, -10.99071, 5.37281],
			"to": [22.93091, 12.88724, 10.88902],
			"rotation": {"angle": -45, "axis": "y", "origin": [16.27224, 0.94826, 8.13092]},
			"faces": {
				"north": {"uv": [10.5, 14, 11, 14.5], "texture": "#0"},
				"east": {"uv": [11, 14, 10.5, 14.5], "rotation": 180, "texture": "#0"},
				"south": {"uv": [10.5, 14, 11, 14.5], "rotation": 180, "texture": "#0"},
				"west": {"uv": [11, 14, 10.5, 14.5], "rotation": 180, "texture": "#0"},
				"up": {"uv": [11, 14, 10.5, 14.5], "texture": "#0"},
				"down": {"uv": [11, 14, 10.5, 14.5], "texture": "#0"}
			}
		},
		{
			"from": [9.61358, -16, 5.37281],
			"to": [22.93091, -13.51746, 10.88902],
			"rotation": {"angle": 0, "axis": "z", "origin": [16.27224, -14.75873, 8.13092]},
			"faces": {
				"north": {"uv": [10.5, 14, 11, 14.5], "texture": "#0"},
				"east": {"uv": [11, 14, 10.5, 14.5], "rotation": 180, "texture": "#0"},
				"south": {"uv": [10.5, 14, 11, 14.5], "rotation": 180, "texture": "#0"},
				"west": {"uv": [11, 14, 10.5, 14.5], "rotation": 180, "texture": "#0"},
				"up": {"uv": [11, 14, 10.5, 14.5], "texture": "#0"},
				"down": {"uv": [11, 14, 10.5, 14.5], "texture": "#0"}
			}
		},
		{
			"from": [13.51413, -16, 1.47225],
			"to": [19.03035, -13.51746, 14.78958],
			"rotation": {"angle": 0, "axis": "z", "origin": [16.27224, -14.75873, 8.13092]},
			"faces": {
				"north": {"uv": [10.5, 14, 11, 14.5], "texture": "#0"},
				"east": {"uv": [11, 14, 10.5, 14.5], "rotation": 180, "texture": "#0"},
				"south": {"uv": [10.5, 14, 11, 14.5], "rotation": 180, "texture": "#0"},
				"west": {"uv": [11, 14, 10.5, 14.5], "rotation": 180, "texture": "#0"},
				"up": {"uv": [11, 14, 10.5, 14.5], "texture": "#0"},
				"down": {"uv": [11, 14, 10.5, 14.5], "texture": "#0"}
			}
		},
		{
			"from": [9.61358, -16, 5.37281],
			"to": [22.9309, -13.51746, 10.88902],
			"rotation": {"angle": 45, "axis": "y", "origin": [16.27224, -14.75873, 8.13092]},
			"faces": {
				"north": {"uv": [10.5, 14, 11, 14.5], "texture": "#0"},
				"east": {"uv": [11, 14, 10.5, 14.5], "rotation": 180, "texture": "#0"},
				"south": {"uv": [10.5, 14, 11, 14.5], "rotation": 180, "texture": "#0"},
				"west": {"uv": [11, 14, 10.5, 14.5], "rotation": 180, "texture": "#0"},
				"up": {"uv": [11, 14, 10.5, 14.5], "texture": "#0"},
				"down": {"uv": [11, 14, 10.5, 14.5], "texture": "#0"}
			}
		},
		{
			"from": [9.61358, -16, 5.37281],
			"to": [22.9309, -13.51746, 10.88902],
			"rotation": {"angle": -45, "axis": "y", "origin": [16.27224, -14.75873, 8.13092]},
			"faces": {
				"north": {"uv": [10.5, 14, 11, 14.5], "texture": "#0"},
				"east": {"uv": [11, 14, 10.5, 14.5], "rotation": 180, "texture": "#0"},
				"south": {"uv": [10.5, 14, 11, 14.5], "rotation": 180, "texture": "#0"},
				"west": {"uv": [11, 14, 10.5, 14.5], "rotation": 180, "texture": "#0"},
				"up": {"uv": [11, 14, 10.5, 14.5], "texture": "#0"},
				"down": {"uv": [11, 14, 10.5, 14.5], "texture": "#0"}
			}
		},
		{
			"from": [10.5755, -14.13694, 5.77125],
			"to": [21.96899, -7.98607, 10.49059],
			"rotation": {"angle": 0, "axis": "z", "origin": [16.27224, -11.0615, 8.13092]},
			"faces": {
				"north": {"uv": [10.5, 14, 11, 14.5], "texture": "#0"},
				"east": {"uv": [11, 14, 10.5, 14.5], "rotation": 180, "texture": "#0"},
				"south": {"uv": [10.5, 14, 11, 14.5], "rotation": 180, "texture": "#0"},
				"west": {"uv": [11, 14, 10.5, 14.5], "rotation": 180, "texture": "#0"},
				"up": {"uv": [11, 14, 10.5, 14.5], "texture": "#0"},
				"down": {"uv": [11, 14, 10.5, 14.5], "texture": "#0"}
			}
		},
		{
			"from": [13.91257, -14.13694, 2.43417],
			"to": [18.63191, -7.98607, 13.82766],
			"rotation": {"angle": 0, "axis": "z", "origin": [16.27224, -11.0615, 8.13092]},
			"faces": {
				"north": {"uv": [10.5, 14, 11, 14.5], "texture": "#0"},
				"east": {"uv": [11, 14, 10.5, 14.5], "rotation": 180, "texture": "#0"},
				"south": {"uv": [10.5, 14, 11, 14.5], "rotation": 180, "texture": "#0"},
				"west": {"uv": [11, 14, 10.5, 14.5], "rotation": 180, "texture": "#0"},
				"up": {"uv": [11, 14, 10.5, 14.5], "texture": "#0"},
				"down": {"uv": [11, 14, 10.5, 14.5], "texture": "#0"}
			}
		},
		{
			"from": [10.5755, -14.13694, 5.77125],
			"to": [21.96899, -7.98607, 10.49058],
			"rotation": {"angle": 45, "axis": "y", "origin": [16.27224, -11.0615, 8.13092]},
			"faces": {
				"north": {"uv": [10.5, 14, 11, 14.5], "texture": "#0"},
				"east": {"uv": [11, 14, 10.5, 14.5], "rotation": 180, "texture": "#0"},
				"south": {"uv": [10.5, 14, 11, 14.5], "rotation": 180, "texture": "#0"},
				"west": {"uv": [11, 14, 10.5, 14.5], "rotation": 180, "texture": "#0"},
				"up": {"uv": [11, 14, 10.5, 14.5], "texture": "#0"},
				"down": {"uv": [11, 14, 10.5, 14.5], "texture": "#0"}
			}
		},
		{
			"from": [10.5755, -14.13694, 5.77125],
			"to": [21.96899, -7.98607, 10.49058],
			"rotation": {"angle": -45, "axis": "y", "origin": [16.27224, -11.0615, 8.13092]},
			"faces": {
				"north": {"uv": [10.5, 14, 11, 14.5], "texture": "#0"},
				"east": {"uv": [11, 14, 10.5, 14.5], "rotation": 180, "texture": "#0"},
				"south": {"uv": [10.5, 14, 11, 14.5], "rotation": 180, "texture": "#0"},
				"west": {"uv": [11, 14, 10.5, 14.5], "rotation": 180, "texture": "#0"},
				"up": {"uv": [11, 14, 10.5, 14.5], "texture": "#0"},
				"down": {"uv": [11, 14, 10.5, 14.5], "texture": "#0"}
			}
		},
		{
			"from": [9.61358, -10.99071, -11.12259],
			"to": [22.93091, 12.88724, -5.60638],
			"rotation": {"angle": 0, "axis": "z", "origin": [16.27224, 0.94826, -8.36448]},
			"faces": {
				"north": {"uv": [10.5, 14, 11, 14.5], "texture": "#0"},
				"east": {"uv": [11, 14, 10.5, 14.5], "rotation": 180, "texture": "#0"},
				"south": {"uv": [10.5, 14, 11, 14.5], "rotation": 180, "texture": "#0"},
				"west": {"uv": [11, 14, 10.5, 14.5], "rotation": 180, "texture": "#0"},
				"up": {"uv": [11, 14, 10.5, 14.5], "texture": "#0"},
				"down": {"uv": [11, 14, 10.5, 14.5], "texture": "#0"}
			}
		},
		{
			"from": [13.51413, -10.99071, -15.02315],
			"to": [19.03035, 12.88724, -1.70582],
			"rotation": {"angle": 0, "axis": "z", "origin": [16.27224, 0.94826, -8.36448]},
			"faces": {
				"north": {"uv": [10.5, 14, 11, 14.5], "texture": "#0"},
				"east": {"uv": [11, 14, 10.5, 14.5], "rotation": 180, "texture": "#0"},
				"south": {"uv": [10.5, 14, 11, 14.5], "rotation": 180, "texture": "#0"},
				"west": {"uv": [11, 14, 10.5, 14.5], "rotation": 180, "texture": "#0"},
				"up": {"uv": [11, 14, 10.5, 14.5], "texture": "#0"},
				"down": {"uv": [11, 14, 10.5, 14.5], "texture": "#0"}
			}
		},
		{
			"from": [9.61358, -10.99071, -11.12259],
			"to": [22.93091, 12.88724, -5.60638],
			"rotation": {"angle": 45, "axis": "y", "origin": [16.27224, 0.94826, -8.36448]},
			"faces": {
				"north": {"uv": [10.5, 14, 11, 14.5], "texture": "#0"},
				"east": {"uv": [11, 14, 10.5, 14.5], "rotation": 180, "texture": "#0"},
				"south": {"uv": [10.5, 14, 11, 14.5], "rotation": 180, "texture": "#0"},
				"west": {"uv": [11, 14, 10.5, 14.5], "rotation": 180, "texture": "#0"},
				"up": {"uv": [11, 14, 10.5, 14.5], "texture": "#0"},
				"down": {"uv": [11, 14, 10.5, 14.5], "texture": "#0"}
			}
		},
		{
			"from": [9.61358, -10.99071, -11.12259],
			"to": [22.93091, 12.88724, -5.60638],
			"rotation": {"angle": -45, "axis": "y", "origin": [16.27224, 0.94826, -8.36448]},
			"faces": {
				"north": {"uv": [10.5, 14, 11, 14.5], "texture": "#0"},
				"east": {"uv": [11, 14, 10.5, 14.5], "rotation": 180, "texture": "#0"},
				"south": {"uv": [10.5, 14, 11, 14.5], "rotation": 180, "texture": "#0"},
				"west": {"uv": [11, 14, 10.5, 14.5], "rotation": 180, "texture": "#0"},
				"up": {"uv": [11, 14, 10.5, 14.5], "texture": "#0"},
				"down": {"uv": [11, 14, 10.5, 14.5], "texture": "#0"}
			}
		},
		{
			"from": [9.61358, -16, -11.12259],
			"to": [22.93091, -13.51746, -5.60638],
			"rotation": {"angle": 0, "axis": "z", "origin": [16.27224, -14.75873, -8.36448]},
			"faces": {
				"north": {"uv": [10.5, 14, 11, 14.5], "texture": "#0"},
				"east": {"uv": [11, 14, 10.5, 14.5], "rotation": 180, "texture": "#0"},
				"south": {"uv": [10.5, 14, 11, 14.5], "rotation": 180, "texture": "#0"},
				"west": {"uv": [11, 14, 10.5, 14.5], "rotation": 180, "texture": "#0"},
				"up": {"uv": [11, 14, 10.5, 14.5], "texture": "#0"},
				"down": {"uv": [11, 14, 10.5, 14.5], "texture": "#0"}
			}
		},
		{
			"from": [13.51413, -16, -15.02315],
			"to": [19.03035, -13.51746, -1.70582],
			"rotation": {"angle": 0, "axis": "z", "origin": [16.27224, -14.75873, -8.36448]},
			"faces": {
				"north": {"uv": [10.5, 14, 11, 14.5], "texture": "#0"},
				"east": {"uv": [11, 14, 10.5, 14.5], "rotation": 180, "texture": "#0"},
				"south": {"uv": [10.5, 14, 11, 14.5], "rotation": 180, "texture": "#0"},
				"west": {"uv": [11, 14, 10.5, 14.5], "rotation": 180, "texture": "#0"},
				"up": {"uv": [11, 14, 10.5, 14.5], "texture": "#0"},
				"down": {"uv": [11, 14, 10.5, 14.5], "texture": "#0"}
			}
		},
		{
			"from": [9.61358, -16, -11.12259],
			"to": [22.9309, -13.51746, -5.60638],
			"rotation": {"angle": 45, "axis": "y", "origin": [16.27224, -14.75873, -8.36448]},
			"faces": {
				"north": {"uv": [10.5, 14, 11, 14.5], "texture": "#0"},
				"east": {"uv": [11, 14, 10.5, 14.5], "rotation": 180, "texture": "#0"},
				"south": {"uv": [10.5, 14, 11, 14.5], "rotation": 180, "texture": "#0"},
				"west": {"uv": [11, 14, 10.5, 14.5], "rotation": 180, "texture": "#0"},
				"up": {"uv": [11, 14, 10.5, 14.5], "texture": "#0"},
				"down": {"uv": [11, 14, 10.5, 14.5], "texture": "#0"}
			}
		},
		{
			"from": [9.61358, -16, -11.12259],
			"to": [22.9309, -13.51746, -5.60638],
			"rotation": {"angle": -45, "axis": "y", "origin": [16.27224, -14.75873, -8.36448]},
			"faces": {
				"north": {"uv": [10.5, 14, 11, 14.5], "texture": "#0"},
				"east": {"uv": [11, 14, 10.5, 14.5], "rotation": 180, "texture": "#0"},
				"south": {"uv": [10.5, 14, 11, 14.5], "rotation": 180, "texture": "#0"},
				"west": {"uv": [11, 14, 10.5, 14.5], "rotation": 180, "texture": "#0"},
				"up": {"uv": [11, 14, 10.5, 14.5], "texture": "#0"},
				"down": {"uv": [11, 14, 10.5, 14.5], "texture": "#0"}
			}
		},
		{
			"from": [10.5755, -14.13694, -10.72415],
			"to": [21.96899, -7.98607, -6.00482],
			"rotation": {"angle": 0, "axis": "z", "origin": [16.27224, -11.0615, -8.36448]},
			"faces": {
				"north": {"uv": [10.5, 14, 11, 14.5], "texture": "#0"},
				"east": {"uv": [11, 14, 10.5, 14.5], "rotation": 180, "texture": "#0"},
				"south": {"uv": [10.5, 14, 11, 14.5], "rotation": 180, "texture": "#0"},
				"west": {"uv": [11, 14, 10.5, 14.5], "rotation": 180, "texture": "#0"},
				"up": {"uv": [11, 14, 10.5, 14.5], "texture": "#0"},
				"down": {"uv": [11, 14, 10.5, 14.5], "texture": "#0"}
			}
		},
		{
			"from": [13.91257, -14.13694, -14.06123],
			"to": [18.63191, -7.98607, -2.66774],
			"rotation": {"angle": 0, "axis": "z", "origin": [16.27224, -11.0615, -8.36448]},
			"faces": {
				"north": {"uv": [10.5, 14, 11, 14.5], "texture": "#0"},
				"east": {"uv": [11, 14, 10.5, 14.5], "rotation": 180, "texture": "#0"},
				"south": {"uv": [10.5, 14, 11, 14.5], "rotation": 180, "texture": "#0"},
				"west": {"uv": [11, 14, 10.5, 14.5], "rotation": 180, "texture": "#0"},
				"up": {"uv": [11, 14, 10.5, 14.5], "texture": "#0"},
				"down": {"uv": [11, 14, 10.5, 14.5], "texture": "#0"}
			}
		},
		{
			"from": [10.5755, -14.13694, -10.72415],
			"to": [21.96899, -7.98607, -6.00482],
			"rotation": {"angle": 45, "axis": "y", "origin": [16.27224, -11.0615, -8.36448]},
			"faces": {
				"north": {"uv": [10.5, 14, 11, 14.5], "texture": "#0"},
				"east": {"uv": [11, 14, 10.5, 14.5], "rotation": 180, "texture": "#0"},
				"south": {"uv": [10.5, 14, 11, 14.5], "rotation": 180, "texture": "#0"},
				"west": {"uv": [11, 14, 10.5, 14.5], "rotation": 180, "texture": "#0"},
				"up": {"uv": [11, 14, 10.5, 14.5], "texture": "#0"},
				"down": {"uv": [11, 14, 10.5, 14.5], "texture": "#0"}
			}
		},
		{
			"from": [10.5755, -14.13694, -10.72415],
			"to": [21.96899, -7.98607, -6.00482],
			"rotation": {"angle": -45, "axis": "y", "origin": [16.27224, -11.0615, -8.36448]},
			"faces": {
				"north": {"uv": [10.5, 14, 11, 14.5], "texture": "#0"},
				"east": {"uv": [11, 14, 10.5, 14.5], "rotation": 180, "texture": "#0"},
				"south": {"uv": [10.5, 14, 11, 14.5], "rotation": 180, "texture": "#0"},
				"west": {"uv": [11, 14, 10.5, 14.5], "rotation": 180, "texture": "#0"},
				"up": {"uv": [11, 14, 10.5, 14.5], "texture": "#0"},
				"down": {"uv": [11, 14, 10.5, 14.5], "texture": "#0"}
			}
		},
		{
			"from": [3.11276, -15.64998, 21.60637],
			"to": [26.99071, -2.33265, 27.12259],
			"rotation": {"angle": 0, "axis": "z", "origin": [15.05174, -8.99131, 24.36448]},
			"faces": {
				"north": {"uv": [10.5, 14, 11, 14.5], "rotation": 90, "texture": "#0"},
				"east": {"uv": [11, 14, 10.5, 14.5], "rotation": 270, "texture": "#0"},
				"south": {"uv": [10.5, 14, 11, 14.5], "rotation": 90, "texture": "#0"},
				"west": {"uv": [11, 14, 10.5, 14.5], "rotation": 270, "texture": "#0"},
				"up": {"uv": [11, 14, 10.5, 14.5], "rotation": 90, "texture": "#0"},
				"down": {"uv": [11, 14, 10.5, 14.5], "rotation": 90, "texture": "#0"}
			}
		},
		{
			"from": [3.11276, -11.74942, 17.70582],
			"to": [26.99071, -6.2332, 31.02315],
			"rotation": {"angle": 0, "axis": "z", "origin": [15.05174, -8.99131, 24.36448]},
			"faces": {
				"north": {"uv": [10.5, 14, 11, 14.5], "rotation": 90, "texture": "#0"},
				"east": {"uv": [11, 14, 10.5, 14.5], "rotation": 270, "texture": "#0"},
				"south": {"uv": [10.5, 14, 11, 14.5], "rotation": 90, "texture": "#0"},
				"west": {"uv": [11, 14, 10.5, 14.5], "rotation": 270, "texture": "#0"},
				"up": {"uv": [11, 14, 10.5, 14.5], "rotation": 90, "texture": "#0"},
				"down": {"uv": [11, 14, 10.5, 14.5], "rotation": 90, "texture": "#0"}
			}
		},
		{
			"from": [3.11276, -15.64998, 21.60637],
			"to": [26.99071, -2.33265, 27.12259],
			"rotation": {"angle": -45, "axis": "x", "origin": [15.05174, -8.99131, 24.36448]},
			"faces": {
				"north": {"uv": [10.5, 14, 11, 14.5], "rotation": 90, "texture": "#0"},
				"east": {"uv": [11, 14, 10.5, 14.5], "rotation": 270, "texture": "#0"},
				"south": {"uv": [10.5, 14, 11, 14.5], "rotation": 90, "texture": "#0"},
				"west": {"uv": [11, 14, 10.5, 14.5], "rotation": 270, "texture": "#0"},
				"up": {"uv": [11, 14, 10.5, 14.5], "rotation": 90, "texture": "#0"},
				"down": {"uv": [11, 14, 10.5, 14.5], "rotation": 90, "texture": "#0"}
			}
		},
		{
			"from": [3.11276, -15.64998, 21.60637],
			"to": [26.99071, -2.33265, 27.12259],
			"rotation": {"angle": 45, "axis": "x", "origin": [15.05174, -8.99131, 24.36448]},
			"faces": {
				"north": {"uv": [10.5, 14, 11, 14.5], "rotation": 90, "texture": "#0"},
				"east": {"uv": [11, 14, 10.5, 14.5], "rotation": 270, "texture": "#0"},
				"south": {"uv": [10.5, 14, 11, 14.5], "rotation": 90, "texture": "#0"},
				"west": {"uv": [11, 14, 10.5, 14.5], "rotation": 270, "texture": "#0"},
				"up": {"uv": [11, 14, 10.5, 14.5], "rotation": 90, "texture": "#0"},
				"down": {"uv": [11, 14, 10.5, 14.5], "rotation": 90, "texture": "#0"}
			}
		},
		{
			"from": [29.51746, -15.64998, 21.60637],
			"to": [32, -2.33265, 27.12259],
			"rotation": {"angle": 0, "axis": "z", "origin": [30.75873, -8.99131, 24.36448]},
			"faces": {
				"north": {"uv": [10.5, 14, 11, 14.5], "rotation": 90, "texture": "#0"},
				"east": {"uv": [11, 14, 10.5, 14.5], "rotation": 270, "texture": "#0"},
				"south": {"uv": [10.5, 14, 11, 14.5], "rotation": 90, "texture": "#0"},
				"west": {"uv": [11, 14, 10.5, 14.5], "rotation": 270, "texture": "#0"},
				"up": {"uv": [11, 14, 10.5, 14.5], "rotation": 90, "texture": "#0"},
				"down": {"uv": [11, 14, 10.5, 14.5], "rotation": 90, "texture": "#0"}
			}
		},
		{
			"from": [29.51746, -11.74942, 17.70582],
			"to": [32, -6.2332, 31.02315],
			"rotation": {"angle": 0, "axis": "z", "origin": [30.75873, -8.99131, 24.36448]},
			"faces": {
				"north": {"uv": [10.5, 14, 11, 14.5], "rotation": 90, "texture": "#0"},
				"east": {"uv": [11, 14, 10.5, 14.5], "rotation": 270, "texture": "#0"},
				"south": {"uv": [10.5, 14, 11, 14.5], "rotation": 90, "texture": "#0"},
				"west": {"uv": [11, 14, 10.5, 14.5], "rotation": 270, "texture": "#0"},
				"up": {"uv": [11, 14, 10.5, 14.5], "rotation": 90, "texture": "#0"},
				"down": {"uv": [11, 14, 10.5, 14.5], "rotation": 90, "texture": "#0"}
			}
		},
		{
			"from": [29.51746, -15.64997, 21.60637],
			"to": [32, -2.33265, 27.12259],
			"rotation": {"angle": -45, "axis": "x", "origin": [30.75873, -8.99131, 24.36448]},
			"faces": {
				"north": {"uv": [10.5, 14, 11, 14.5], "rotation": 90, "texture": "#0"},
				"east": {"uv": [11, 14, 10.5, 14.5], "rotation": 270, "texture": "#0"},
				"south": {"uv": [10.5, 14, 11, 14.5], "rotation": 90, "texture": "#0"},
				"west": {"uv": [11, 14, 10.5, 14.5], "rotation": 270, "texture": "#0"},
				"up": {"uv": [11, 14, 10.5, 14.5], "rotation": 90, "texture": "#0"},
				"down": {"uv": [11, 14, 10.5, 14.5], "rotation": 90, "texture": "#0"}
			}
		},
		{
			"from": [29.51746, -15.64997, 21.60637],
			"to": [32, -2.33265, 27.12259],
			"rotation": {"angle": 45, "axis": "x", "origin": [30.75873, -8.99131, 24.36448]},
			"faces": {
				"north": {"uv": [10.5, 14, 11, 14.5], "rotation": 90, "texture": "#0"},
				"east": {"uv": [11, 14, 10.5, 14.5], "rotation": 270, "texture": "#0"},
				"south": {"uv": [10.5, 14, 11, 14.5], "rotation": 90, "texture": "#0"},
				"west": {"uv": [11, 14, 10.5, 14.5], "rotation": 270, "texture": "#0"},
				"up": {"uv": [11, 14, 10.5, 14.5], "rotation": 90, "texture": "#0"},
				"down": {"uv": [11, 14, 10.5, 14.5], "rotation": 90, "texture": "#0"}
			}
		},
		{
			"from": [23.98607, -14.68806, 22.00481],
			"to": [30.13694, -3.29457, 26.72415],
			"rotation": {"angle": 0, "axis": "z", "origin": [27.0615, -8.99131, 24.36448]},
			"faces": {
				"north": {"uv": [10.5, 14, 11, 14.5], "rotation": 90, "texture": "#0"},
				"east": {"uv": [11, 14, 10.5, 14.5], "rotation": 270, "texture": "#0"},
				"south": {"uv": [10.5, 14, 11, 14.5], "rotation": 90, "texture": "#0"},
				"west": {"uv": [11, 14, 10.5, 14.5], "rotation": 270, "texture": "#0"},
				"up": {"uv": [11, 14, 10.5, 14.5], "rotation": 90, "texture": "#0"},
				"down": {"uv": [11, 14, 10.5, 14.5], "rotation": 90, "texture": "#0"}
			}
		},
		{
			"from": [23.98607, -11.35098, 18.66774],
			"to": [30.13694, -6.63164, 30.06123],
			"rotation": {"angle": 0, "axis": "z", "origin": [27.0615, -8.99131, 24.36448]},
			"faces": {
				"north": {"uv": [10.5, 14, 11, 14.5], "rotation": 90, "texture": "#0"},
				"east": {"uv": [11, 14, 10.5, 14.5], "rotation": 270, "texture": "#0"},
				"south": {"uv": [10.5, 14, 11, 14.5], "rotation": 90, "texture": "#0"},
				"west": {"uv": [11, 14, 10.5, 14.5], "rotation": 270, "texture": "#0"},
				"up": {"uv": [11, 14, 10.5, 14.5], "rotation": 90, "texture": "#0"},
				"down": {"uv": [11, 14, 10.5, 14.5], "rotation": 90, "texture": "#0"}
			}
		},
		{
			"from": [23.98607, -14.68806, 22.00481],
			"to": [30.13694, -3.29457, 26.72415],
			"rotation": {"angle": -45, "axis": "x", "origin": [27.0615, -8.99131, 24.36448]},
			"faces": {
				"north": {"uv": [10.5, 14, 11, 14.5], "rotation": 90, "texture": "#0"},
				"east": {"uv": [11, 14, 10.5, 14.5], "rotation": 270, "texture": "#0"},
				"south": {"uv": [10.5, 14, 11, 14.5], "rotation": 90, "texture": "#0"},
				"west": {"uv": [11, 14, 10.5, 14.5], "rotation": 270, "texture": "#0"},
				"up": {"uv": [11, 14, 10.5, 14.5], "rotation": 90, "texture": "#0"},
				"down": {"uv": [11, 14, 10.5, 14.5], "rotation": 90, "texture": "#0"}
			}
		},
		{
			"from": [23.98607, -14.68806, 22.00481],
			"to": [30.13694, -3.29457, 26.72415],
			"rotation": {"angle": 45, "axis": "x", "origin": [27.0615, -8.99131, 24.36448]},
			"faces": {
				"north": {"uv": [10.5, 14, 11, 14.5], "rotation": 90, "texture": "#0"},
				"east": {"uv": [11, 14, 10.5, 14.5], "rotation": 270, "texture": "#0"},
				"south": {"uv": [10.5, 14, 11, 14.5], "rotation": 90, "texture": "#0"},
				"west": {"uv": [11, 14, 10.5, 14.5], "rotation": 270, "texture": "#0"},
				"up": {"uv": [11, 14, 10.5, 14.5], "rotation": 90, "texture": "#0"},
				"down": {"uv": [11, 14, 10.5, 14.5], "rotation": 90, "texture": "#0"}
			}
		},
		{
			"from": [10.18845, 8.58265, 5.61093],
			"to": [22.35604, 19.81141, 10.65091],
			"rotation": {"angle": 0, "axis": "z", "origin": [16.27224, 14.19703, 8.13092]},
			"faces": {
				"north": {"uv": [12, 14, 12.5, 14.5], "texture": "#0"},
				"east": {"uv": [12.5, 14, 12, 14.5], "rotation": 180, "texture": "#0"},
				"south": {"uv": [12, 14, 12.5, 14.5], "rotation": 180, "texture": "#0"},
				"west": {"uv": [12.5, 14, 12, 14.5], "rotation": 180, "texture": "#0"},
				"up": {"uv": [12.5, 14, 12, 14.5], "texture": "#0"},
				"down": {"uv": [12.5, 14, 12, 14.5], "texture": "#0"}
			}
		},
		{
			"from": [13.75225, 8.58264, 2.04712],
			"to": [18.79223, 19.81141, 14.21471],
			"rotation": {"angle": 0, "axis": "z", "origin": [16.27224, 14.19703, 8.13092]},
			"faces": {
				"north": {"uv": [12, 14, 12.5, 14.5], "texture": "#0"},
				"east": {"uv": [12.5, 14, 12, 14.5], "rotation": 180, "texture": "#0"},
				"south": {"uv": [12, 14, 12.5, 14.5], "rotation": 180, "texture": "#0"},
				"west": {"uv": [12.5, 14, 12, 14.5], "rotation": 180, "texture": "#0"},
				"up": {"uv": [12.5, 14, 12, 14.5], "texture": "#0"},
				"down": {"uv": [12.5, 14, 12, 14.5], "texture": "#0"}
			}
		},
		{
			"from": [10.18845, 8.58265, 5.61093],
			"to": [22.35604, 19.81141, 10.65091],
			"rotation": {"angle": 45, "axis": "y", "origin": [16.27224, 14.19703, 8.13092]},
			"faces": {
				"north": {"uv": [12, 14, 12.5, 14.5], "texture": "#0"},
				"east": {"uv": [12.5, 14, 12, 14.5], "rotation": 180, "texture": "#0"},
				"south": {"uv": [12, 14, 12.5, 14.5], "rotation": 180, "texture": "#0"},
				"west": {"uv": [12.5, 14, 12, 14.5], "rotation": 180, "texture": "#0"},
				"up": {"uv": [12.5, 14, 12, 14.5], "texture": "#0"},
				"down": {"uv": [12.5, 14, 12, 14.5], "texture": "#0"}
			}
		},
		{
			"from": [10.18845, 8.58265, 5.61093],
			"to": [22.35604, 19.81141, 10.65091],
			"rotation": {"angle": -45, "axis": "y", "origin": [16.27224, 14.19703, 8.13092]},
			"faces": {
				"north": {"uv": [12, 14, 12.5, 14.5], "texture": "#0"},
				"east": {"uv": [12.5, 14, 12, 14.5], "rotation": 180, "texture": "#0"},
				"south": {"uv": [12, 14, 12.5, 14.5], "rotation": 180, "texture": "#0"},
				"west": {"uv": [12.5, 14, 12, 14.5], "rotation": 180, "texture": "#0"},
				"up": {"uv": [12.5, 14, 12, 14.5], "texture": "#0"},
				"down": {"uv": [12.5, 14, 12, 14.5], "texture": "#0"}
			}
		},
		{
			"from": [11.86485, 14.94514, 6.30532],
			"to": [20.67963, 24.28913, 9.95652],
			"rotation": {"angle": 0, "axis": "z", "origin": [16.27224, 19.61713, 8.13092]},
			"faces": {
				"north": {"uv": [12, 14, 12.5, 14.5], "texture": "#0"},
				"east": {"uv": [12.5, 14, 12, 14.5], "rotation": 180, "texture": "#0"},
				"south": {"uv": [12, 14, 12.5, 14.5], "rotation": 180, "texture": "#0"},
				"west": {"uv": [12.5, 14, 12, 14.5], "rotation": 180, "texture": "#0"},
				"up": {"uv": [12.5, 14, 12, 14.5], "texture": "#0"},
				"down": {"uv": [12.5, 14, 12, 14.5], "texture": "#0"}
			}
		},
		{
			"from": [14.44664, 14.94514, 3.72353],
			"to": [18.09784, 24.28913, 12.5383],
			"rotation": {"angle": 0, "axis": "z", "origin": [16.27224, 19.61713, 8.13092]},
			"faces": {
				"north": {"uv": [12, 14, 12.5, 14.5], "texture": "#0"},
				"east": {"uv": [12.5, 14, 12, 14.5], "rotation": 180, "texture": "#0"},
				"south": {"uv": [12, 14, 12.5, 14.5], "rotation": 180, "texture": "#0"},
				"west": {"uv": [12.5, 14, 12, 14.5], "rotation": 180, "texture": "#0"},
				"up": {"uv": [12.5, 14, 12, 14.5], "texture": "#0"},
				"down": {"uv": [12.5, 14, 12, 14.5], "texture": "#0"}
			}
		},
		{
			"from": [11.86485, 14.94514, 6.30532],
			"to": [20.67963, 24.28913, 9.95652],
			"rotation": {"angle": 45, "axis": "y", "origin": [16.27224, 19.61713, 8.13092]},
			"faces": {
				"north": {"uv": [12, 14, 12.5, 14.5], "texture": "#0"},
				"east": {"uv": [12.5, 14, 12, 14.5], "rotation": 180, "texture": "#0"},
				"south": {"uv": [12, 14, 12.5, 14.5], "rotation": 180, "texture": "#0"},
				"west": {"uv": [12.5, 14, 12, 14.5], "rotation": 180, "texture": "#0"},
				"up": {"uv": [12.5, 14, 12, 14.5], "texture": "#0"},
				"down": {"uv": [12.5, 14, 12, 14.5], "texture": "#0"}
			}
		},
		{
			"from": [11.86485, 14.94514, 6.30532],
			"to": [20.67963, 24.28913, 9.95652],
			"rotation": {"angle": -45, "axis": "y", "origin": [16.27224, 19.61713, 8.13092]},
			"faces": {
				"north": {"uv": [12, 14, 12.5, 14.5], "texture": "#0"},
				"east": {"uv": [12.5, 14, 12, 14.5], "rotation": 180, "texture": "#0"},
				"south": {"uv": [12, 14, 12.5, 14.5], "rotation": 180, "texture": "#0"},
				"west": {"uv": [12.5, 14, 12, 14.5], "rotation": 180, "texture": "#0"},
				"up": {"uv": [12.5, 14, 12, 14.5], "texture": "#0"},
				"down": {"uv": [12.5, 14, 12, 14.5], "texture": "#0"}
			}
		},
		{
			"from": [10.18845, 8.58265, -10.88447],
			"to": [22.35604, 19.81141, -5.8445],
			"rotation": {"angle": 0, "axis": "z", "origin": [16.27224, 14.19703, -8.36448]},
			"faces": {
				"north": {"uv": [12, 14, 12.5, 14.5], "texture": "#0"},
				"east": {"uv": [12.5, 14, 12, 14.5], "rotation": 180, "texture": "#0"},
				"south": {"uv": [12, 14, 12.5, 14.5], "rotation": 180, "texture": "#0"},
				"west": {"uv": [12.5, 14, 12, 14.5], "rotation": 180, "texture": "#0"},
				"up": {"uv": [12.5, 14, 12, 14.5], "texture": "#0"},
				"down": {"uv": [12.5, 14, 12, 14.5], "texture": "#0"}
			}
		},
		{
			"from": [13.75225, 8.58264, -14.44828],
			"to": [18.79223, 19.81141, -2.28069],
			"rotation": {"angle": 0, "axis": "z", "origin": [16.27224, 14.19703, -8.36448]},
			"faces": {
				"north": {"uv": [12, 14, 12.5, 14.5], "texture": "#0"},
				"east": {"uv": [12.5, 14, 12, 14.5], "rotation": 180, "texture": "#0"},
				"south": {"uv": [12, 14, 12.5, 14.5], "rotation": 180, "texture": "#0"},
				"west": {"uv": [12.5, 14, 12, 14.5], "rotation": 180, "texture": "#0"},
				"up": {"uv": [12.5, 14, 12, 14.5], "texture": "#0"},
				"down": {"uv": [12.5, 14, 12, 14.5], "texture": "#0"}
			}
		},
		{
			"from": [10.18845, 8.58265, -10.88447],
			"to": [22.35604, 19.81141, -5.8445],
			"rotation": {"angle": 45, "axis": "y", "origin": [16.27224, 14.19703, -8.36448]},
			"faces": {
				"north": {"uv": [12, 14, 12.5, 14.5], "texture": "#0"},
				"east": {"uv": [12.5, 14, 12, 14.5], "rotation": 180, "texture": "#0"},
				"south": {"uv": [12, 14, 12.5, 14.5], "rotation": 180, "texture": "#0"},
				"west": {"uv": [12.5, 14, 12, 14.5], "rotation": 180, "texture": "#0"},
				"up": {"uv": [12.5, 14, 12, 14.5], "texture": "#0"},
				"down": {"uv": [12.5, 14, 12, 14.5], "texture": "#0"}
			}
		},
		{
			"from": [10.18845, 8.58265, -10.88447],
			"to": [22.35604, 19.81141, -5.8445],
			"rotation": {"angle": -45, "axis": "y", "origin": [16.27224, 14.19703, -8.36448]},
			"faces": {
				"north": {"uv": [12, 14, 12.5, 14.5], "texture": "#0"},
				"east": {"uv": [12.5, 14, 12, 14.5], "rotation": 180, "texture": "#0"},
				"south": {"uv": [12, 14, 12.5, 14.5], "rotation": 180, "texture": "#0"},
				"west": {"uv": [12.5, 14, 12, 14.5], "rotation": 180, "texture": "#0"},
				"up": {"uv": [12.5, 14, 12, 14.5], "texture": "#0"},
				"down": {"uv": [12.5, 14, 12, 14.5], "texture": "#0"}
			}
		},
		{
			"from": [11.86485, 14.94514, -10.19008],
			"to": [20.67963, 24.28913, -6.53889],
			"rotation": {"angle": 0, "axis": "z", "origin": [16.27224, 19.61713, -8.36448]},
			"faces": {
				"north": {"uv": [12, 14, 12.5, 14.5], "texture": "#0"},
				"east": {"uv": [12.5, 14, 12, 14.5], "rotation": 180, "texture": "#0"},
				"south": {"uv": [12, 14, 12.5, 14.5], "rotation": 180, "texture": "#0"},
				"west": {"uv": [12.5, 14, 12, 14.5], "rotation": 180, "texture": "#0"},
				"up": {"uv": [12.5, 14, 12, 14.5], "texture": "#0"},
				"down": {"uv": [12.5, 14, 12, 14.5], "texture": "#0"}
			}
		},
		{
			"from": [14.44664, 14.94514, -12.77187],
			"to": [18.09784, 24.28913, -3.9571],
			"rotation": {"angle": 0, "axis": "z", "origin": [16.27224, 19.61713, -8.36448]},
			"faces": {
				"north": {"uv": [12, 14, 12.5, 14.5], "texture": "#0"},
				"east": {"uv": [12.5, 14, 12, 14.5], "rotation": 180, "texture": "#0"},
				"south": {"uv": [12, 14, 12.5, 14.5], "rotation": 180, "texture": "#0"},
				"west": {"uv": [12.5, 14, 12, 14.5], "rotation": 180, "texture": "#0"},
				"up": {"uv": [12.5, 14, 12, 14.5], "texture": "#0"},
				"down": {"uv": [12.5, 14, 12, 14.5], "texture": "#0"}
			}
		},
		{
			"from": [11.86485, 14.94514, -10.19008],
			"to": [20.67963, 24.28913, -6.53889],
			"rotation": {"angle": 45, "axis": "y", "origin": [16.27224, 19.61713, -8.36448]},
			"faces": {
				"north": {"uv": [12, 14, 12.5, 14.5], "texture": "#0"},
				"east": {"uv": [12.5, 14, 12, 14.5], "rotation": 180, "texture": "#0"},
				"south": {"uv": [12, 14, 12.5, 14.5], "rotation": 180, "texture": "#0"},
				"west": {"uv": [12.5, 14, 12, 14.5], "rotation": 180, "texture": "#0"},
				"up": {"uv": [12.5, 14, 12, 14.5], "texture": "#0"},
				"down": {"uv": [12.5, 14, 12, 14.5], "texture": "#0"}
			}
		},
		{
			"from": [11.86485, 14.94514, -10.19008],
			"to": [20.67963, 24.28913, -6.53889],
			"rotation": {"angle": -45, "axis": "y", "origin": [16.27224, 19.61713, -8.36448]},
			"faces": {
				"north": {"uv": [12, 14, 12.5, 14.5], "texture": "#0"},
				"east": {"uv": [12.5, 14, 12, 14.5], "rotation": 180, "texture": "#0"},
				"south": {"uv": [12, 14, 12.5, 14.5], "rotation": 180, "texture": "#0"},
				"west": {"uv": [12.5, 14, 12, 14.5], "rotation": 180, "texture": "#0"},
				"up": {"uv": [12.5, 14, 12, 14.5], "texture": "#0"},
				"down": {"uv": [12.5, 14, 12, 14.5], "texture": "#0"}
			}
		},
		{
			"from": [-3.81141, -15.07511, 21.84449],
			"to": [7.41735, -2.90752, 26.88447],
			"rotation": {"angle": 0, "axis": "z", "origin": [1.80297, -8.99131, 24.36448]},
			"faces": {
				"north": {"uv": [12, 14, 12.5, 14.5], "rotation": 90, "texture": "#0"},
				"east": {"uv": [12.5, 14, 12, 14.5], "rotation": 270, "texture": "#0"},
				"south": {"uv": [12, 14, 12.5, 14.5], "rotation": 90, "texture": "#0"},
				"west": {"uv": [12.5, 14, 12, 14.5], "rotation": 270, "texture": "#0"},
				"up": {"uv": [12.5, 14, 12, 14.5], "rotation": 90, "texture": "#0"},
				"down": {"uv": [12.5, 14, 12, 14.5], "rotation": 90, "texture": "#0"}
			}
		},
		{
			"from": [-3.81141, -11.5113, 18.28069],
			"to": [7.41735, -6.47132, 30.44828],
			"rotation": {"angle": 0, "axis": "z", "origin": [1.80297, -8.99131, 24.36448]},
			"faces": {
				"north": {"uv": [12, 14, 12.5, 14.5], "rotation": 90, "texture": "#0"},
				"east": {"uv": [12.5, 14, 12, 14.5], "rotation": 270, "texture": "#0"},
				"south": {"uv": [12, 14, 12.5, 14.5], "rotation": 90, "texture": "#0"},
				"west": {"uv": [12.5, 14, 12, 14.5], "rotation": 270, "texture": "#0"},
				"up": {"uv": [12.5, 14, 12, 14.5], "rotation": 90, "texture": "#0"},
				"down": {"uv": [12.5, 14, 12, 14.5], "rotation": 90, "texture": "#0"}
			}
		},
		{
			"from": [-3.81141, -15.07511, 21.84449],
			"to": [7.41735, -2.90752, 26.88447],
			"rotation": {"angle": -45, "axis": "x", "origin": [1.80297, -8.99131, 24.36448]},
			"faces": {
				"north": {"uv": [12, 14, 12.5, 14.5], "rotation": 90, "texture": "#0"},
				"east": {"uv": [12.5, 14, 12, 14.5], "rotation": 270, "texture": "#0"},
				"south": {"uv": [12, 14, 12.5, 14.5], "rotation": 90, "texture": "#0"},
				"west": {"uv": [12.5, 14, 12, 14.5], "rotation": 270, "texture": "#0"},
				"up": {"uv": [12.5, 14, 12, 14.5], "rotation": 90, "texture": "#0"},
				"down": {"uv": [12.5, 14, 12, 14.5], "rotation": 90, "texture": "#0"}
			}
		},
		{
			"from": [-3.81141, -15.07511, 21.84449],
			"to": [7.41735, -2.90752, 26.88447],
			"rotation": {"angle": 45, "axis": "x", "origin": [1.80297, -8.99131, 24.36448]},
			"faces": {
				"north": {"uv": [12, 14, 12.5, 14.5], "rotation": 90, "texture": "#0"},
				"east": {"uv": [12.5, 14, 12, 14.5], "rotation": 270, "texture": "#0"},
				"south": {"uv": [12, 14, 12.5, 14.5], "rotation": 90, "texture": "#0"},
				"west": {"uv": [12.5, 14, 12, 14.5], "rotation": 270, "texture": "#0"},
				"up": {"uv": [12.5, 14, 12, 14.5], "rotation": 90, "texture": "#0"},
				"down": {"uv": [12.5, 14, 12, 14.5], "rotation": 90, "texture": "#0"}
			}
		},
		{
			"from": [-8.28913, -13.3987, 22.53888],
			"to": [1.05486, -4.58392, 26.19008],
			"rotation": {"angle": 0, "axis": "z", "origin": [-3.61714, -8.99131, 24.36448]},
			"faces": {
				"north": {"uv": [12, 14, 12.5, 14.5], "rotation": 90, "texture": "#0"},
				"east": {"uv": [12.5, 14, 12, 14.5], "rotation": 270, "texture": "#0"},
				"south": {"uv": [12, 14, 12.5, 14.5], "rotation": 90, "texture": "#0"},
				"west": {"uv": [12.5, 14, 12, 14.5], "rotation": 270, "texture": "#0"},
				"up": {"uv": [12.5, 14, 12, 14.5], "rotation": 90, "texture": "#0"},
				"down": {"uv": [12.5, 14, 12, 14.5], "rotation": 90, "texture": "#0"}
			}
		},
		{
			"from": [-8.28913, -10.81691, 19.9571],
			"to": [1.05486, -7.16571, 28.77187],
			"rotation": {"angle": 0, "axis": "z", "origin": [-3.61714, -8.99131, 24.36448]},
			"faces": {
				"north": {"uv": [12, 14, 12.5, 14.5], "rotation": 90, "texture": "#0"},
				"east": {"uv": [12.5, 14, 12, 14.5], "rotation": 270, "texture": "#0"},
				"south": {"uv": [12, 14, 12.5, 14.5], "rotation": 90, "texture": "#0"},
				"west": {"uv": [12.5, 14, 12, 14.5], "rotation": 270, "texture": "#0"},
				"up": {"uv": [12.5, 14, 12, 14.5], "rotation": 90, "texture": "#0"},
				"down": {"uv": [12.5, 14, 12, 14.5], "rotation": 90, "texture": "#0"}
			}
		},
		{
			"from": [-8.28913, -13.3987, 22.53888],
			"to": [1.05486, -4.58393, 26.19008],
			"rotation": {"angle": -45, "axis": "x", "origin": [-3.61714, -8.99131, 24.36448]},
			"faces": {
				"north": {"uv": [12, 14, 12.5, 14.5], "rotation": 90, "texture": "#0"},
				"east": {"uv": [12.5, 14, 12, 14.5], "rotation": 270, "texture": "#0"},
				"south": {"uv": [12, 14, 12.5, 14.5], "rotation": 90, "texture": "#0"},
				"west": {"uv": [12.5, 14, 12, 14.5], "rotation": 270, "texture": "#0"},
				"up": {"uv": [12.5, 14, 12, 14.5], "rotation": 90, "texture": "#0"},
				"down": {"uv": [12.5, 14, 12, 14.5], "rotation": 90, "texture": "#0"}
			}
		},
		{
			"from": [-8.28913, -13.3987, 22.53888],
			"to": [1.05486, -4.58393, 26.19008],
			"rotation": {"angle": 45, "axis": "x", "origin": [-3.61714, -8.99131, 24.36448]},
			"faces": {
				"north": {"uv": [12, 14, 12.5, 14.5], "rotation": 90, "texture": "#0"},
				"east": {"uv": [12.5, 14, 12, 14.5], "rotation": 270, "texture": "#0"},
				"south": {"uv": [12, 14, 12.5, 14.5], "rotation": 90, "texture": "#0"},
				"west": {"uv": [12.5, 14, 12, 14.5], "rotation": 270, "texture": "#0"},
				"up": {"uv": [12.5, 14, 12, 14.5], "rotation": 90, "texture": "#0"},
				"down": {"uv": [12.5, 14, 12, 14.5], "rotation": 90, "texture": "#0"}
			}
		}
	],
	"display": {
		"thirdperson_righthand": {
			"translation": [-0.5, 1.5, 0],
			"scale": [0.07, 0.07, 0.07]
		},
		"thirdperson_lefthand": {
			"translation": [0.25, 1.5, 0.5],
			"scale": [0.07, 0.07, 0.07]
		},
		"firstperson_righthand": {
			"rotation": [0, 14, 0],
			"translation": [2.5, 1, -2],
			"scale": [0.07, 0.07, 0.07]
		},
		"firstperson_lefthand": {
			"rotation": [0, 16.75, 0],
			"translation": [5.25, 0.75, -2.5],
			"scale": [0.07, 0.07, 0.07]
		},
		"ground": {
			"scale": [0.12, 0.12, 0.12]
		},
		"gui": {
			"rotation": [27.5, 66.75, 0],
			"translation": [-0.5, 0.25, 0],
			"scale": [0.22, 0.22, 0.22]
		},
		"head": {
			"translation": [-2.5, 20.25, 0],
			"scale": [0.5, 0.5, 0.5]
		},
		"fixed": {
			"rotation": [0, -107.75, 0],
			"translation": [0, 0, -5.25],
			"scale": [0.25, 0.25, 0.25]
		}
	},
	"groups": [
		{
			"name": "body",
			"origin": [0, 0, 0],
			"color": 0,
			"children": [0, 1, 2, 3, 4, 5, 6, 7, 8, 9, 10, 11, 12, 13, 14, 15, 16, 17, 18, 19, 20, 21, 22, 23, 24, 25, 26, 27, 28, 29, 30, 31, 32, 33, 34, 35]
		},
		{
			"name": "top",
			"origin": [0, 0, 0],
			"color": 0,
			"children": [36, 37, 38, 39, 40, 41, 42, 43, 44, 45, 46, 47, 48, 49, 50, 51, 52, 53, 54, 55, 56, 57, 58, 59]
		}
	]
}