{
	"credit": "Made with Blockbench",
	"textures": {
		"0": "grimurrp:models/weapons/xeth_ww1_flamethrower",
		"1": "grimurrp:models/weapons/animatedcrystal1",
		"particle": "grimurrp:models/weapons/animatedcrystal1"
	},
	"elements": [
		{
			"from": [9.52642, 8.69395, 9.71668],
			"to": [11.73091, 11.74066, 20.36838],
			"rotation": {"angle": 0, "axis": "y", "origin": [10.62867, 10.2173, 15.04253]},
			"faces": {
				"north": {"uv": [1, 4, 2, 5], "texture": "#0"},
				"east": {"uv": [1, 4, 2, 5], "texture": "#0"},
				"south": {"uv": [1, 4, 2, 5], "texture": "#0"},
				"west": {"uv": [1, 4, 2, 5], "texture": "#0"},
				"up": {"uv": [1, 4, 2, 5], "texture": "#0"},
				"down": {"uv": [1, 4, 2, 5], "texture": "#0"}
			}
		},
		{
			"from": [9.52642, -0.67983, 9.71668],
			"to": [11.73091, 8.69395, 12.31733],
			"rotation": {"angle": 0, "axis": "y", "origin": [10.62867, 4.00706, 11.01701]},
			"faces": {
				"north": {"uv": [1, 4, 2, 5], "texture": "#0"},
				"east": {"uv": [1, 4, 2, 5], "texture": "#0"},
				"south": {"uv": [1, 4, 2, 5], "texture": "#0"},
				"west": {"uv": [1, 4, 2, 5], "texture": "#0"},
				"up": {"uv": [1, 4, 2, 5], "texture": "#0"},
				"down": {"uv": [1, 4, 2, 5], "texture": "#0"}
			}
		},
		{
			"from": [9.52642, -3.72654, 9.71668],
			"to": [11.73091, -0.67983, 20.36838],
			"rotation": {"angle": 0, "axis": "y", "origin": [10.62867, -2.20319, 15.04253]},
			"faces": {
				"north": {"uv": [1, 4, 2, 5], "texture": "#0"},
				"east": {"uv": [1, 4, 2, 5], "texture": "#0"},
				"south": {"uv": [1, 4, 2, 5], "texture": "#0"},
				"west": {"uv": [1, 4, 2, 5], "texture": "#0"},
				"up": {"uv": [1, 4, 2, 5], "texture": "#0"},
				"down": {"uv": [1, 4, 2, 5], "texture": "#0"}
			}
		},
		{
			"from": [1.03622, 8.69395, 9.71668],
			"to": [3.2407, 11.74066, 20.36838],
			"rotation": {"angle": 0, "axis": "y", "origin": [2.13846, 10.2173, 15.04253]},
			"faces": {
				"north": {"uv": [1, 4, 2, 5], "texture": "#0"},
				"east": {"uv": [1, 4, 2, 5], "texture": "#0"},
				"south": {"uv": [1, 4, 2, 5], "texture": "#0"},
				"west": {"uv": [1, 4, 2, 5], "texture": "#0"},
				"up": {"uv": [1, 4, 2, 5], "texture": "#0"},
				"down": {"uv": [1, 4, 2, 5], "texture": "#0"}
			}
		},
		{
			"from": [1.03622, -0.67983, 9.71668],
			"to": [3.2407, 8.69395, 12.31733],
			"rotation": {"angle": 0, "axis": "y", "origin": [2.13846, 4.00706, 11.01701]},
			"faces": {
				"north": {"uv": [1, 4, 2, 5], "texture": "#0"},
				"east": {"uv": [1, 4, 2, 5], "texture": "#0"},
				"south": {"uv": [1, 4, 2, 5], "texture": "#0"},
				"west": {"uv": [1, 4, 2, 5], "texture": "#0"},
				"up": {"uv": [1, 4, 2, 5], "texture": "#0"},
				"down": {"uv": [1, 4, 2, 5], "texture": "#0"}
			}
		},
		{
			"from": [1.03622, -3.72654, 9.71668],
			"to": [3.2407, -0.67983, 20.36838],
			"rotation": {"angle": 0, "axis": "y", "origin": [2.13846, -2.20319, 15.04253]},
			"faces": {
				"north": {"uv": [1, 4, 2, 5], "texture": "#0"},
				"east": {"uv": [1, 4, 2, 5], "texture": "#0"},
				"south": {"uv": [1, 4, 2, 5], "texture": "#0"},
				"west": {"uv": [1, 4, 2, 5], "texture": "#0"},
				"up": {"uv": [1, 4, 2, 5], "texture": "#0"},
				"down": {"uv": [1, 4, 2, 5], "texture": "#0"}
			}
		},
		{
			"from": [0.22976, -4.44952, 20.6109],
			"to": [12.53736, 15.44655, 25.70887],
			"rotation": {"angle": 0, "axis": "y", "origin": [6.38356, 5.49852, 23.15989]},
			"faces": {
				"north": {"uv": [7, 1, 8, 2], "texture": "#0"},
				"east": {"uv": [7, 1, 8, 2], "texture": "#0"},
				"south": {"uv": [7, 1, 8, 2], "texture": "#0"},
				"west": {"uv": [7, 1, 8, 2], "texture": "#0"},
				"up": {"uv": [7, 1, 8, 2], "texture": "#0"},
				"down": {"uv": [7, 1, 8, 2], "texture": "#0"}
			}
		},
		{
			"from": [3.83457, -4.44952, 17.00609],
			"to": [8.93255, 15.44655, 29.31369],
			"rotation": {"angle": 0, "axis": "y", "origin": [6.38356, 5.49852, 23.15989]},
			"faces": {
				"north": {"uv": [7, 1, 8, 2], "texture": "#0"},
				"east": {"uv": [7, 1, 8, 2], "texture": "#0"},
				"south": {"uv": [7, 1, 8, 2], "texture": "#0"},
				"west": {"uv": [7, 1, 8, 2], "texture": "#0"},
				"up": {"uv": [7, 1, 8, 2], "texture": "#0"},
				"down": {"uv": [7, 1, 8, 2], "texture": "#0"}
			}
		},
		{
			"from": [0.22976, -4.44952, 20.6109],
			"to": [12.53736, 15.44655, 25.70887],
			"rotation": {"angle": 45, "axis": "y", "origin": [6.38356, 5.49852, 23.15989]},
			"faces": {
				"north": {"uv": [7, 1, 8, 2], "texture": "#0"},
				"east": {"uv": [7, 1, 8, 2], "texture": "#0"},
				"south": {"uv": [7, 1, 8, 2], "texture": "#0"},
				"west": {"uv": [7, 1, 8, 2], "texture": "#0"},
				"up": {"uv": [7, 1, 8, 2], "texture": "#0"},
				"down": {"uv": [7, 1, 8, 2], "texture": "#0"}
			}
		},
		{
			"from": [0.22976, -4.44952, 20.6109],
			"to": [12.53736, 15.44655, 25.70887],
			"rotation": {"angle": -45, "axis": "y", "origin": [6.38356, 5.49852, 23.15989]},
			"faces": {
				"north": {"uv": [7, 1, 8, 2], "texture": "#0"},
				"east": {"uv": [7, 1, 8, 2], "texture": "#0"},
				"south": {"uv": [7, 1, 8, 2], "texture": "#0"},
				"west": {"uv": [7, 1, 8, 2], "texture": "#0"},
				"up": {"uv": [7, 1, 8, 2], "texture": "#0"},
				"down": {"uv": [7, 1, 8, 2], "texture": "#0"}
			}
		},
		{
			"from": [1.347, -5.46093, 21.07172],
			"to": [11.42012, 17.10301, 25.24414],
			"rotation": {"angle": 0, "axis": "y", "origin": [6.38356, 4.94961, 23.15793]},
			"faces": {
				"north": {"uv": [7, 1, 8, 2], "texture": "#0"},
				"east": {"uv": [7, 1, 8, 2], "texture": "#0"},
				"south": {"uv": [7, 1, 8, 2], "texture": "#0"},
				"west": {"uv": [7, 1, 8, 2], "texture": "#0"},
				"up": {"uv": [7, 1, 8, 2], "texture": "#0"},
				"down": {"uv": [7, 1, 8, 2], "texture": "#0"}
			}
		},
		{
			"from": [4.29735, -5.46093, 18.12137],
			"to": [8.46977, 17.10301, 28.19448],
			"rotation": {"angle": 0, "axis": "y", "origin": [6.38356, 4.94961, 23.15793]},
			"faces": {
				"north": {"uv": [7, 1, 8, 2], "texture": "#0"},
				"east": {"uv": [7, 1, 8, 2], "texture": "#0"},
				"south": {"uv": [7, 1, 8, 2], "texture": "#0"},
				"west": {"uv": [7, 1, 8, 2], "texture": "#0"},
				"up": {"uv": [7, 1, 8, 2], "texture": "#0"},
				"down": {"uv": [7, 1, 8, 2], "texture": "#0"}
			}
		},
		{
			"from": [1.34701, -5.46093, 21.07172],
			"to": [11.42012, 17.10301, 25.24414],
			"rotation": {"angle": 45, "axis": "y", "origin": [6.38356, 4.94961, 23.15793]},
			"faces": {
				"north": {"uv": [7, 1, 8, 2], "texture": "#0"},
				"east": {"uv": [7, 1, 8, 2], "texture": "#0"},
				"south": {"uv": [7, 1, 8, 2], "texture": "#0"},
				"west": {"uv": [7, 1, 8, 2], "texture": "#0"},
				"up": {"uv": [7, 1, 8, 2], "texture": "#0"},
				"down": {"uv": [7, 1, 8, 2], "texture": "#0"}
			}
		},
		{
			"from": [1.34701, -5.46093, 21.07172],
			"to": [11.42012, 17.10301, 25.24414],
			"rotation": {"angle": -45, "axis": "y", "origin": [6.38356, 4.94961, 23.15793]},
			"faces": {
				"north": {"uv": [7, 1, 8, 2], "texture": "#0"},
				"east": {"uv": [7, 1, 8, 2], "texture": "#0"},
				"south": {"uv": [7, 1, 8, 2], "texture": "#0"},
				"west": {"uv": [7, 1, 8, 2], "texture": "#0"},
				"up": {"uv": [7, 1, 8, 2], "texture": "#0"},
				"down": {"uv": [7, 1, 8, 2], "texture": "#0"}
			}
		},
		{
			"from": [2.57544, 13.73598, 21.58055],
			"to": [10.19169, 18.56108, 24.7353],
			"rotation": {"angle": 0, "axis": "y", "origin": [6.38356, 16.14853, 23.15793]},
			"faces": {
				"north": {"uv": [7, 1, 8, 2], "texture": "#0"},
				"east": {"uv": [7, 1, 8, 2], "texture": "#0"},
				"south": {"uv": [7, 1, 8, 2], "texture": "#0"},
				"west": {"uv": [7, 1, 8, 2], "texture": "#0"},
				"up": {"uv": [7, 1, 8, 2], "texture": "#0"},
				"down": {"uv": [7, 1, 8, 2], "texture": "#0"}
			}
		},
		{
			"from": [4.80618, 13.73599, 19.3498],
			"to": [7.96094, 18.56108, 26.96605],
			"rotation": {"angle": 0, "axis": "y", "origin": [6.38356, 16.14853, 23.15793]},
			"faces": {
				"north": {"uv": [7, 1, 8, 2], "texture": "#0"},
				"east": {"uv": [7, 1, 8, 2], "texture": "#0"},
				"south": {"uv": [7, 1, 8, 2], "texture": "#0"},
				"west": {"uv": [7, 1, 8, 2], "texture": "#0"},
				"up": {"uv": [7, 1, 8, 2], "texture": "#0"},
				"down": {"uv": [7, 1, 8, 2], "texture": "#0"}
			}
		},
		{
			"from": [2.57544, 13.73598, 21.58055],
			"to": [10.19168, 18.56108, 24.7353],
			"rotation": {"angle": 45, "axis": "y", "origin": [6.38356, 16.14853, 23.15793]},
			"faces": {
				"north": {"uv": [7, 1, 8, 2], "texture": "#0"},
				"east": {"uv": [7, 1, 8, 2], "texture": "#0"},
				"south": {"uv": [7, 1, 8, 2], "texture": "#0"},
				"west": {"uv": [7, 1, 8, 2], "texture": "#0"},
				"up": {"uv": [7, 1, 8, 2], "texture": "#0"},
				"down": {"uv": [7, 1, 8, 2], "texture": "#0"}
			}
		},
		{
			"from": [2.57544, 13.73598, 21.58055],
			"to": [10.19168, 18.56108, 24.7353],
			"rotation": {"angle": -45, "axis": "y", "origin": [6.38356, 16.14853, 23.15793]},
			"faces": {
				"north": {"uv": [7, 1, 8, 2], "texture": "#0"},
				"east": {"uv": [7, 1, 8, 2], "texture": "#0"},
				"south": {"uv": [7, 1, 8, 2], "texture": "#0"},
				"west": {"uv": [7, 1, 8, 2], "texture": "#0"},
				"up": {"uv": [7, 1, 8, 2], "texture": "#0"},
				"down": {"uv": [7, 1, 8, 2], "texture": "#0"}
			}
		},
		{
			"from": [4.25767, 16.12955, 22.36005],
			"to": [4.89544, 21.46093, 24.12119],
			"rotation": {"angle": 0, "axis": "y", "origin": [6.38356, 18.79524, 23.24062]},
			"faces": {
				"north": {"uv": [7, 1, 8, 2], "texture": "#0"},
				"east": {"uv": [7, 1, 8, 2], "texture": "#0"},
				"south": {"uv": [7, 1, 8, 2], "texture": "#0"},
				"west": {"uv": [7, 1, 8, 2], "texture": "#0"},
				"up": {"uv": [7, 1, 8, 2], "texture": "#0"},
				"down": {"uv": [7, 1, 8, 2], "texture": "#0"}
			}
		},
		{
			"from": [4.25768, 16.12955, 22.36005],
			"to": [4.89544, 21.46093, 24.12119],
			"rotation": {"angle": 45, "axis": "y", "origin": [6.38356, 18.79524, 23.24062]},
			"faces": {
				"north": {"uv": [7, 1, 8, 2], "texture": "#0"},
				"east": {"uv": [7, 1, 8, 2], "texture": "#0"},
				"south": {"uv": [7, 1, 8, 2], "texture": "#0"},
				"west": {"uv": [7, 1, 8, 2], "texture": "#0"},
				"up": {"uv": [7, 1, 8, 2], "texture": "#0"},
				"down": {"uv": [7, 1, 8, 2], "texture": "#0"}
			}
		},
		{
			"from": [5.50299, 16.12955, 24.72874],
			"to": [7.26413, 21.46093, 25.3665],
			"rotation": {"angle": 0, "axis": "y", "origin": [6.38356, 18.79524, 23.24062]},
			"faces": {
				"north": {"uv": [7, 1, 8, 2], "texture": "#0"},
				"east": {"uv": [7, 1, 8, 2], "texture": "#0"},
				"south": {"uv": [7, 1, 8, 2], "texture": "#0"},
				"west": {"uv": [7, 1, 8, 2], "texture": "#0"},
				"up": {"uv": [7, 1, 8, 2], "texture": "#0"},
				"down": {"uv": [7, 1, 8, 2], "texture": "#0"}
			}
		},
		{
			"from": [7.87168, 16.12955, 22.36005],
			"to": [8.50945, 21.46093, 24.12119],
			"rotation": {"angle": -45, "axis": "y", "origin": [6.38356, 18.79524, 23.24062]},
			"faces": {
				"north": {"uv": [7, 1, 8, 2], "texture": "#0"},
				"east": {"uv": [7, 1, 8, 2], "texture": "#0"},
				"south": {"uv": [7, 1, 8, 2], "texture": "#0"},
				"west": {"uv": [7, 1, 8, 2], "texture": "#0"},
				"up": {"uv": [7, 1, 8, 2], "texture": "#0"},
				"down": {"uv": [7, 1, 8, 2], "texture": "#0"}
			}
		},
		{
			"from": [7.87168, 16.12955, 22.36005],
			"to": [8.50945, 21.46093, 24.12119],
			"rotation": {"angle": 0, "axis": "y", "origin": [6.38356, 18.79524, 23.24062]},
			"faces": {
				"north": {"uv": [7, 1, 8, 2], "texture": "#0"},
				"east": {"uv": [7, 1, 8, 2], "texture": "#0"},
				"south": {"uv": [7, 1, 8, 2], "texture": "#0"},
				"west": {"uv": [7, 1, 8, 2], "texture": "#0"},
				"up": {"uv": [7, 1, 8, 2], "texture": "#0"},
				"down": {"uv": [7, 1, 8, 2], "texture": "#0"}
			}
		},
		{
			"from": [6.07043, 17.11253, 22.85924],
			"to": [6.69669, 19.8772, 23.45662],
			"rotation": {"angle": 0, "axis": "y", "origin": [6.38356, 18.49487, 23.15793]},
			"faces": {
				"north": {"uv": [7, 1, 8, 2], "texture": "#0"},
				"east": {"uv": [7, 1, 8, 2], "texture": "#0"},
				"south": {"uv": [7, 1, 8, 2], "texture": "#0"},
				"west": {"uv": [7, 1, 8, 2], "texture": "#0"},
				"up": {"uv": [7, 1, 8, 2], "texture": "#0"},
				"down": {"uv": [7, 1, 8, 2], "texture": "#0"}
			}
		},
		{
			"from": [5.66477, 19.44376, 22.47229],
			"to": [7.10235, 20.37399, 23.84357],
			"rotation": {"angle": 0, "axis": "y", "origin": [6.38356, 19.90887, 23.15793]},
			"faces": {
				"north": {"uv": [7, 1, 8, 2], "texture": "#0"},
				"east": {"uv": [7, 1, 8, 2], "texture": "#0"},
				"south": {"uv": [7, 1, 8, 2], "texture": "#0"},
				"west": {"uv": [7, 1, 8, 2], "texture": "#0"},
				"up": {"uv": [7, 1, 8, 2], "texture": "#0"},
				"down": {"uv": [7, 1, 8, 2], "texture": "#0"}
			}
		},
		{
			"from": [11.5, 0.5, 22.25],
			"to": [13.5, 2.5, 24.25],
			"faces": {
				"north": {"uv": [0.4, 3.6, 2.4, 5.6], "texture": "#0"},
				"east": {"uv": [0.4, 3.6, 2.4, 5.6], "texture": "#0"},
				"south": {"uv": [0.4, 3.6, 2.4, 5.6], "texture": "#0"},
				"west": {"uv": [0.4, 3.6, 2.4, 5.6], "texture": "#0"},
				"up": {"uv": [0.4, 3.6, 2.4, 5.6], "texture": "#0"},
				"down": {"uv": [0.4, 3.6, 2.4, 5.6], "texture": "#0"}
			}
		},
		{
			"from": [11.5, 9.5, 22.25],
			"to": [13.5, 11.5, 24.25],
			"faces": {
				"north": {"uv": [0.4, 3.6, 2.4, 5.6], "texture": "#0"},
				"east": {"uv": [0.4, 3.6, 2.4, 5.6], "texture": "#0"},
				"south": {"uv": [0.4, 3.6, 2.4, 5.6], "texture": "#0"},
				"west": {"uv": [0.4, 3.6, 2.4, 5.6], "texture": "#0"},
				"up": {"uv": [0.4, 3.6, 2.4, 5.6], "texture": "#0"},
				"down": {"uv": [0.4, 3.6, 2.4, 5.6], "texture": "#0"}
			}
		},
		{
			"from": [13, -0.5, 22.75],
			"to": [13.75, 12.5, 23.75],
			"faces": {
				"north": {"uv": [6.6, 0.5, 8.6, 2.5], "texture": "#0"},
				"east": {"uv": [6.6, 0.5, 8.6, 2.5], "texture": "#0"},
				"south": {"uv": [6.6, 0.5, 8.6, 2.5], "texture": "#0"},
				"west": {"uv": [6.6, 0.5, 8.6, 2.5], "texture": "#0"},
				"up": {"uv": [6.6, 0.5, 8.6, 2.5], "texture": "#0"},
				"down": {"uv": [6.6, 0.5, 8.6, 2.5], "texture": "#0"}
			}
		},
		{
			"from": [15.125, 12, 21.425],
			"to": [15.875, 13.5, 25.1],
			"rotation": {"angle": 0, "axis": "y", "origin": [15.5, 12, 23.25]},
			"faces": {
				"north": {"uv": [6.6, 0.5, 8.6, 2.5], "rotation": 90, "texture": "#0"},
				"east": {"uv": [6.6, 0.5, 8.6, 2.5], "rotation": 90, "texture": "#0"},
				"south": {"uv": [6.6, 0.5, 8.6, 2.5], "rotation": 90, "texture": "#0"},
				"west": {"uv": [6.6, 0.5, 8.6, 2.5], "rotation": 90, "texture": "#0"},
				"up": {"uv": [6.6, 0.5, 8.6, 2.5], "rotation": 90, "texture": "#0"},
				"down": {"uv": [6.6, 0.5, 8.6, 2.5], "rotation": 90, "texture": "#0"}
			}
		},
		{
			"from": [15.125, 12.75, 22.925],
			"to": [15.875, 14.25, 23.6],
			"rotation": {"angle": 0, "axis": "y", "origin": [15.5, 12, 23.25]},
			"faces": {
				"north": {"uv": [6.6, 0.5, 8.6, 2.5], "rotation": 90, "texture": "#0"},
				"east": {"uv": [6.6, 0.5, 8.6, 2.5], "rotation": 90, "texture": "#0"},
				"south": {"uv": [6.6, 0.5, 8.6, 2.5], "rotation": 90, "texture": "#0"},
				"west": {"uv": [6.6, 0.5, 8.6, 2.5], "rotation": 90, "texture": "#0"},
				"up": {"uv": [6.6, 0.5, 8.6, 2.5], "rotation": 90, "texture": "#0"},
				"down": {"uv": [6.6, 0.5, 8.6, 2.5], "rotation": 90, "texture": "#0"}
			}
		},
		{
			"from": [15.15, 12, 21.425],
			"to": [15.875, 13.5, 25.1],
			"rotation": {"angle": -22.5, "axis": "y", "origin": [15.5, 12, 23.25]},
			"faces": {
				"north": {"uv": [6.6, 0.5, 8.6, 2.5], "rotation": 90, "texture": "#0"},
				"east": {"uv": [6.6, 0.5, 8.6, 2.5], "rotation": 90, "texture": "#0"},
				"south": {"uv": [6.6, 0.5, 8.6, 2.5], "rotation": 90, "texture": "#0"},
				"west": {"uv": [6.6, 0.5, 8.6, 2.5], "rotation": 90, "texture": "#0"},
				"up": {"uv": [6.6, 0.5, 8.6, 2.5], "rotation": 90, "texture": "#0"},
				"down": {"uv": [6.6, 0.5, 8.6, 2.5], "rotation": 90, "texture": "#0"}
			}
		},
		{
			"from": [15.15, 12, 21.425],
			"to": [15.875, 13.5, 25.1],
			"rotation": {"angle": -45, "axis": "y", "origin": [15.5, 12, 23.25]},
			"faces": {
				"north": {"uv": [6.6, 0.5, 8.6, 2.5], "rotation": 90, "texture": "#0"},
				"east": {"uv": [6.6, 0.5, 8.6, 2.5], "rotation": 90, "texture": "#0"},
				"south": {"uv": [6.6, 0.5, 8.6, 2.5], "rotation": 90, "texture": "#0"},
				"west": {"uv": [6.6, 0.5, 8.6, 2.5], "rotation": 90, "texture": "#0"},
				"up": {"uv": [6.6, 0.5, 8.6, 2.5], "rotation": 90, "texture": "#0"},
				"down": {"uv": [6.6, 0.5, 8.6, 2.5], "rotation": 90, "texture": "#0"}
			}
		},
		{
			"from": [13.65, 12, 22.9],
			"to": [17.325, 13.5, 23.625],
			"rotation": {"angle": 22.5, "axis": "y", "origin": [15.5, 12, 23.25]},
			"faces": {
				"north": {"uv": [6.6, 0.5, 8.6, 2.5], "rotation": 180, "texture": "#0"},
				"east": {"uv": [6.6, 0.5, 8.6, 2.5], "rotation": 180, "texture": "#0"},
				"south": {"uv": [6.6, 0.5, 8.6, 2.5], "rotation": 180, "texture": "#0"},
				"west": {"uv": [6.6, 0.5, 8.6, 2.5], "rotation": 180, "texture": "#0"},
				"up": {"uv": [6.6, 0.5, 8.6, 2.5], "rotation": 180, "texture": "#0"},
				"down": {"uv": [6.6, 0.5, 8.6, 2.5], "rotation": 180, "texture": "#0"}
			}
		},
		{
			"from": [13.65, 12, 22.9],
			"to": [17.325, 13.5, 23.625],
			"rotation": {"angle": 0, "axis": "y", "origin": [15.5, 12, 23.25]},
			"faces": {
				"north": {"uv": [6.6, 0.5, 8.6, 2.5], "rotation": 180, "texture": "#0"},
				"east": {"uv": [6.6, 0.5, 8.6, 2.5], "rotation": 180, "texture": "#0"},
				"south": {"uv": [6.6, 0.5, 8.6, 2.5], "rotation": 180, "texture": "#0"},
				"west": {"uv": [6.6, 0.5, 8.6, 2.5], "rotation": 180, "texture": "#0"},
				"up": {"uv": [6.6, 0.5, 8.6, 2.5], "rotation": 180, "texture": "#0"},
				"down": {"uv": [6.6, 0.5, 8.6, 2.5], "rotation": 180, "texture": "#0"}
			}
		},
		{
			"from": [13.65, 12, 22.9],
			"to": [17.325, 13.5, 23.625],
			"rotation": {"angle": -22.5, "axis": "y", "origin": [15.5, 12, 23.25]},
			"faces": {
				"north": {"uv": [6.6, 0.5, 8.6, 2.5], "rotation": 180, "texture": "#0"},
				"east": {"uv": [6.6, 0.5, 8.6, 2.5], "rotation": 180, "texture": "#0"},
				"south": {"uv": [6.6, 0.5, 8.6, 2.5], "rotation": 180, "texture": "#0"},
				"west": {"uv": [6.6, 0.5, 8.6, 2.5], "rotation": 180, "texture": "#0"},
				"up": {"uv": [6.6, 0.5, 8.6, 2.5], "rotation": 180, "texture": "#0"},
				"down": {"uv": [6.6, 0.5, 8.6, 2.5], "rotation": 180, "texture": "#0"}
			}
		},
		{
			"from": [13.65, 12, 22.9],
			"to": [17.325, 13.5, 23.625],
			"rotation": {"angle": -45, "axis": "y", "origin": [15.5, 12, 23.25]},
			"faces": {
				"north": {"uv": [6.6, 0.5, 8.6, 2.5], "rotation": 180, "texture": "#0"},
				"east": {"uv": [6.6, 0.5, 8.6, 2.5], "rotation": 180, "texture": "#0"},
				"south": {"uv": [6.6, 0.5, 8.6, 2.5], "rotation": 180, "texture": "#0"},
				"west": {"uv": [6.6, 0.5, 8.6, 2.5], "rotation": 180, "texture": "#0"},
				"up": {"uv": [6.6, 0.5, 8.6, 2.5], "rotation": 180, "texture": "#0"},
				"down": {"uv": [6.6, 0.5, 8.6, 2.5], "rotation": 180, "texture": "#0"}
			}
		},
		{
			"from": [15.125, 12, 21.4],
			"to": [15.85, 13.5, 25.1],
			"rotation": {"angle": 22.5, "axis": "y", "origin": [15.5, 12, 23.25]},
			"faces": {
				"north": {"uv": [6.6, 0.5, 8.6, 2.5], "rotation": 270, "texture": "#0"},
				"east": {"uv": [6.6, 0.5, 8.6, 2.5], "rotation": 270, "texture": "#0"},
				"south": {"uv": [6.6, 0.5, 8.6, 2.5], "rotation": 270, "texture": "#0"},
				"west": {"uv": [6.6, 0.5, 8.6, 2.5], "rotation": 270, "texture": "#0"},
				"up": {"uv": [6.6, 0.5, 8.6, 2.5], "rotation": 270, "texture": "#0"},
				"down": {"uv": [6.6, 0.5, 8.6, 2.5], "rotation": 270, "texture": "#0"}
			}
		},
		{
			"from": [15.125, 0, 21.425],
			"to": [15.875, 1.5, 25.1],
			"rotation": {"angle": 0, "axis": "y", "origin": [15.5, 0, 23.25]},
			"faces": {
				"north": {"uv": [6.6, 0.5, 8.6, 2.5], "rotation": 90, "texture": "#0"},
				"east": {"uv": [6.6, 0.5, 8.6, 2.5], "rotation": 90, "texture": "#0"},
				"south": {"uv": [6.6, 0.5, 8.6, 2.5], "rotation": 90, "texture": "#0"},
				"west": {"uv": [6.6, 0.5, 8.6, 2.5], "rotation": 90, "texture": "#0"},
				"up": {"uv": [6.6, 0.5, 8.6, 2.5], "rotation": 90, "texture": "#0"},
				"down": {"uv": [6.6, 0.5, 8.6, 2.5], "rotation": 90, "texture": "#0"}
			}
		},
		{
			"from": [15.125, 0, 21.4],
			"to": [15.85, 1.5, 25.1],
			"rotation": {"angle": 22.5, "axis": "y", "origin": [15.5, 0, 23.25]},
			"faces": {
				"north": {"uv": [6.6, 0.5, 8.6, 2.5], "rotation": 270, "texture": "#0"},
				"east": {"uv": [6.6, 0.5, 8.6, 2.5], "rotation": 270, "texture": "#0"},
				"south": {"uv": [6.6, 0.5, 8.6, 2.5], "rotation": 270, "texture": "#0"},
				"west": {"uv": [6.6, 0.5, 8.6, 2.5], "rotation": 270, "texture": "#0"},
				"up": {"uv": [6.6, 0.5, 8.6, 2.5], "rotation": 270, "texture": "#0"},
				"down": {"uv": [6.6, 0.5, 8.6, 2.5], "rotation": 270, "texture": "#0"}
			}
		},
		{
			"from": [13.65, 0, 22.9],
			"to": [17.325, 1.5, 23.625],
			"rotation": {"angle": -45, "axis": "y", "origin": [15.5, 0, 23.25]},
			"faces": {
				"north": {"uv": [6.6, 0.5, 8.6, 2.5], "rotation": 180, "texture": "#0"},
				"east": {"uv": [6.6, 0.5, 8.6, 2.5], "rotation": 180, "texture": "#0"},
				"south": {"uv": [6.6, 0.5, 8.6, 2.5], "rotation": 180, "texture": "#0"},
				"west": {"uv": [6.6, 0.5, 8.6, 2.5], "rotation": 180, "texture": "#0"},
				"up": {"uv": [6.6, 0.5, 8.6, 2.5], "rotation": 180, "texture": "#0"},
				"down": {"uv": [6.6, 0.5, 8.6, 2.5], "rotation": 180, "texture": "#0"}
			}
		},
		{
			"from": [13.65, 0, 22.9],
			"to": [17.325, 1.5, 23.625],
			"rotation": {"angle": -22.5, "axis": "y", "origin": [15.5, 0, 23.25]},
			"faces": {
				"north": {"uv": [6.6, 0.5, 8.6, 2.5], "rotation": 180, "texture": "#0"},
				"east": {"uv": [6.6, 0.5, 8.6, 2.5], "rotation": 180, "texture": "#0"},
				"south": {"uv": [6.6, 0.5, 8.6, 2.5], "rotation": 180, "texture": "#0"},
				"west": {"uv": [6.6, 0.5, 8.6, 2.5], "rotation": 180, "texture": "#0"},
				"up": {"uv": [6.6, 0.5, 8.6, 2.5], "rotation": 180, "texture": "#0"},
				"down": {"uv": [6.6, 0.5, 8.6, 2.5], "rotation": 180, "texture": "#0"}
			}
		},
		{
			"from": [13.65, 0, 22.9],
			"to": [17.325, 1.5, 23.625],
			"rotation": {"angle": 0, "axis": "y", "origin": [15.5, 0, 23.25]},
			"faces": {
				"north": {"uv": [6.6, 0.5, 8.6, 2.5], "rotation": 180, "texture": "#0"},
				"east": {"uv": [6.6, 0.5, 8.6, 2.5], "rotation": 180, "texture": "#0"},
				"south": {"uv": [6.6, 0.5, 8.6, 2.5], "rotation": 180, "texture": "#0"},
				"west": {"uv": [6.6, 0.5, 8.6, 2.5], "rotation": 180, "texture": "#0"},
				"up": {"uv": [6.6, 0.5, 8.6, 2.5], "rotation": 180, "texture": "#0"},
				"down": {"uv": [6.6, 0.5, 8.6, 2.5], "rotation": 180, "texture": "#0"}
			}
		},
		{
			"from": [13.65, 0, 22.9],
			"to": [17.325, 1.5, 23.625],
			"rotation": {"angle": 22.5, "axis": "y", "origin": [15.5, 0, 23.25]},
			"faces": {
				"north": {"uv": [6.6, 0.5, 8.6, 2.5], "rotation": 180, "texture": "#0"},
				"east": {"uv": [6.6, 0.5, 8.6, 2.5], "rotation": 180, "texture": "#0"},
				"south": {"uv": [6.6, 0.5, 8.6, 2.5], "rotation": 180, "texture": "#0"},
				"west": {"uv": [6.6, 0.5, 8.6, 2.5], "rotation": 180, "texture": "#0"},
				"up": {"uv": [6.6, 0.5, 8.6, 2.5], "rotation": 180, "texture": "#0"},
				"down": {"uv": [6.6, 0.5, 8.6, 2.5], "rotation": 180, "texture": "#0"}
			}
		},
		{
			"from": [15.15, 0, 21.425],
			"to": [15.875, 1.5, 25.1],
			"rotation": {"angle": -45, "axis": "y", "origin": [15.5, 0, 23.25]},
			"faces": {
				"north": {"uv": [6.6, 0.5, 8.6, 2.5], "rotation": 90, "texture": "#0"},
				"east": {"uv": [6.6, 0.5, 8.6, 2.5], "rotation": 90, "texture": "#0"},
				"south": {"uv": [6.6, 0.5, 8.6, 2.5], "rotation": 90, "texture": "#0"},
				"west": {"uv": [6.6, 0.5, 8.6, 2.5], "rotation": 90, "texture": "#0"},
				"up": {"uv": [6.6, 0.5, 8.6, 2.5], "rotation": 90, "texture": "#0"},
				"down": {"uv": [6.6, 0.5, 8.6, 2.5], "rotation": 90, "texture": "#0"}
			}
		},
		{
			"from": [15.15, 0, 21.425],
			"to": [15.875, 1.5, 25.1],
			"rotation": {"angle": -22.5, "axis": "y", "origin": [15.5, 0, 23.25]},
			"faces": {
				"north": {"uv": [6.6, 0.5, 8.6, 2.5], "rotation": 90, "texture": "#0"},
				"east": {"uv": [6.6, 0.5, 8.6, 2.5], "rotation": 90, "texture": "#0"},
				"south": {"uv": [6.6, 0.5, 8.6, 2.5], "rotation": 90, "texture": "#0"},
				"west": {"uv": [6.6, 0.5, 8.6, 2.5], "rotation": 90, "texture": "#0"},
				"up": {"uv": [6.6, 0.5, 8.6, 2.5], "rotation": 90, "texture": "#0"},
				"down": {"uv": [6.6, 0.5, 8.6, 2.5], "rotation": 90, "texture": "#0"}
			}
		},
		{
			"from": [13.05865, -0.5, 22.95514],
			"to": [13.80865, 12.5, 23.95514],
			"rotation": {"angle": -22.5, "axis": "y", "origin": [16.05865, 0, 23.20514]},
			"faces": {
				"north": {"uv": [6.6, 0.5, 8.6, 2.5], "texture": "#0"},
				"east": {"uv": [6.6, 0.5, 8.6, 2.5], "texture": "#0"},
				"south": {"uv": [6.6, 0.5, 8.6, 2.5], "texture": "#0"},
				"west": {"uv": [6.6, 0.5, 8.6, 2.5], "texture": "#0"},
				"up": {"uv": [6.6, 0.5, 8.6, 2.5], "texture": "#0"},
				"down": {"uv": [6.6, 0.5, 8.6, 2.5], "texture": "#0"}
			}
		},
		{
			"from": [15.18075, -0.5, 20.60364],
			"to": [16.18075, 12.5, 21.35364],
			"rotation": {"angle": 22.5, "axis": "y", "origin": [15.93075, 0, 23.60364]},
			"faces": {
				"north": {"uv": [6.6, 0.5, 8.6, 2.5], "rotation": 90, "texture": "#0"},
				"east": {"uv": [6.6, 0.5, 8.6, 2.5], "rotation": 90, "texture": "#0"},
				"south": {"uv": [6.6, 0.5, 8.6, 2.5], "rotation": 90, "texture": "#0"},
				"west": {"uv": [6.6, 0.5, 8.6, 2.5], "rotation": 90, "texture": "#0"},
				"up": {"uv": [6.6, 0.5, 8.6, 2.5], "rotation": 90, "texture": "#0"},
				"down": {"uv": [6.6, 0.5, 8.6, 2.5], "rotation": 90, "texture": "#0"}
			}
		},
		{
			"from": [13.03433, -0.5, 23.16711],
			"to": [13.78433, 12.5, 24.16711],
			"rotation": {"angle": -45, "axis": "y", "origin": [16.03433, 0, 23.41711]},
			"faces": {
				"north": {"uv": [6.6, 0.5, 8.6, 2.5], "texture": "#0"},
				"east": {"uv": [6.6, 0.5, 8.6, 2.5], "texture": "#0"},
				"south": {"uv": [6.6, 0.5, 8.6, 2.5], "texture": "#0"},
				"west": {"uv": [6.6, 0.5, 8.6, 2.5], "texture": "#0"},
				"up": {"uv": [6.6, 0.5, 8.6, 2.5], "texture": "#0"},
				"down": {"uv": [6.6, 0.5, 8.6, 2.5], "texture": "#0"}
			}
		},
		{
			"from": [15.01367, -0.5, 20.73633],
			"to": [16.01367, 12.5, 21.48633],
			"rotation": {"angle": 0, "axis": "y", "origin": [14.76367, 0, 22.73633]},
			"faces": {
				"north": {"uv": [6.6, 0.5, 8.6, 2.5], "rotation": 90, "texture": "#0"},
				"east": {"uv": [6.6, 0.5, 8.6, 2.5], "rotation": 90, "texture": "#0"},
				"south": {"uv": [6.6, 0.5, 8.6, 2.5], "rotation": 90, "texture": "#0"},
				"west": {"uv": [6.6, 0.5, 8.6, 2.5], "rotation": 90, "texture": "#0"},
				"up": {"uv": [6.6, 0.5, 8.6, 2.5], "rotation": 90, "texture": "#0"},
				"down": {"uv": [6.6, 0.5, 8.6, 2.5], "rotation": 90, "texture": "#0"}
			}
		},
		{
			"from": [15.15315, -0.5, 20.41022],
			"to": [16.15315, 12.5, 21.16022],
			"rotation": {"angle": -22.5, "axis": "y", "origin": [14.76367, 0, 22.73633]},
			"faces": {
				"north": {"uv": [6.6, 0.5, 8.6, 2.5], "rotation": 90, "texture": "#0"},
				"east": {"uv": [6.6, 0.5, 8.6, 2.5], "rotation": 90, "texture": "#0"},
				"south": {"uv": [6.6, 0.5, 8.6, 2.5], "rotation": 90, "texture": "#0"},
				"west": {"uv": [6.6, 0.5, 8.6, 2.5], "rotation": 90, "texture": "#0"},
				"up": {"uv": [6.6, 0.5, 8.6, 2.5], "rotation": 90, "texture": "#0"},
				"down": {"uv": [6.6, 0.5, 8.6, 2.5], "rotation": 90, "texture": "#0"}
			}
		},
		{
			"from": [17.02368, -0.5, 22.99791],
			"to": [17.77368, 12.5, 23.99791],
			"rotation": {"angle": 22.5, "axis": "y", "origin": [14.76367, 0, 22.73633]},
			"faces": {
				"north": {"uv": [6.6, 0.5, 8.6, 2.5], "rotation": 180, "texture": "#0"},
				"east": {"uv": [6.6, 0.5, 8.6, 2.5], "rotation": 180, "texture": "#0"},
				"south": {"uv": [6.6, 0.5, 8.6, 2.5], "rotation": 180, "texture": "#0"},
				"west": {"uv": [6.6, 0.5, 8.6, 2.5], "rotation": 180, "texture": "#0"},
				"up": {"uv": [6.6, 0.5, 8.6, 2.5], "rotation": 180, "texture": "#0"},
				"down": {"uv": [6.6, 0.5, 8.6, 2.5], "rotation": 180, "texture": "#0"}
			}
		},
		{
			"from": [15.15722, -0.5, 20.05555],
			"to": [16.15722, 12.5, 20.80555],
			"rotation": {"angle": -45, "axis": "y", "origin": [14.76367, 0, 22.73633]},
			"faces": {
				"north": {"uv": [6.6, 0.5, 8.6, 2.5], "rotation": 90, "texture": "#0"},
				"east": {"uv": [6.6, 0.5, 8.6, 2.5], "rotation": 90, "texture": "#0"},
				"south": {"uv": [6.6, 0.5, 8.6, 2.5], "rotation": 90, "texture": "#0"},
				"west": {"uv": [6.6, 0.5, 8.6, 2.5], "rotation": 90, "texture": "#0"},
				"up": {"uv": [6.6, 0.5, 8.6, 2.5], "rotation": 90, "texture": "#0"},
				"down": {"uv": [6.6, 0.5, 8.6, 2.5], "rotation": 90, "texture": "#0"}
			}
		},
		{
			"from": [17.27734, -0.5, 22.75],
			"to": [18.02734, 12.5, 23.75],
			"rotation": {"angle": 0, "axis": "y", "origin": [16.02734, 0, 22.5]},
			"faces": {
				"north": {"uv": [6.6, 0.5, 8.6, 2.5], "rotation": 180, "texture": "#0"},
				"east": {"uv": [6.6, 0.5, 8.6, 2.5], "rotation": 180, "texture": "#0"},
				"south": {"uv": [6.6, 0.5, 8.6, 2.5], "rotation": 180, "texture": "#0"},
				"west": {"uv": [6.6, 0.5, 8.6, 2.5], "rotation": 180, "texture": "#0"},
				"up": {"uv": [6.6, 0.5, 8.6, 2.5], "rotation": 180, "texture": "#0"},
				"down": {"uv": [6.6, 0.5, 8.6, 2.5], "rotation": 180, "texture": "#0"}
			}
		},
		{
			"from": [17.60345, -0.5, 22.88948],
			"to": [18.35345, 12.5, 23.88948],
			"rotation": {"angle": -22.5, "axis": "y", "origin": [16.02734, 0, 22.5]},
			"faces": {
				"north": {"uv": [6.6, 0.5, 8.6, 2.5], "rotation": 180, "texture": "#0"},
				"east": {"uv": [6.6, 0.5, 8.6, 2.5], "rotation": 180, "texture": "#0"},
				"south": {"uv": [6.6, 0.5, 8.6, 2.5], "rotation": 180, "texture": "#0"},
				"west": {"uv": [6.6, 0.5, 8.6, 2.5], "rotation": 180, "texture": "#0"},
				"up": {"uv": [6.6, 0.5, 8.6, 2.5], "rotation": 180, "texture": "#0"},
				"down": {"uv": [6.6, 0.5, 8.6, 2.5], "rotation": 180, "texture": "#0"}
			}
		},
		{
			"from": [17.95812, -0.5, 22.89355],
			"to": [18.70812, 12.5, 23.89355],
			"rotation": {"angle": -45, "axis": "y", "origin": [16.02734, 0, 22.5]},
			"faces": {
				"north": {"uv": [6.6, 0.5, 8.6, 2.5], "rotation": 180, "texture": "#0"},
				"east": {"uv": [6.6, 0.5, 8.6, 2.5], "rotation": 180, "texture": "#0"},
				"south": {"uv": [6.6, 0.5, 8.6, 2.5], "rotation": 180, "texture": "#0"},
				"west": {"uv": [6.6, 0.5, 8.6, 2.5], "rotation": 180, "texture": "#0"},
				"up": {"uv": [6.6, 0.5, 8.6, 2.5], "rotation": 180, "texture": "#0"},
				"down": {"uv": [6.6, 0.5, 8.6, 2.5], "rotation": 180, "texture": "#0"}
			}
		},
		{
			"from": [14.76576, -0.5, 24.76001],
			"to": [15.76576, 12.5, 25.51001],
			"rotation": {"angle": 22.5, "axis": "y", "origin": [16.02734, 0, 22.5]},
			"faces": {
				"north": {"uv": [6.6, 0.5, 8.6, 2.5], "rotation": 270, "texture": "#0"},
				"east": {"uv": [6.6, 0.5, 8.6, 2.5], "rotation": 270, "texture": "#0"},
				"south": {"uv": [6.6, 0.5, 8.6, 2.5], "rotation": 270, "texture": "#0"},
				"west": {"uv": [6.6, 0.5, 8.6, 2.5], "rotation": 270, "texture": "#0"},
				"up": {"uv": [6.6, 0.5, 8.6, 2.5], "rotation": 270, "texture": "#0"},
				"down": {"uv": [6.6, 0.5, 8.6, 2.5], "rotation": 270, "texture": "#0"}
			}
		},
		{
			"from": [15.01367, -0.5, 25.01367],
			"to": [16.01367, 12.5, 25.76367],
			"rotation": {"angle": 0, "axis": "y", "origin": [16.26367, 0, 23.76367]},
			"faces": {
				"north": {"uv": [6.6, 0.5, 8.6, 2.5], "rotation": 270, "texture": "#0"},
				"east": {"uv": [6.6, 0.5, 8.6, 2.5], "rotation": 270, "texture": "#0"},
				"south": {"uv": [6.6, 0.5, 8.6, 2.5], "rotation": 270, "texture": "#0"},
				"west": {"uv": [6.6, 0.5, 8.6, 2.5], "rotation": 270, "texture": "#0"},
				"up": {"uv": [6.6, 0.5, 8.6, 2.5], "rotation": 270, "texture": "#0"},
				"down": {"uv": [6.6, 0.5, 8.6, 2.5], "rotation": 270, "texture": "#0"}
			}
		},
		{
			"from": [14.87419, -0.5, 25.33978],
			"to": [15.87419, 12.5, 26.08978],
			"rotation": {"angle": -22.5, "axis": "y", "origin": [16.26367, 0, 23.76367]},
			"faces": {
				"north": {"uv": [6.6, 0.5, 8.6, 2.5], "rotation": 270, "texture": "#0"},
				"east": {"uv": [6.6, 0.5, 8.6, 2.5], "rotation": 270, "texture": "#0"},
				"south": {"uv": [6.6, 0.5, 8.6, 2.5], "rotation": 270, "texture": "#0"},
				"west": {"uv": [6.6, 0.5, 8.6, 2.5], "rotation": 270, "texture": "#0"},
				"up": {"uv": [6.6, 0.5, 8.6, 2.5], "rotation": 270, "texture": "#0"},
				"down": {"uv": [6.6, 0.5, 8.6, 2.5], "rotation": 270, "texture": "#0"}
			}
		},
		{
			"from": [14.87012, -0.5, 25.69445],
			"to": [15.87012, 12.5, 26.44445],
			"rotation": {"angle": -45, "axis": "y", "origin": [16.26367, 0, 23.76367]},
			"faces": {
				"north": {"uv": [6.6, 0.5, 8.6, 2.5], "rotation": 270, "texture": "#0"},
				"east": {"uv": [6.6, 0.5, 8.6, 2.5], "rotation": 270, "texture": "#0"},
				"south": {"uv": [6.6, 0.5, 8.6, 2.5], "rotation": 270, "texture": "#0"},
				"west": {"uv": [6.6, 0.5, 8.6, 2.5], "rotation": 270, "texture": "#0"},
				"up": {"uv": [6.6, 0.5, 8.6, 2.5], "rotation": 270, "texture": "#0"},
				"down": {"uv": [6.6, 0.5, 8.6, 2.5], "rotation": 270, "texture": "#0"}
			}
		},
		{
			"from": [13.25366, -0.5, 22.50209],
			"to": [14.00366, 12.5, 23.50209],
			"rotation": {"angle": 22.5, "axis": "y", "origin": [16.26367, 0, 23.76367]},
			"faces": {
				"north": {"uv": [6.6, 0.5, 8.6, 2.5], "texture": "#0"},
				"east": {"uv": [6.6, 0.5, 8.6, 2.5], "texture": "#0"},
				"south": {"uv": [6.6, 0.5, 8.6, 2.5], "texture": "#0"},
				"west": {"uv": [6.6, 0.5, 8.6, 2.5], "texture": "#0"},
				"up": {"uv": [6.6, 0.5, 8.6, 2.5], "texture": "#0"},
				"down": {"uv": [6.6, 0.5, 8.6, 2.5], "texture": "#0"}
			}
		},
		{
			"from": [-0.7, 0.5, 22.25],
			"to": [1.3, 2.5, 24.25],
			"rotation": {"angle": 0, "axis": "y", "origin": [-18.2, 0, 0]},
			"faces": {
				"north": {"uv": [0.4, 3.6, 2.4, 5.6], "texture": "#0"},
				"east": {"uv": [0.4, 3.6, 2.4, 5.6], "texture": "#0"},
				"south": {"uv": [0.4, 3.6, 2.4, 5.6], "texture": "#0"},
				"west": {"uv": [0.4, 3.6, 2.4, 5.6], "texture": "#0"},
				"up": {"uv": [0.4, 3.6, 2.4, 5.6], "texture": "#0"},
				"down": {"uv": [0.4, 3.6, 2.4, 5.6], "texture": "#0"}
			}
		},
		{
			"from": [-0.7, 9.5, 22.25],
			"to": [1.3, 11.5, 24.25],
			"rotation": {"angle": 0, "axis": "y", "origin": [-18.2, 0, 0]},
			"faces": {
				"north": {"uv": [0.4, 3.6, 2.4, 5.6], "texture": "#0"},
				"east": {"uv": [0.4, 3.6, 2.4, 5.6], "texture": "#0"},
				"south": {"uv": [0.4, 3.6, 2.4, 5.6], "texture": "#0"},
				"west": {"uv": [0.4, 3.6, 2.4, 5.6], "texture": "#0"},
				"up": {"uv": [0.4, 3.6, 2.4, 5.6], "texture": "#0"},
				"down": {"uv": [0.4, 3.6, 2.4, 5.6], "texture": "#0"}
			}
		},
		{
			"from": [-5.2, -0.5, 22.75],
			"to": [-4.45, 12.5, 23.75],
			"rotation": {"angle": 0, "axis": "y", "origin": [-18.2, 0, 0]},
			"faces": {
				"north": {"uv": [6.6, 0.3, 8.6, 2.3], "texture": "#0"},
				"east": {"uv": [6.6, 0.3, 8.6, 2.3], "texture": "#0"},
				"south": {"uv": [6.6, 0.3, 8.6, 2.3], "texture": "#0"},
				"west": {"uv": [6.6, 0.3, 8.6, 2.3], "texture": "#0"},
				"up": {"uv": [6.6, 0.3, 8.6, 2.3], "texture": "#0"},
				"down": {"uv": [6.6, 0.3, 8.6, 2.3], "texture": "#0"}
			}
		},
		{
			"from": [-3.075, 12, 21.425],
			"to": [-2.325, 13.5, 25.1],
			"rotation": {"angle": 0, "axis": "y", "origin": [-2.7, 12, 23.25]},
			"faces": {
				"north": {"uv": [6.6, 0.3, 8.6, 2.3], "texture": "#0"},
				"east": {"uv": [6.6, 0.3, 8.6, 2.3], "texture": "#0"},
				"south": {"uv": [6.6, 0.3, 8.6, 2.3], "texture": "#0"},
				"west": {"uv": [6.6, 0.3, 8.6, 2.3], "texture": "#0"},
				"up": {"uv": [6.6, 0.3, 8.6, 2.3], "texture": "#0"},
				"down": {"uv": [6.6, 0.3, 8.6, 2.3], "texture": "#0"}
			}
		},
		{
			"from": [-3.075, 12.75, 22.925],
			"to": [-2.325, 14.25, 23.6],
			"rotation": {"angle": 0, "axis": "y", "origin": [-2.7, 12, 23.25]},
			"faces": {
				"north": {"uv": [6.6, 0.3, 8.6, 2.3], "texture": "#0"},
				"east": {"uv": [6.6, 0.3, 8.6, 2.3], "texture": "#0"},
				"south": {"uv": [6.6, 0.3, 8.6, 2.3], "texture": "#0"},
				"west": {"uv": [6.6, 0.3, 8.6, 2.3], "texture": "#0"},
				"up": {"uv": [6.6, 0.3, 8.6, 2.3], "texture": "#0"},
				"down": {"uv": [6.6, 0.3, 8.6, 2.3], "texture": "#0"}
			}
		},
		{
			"from": [-3.05, 12, 21.425],
			"to": [-2.325, 13.5, 25.1],
			"rotation": {"angle": -22.5, "axis": "y", "origin": [-2.7, 12, 23.25]},
			"faces": {
				"north": {"uv": [6.6, 0.3, 8.6, 2.3], "texture": "#0"},
				"east": {"uv": [6.6, 0.3, 8.6, 2.3], "texture": "#0"},
				"south": {"uv": [6.6, 0.3, 8.6, 2.3], "texture": "#0"},
				"west": {"uv": [6.6, 0.3, 8.6, 2.3], "texture": "#0"},
				"up": {"uv": [6.6, 0.3, 8.6, 2.3], "texture": "#0"},
				"down": {"uv": [6.6, 0.3, 8.6, 2.3], "texture": "#0"}
			}
		},
		{
			"from": [-3.05, 12, 21.425],
			"to": [-2.325, 13.5, 25.1],
			"rotation": {"angle": -45, "axis": "y", "origin": [-2.7, 12, 23.25]},
			"faces": {
				"north": {"uv": [6.6, 0.3, 8.6, 2.3], "texture": "#0"},
				"east": {"uv": [6.6, 0.3, 8.6, 2.3], "texture": "#0"},
				"south": {"uv": [6.6, 0.3, 8.6, 2.3], "texture": "#0"},
				"west": {"uv": [6.6, 0.3, 8.6, 2.3], "texture": "#0"},
				"up": {"uv": [6.6, 0.3, 8.6, 2.3], "texture": "#0"},
				"down": {"uv": [6.6, 0.3, 8.6, 2.3], "texture": "#0"}
			}
		},
		{
			"from": [-4.55, 12, 22.9],
			"to": [-0.875, 13.5, 23.625],
			"rotation": {"angle": 22.5, "axis": "y", "origin": [-2.7, 12, 23.25]},
			"faces": {
				"north": {"uv": [6.6, 0.3, 8.6, 2.3], "texture": "#0"},
				"east": {"uv": [6.6, 0.3, 8.6, 2.3], "texture": "#0"},
				"south": {"uv": [6.6, 0.3, 8.6, 2.3], "texture": "#0"},
				"west": {"uv": [6.6, 0.3, 8.6, 2.3], "texture": "#0"},
				"up": {"uv": [6.6, 0.3, 8.6, 2.3], "texture": "#0"},
				"down": {"uv": [6.6, 0.3, 8.6, 2.3], "texture": "#0"}
			}
		},
		{
			"from": [-4.55, 12, 22.9],
			"to": [-0.875, 13.5, 23.625],
			"rotation": {"angle": 0, "axis": "y", "origin": [-2.7, 12, 23.25]},
			"faces": {
				"north": {"uv": [6.6, 0.3, 8.6, 2.3], "texture": "#0"},
				"east": {"uv": [6.6, 0.3, 8.6, 2.3], "texture": "#0"},
				"south": {"uv": [6.6, 0.3, 8.6, 2.3], "texture": "#0"},
				"west": {"uv": [6.6, 0.3, 8.6, 2.3], "texture": "#0"},
				"up": {"uv": [6.6, 0.3, 8.6, 2.3], "texture": "#0"},
				"down": {"uv": [6.6, 0.3, 8.6, 2.3], "texture": "#0"}
			}
		},
		{
			"from": [-4.55, 12, 22.9],
			"to": [-0.875, 13.5, 23.625],
			"rotation": {"angle": -22.5, "axis": "y", "origin": [-2.7, 12, 23.25]},
			"faces": {
				"north": {"uv": [6.6, 0.3, 8.6, 2.3], "texture": "#0"},
				"east": {"uv": [6.6, 0.3, 8.6, 2.3], "texture": "#0"},
				"south": {"uv": [6.6, 0.3, 8.6, 2.3], "texture": "#0"},
				"west": {"uv": [6.6, 0.3, 8.6, 2.3], "texture": "#0"},
				"up": {"uv": [6.6, 0.3, 8.6, 2.3], "texture": "#0"},
				"down": {"uv": [6.6, 0.3, 8.6, 2.3], "texture": "#0"}
			}
		},
		{
			"from": [-4.55, 12, 22.9],
			"to": [-0.875, 13.5, 23.625],
			"rotation": {"angle": -45, "axis": "y", "origin": [-2.7, 12, 23.25]},
			"faces": {
				"north": {"uv": [6.6, 0.3, 8.6, 2.3], "texture": "#0"},
				"east": {"uv": [6.6, 0.3, 8.6, 2.3], "texture": "#0"},
				"south": {"uv": [6.6, 0.3, 8.6, 2.3], "texture": "#0"},
				"west": {"uv": [6.6, 0.3, 8.6, 2.3], "texture": "#0"},
				"up": {"uv": [6.6, 0.3, 8.6, 2.3], "texture": "#0"},
				"down": {"uv": [6.6, 0.3, 8.6, 2.3], "texture": "#0"}
			}
		},
		{
			"from": [-3.075, 12, 21.4],
			"to": [-2.35, 13.5, 25.1],
			"rotation": {"angle": 22.5, "axis": "y", "origin": [-2.7, 12, 23.25]},
			"faces": {
				"north": {"uv": [6.6, 0.3, 8.6, 2.3], "texture": "#0"},
				"east": {"uv": [6.6, 0.3, 8.6, 2.3], "texture": "#0"},
				"south": {"uv": [6.6, 0.3, 8.6, 2.3], "texture": "#0"},
				"west": {"uv": [6.6, 0.3, 8.6, 2.3], "texture": "#0"},
				"up": {"uv": [6.6, 0.3, 8.6, 2.3], "texture": "#0"},
				"down": {"uv": [6.6, 0.3, 8.6, 2.3], "texture": "#0"}
			}
		},
		{
			"from": [-3.075, 0, 21.425],
			"to": [-2.325, 1.5, 25.1],
			"rotation": {"angle": 0, "axis": "y", "origin": [-2.7, 0, 23.25]},
			"faces": {
				"north": {"uv": [6.6, 0.3, 8.6, 2.3], "texture": "#0"},
				"east": {"uv": [6.6, 0.3, 8.6, 2.3], "texture": "#0"},
				"south": {"uv": [6.6, 0.3, 8.6, 2.3], "texture": "#0"},
				"west": {"uv": [6.6, 0.3, 8.6, 2.3], "texture": "#0"},
				"up": {"uv": [6.6, 0.3, 8.6, 2.3], "texture": "#0"},
				"down": {"uv": [6.6, 0.3, 8.6, 2.3], "texture": "#0"}
			}
		},
		{
			"from": [-3.075, 0, 21.4],
			"to": [-2.35, 1.5, 25.1],
			"rotation": {"angle": 22.5, "axis": "y", "origin": [-2.7, 0, 23.25]},
			"faces": {
				"north": {"uv": [6.6, 0.3, 8.6, 2.3], "texture": "#0"},
				"east": {"uv": [6.6, 0.3, 8.6, 2.3], "texture": "#0"},
				"south": {"uv": [6.6, 0.3, 8.6, 2.3], "texture": "#0"},
				"west": {"uv": [6.6, 0.3, 8.6, 2.3], "texture": "#0"},
				"up": {"uv": [6.6, 0.3, 8.6, 2.3], "texture": "#0"},
				"down": {"uv": [6.6, 0.3, 8.6, 2.3], "texture": "#0"}
			}
		},
		{
			"from": [-4.55, 0, 22.9],
			"to": [-0.875, 1.5, 23.625],
			"rotation": {"angle": -45, "axis": "y", "origin": [-2.7, 0, 23.25]},
			"faces": {
				"north": {"uv": [6.6, 0.3, 8.6, 2.3], "texture": "#0"},
				"east": {"uv": [6.6, 0.3, 8.6, 2.3], "texture": "#0"},
				"south": {"uv": [6.6, 0.3, 8.6, 2.3], "texture": "#0"},
				"west": {"uv": [6.6, 0.3, 8.6, 2.3], "texture": "#0"},
				"up": {"uv": [6.6, 0.3, 8.6, 2.3], "texture": "#0"},
				"down": {"uv": [6.6, 0.3, 8.6, 2.3], "texture": "#0"}
			}
		},
		{
			"from": [-4.55, 0, 22.9],
			"to": [-0.875, 1.5, 23.625],
			"rotation": {"angle": -22.5, "axis": "y", "origin": [-2.7, 0, 23.25]},
			"faces": {
				"north": {"uv": [6.6, 0.3, 8.6, 2.3], "texture": "#0"},
				"east": {"uv": [6.6, 0.3, 8.6, 2.3], "texture": "#0"},
				"south": {"uv": [6.6, 0.3, 8.6, 2.3], "texture": "#0"},
				"west": {"uv": [6.6, 0.3, 8.6, 2.3], "texture": "#0"},
				"up": {"uv": [6.6, 0.3, 8.6, 2.3], "texture": "#0"},
				"down": {"uv": [6.6, 0.3, 8.6, 2.3], "texture": "#0"}
			}
		},
		{
			"from": [-4.55, 0, 22.9],
			"to": [-0.875, 1.5, 23.625],
			"rotation": {"angle": 0, "axis": "y", "origin": [-2.7, 0, 23.25]},
			"faces": {
				"north": {"uv": [6.6, 0.3, 8.6, 2.3], "texture": "#0"},
				"east": {"uv": [6.6, 0.3, 8.6, 2.3], "texture": "#0"},
				"south": {"uv": [6.6, 0.3, 8.6, 2.3], "texture": "#0"},
				"west": {"uv": [6.6, 0.3, 8.6, 2.3], "texture": "#0"},
				"up": {"uv": [6.6, 0.3, 8.6, 2.3], "texture": "#0"},
				"down": {"uv": [6.6, 0.3, 8.6, 2.3], "texture": "#0"}
			}
		},
		{
			"from": [-4.55, 0, 22.9],
			"to": [-0.875, 1.5, 23.625],
			"rotation": {"angle": 22.5, "axis": "y", "origin": [-2.7, 0, 23.25]},
			"faces": {
				"north": {"uv": [6.6, 0.3, 8.6, 2.3], "texture": "#0"},
				"east": {"uv": [6.6, 0.3, 8.6, 2.3], "texture": "#0"},
				"south": {"uv": [6.6, 0.3, 8.6, 2.3], "texture": "#0"},
				"west": {"uv": [6.6, 0.3, 8.6, 2.3], "texture": "#0"},
				"up": {"uv": [6.6, 0.3, 8.6, 2.3], "texture": "#0"},
				"down": {"uv": [6.6, 0.3, 8.6, 2.3], "texture": "#0"}
			}
		},
		{
			"from": [-3.05, 0, 21.425],
			"to": [-2.325, 1.5, 25.1],
			"rotation": {"angle": -45, "axis": "y", "origin": [-2.7, 0, 23.25]},
			"faces": {
				"north": {"uv": [6.6, 0.3, 8.6, 2.3], "texture": "#0"},
				"east": {"uv": [6.6, 0.3, 8.6, 2.3], "texture": "#0"},
				"south": {"uv": [6.6, 0.3, 8.6, 2.3], "texture": "#0"},
				"west": {"uv": [6.6, 0.3, 8.6, 2.3], "texture": "#0"},
				"up": {"uv": [6.6, 0.3, 8.6, 2.3], "texture": "#0"},
				"down": {"uv": [6.6, 0.3, 8.6, 2.3], "texture": "#0"}
			}
		},
		{
			"from": [-3.05, 0, 21.425],
			"to": [-2.325, 1.5, 25.1],
			"rotation": {"angle": -22.5, "axis": "y", "origin": [-2.7, 0, 23.25]},
			"faces": {
				"north": {"uv": [6.6, 0.3, 8.6, 2.3], "texture": "#0"},
				"east": {"uv": [6.6, 0.3, 8.6, 2.3], "texture": "#0"},
				"south": {"uv": [6.6, 0.3, 8.6, 2.3], "texture": "#0"},
				"west": {"uv": [6.6, 0.3, 8.6, 2.3], "texture": "#0"},
				"up": {"uv": [6.6, 0.3, 8.6, 2.3], "texture": "#0"},
				"down": {"uv": [6.6, 0.3, 8.6, 2.3], "texture": "#0"}
			}
		},
		{
			"from": [-5.14135, -0.5, 22.95514],
			"to": [-4.39135, 12.5, 23.95514],
			"rotation": {"angle": -22.5, "axis": "y", "origin": [-2.14135, 0, 23.20514]},
			"faces": {
				"north": {"uv": [6.6, 0.3, 8.6, 2.3], "texture": "#0"},
				"east": {"uv": [6.6, 0.3, 8.6, 2.3], "texture": "#0"},
				"south": {"uv": [6.6, 0.3, 8.6, 2.3], "texture": "#0"},
				"west": {"uv": [6.6, 0.3, 8.6, 2.3], "texture": "#0"},
				"up": {"uv": [6.6, 0.3, 8.6, 2.3], "texture": "#0"},
				"down": {"uv": [6.6, 0.3, 8.6, 2.3], "texture": "#0"}
			}
		},
		{
			"from": [-3.01925, -0.5, 20.60364],
			"to": [-2.01925, 12.5, 21.35364],
			"rotation": {"angle": 22.5, "axis": "y", "origin": [-2.26925, 0, 23.60364]},
			"faces": {
				"north": {"uv": [6.6, 0.3, 8.6, 2.3], "texture": "#0"},
				"east": {"uv": [6.6, 0.3, 8.6, 2.3], "texture": "#0"},
				"south": {"uv": [6.6, 0.3, 8.6, 2.3], "texture": "#0"},
				"west": {"uv": [6.6, 0.3, 8.6, 2.3], "texture": "#0"},
				"up": {"uv": [6.6, 0.3, 8.6, 2.3], "texture": "#0"},
				"down": {"uv": [6.6, 0.3, 8.6, 2.3], "texture": "#0"}
			}
		},
		{
			"from": [-5.16567, -0.5, 23.16711],
			"to": [-4.41567, 12.5, 24.16711],
			"rotation": {"angle": -45, "axis": "y", "origin": [-2.16567, 0, 23.41711]},
			"faces": {
				"north": {"uv": [6.6, 0.3, 8.6, 2.3], "texture": "#0"},
				"east": {"uv": [6.6, 0.3, 8.6, 2.3], "texture": "#0"},
				"south": {"uv": [6.6, 0.3, 8.6, 2.3], "texture": "#0"},
				"west": {"uv": [6.6, 0.3, 8.6, 2.3], "texture": "#0"},
				"up": {"uv": [6.6, 0.3, 8.6, 2.3], "texture": "#0"},
				"down": {"uv": [6.6, 0.3, 8.6, 2.3], "texture": "#0"}
			}
		},
		{
			"from": [-3.18633, -0.5, 20.73633],
			"to": [-2.18633, 12.5, 21.48633],
			"rotation": {"angle": 0, "axis": "y", "origin": [-3.43633, 0, 22.73633]},
			"faces": {
				"north": {"uv": [6.6, 0.3, 8.6, 2.3], "texture": "#0"},
				"east": {"uv": [6.6, 0.3, 8.6, 2.3], "texture": "#0"},
				"south": {"uv": [6.6, 0.3, 8.6, 2.3], "texture": "#0"},
				"west": {"uv": [6.6, 0.3, 8.6, 2.3], "texture": "#0"},
				"up": {"uv": [6.6, 0.3, 8.6, 2.3], "texture": "#0"},
				"down": {"uv": [6.6, 0.3, 8.6, 2.3], "texture": "#0"}
			}
		},
		{
			"from": [-3.04685, -0.5, 20.41022],
			"to": [-2.04685, 12.5, 21.16022],
			"rotation": {"angle": -22.5, "axis": "y", "origin": [-3.43633, 0, 22.73633]},
			"faces": {
				"north": {"uv": [6.6, 0.3, 8.6, 2.3], "texture": "#0"},
				"east": {"uv": [6.6, 0.3, 8.6, 2.3], "texture": "#0"},
				"south": {"uv": [6.6, 0.3, 8.6, 2.3], "texture": "#0"},
				"west": {"uv": [6.6, 0.3, 8.6, 2.3], "texture": "#0"},
				"up": {"uv": [6.6, 0.3, 8.6, 2.3], "texture": "#0"},
				"down": {"uv": [6.6, 0.3, 8.6, 2.3], "texture": "#0"}
			}
		},
		{
			"from": [-1.17632, -0.5, 22.99791],
			"to": [-0.42632, 12.5, 23.99791],
			"rotation": {"angle": 22.5, "axis": "y", "origin": [-3.43633, 0, 22.73633]},
			"faces": {
				"north": {"uv": [6.6, 0.3, 8.6, 2.3], "texture": "#0"},
				"east": {"uv": [6.6, 0.3, 8.6, 2.3], "texture": "#0"},
				"south": {"uv": [6.6, 0.3, 8.6, 2.3], "texture": "#0"},
				"west": {"uv": [6.6, 0.3, 8.6, 2.3], "texture": "#0"},
				"up": {"uv": [6.6, 0.3, 8.6, 2.3], "texture": "#0"},
				"down": {"uv": [6.6, 0.3, 8.6, 2.3], "texture": "#0"}
			}
		},
		{
			"from": [-3.04278, -0.5, 20.05555],
			"to": [-2.04278, 12.5, 20.80555],
			"rotation": {"angle": -45, "axis": "y", "origin": [-3.43633, 0, 22.73633]},
			"faces": {
				"north": {"uv": [6.6, 0.3, 8.6, 2.3], "texture": "#0"},
				"east": {"uv": [6.6, 0.3, 8.6, 2.3], "texture": "#0"},
				"south": {"uv": [6.6, 0.3, 8.6, 2.3], "texture": "#0"},
				"west": {"uv": [6.6, 0.3, 8.6, 2.3], "texture": "#0"},
				"up": {"uv": [6.6, 0.3, 8.6, 2.3], "texture": "#0"},
				"down": {"uv": [6.6, 0.3, 8.6, 2.3], "texture": "#0"}
			}
		},
		{
			"from": [-0.92266, -0.5, 22.75],
			"to": [-0.17266, 12.5, 23.75],
			"rotation": {"angle": 0, "axis": "y", "origin": [-2.17266, 0, 22.5]},
			"faces": {
				"north": {"uv": [6.6, 0.3, 8.6, 2.3], "texture": "#0"},
				"east": {"uv": [6.6, 0.3, 8.6, 2.3], "texture": "#0"},
				"south": {"uv": [6.6, 0.3, 8.6, 2.3], "texture": "#0"},
				"west": {"uv": [6.6, 0.3, 8.6, 2.3], "texture": "#0"},
				"up": {"uv": [6.6, 0.3, 8.6, 2.3], "texture": "#0"},
				"down": {"uv": [6.6, 0.3, 8.6, 2.3], "texture": "#0"}
			}
		},
		{
			"from": [-0.59655, -0.5, 22.88948],
			"to": [0.15345, 12.5, 23.88948],
			"rotation": {"angle": -22.5, "axis": "y", "origin": [-2.17266, 0, 22.5]},
			"faces": {
				"north": {"uv": [6.6, 0.3, 8.6, 2.3], "texture": "#0"},
				"east": {"uv": [6.6, 0.3, 8.6, 2.3], "texture": "#0"},
				"south": {"uv": [6.6, 0.3, 8.6, 2.3], "texture": "#0"},
				"west": {"uv": [6.6, 0.3, 8.6, 2.3], "texture": "#0"},
				"up": {"uv": [6.6, 0.3, 8.6, 2.3], "texture": "#0"},
				"down": {"uv": [6.6, 0.3, 8.6, 2.3], "texture": "#0"}
			}
		},
		{
			"from": [-0.24188, -0.5, 22.89355],
			"to": [0.50812, 12.5, 23.89355],
			"rotation": {"angle": -45, "axis": "y", "origin": [-2.17266, 0, 22.5]},
			"faces": {
				"north": {"uv": [6.6, 0.3, 8.6, 2.3], "texture": "#0"},
				"east": {"uv": [6.6, 0.3, 8.6, 2.3], "texture": "#0"},
				"south": {"uv": [6.6, 0.3, 8.6, 2.3], "texture": "#0"},
				"west": {"uv": [6.6, 0.3, 8.6, 2.3], "texture": "#0"},
				"up": {"uv": [6.6, 0.3, 8.6, 2.3], "texture": "#0"},
				"down": {"uv": [6.6, 0.3, 8.6, 2.3], "texture": "#0"}
			}
		},
		{
			"from": [-3.43424, -0.5, 24.76001],
			"to": [-2.43424, 12.5, 25.51001],
			"rotation": {"angle": 22.5, "axis": "y", "origin": [-2.17266, 0, 22.5]},
			"faces": {
				"north": {"uv": [6.6, 0.3, 8.6, 2.3], "texture": "#0"},
				"east": {"uv": [6.6, 0.3, 8.6, 2.3], "texture": "#0"},
				"south": {"uv": [6.6, 0.3, 8.6, 2.3], "texture": "#0"},
				"west": {"uv": [6.6, 0.3, 8.6, 2.3], "texture": "#0"},
				"up": {"uv": [6.6, 0.3, 8.6, 2.3], "texture": "#0"},
				"down": {"uv": [6.6, 0.3, 8.6, 2.3], "texture": "#0"}
			}
		},
		{
			"from": [-3.18633, -0.5, 25.01367],
			"to": [-2.18633, 12.5, 25.76367],
			"rotation": {"angle": 0, "axis": "y", "origin": [-1.93633, 0, 23.76367]},
			"faces": {
				"north": {"uv": [6.6, 0.3, 8.6, 2.3], "texture": "#0"},
				"east": {"uv": [6.6, 0.3, 8.6, 2.3], "texture": "#0"},
				"south": {"uv": [6.6, 0.3, 8.6, 2.3], "texture": "#0"},
				"west": {"uv": [6.6, 0.3, 8.6, 2.3], "texture": "#0"},
				"up": {"uv": [6.6, 0.3, 8.6, 2.3], "texture": "#0"},
				"down": {"uv": [6.6, 0.3, 8.6, 2.3], "texture": "#0"}
			}
		},
		{
			"from": [-3.32581, -0.5, 25.33978],
			"to": [-2.32581, 12.5, 26.08978],
			"rotation": {"angle": -22.5, "axis": "y", "origin": [-1.93633, 0, 23.76367]},
			"faces": {
				"north": {"uv": [6.6, 0.3, 8.6, 2.3], "texture": "#0"},
				"east": {"uv": [6.6, 0.3, 8.6, 2.3], "texture": "#0"},
				"south": {"uv": [6.6, 0.3, 8.6, 2.3], "texture": "#0"},
				"west": {"uv": [6.6, 0.3, 8.6, 2.3], "texture": "#0"},
				"up": {"uv": [6.6, 0.3, 8.6, 2.3], "texture": "#0"},
				"down": {"uv": [6.6, 0.3, 8.6, 2.3], "texture": "#0"}
			}
		},
		{
			"from": [-3.32988, -0.5, 25.69445],
			"to": [-2.32988, 12.5, 26.44445],
			"rotation": {"angle": -45, "axis": "y", "origin": [-1.93633, 0, 23.76367]},
			"faces": {
				"north": {"uv": [6.6, 0.3, 8.6, 2.3], "texture": "#0"},
				"east": {"uv": [6.6, 0.3, 8.6, 2.3], "texture": "#0"},
				"south": {"uv": [6.6, 0.3, 8.6, 2.3], "texture": "#0"},
				"west": {"uv": [6.6, 0.3, 8.6, 2.3], "texture": "#0"},
				"up": {"uv": [6.6, 0.3, 8.6, 2.3], "texture": "#0"},
				"down": {"uv": [6.6, 0.3, 8.6, 2.3], "texture": "#0"}
			}
		},
		{
			"from": [-4.94634, -0.5, 22.50209],
			"to": [-4.19634, 12.5, 23.50209],
			"rotation": {"angle": 22.5, "axis": "y", "origin": [-1.93633, 0, 23.76367]},
			"faces": {
				"north": {"uv": [6.6, 0.3, 8.6, 2.3], "texture": "#0"},
				"east": {"uv": [6.6, 0.3, 8.6, 2.3], "texture": "#0"},
				"south": {"uv": [6.6, 0.3, 8.6, 2.3], "texture": "#0"},
				"west": {"uv": [6.6, 0.3, 8.6, 2.3], "texture": "#0"},
				"up": {"uv": [6.6, 0.3, 8.6, 2.3], "texture": "#0"},
				"down": {"uv": [6.6, 0.3, 8.6, 2.3], "texture": "#0"}
			}
		},
		{
			"from": [-3.5, -1, 22.45],
			"to": [-2, 1, 23.95],
			"faces": {
				"north": {"uv": [1, 4, 2.5, 5], "texture": "#0"},
				"east": {"uv": [1, 4, 2.5, 5], "texture": "#0"},
				"south": {"uv": [1, 4, 2.5, 5], "texture": "#0"},
				"west": {"uv": [1, 4, 2.5, 5], "texture": "#0"},
				"up": {"uv": [1, 4, 2.5, 5], "texture": "#0"},
				"down": {"uv": [1, 4, 2.5, 5], "texture": "#0"}
			}
		},
		{
			"from": [14.75, -1, 22.45],
			"to": [16.25, 1, 23.95],
			"faces": {
				"north": {"uv": [1, 4, 2.5, 5], "texture": "#0"},
				"east": {"uv": [1, 4, 2.5, 5], "texture": "#0"},
				"south": {"uv": [1, 4, 2.5, 5], "texture": "#0"},
				"west": {"uv": [1, 4, 2.5, 5], "texture": "#0"},
				"up": {"uv": [1, 4, 2.5, 5], "texture": "#0"},
				"down": {"uv": [1, 4, 2.5, 5], "texture": "#0"}
			}
		},
		{
			"from": [-3.25, -1.7, 22.7],
			"to": [-2.25, 0.3, 23.7],
			"faces": {
				"north": {"uv": [4, 1, 5.5, 2], "texture": "#0"},
				"east": {"uv": [4, 1, 5.5, 2], "texture": "#0"},
				"south": {"uv": [4, 1, 5.5, 2], "texture": "#0"},
				"west": {"uv": [4, 1, 5.5, 2], "texture": "#0"},
				"up": {"uv": [4, 1, 5.5, 2], "texture": "#0"},
				"down": {"uv": [4, 1, 5.5, 2], "texture": "#0"}
			}
		},
		{
			"from": [15, -1.7, 22.7],
			"to": [16, 0.3, 23.7],
			"faces": {
				"north": {"uv": [4, 1, 5.5, 2], "texture": "#0"},
				"east": {"uv": [4, 1, 5.5, 2], "texture": "#0"},
				"south": {"uv": [4, 1, 5.5, 2], "texture": "#0"},
				"west": {"uv": [4, 1, 5.5, 2], "texture": "#0"},
				"up": {"uv": [4, 1, 5.5, 2], "texture": "#0"},
				"down": {"uv": [4, 1, 5.5, 2], "texture": "#0"}
			}
		},
		{
			"from": [14.08076, -2.81924, 22.7],
			"to": [15.08076, -1.31924, 23.7],
			"rotation": {"angle": -45, "axis": "z", "origin": [15.08076, -2.61924, 23]},
			"faces": {
				"north": {"uv": [4, 1, 5.5, 2], "texture": "#0"},
				"east": {"uv": [4, 1, 5.5, 2], "texture": "#0"},
				"south": {"uv": [4, 1, 5.5, 2], "texture": "#0"},
				"west": {"uv": [4, 1, 5.5, 2], "texture": "#0"},
				"up": {"uv": [4, 1, 5.5, 2], "texture": "#0"},
				"down": {"uv": [4, 1, 5.5, 2], "texture": "#0"}
			}
		},
		{
			"from": [-2.18934, -2.76066, 22.7],
			"to": [-0.18934, -1.76066, 23.7],
			"rotation": {"angle": 0, "axis": "y", "origin": [1.06066, 1.93934, 0]},
			"faces": {
				"north": {"uv": [4, 1, 5.5, 2], "texture": "#0"},
				"east": {"uv": [4, 1, 5.5, 2], "texture": "#0"},
				"south": {"uv": [4, 1, 5.5, 2], "texture": "#0"},
				"west": {"uv": [4, 1, 5.5, 2], "texture": "#0"},
				"up": {"uv": [4, 1, 5.5, 2], "texture": "#0"},
				"down": {"uv": [4, 1, 5.5, 2], "texture": "#0"}
			}
		},
		{
			"from": [11.93934, -2.76066, 22.7],
			"to": [14.93934, -1.76066, 23.7],
			"rotation": {"angle": 0, "axis": "y", "origin": [1.28934, 1.93934, 0]},
			"faces": {
				"north": {"uv": [4, 1, 5.5, 2], "texture": "#0"},
				"east": {"uv": [4, 1, 5.5, 2], "texture": "#0"},
				"south": {"uv": [4, 1, 5.5, 2], "texture": "#0"},
				"west": {"uv": [4, 1, 5.5, 2], "texture": "#0"},
				"up": {"uv": [4, 1, 5.5, 2], "texture": "#0"},
				"down": {"uv": [4, 1, 5.5, 2], "texture": "#0"}
			}
		},
		{
			"from": [-0.18934, -3.01066, 22.45],
			"to": [0.81066, -1.51066, 23.95],
			"rotation": {"angle": 0, "axis": "y", "origin": [1.06066, 1.93934, 0]},
			"faces": {
				"north": {"uv": [1, 4, 2.5, 5], "texture": "#0"},
				"east": {"uv": [1, 4, 2.5, 5], "texture": "#0"},
				"south": {"uv": [1, 4, 2.5, 5], "texture": "#0"},
				"west": {"uv": [1, 4, 2.5, 5], "texture": "#0"},
				"up": {"uv": [1, 4, 2.5, 5], "texture": "#0"},
				"down": {"uv": [1, 4, 2.5, 5], "texture": "#0"}
			}
		},
		{
			"from": [11.81066, -3.01066, 22.45],
			"to": [12.81066, -1.51066, 23.95],
			"rotation": {"angle": 0, "axis": "y", "origin": [1.06066, 1.93934, 0]},
			"faces": {
				"north": {"uv": [1, 4, 2.5, 5], "texture": "#0"},
				"east": {"uv": [1, 4, 2.5, 5], "texture": "#0"},
				"south": {"uv": [1, 4, 2.5, 5], "texture": "#0"},
				"west": {"uv": [1, 4, 2.5, 5], "texture": "#0"},
				"up": {"uv": [1, 4, 2.5, 5], "texture": "#0"},
				"down": {"uv": [1, 4, 2.5, 5], "texture": "#0"}
			}
		},
		{
			"from": [-5.23241, -3.81404, 22.7],
			"to": [-4.23241, -2.31404, 23.7],
			"rotation": {"angle": 45, "axis": "z", "origin": [-4.98241, 0.38596, 22]},
			"faces": {
				"north": {"uv": [4, 1, 5.5, 2], "texture": "#0"},
				"east": {"uv": [4, 1, 5.5, 2], "texture": "#0"},
				"south": {"uv": [4, 1, 5.5, 2], "texture": "#0"},
				"west": {"uv": [4, 1, 5.5, 2], "texture": "#0"},
				"up": {"uv": [4, 1, 5.5, 2], "texture": "#0"},
				"down": {"uv": [4, 1, 5.5, 2], "texture": "#0"}
			}
		},
		{
			"from": [4.1, -6.5, 25.1],
			"to": [9.1, -4.5, 25.6],
			"faces": {
				"north": {"uv": [3.5, 3.5, 5.5, 5.5], "texture": "#0"},
				"east": {"uv": [3.5, 3.5, 5.5, 5.5], "texture": "#0"},
				"south": {"uv": [3.5, 3.5, 5.5, 5.5], "texture": "#0"},
				"west": {"uv": [3.5, 3.5, 5.5, 5.5], "texture": "#0"},
				"up": {"uv": [3.5, 3.5, 5.5, 5.5], "texture": "#0"},
				"down": {"uv": [3.5, 3.5, 5.5, 5.5], "texture": "#0"}
			}
		},
		{
			"from": [4.1, -6.5, 20.6],
			"to": [9.1, -4.5, 21.1],
			"faces": {
				"north": {"uv": [3.5, 3.5, 5.5, 5.5], "texture": "#0"},
				"east": {"uv": [3.5, 3.5, 5.5, 5.5], "texture": "#0"},
				"south": {"uv": [3.5, 3.5, 5.5, 5.5], "texture": "#0"},
				"west": {"uv": [3.5, 3.5, 5.5, 5.5], "texture": "#0"},
				"up": {"uv": [3.5, 3.5, 5.5, 5.5], "texture": "#0"},
				"down": {"uv": [3.5, 3.5, 5.5, 5.5], "texture": "#0"}
			}
		},
		{
			"from": [8.6, -6.5, 21.1],
			"to": [9.1, -4.5, 25.1],
			"rotation": {"angle": 0, "axis": "y", "origin": [-12, 0, 30.2]},
			"faces": {
				"north": {"uv": [3.5, 3.5, 5.5, 5.5], "texture": "#0"},
				"east": {"uv": [3.5, 3.5, 5.5, 5.5], "texture": "#0"},
				"south": {"uv": [3.5, 3.5, 5.5, 5.5], "texture": "#0"},
				"west": {"uv": [3.5, 3.5, 5.5, 5.5], "texture": "#0"},
				"up": {"uv": [3.5, 3.5, 5.5, 5.5], "rotation": 270, "texture": "#0"},
				"down": {"uv": [3.5, 3.5, 5.5, 5.5], "rotation": 90, "texture": "#0"}
			}
		},
		{
			"from": [4.1, -6.5, 21.1],
			"to": [4.6, -4.5, 25.1],
			"rotation": {"angle": 0, "axis": "y", "origin": [-12, 0, 30.2]},
			"faces": {
				"north": {"uv": [3.5, 3.5, 5.5, 5.5], "texture": "#0"},
				"east": {"uv": [3.5, 3.5, 5.5, 5.5], "texture": "#0"},
				"south": {"uv": [3.5, 3.5, 5.5, 5.5], "texture": "#0"},
				"west": {"uv": [3.5, 3.5, 5.5, 5.5], "texture": "#0"},
				"up": {"uv": [3.5, 3.5, 5.5, 5.5], "rotation": 270, "texture": "#0"},
				"down": {"uv": [3.5, 3.5, 5.5, 5.5], "rotation": 90, "texture": "#0"}
			}
		},
		{
			"from": [3.85, -7.75, 20.6],
			"to": [4.35, -6.25, 25.6],
			"faces": {
				"north": {"uv": [3.5, 3.5, 5.5, 5.5], "texture": "#0"},
				"east": {"uv": [3.5, 3.5, 5.5, 5.5], "texture": "#0"},
				"south": {"uv": [3.5, 3.5, 5.5, 5.5], "texture": "#0"},
				"west": {"uv": [3.5, 3.5, 5.5, 5.5], "texture": "#0"},
				"up": {"uv": [3.5, 3.5, 5.5, 5.5], "texture": "#0"},
				"down": {"uv": [3.5, 3.5, 5.5, 5.5], "texture": "#0"}
			}
		},
		{
			"from": [3.6, -8.5, 20.6],
			"to": [4.1, -7, 25.6],
			"faces": {
				"north": {"uv": [3.5, 3.5, 5.5, 5.5], "texture": "#0"},
				"east": {"uv": [3.5, 3.5, 5.5, 5.5], "texture": "#0"},
				"south": {"uv": [3.5, 3.5, 5.5, 5.5], "texture": "#0"},
				"west": {"uv": [3.5, 3.5, 5.5, 5.5], "texture": "#0"},
				"up": {"uv": [3.5, 3.5, 5.5, 5.5], "texture": "#0"},
				"down": {"uv": [3.5, 3.5, 5.5, 5.5], "texture": "#0"}
			}
		},
		{
			"from": [3.85, -7.75, 25.3],
			"to": [9.35, -6.25, 25.8],
			"rotation": {"angle": 0, "axis": "y", "origin": [6.65, -7, 23.25]},
			"faces": {
				"north": {"uv": [3.5, 3.5, 5.5, 5.5], "texture": "#0"},
				"east": {"uv": [3.5, 3.5, 5.5, 5.5], "texture": "#0"},
				"south": {"uv": [3.5, 3.5, 5.5, 5.5], "texture": "#0"},
				"west": {"uv": [3.5, 3.5, 5.5, 5.5], "texture": "#0"},
				"up": {"uv": [3.5, 3.5, 5.5, 5.5], "texture": "#0"},
				"down": {"uv": [3.5, 3.5, 5.5, 5.5], "texture": "#0"}
			}
		},
		{
			"from": [3.6, -8.5, 25.55],
			"to": [9.6, -7, 26.05],
			"rotation": {"angle": 0, "axis": "y", "origin": [6.65, -7, 23.25]},
			"faces": {
				"north": {"uv": [3.5, 3.5, 5.5, 5.5], "texture": "#0"},
				"east": {"uv": [3.5, 3.5, 5.5, 5.5], "texture": "#0"},
				"south": {"uv": [3.5, 3.5, 5.5, 5.5], "texture": "#0"},
				"west": {"uv": [3.5, 3.5, 5.5, 5.5], "texture": "#0"},
				"up": {"uv": [3.5, 3.5, 5.5, 5.5], "texture": "#0"},
				"down": {"uv": [3.5, 3.5, 5.5, 5.5], "texture": "#0"}
			}
		},
		{
			"from": [3.85, -7.75, 20.4],
			"to": [9.35, -6.25, 20.9],
			"rotation": {"angle": 0, "axis": "y", "origin": [6.65, -7, 23.25]},
			"faces": {
				"north": {"uv": [3.5, 3.5, 5.5, 5.5], "texture": "#0"},
				"east": {"uv": [3.5, 3.5, 5.5, 5.5], "texture": "#0"},
				"south": {"uv": [3.5, 3.5, 5.5, 5.5], "texture": "#0"},
				"west": {"uv": [3.5, 3.5, 5.5, 5.5], "texture": "#0"},
				"up": {"uv": [3.5, 3.5, 5.5, 5.5], "texture": "#0"},
				"down": {"uv": [3.5, 3.5, 5.5, 5.5], "texture": "#0"}
			}
		},
		{
			"from": [3.6, -8.5, 20.15],
			"to": [9.6, -7, 20.65],
			"rotation": {"angle": 0, "axis": "y", "origin": [6.65, -7, 23.25]},
			"faces": {
				"north": {"uv": [3.5, 3.5, 5.5, 5.5], "texture": "#0"},
				"east": {"uv": [3.5, 3.5, 5.5, 5.5], "texture": "#0"},
				"south": {"uv": [3.5, 3.5, 5.5, 5.5], "texture": "#0"},
				"west": {"uv": [3.5, 3.5, 5.5, 5.5], "texture": "#0"},
				"up": {"uv": [3.5, 3.5, 5.5, 5.5], "texture": "#0"},
				"down": {"uv": [3.5, 3.5, 5.5, 5.5], "texture": "#0"}
			}
		},
		{
			"from": [8.85, -7.75, 20.6],
			"to": [9.35, -6.25, 25.6],
			"faces": {
				"north": {"uv": [3.5, 3.5, 5.5, 5.5], "texture": "#0"},
				"east": {"uv": [3.5, 3.5, 5.5, 5.5], "texture": "#0"},
				"south": {"uv": [3.5, 3.5, 5.5, 5.5], "texture": "#0"},
				"west": {"uv": [3.5, 3.5, 5.5, 5.5], "texture": "#0"},
				"up": {"uv": [3.5, 3.5, 5.5, 5.5], "texture": "#0"},
				"down": {"uv": [3.5, 3.5, 5.5, 5.5], "texture": "#0"}
			}
		},
		{
			"from": [9.1, -8.5, 20.6],
			"to": [9.6, -7, 25.6],
			"faces": {
				"north": {"uv": [3.5, 3.5, 5.5, 5.5], "texture": "#0"},
				"east": {"uv": [3.5, 3.5, 5.5, 5.5], "texture": "#0"},
				"south": {"uv": [3.5, 3.5, 5.5, 5.5], "texture": "#0"},
				"west": {"uv": [3.5, 3.5, 5.5, 5.5], "texture": "#0"},
				"up": {"uv": [3.5, 3.5, 5.5, 5.5], "texture": "#0"},
				"down": {"uv": [3.5, 3.5, 5.5, 5.5], "texture": "#0"}
			}
		},
		{
			"from": [6.08457, 14.20048, 18.00609],
			"to": [6.68255, 14.44655, 29.56369],
			"rotation": {"angle": 0, "axis": "y", "origin": [6.38356, 12.99852, 30.15989]},
			"faces": {
				"north": {"uv": [7, 4, 8, 5], "texture": "#0"},
				"east": {"uv": [7, 4, 8, 5], "texture": "#0"},
				"south": {"uv": [7, 4, 8, 5], "texture": "#0"},
				"west": {"uv": [7, 4, 8, 5], "texture": "#0"},
				"up": {"uv": [7, 4, 8, 5], "texture": "#0"},
				"down": {"uv": [7, 4, 8, 5], "texture": "#0"}
			}
		},
		{
			"from": [6.33457, 13.80048, 29.00609],
			"to": [6.43255, 14.17155, 29.38869],
			"rotation": {"angle": 0, "axis": "y", "origin": [6.38356, 12.99852, 30.15989]},
			"faces": {
				"north": {"uv": [7, 4, 8, 5], "texture": "#0"},
				"east": {"uv": [7, 4, 8, 5], "texture": "#0"},
				"south": {"uv": [7, 4, 8, 5], "texture": "#0"},
				"west": {"uv": [7, 4, 8, 5], "texture": "#0"},
				"up": {"uv": [7, 4, 8, 5], "texture": "#0"},
				"down": {"uv": [7, 4, 8, 5], "texture": "#0"}
			}
		},
		{
			"from": [6.33457, 12.95048, 29.00609],
			"to": [6.43255, 13.04655, 29.43869],
			"rotation": {"angle": 0, "axis": "y", "origin": [6.38356, 12.99852, 30.15989]},
			"faces": {
				"north": {"uv": [7, 4, 8, 5], "texture": "#0"},
				"east": {"uv": [7, 4, 8, 5], "texture": "#0"},
				"south": {"uv": [7, 4, 8, 5], "texture": "#0"},
				"west": {"uv": [7, 4, 8, 5], "texture": "#0"},
				"up": {"uv": [7, 4, 8, 5], "texture": "#0"},
				"down": {"uv": [7, 4, 8, 5], "texture": "#0"}
			}
		},
		{
			"from": [6.33457, 13.80048, 29.00609],
			"to": [6.43255, 14.17155, 29.38869],
			"rotation": {"angle": 22.5, "axis": "z", "origin": [6.38356, 12.99852, 30.15989]},
			"faces": {
				"north": {"uv": [7, 4, 8, 5], "texture": "#0"},
				"east": {"uv": [7, 4, 8, 5], "texture": "#0"},
				"south": {"uv": [7, 4, 8, 5], "texture": "#0"},
				"west": {"uv": [7, 4, 8, 5], "texture": "#0"},
				"up": {"uv": [7, 4, 8, 5], "texture": "#0"},
				"down": {"uv": [7, 4, 8, 5], "texture": "#0"}
			}
		},
		{
			"from": [6.33457, 13.80048, 29.00609],
			"to": [6.43255, 14.17155, 29.38869],
			"rotation": {"angle": 45, "axis": "z", "origin": [6.38356, 12.99852, 30.15989]},
			"faces": {
				"north": {"uv": [7, 4, 8, 5], "texture": "#0"},
				"east": {"uv": [7, 4, 8, 5], "texture": "#0"},
				"south": {"uv": [7, 4, 8, 5], "texture": "#0"},
				"west": {"uv": [7, 4, 8, 5], "texture": "#0"},
				"up": {"uv": [7, 4, 8, 5], "texture": "#0"},
				"down": {"uv": [7, 4, 8, 5], "texture": "#0"}
			}
		},
		{
			"from": [5.21053, 12.94953, 29.00609],
			"to": [5.5816, 13.04751, 29.38869],
			"rotation": {"angle": -22.5, "axis": "z", "origin": [6.38356, 12.99852, 30.15989]},
			"faces": {
				"north": {"uv": [7, 4, 8, 5], "rotation": 90, "texture": "#0"},
				"east": {"uv": [7, 4, 8, 5], "rotation": 270, "texture": "#0"},
				"south": {"uv": [7, 4, 8, 5], "rotation": 270, "texture": "#0"},
				"west": {"uv": [7, 4, 8, 5], "rotation": 270, "texture": "#0"},
				"up": {"uv": [7, 4, 8, 5], "rotation": 270, "texture": "#0"},
				"down": {"uv": [7, 4, 8, 5], "rotation": 270, "texture": "#0"}
			}
		},
		{
			"from": [5.21053, 12.94953, 29.00609],
			"to": [5.5816, 13.04751, 29.38869],
			"rotation": {"angle": 0, "axis": "y", "origin": [6.38356, 12.99852, 30.15989]},
			"faces": {
				"north": {"uv": [7, 4, 8, 5], "rotation": 90, "texture": "#0"},
				"east": {"uv": [7, 4, 8, 5], "rotation": 270, "texture": "#0"},
				"south": {"uv": [7, 4, 8, 5], "rotation": 270, "texture": "#0"},
				"west": {"uv": [7, 4, 8, 5], "rotation": 270, "texture": "#0"},
				"up": {"uv": [7, 4, 8, 5], "rotation": 270, "texture": "#0"},
				"down": {"uv": [7, 4, 8, 5], "rotation": 270, "texture": "#0"}
			}
		},
		{
			"from": [5.21053, 12.94953, 29.00609],
			"to": [5.5816, 13.04751, 29.38869],
			"rotation": {"angle": 22.5, "axis": "z", "origin": [6.38356, 12.99852, 30.15989]},
			"faces": {
				"north": {"uv": [7, 4, 8, 5], "rotation": 90, "texture": "#0"},
				"east": {"uv": [7, 4, 8, 5], "rotation": 270, "texture": "#0"},
				"south": {"uv": [7, 4, 8, 5], "rotation": 270, "texture": "#0"},
				"west": {"uv": [7, 4, 8, 5], "rotation": 270, "texture": "#0"},
				"up": {"uv": [7, 4, 8, 5], "rotation": 270, "texture": "#0"},
				"down": {"uv": [7, 4, 8, 5], "rotation": 270, "texture": "#0"}
			}
		},
		{
			"from": [6.33457, 13.80048, 29.00609],
			"to": [6.43255, 14.17155, 29.38869],
			"rotation": {"angle": -22.5, "axis": "z", "origin": [6.38356, 12.99852, 30.15989]},
			"faces": {
				"north": {"uv": [7, 4, 8, 5], "texture": "#0"},
				"east": {"uv": [7, 4, 8, 5], "texture": "#0"},
				"south": {"uv": [7, 4, 8, 5], "texture": "#0"},
				"west": {"uv": [7, 4, 8, 5], "texture": "#0"},
				"up": {"uv": [7, 4, 8, 5], "texture": "#0"},
				"down": {"uv": [7, 4, 8, 5], "texture": "#0"}
			}
		},
		{
			"from": [6.33457, 13.80048, 29.00609],
			"to": [6.43255, 14.17155, 29.38869],
			"rotation": {"angle": -45, "axis": "z", "origin": [6.38356, 12.99852, 30.15989]},
			"faces": {
				"north": {"uv": [7, 4, 8, 5], "texture": "#0"},
				"east": {"uv": [7, 4, 8, 5], "texture": "#0"},
				"south": {"uv": [7, 4, 8, 5], "texture": "#0"},
				"west": {"uv": [7, 4, 8, 5], "texture": "#0"},
				"up": {"uv": [7, 4, 8, 5], "texture": "#0"},
				"down": {"uv": [7, 4, 8, 5], "texture": "#0"}
			}
		},
		{
			"from": [7.18552, 12.94953, 29.00609],
			"to": [7.55659, 13.04751, 29.38869],
			"rotation": {"angle": 22.5, "axis": "z", "origin": [6.38356, 12.99852, 30.15989]},
			"faces": {
				"north": {"uv": [7, 4, 8, 5], "rotation": 270, "texture": "#0"},
				"east": {"uv": [7, 4, 8, 5], "rotation": 90, "texture": "#0"},
				"south": {"uv": [7, 4, 8, 5], "rotation": 90, "texture": "#0"},
				"west": {"uv": [7, 4, 8, 5], "rotation": 90, "texture": "#0"},
				"up": {"uv": [7, 4, 8, 5], "rotation": 90, "texture": "#0"},
				"down": {"uv": [7, 4, 8, 5], "rotation": 90, "texture": "#0"}
			}
		},
		{
			"from": [7.18552, 12.94953, 29.00609],
			"to": [7.55659, 13.04751, 29.38869],
			"rotation": {"angle": 0, "axis": "y", "origin": [6.38356, 12.99852, 30.15989]},
			"faces": {
				"north": {"uv": [7, 4, 8, 5], "rotation": 270, "texture": "#0"},
				"east": {"uv": [7, 4, 8, 5], "rotation": 90, "texture": "#0"},
				"south": {"uv": [7, 4, 8, 5], "rotation": 90, "texture": "#0"},
				"west": {"uv": [7, 4, 8, 5], "rotation": 90, "texture": "#0"},
				"up": {"uv": [7, 4, 8, 5], "rotation": 90, "texture": "#0"},
				"down": {"uv": [7, 4, 8, 5], "rotation": 90, "texture": "#0"}
			}
		},
		{
			"from": [7.18552, 12.94953, 29.00609],
			"to": [7.55659, 13.04751, 29.38869],
			"rotation": {"angle": -22.5, "axis": "z", "origin": [6.38356, 12.99852, 30.15989]},
			"faces": {
				"north": {"uv": [7, 4, 8, 5], "rotation": 270, "texture": "#0"},
				"east": {"uv": [7, 4, 8, 5], "rotation": 90, "texture": "#0"},
				"south": {"uv": [7, 4, 8, 5], "rotation": 90, "texture": "#0"},
				"west": {"uv": [7, 4, 8, 5], "rotation": 90, "texture": "#0"},
				"up": {"uv": [7, 4, 8, 5], "rotation": 90, "texture": "#0"},
				"down": {"uv": [7, 4, 8, 5], "rotation": 90, "texture": "#0"}
			}
		},
		{
			"from": [6.38552, 12.94953, 29.38109],
			"to": [7.15659, 13.04751, 29.41369],
			"rotation": {"angle": -22.5, "axis": "z", "origin": [6.38356, 12.99852, 30.15989]},
			"faces": {
				"north": {"uv": [4, 7, 5, 8], "rotation": 90, "texture": "#0"},
				"east": {"uv": [4, 7, 5, 8], "rotation": 90, "texture": "#0"},
				"south": {"uv": [4, 7, 5, 8], "rotation": 90, "texture": "#0"},
				"west": {"uv": [4, 7, 5, 8], "rotation": 90, "texture": "#0"},
				"up": {"uv": [4, 7, 5, 8], "rotation": 90, "texture": "#0"},
				"down": {"uv": [4, 7, 5, 8], "rotation": 90, "texture": "#0"}
			}
		},
		{
			"from": [6.08457, 11.70048, 18.00609],
			"to": [6.68255, 14.19655, 29.36369],
			"rotation": {"angle": -22.5, "axis": "z", "origin": [6.38356, 12.99852, 30.15989]},
			"faces": {
				"north": {"uv": [7, 7, 8, 8], "texture": "#0"},
				"east": {"uv": [7, 7, 8, 8], "texture": "#0"},
				"south": {"uv": [7, 7, 8, 8], "texture": "#0"},
				"west": {"uv": [7, 7, 8, 8], "texture": "#0"},
				"up": {"uv": [7, 7, 8, 8], "texture": "#0"},
				"down": {"uv": [7, 7, 8, 8], "texture": "#0"}
			}
		},
		{
			"from": [6.08457, 11.70048, 18.00609],
			"to": [6.68255, 14.19655, 29.36369],
			"rotation": {"angle": -45, "axis": "z", "origin": [6.38356, 12.99852, 30.15989]},
			"faces": {
				"north": {"uv": [7, 7, 8, 8], "texture": "#0"},
				"east": {"uv": [7, 7, 8, 8], "texture": "#0"},
				"south": {"uv": [7, 7, 8, 8], "texture": "#0"},
				"west": {"uv": [7, 7, 8, 8], "texture": "#0"},
				"up": {"uv": [7, 7, 8, 8], "texture": "#0"},
				"down": {"uv": [7, 7, 8, 8], "texture": "#0"}
			}
		},
		{
			"from": [5.08552, 12.69953, 18.00609],
			"to": [7.58159, 13.29751, 29.36369],
			"rotation": {"angle": 22.5, "axis": "z", "origin": [6.38356, 12.99852, 30.15989]},
			"faces": {
				"north": {"uv": [7, 7, 8, 8], "rotation": 270, "texture": "#0"},
				"east": {"uv": [7, 7, 8, 8], "rotation": 90, "texture": "#0"},
				"south": {"uv": [7, 7, 8, 8], "rotation": 90, "texture": "#0"},
				"west": {"uv": [7, 7, 8, 8], "rotation": 90, "texture": "#0"},
				"up": {"uv": [7, 7, 8, 8], "rotation": 90, "texture": "#0"},
				"down": {"uv": [7, 7, 8, 8], "rotation": 90, "texture": "#0"}
			}
		},
		{
			"from": [5.08552, 12.69953, 18.00609],
			"to": [7.58159, 13.29751, 29.36369],
			"rotation": {"angle": 0, "axis": "y", "origin": [6.38356, 12.99852, 30.15989]},
			"faces": {
				"north": {"uv": [7, 7, 8, 8], "rotation": 270, "texture": "#0"},
				"east": {"uv": [7, 7, 8, 8], "rotation": 90, "texture": "#0"},
				"south": {"uv": [7, 7, 8, 8], "rotation": 90, "texture": "#0"},
				"west": {"uv": [7, 7, 8, 8], "rotation": 90, "texture": "#0"},
				"up": {"uv": [7, 7, 8, 8], "rotation": 90, "texture": "#0"},
				"down": {"uv": [7, 7, 8, 8], "rotation": 90, "texture": "#0"}
			}
		},
		{
			"from": [5.08552, 12.69953, 18.00609],
			"to": [7.58159, 13.29751, 29.36369],
			"rotation": {"angle": -45, "axis": "z", "origin": [6.38356, 12.99852, 30.15989]},
			"faces": {
				"north": {"uv": [7, 7, 8, 8], "rotation": 270, "texture": "#0"},
				"east": {"uv": [7, 7, 8, 8], "rotation": 90, "texture": "#0"},
				"south": {"uv": [7, 7, 8, 8], "rotation": 90, "texture": "#0"},
				"west": {"uv": [7, 7, 8, 8], "rotation": 90, "texture": "#0"},
				"up": {"uv": [7, 7, 8, 8], "rotation": 90, "texture": "#0"},
				"down": {"uv": [7, 7, 8, 8], "rotation": 90, "texture": "#0"}
			}
		},
		{
			"from": [6.08457, 11.80049, 18.00609],
			"to": [6.68255, 14.29656, 29.36369],
			"rotation": {"angle": 22.5, "axis": "z", "origin": [6.38356, 12.99852, 30.15989]},
			"faces": {
				"north": {"uv": [7, 7, 8, 8], "rotation": 180, "texture": "#0"},
				"east": {"uv": [7, 7, 8, 8], "rotation": 180, "texture": "#0"},
				"south": {"uv": [7, 7, 8, 8], "rotation": 180, "texture": "#0"},
				"west": {"uv": [7, 7, 8, 8], "rotation": 180, "texture": "#0"},
				"up": {"uv": [7, 7, 8, 8], "rotation": 180, "texture": "#0"},
				"down": {"uv": [7, 7, 8, 8], "rotation": 180, "texture": "#0"}
			}
		},
		{
			"from": [5.08552, 12.69953, 18.00609],
			"to": [7.58159, 13.29751, 29.36369],
			"rotation": {"angle": -22.5, "axis": "z", "origin": [6.38356, 12.99852, 30.15989]},
			"faces": {
				"north": {"uv": [7, 7, 8, 8], "rotation": 270, "texture": "#0"},
				"east": {"uv": [7, 7, 8, 8], "rotation": 90, "texture": "#0"},
				"south": {"uv": [7, 7, 8, 8], "rotation": 90, "texture": "#0"},
				"west": {"uv": [7, 7, 8, 8], "rotation": 90, "texture": "#0"},
				"up": {"uv": [7, 7, 8, 8], "rotation": 90, "texture": "#0"},
				"down": {"uv": [7, 7, 8, 8], "rotation": 90, "texture": "#0"}
			}
		},
		{
			"from": [6.08457, 11.70048, 18.00609],
			"to": [6.68255, 14.19655, 29.36369],
			"rotation": {"angle": 0, "axis": "y", "origin": [6.38356, 12.99852, 30.15989]},
			"faces": {
				"north": {"uv": [7, 7, 8, 8], "texture": "#0"},
				"east": {"uv": [7, 7, 8, 8], "texture": "#0"},
				"south": {"uv": [7, 7, 8, 8], "texture": "#0"},
				"west": {"uv": [7, 7, 8, 8], "texture": "#0"},
				"up": {"uv": [7, 7, 8, 8], "texture": "#0"},
				"down": {"uv": [7, 7, 8, 8], "texture": "#0"}
			}
		},
		{
			"from": [6.08457, 14.20048, 18.00609],
			"to": [6.68255, 14.44655, 29.56369],
			"rotation": {"angle": -22.5, "axis": "z", "origin": [6.38356, 12.99852, 30.15989]},
			"faces": {
				"north": {"uv": [7, 4, 8, 5], "texture": "#0"},
				"east": {"uv": [7, 4, 8, 5], "texture": "#0"},
				"south": {"uv": [7, 4, 8, 5], "texture": "#0"},
				"west": {"uv": [7, 4, 8, 5], "texture": "#0"},
				"up": {"uv": [7, 4, 8, 5], "texture": "#0"},
				"down": {"uv": [7, 4, 8, 5], "texture": "#0"}
			}
		},
		{
			"from": [6.08457, 14.20048, 18.00609],
			"to": [6.68255, 14.44655, 29.56369],
			"rotation": {"angle": -45, "axis": "z", "origin": [6.38356, 12.99852, 30.15989]},
			"faces": {
				"north": {"uv": [7, 4, 8, 5], "texture": "#0"},
				"east": {"uv": [7, 4, 8, 5], "texture": "#0"},
				"south": {"uv": [7, 4, 8, 5], "texture": "#0"},
				"west": {"uv": [7, 4, 8, 5], "texture": "#0"},
				"up": {"uv": [7, 4, 8, 5], "texture": "#0"},
				"down": {"uv": [7, 4, 8, 5], "texture": "#0"}
			}
		},
		{
			"from": [7.58552, 12.69953, 18.00609],
			"to": [7.83159, 13.29751, 29.56369],
			"rotation": {"angle": 22.5, "axis": "z", "origin": [6.38356, 12.99852, 30.15989]},
			"faces": {
				"north": {"uv": [7, 4, 8, 5], "rotation": 90, "texture": "#0"},
				"east": {"uv": [7, 4, 8, 5], "rotation": 90, "texture": "#0"},
				"south": {"uv": [7, 4, 8, 5], "rotation": 90, "texture": "#0"},
				"west": {"uv": [7, 4, 8, 5], "rotation": 90, "texture": "#0"},
				"up": {"uv": [7, 4, 8, 5], "rotation": 90, "texture": "#0"},
				"down": {"uv": [7, 4, 8, 5], "rotation": 90, "texture": "#0"}
			}
		},
		{
			"from": [7.58552, 12.69953, 18.00609],
			"to": [7.83159, 13.29751, 29.56369],
			"rotation": {"angle": 0, "axis": "y", "origin": [6.38356, 12.99852, 30.15989]},
			"faces": {
				"north": {"uv": [7, 4, 8, 5], "rotation": 90, "texture": "#0"},
				"east": {"uv": [7, 4, 8, 5], "rotation": 90, "texture": "#0"},
				"south": {"uv": [7, 4, 8, 5], "rotation": 90, "texture": "#0"},
				"west": {"uv": [7, 4, 8, 5], "rotation": 90, "texture": "#0"},
				"up": {"uv": [7, 4, 8, 5], "rotation": 90, "texture": "#0"},
				"down": {"uv": [7, 4, 8, 5], "rotation": 90, "texture": "#0"}
			}
		},
		{
			"from": [7.58552, 12.69953, 18.00609],
			"to": [7.83159, 13.29751, 29.56369],
			"rotation": {"angle": -22.5, "axis": "z", "origin": [6.38356, 12.99852, 30.15989]},
			"faces": {
				"north": {"uv": [7, 4, 8, 5], "rotation": 90, "texture": "#0"},
				"east": {"uv": [7, 4, 8, 5], "rotation": 90, "texture": "#0"},
				"south": {"uv": [7, 4, 8, 5], "rotation": 90, "texture": "#0"},
				"west": {"uv": [7, 4, 8, 5], "rotation": 90, "texture": "#0"},
				"up": {"uv": [7, 4, 8, 5], "rotation": 90, "texture": "#0"},
				"down": {"uv": [7, 4, 8, 5], "rotation": 90, "texture": "#0"}
			}
		},
		{
			"from": [7.58552, 12.69953, 18.00609],
			"to": [7.83159, 13.29751, 29.56369],
			"rotation": {"angle": -45, "axis": "z", "origin": [6.38356, 12.99852, 30.15989]},
			"faces": {
				"north": {"uv": [7, 4, 8, 5], "rotation": 90, "texture": "#0"},
				"east": {"uv": [7, 4, 8, 5], "rotation": 90, "texture": "#0"},
				"south": {"uv": [7, 4, 8, 5], "rotation": 90, "texture": "#0"},
				"west": {"uv": [7, 4, 8, 5], "rotation": 90, "texture": "#0"},
				"up": {"uv": [7, 4, 8, 5], "rotation": 90, "texture": "#0"},
				"down": {"uv": [7, 4, 8, 5], "rotation": 90, "texture": "#0"}
			}
		},
		{
			"from": [6.08457, 11.55049, 18.00609],
			"to": [6.68255, 11.79656, 29.56369],
			"rotation": {"angle": 22.5, "axis": "z", "origin": [6.38356, 12.99852, 30.15989]},
			"faces": {
				"north": {"uv": [7, 4, 8, 5], "rotation": 180, "texture": "#0"},
				"east": {"uv": [7, 4, 8, 5], "rotation": 180, "texture": "#0"},
				"south": {"uv": [7, 4, 8, 5], "rotation": 180, "texture": "#0"},
				"west": {"uv": [7, 4, 8, 5], "rotation": 180, "texture": "#0"},
				"up": {"uv": [7, 4, 8, 5], "rotation": 180, "texture": "#0"},
				"down": {"uv": [7, 4, 8, 5], "rotation": 180, "texture": "#0"}
			}
		},
		{
			"from": [6.08457, 11.55049, 18.00609],
			"to": [6.68255, 11.79656, 29.56369],
			"rotation": {"angle": 0, "axis": "y", "origin": [6.38356, 12.99852, 30.15989]},
			"faces": {
				"north": {"uv": [7, 4, 8, 5], "rotation": 180, "texture": "#0"},
				"east": {"uv": [7, 4, 8, 5], "rotation": 180, "texture": "#0"},
				"south": {"uv": [7, 4, 8, 5], "rotation": 180, "texture": "#0"},
				"west": {"uv": [7, 4, 8, 5], "rotation": 180, "texture": "#0"},
				"up": {"uv": [7, 4, 8, 5], "rotation": 180, "texture": "#0"},
				"down": {"uv": [7, 4, 8, 5], "rotation": 180, "texture": "#0"}
			}
		},
		{
			"from": [5.78552, 11.99953, 28.00609],
			"to": [6.98159, 12.44751, 29.43869],
			"rotation": {"angle": 0, "axis": "y", "origin": [6.38356, 12.99852, 30.15989]},
			"faces": {
				"north": {"uv": [7, 4, 8, 5], "rotation": 270, "texture": "#0"},
				"east": {"uv": [7, 4, 8, 5], "rotation": 90, "texture": "#0"},
				"south": {"uv": [0.5, 5, 9, 8.5], "texture": "#1"},
				"west": {"uv": [7, 4, 8, 5], "rotation": 90, "texture": "#0"},
				"up": {"uv": [7, 4, 8, 5], "rotation": 90, "texture": "#0"},
				"down": {"uv": [7, 4, 8, 5], "rotation": 90, "texture": "#0"}
			}
		},
		{
			"from": [6.08457, 11.55049, 18.00609],
			"to": [6.68255, 11.79656, 29.56369],
			"rotation": {"angle": -22.5, "axis": "z", "origin": [6.38356, 12.99852, 30.15989]},
			"faces": {
				"north": {"uv": [7, 4, 8, 5], "rotation": 180, "texture": "#0"},
				"east": {"uv": [7, 4, 8, 5], "rotation": 180, "texture": "#0"},
				"south": {"uv": [7, 4, 8, 5], "rotation": 180, "texture": "#0"},
				"west": {"uv": [7, 4, 8, 5], "rotation": 180, "texture": "#0"},
				"up": {"uv": [7, 4, 8, 5], "rotation": 180, "texture": "#0"},
				"down": {"uv": [7, 4, 8, 5], "rotation": 180, "texture": "#0"}
			}
		},
		{
			"from": [6.08457, 11.55049, 18.00609],
			"to": [6.68255, 11.79656, 29.56369],
			"rotation": {"angle": -45, "axis": "z", "origin": [6.38356, 12.99852, 30.15989]},
			"faces": {
				"north": {"uv": [7, 4, 8, 5], "rotation": 180, "texture": "#0"},
				"east": {"uv": [7, 4, 8, 5], "rotation": 180, "texture": "#0"},
				"south": {"uv": [7, 4, 8, 5], "rotation": 180, "texture": "#0"},
				"west": {"uv": [7, 4, 8, 5], "rotation": 180, "texture": "#0"},
				"up": {"uv": [7, 4, 8, 5], "rotation": 180, "texture": "#0"},
				"down": {"uv": [7, 4, 8, 5], "rotation": 180, "texture": "#0"}
			}
		},
		{
			"from": [4.93553, 12.69953, 18.00609],
			"to": [5.1816, 13.29751, 29.56369],
			"rotation": {"angle": 22.5, "axis": "z", "origin": [6.38356, 12.99852, 30.15989]},
			"faces": {
				"north": {"uv": [7, 4, 8, 5], "rotation": 270, "texture": "#0"},
				"east": {"uv": [7, 4, 8, 5], "rotation": 270, "texture": "#0"},
				"south": {"uv": [7, 4, 8, 5], "rotation": 270, "texture": "#0"},
				"west": {"uv": [7, 4, 8, 5], "rotation": 270, "texture": "#0"},
				"up": {"uv": [7, 4, 8, 5], "rotation": 270, "texture": "#0"},
				"down": {"uv": [7, 4, 8, 5], "rotation": 270, "texture": "#0"}
			}
		},
		{
			"from": [4.93553, 12.69953, 18.00609],
			"to": [5.1816, 13.29751, 29.56369],
			"rotation": {"angle": 0, "axis": "y", "origin": [6.38356, 12.99852, 30.15989]},
			"faces": {
				"north": {"uv": [7, 4, 8, 5], "rotation": 270, "texture": "#0"},
				"east": {"uv": [7, 4, 8, 5], "rotation": 270, "texture": "#0"},
				"south": {"uv": [7, 4, 8, 5], "rotation": 270, "texture": "#0"},
				"west": {"uv": [7, 4, 8, 5], "rotation": 270, "texture": "#0"},
				"up": {"uv": [7, 4, 8, 5], "rotation": 270, "texture": "#0"},
				"down": {"uv": [7, 4, 8, 5], "rotation": 270, "texture": "#0"}
			}
		},
		{
			"from": [4.93553, 12.69953, 18.00609],
			"to": [5.1816, 13.29751, 29.56369],
			"rotation": {"angle": -22.5, "axis": "z", "origin": [6.38356, 12.99852, 30.15989]},
			"faces": {
				"north": {"uv": [7, 4, 8, 5], "rotation": 270, "texture": "#0"},
				"east": {"uv": [7, 4, 8, 5], "rotation": 270, "texture": "#0"},
				"south": {"uv": [7, 4, 8, 5], "rotation": 270, "texture": "#0"},
				"west": {"uv": [7, 4, 8, 5], "rotation": 270, "texture": "#0"},
				"up": {"uv": [7, 4, 8, 5], "rotation": 270, "texture": "#0"},
				"down": {"uv": [7, 4, 8, 5], "rotation": 270, "texture": "#0"}
			}
		},
		{
			"from": [4.93553, 12.69953, 18.00609],
			"to": [5.1816, 13.29751, 29.56369],
			"rotation": {"angle": -45, "axis": "z", "origin": [6.38356, 12.99852, 30.15989]},
			"faces": {
				"north": {"uv": [7, 4, 8, 5], "rotation": 270, "texture": "#0"},
				"east": {"uv": [7, 4, 8, 5], "rotation": 270, "texture": "#0"},
				"south": {"uv": [7, 4, 8, 5], "rotation": 270, "texture": "#0"},
				"west": {"uv": [7, 4, 8, 5], "rotation": 270, "texture": "#0"},
				"up": {"uv": [7, 4, 8, 5], "rotation": 270, "texture": "#0"},
				"down": {"uv": [7, 4, 8, 5], "rotation": 270, "texture": "#0"}
			}
		},
		{
			"from": [6.08457, 14.20048, 18.00609],
			"to": [6.68255, 14.44655, 29.56369],
			"rotation": {"angle": 22.5, "axis": "z", "origin": [6.38356, 12.99852, 30.15989]},
			"faces": {
				"north": {"uv": [7, 4, 8, 5], "texture": "#0"},
				"east": {"uv": [7, 4, 8, 5], "texture": "#0"},
				"south": {"uv": [7, 4, 8, 5], "texture": "#0"},
				"west": {"uv": [7, 4, 8, 5], "texture": "#0"},
				"up": {"uv": [7, 4, 8, 5], "texture": "#0"},
				"down": {"uv": [7, 4, 8, 5], "texture": "#0"}
			}
		}
	],
	"display": {
		"thirdperson_righthand": {
			"rotation": [67, 0, 0],
			"translation": [-4.68, 3.5, 8.5],
			"scale": [0.86, 0.86, 0.86]
		},
		"thirdperson_lefthand": {
			"rotation": [67, 0, 0],
			"translation": [-7.43, 3.5, 7.25],
			"scale": [0.9, 0.9, 0.9]
		},
		"firstperson_righthand": {
			"rotation": [1.5, 0, 80],
			"translation": [-15, -5, 70],
			"scale": [1, 1, 4]
		},
		"firstperson_lefthand": {
			"translation": [9.75, 3.75, 0]
		},
		"ground": {
			"translation": [0, 9, 0]
		},
		"gui": {
			"rotation": [35.5, -126, -3.25],
			"translation": [4.5, -2.5, 0],
			"scale": [0.55, 0.55, 0.55]
		},
		"head": {
			"translation": [2.75, -10, -9.25],
			"scale": [1.4, 1.4, 1.4]
		},
		"fixed": {
			"rotation": [-180, 0, -180],
			"translation": [-1, 1.75, 8.75]
		}
	},
	"groups": [
		{
			"name": "strap",
			"origin": [0, 0, 0],
			"color": 0,
			"children": [0, 1, 2, 3, 4, 5]
		},
		{
			"name": "tank",
			"origin": [0, 0, 0],
			"color": 0,
			"children": [6, 7, 8, 9, 10, 11, 12, 13, 14, 15, 16, 17, 18, 19, 20, 21, 22, 23, 24]
		},
		{
			"name": "littletank1",
			"origin": [8, 8, 8],
			"color": 0,
			"children": [25, 26, 27, 28, 29, 30, 31, 32, 33, 34, 35, 36, 37, 38, 39, 40, 41, 42, 43, 44, 45, 46, 47, 48, 49, 50, 51, 52, 53, 54, 55, 56, 57, 58, 59]
		},
		{
			"name": "littletank2",
			"origin": [8, 8, 8],
			"color": 0,
			"children": [60, 61, 62, 63, 64, 65, 66, 67, 68, 69, 70, 71, 72, 73, 74, 75, 76, 77, 78, 79, 80, 81, 82, 83, 84, 85, 86, 87, 88, 89, 90, 91, 92, 93, 94]
		},
		{
			"name": "hose",
			"origin": [8, 8, 8],
			"color": 0,
			"children": [95, 96, 97, 98, 99, 100, 101, 102, 103, 104]
		},
		{
			"name": "nozzle",
			"origin": [8, 8, 8],
			"color": 0,
			"children": [105, 106, 107, 108, 109, 110, 111, 112, 113, 114, 115, 116]
		},
		{
			"name": "dial",
			"origin": [8, 8, 8],
			"color": 0,
			"children": [117, 118, 119, 120, 121, 122, 123, 124, 125, 126, 127, 128, 129, 130, 131, 132, 133, 134, 135, 136, 137, 138, 139, 140, 141, 142, 143, 144, 145, 146, 147, 148, 149, 150, 151, 152, 153, 154]
		}
	]
}