{
	"credit": "Made with Blockbench",
	"textures": {    
		"particle": "item/cans/can_potato",
		"1": "item/cans/can_potato"
	},
	"elements": [
		{
			"from": [5.5, 0, 4.5],
			"to": [10.5, 6, 11.5],
			"faces": {
				"north": {"uv": [5, 0, 10, 6], "texture": "#1"},
				"east": {"uv": [0, 0, 5, 6], "texture": "#1"},
				"south": {"uv": [0, 0, 5, 6], "texture": "#1"},
				"west": {"uv": [10, 0, 12, 6], "texture": "#1"},
				"up": {"uv": [5, 7, 10, 14], "texture": "#1"},
				"down": {"uv": [5, 7, 10, 14], "texture": "#1"}
			}
		},
		{
			"from": [4.5, 0, 5.5],
			"to": [11.5, 6, 10.5],
			"faces": {
				"north": {"uv": [11, 0, 13, 6], "texture": "#1"},
				"east": {"uv": [0, 0, 5, 6], "texture": "#1"},
				"south": {"uv": [0, 0, 5, 6], "texture": "#1"},
				"west": {"uv": [0, 7, 5, 13], "texture": "#1"},
				"up": {"uv": [10, 7, 15, 14], "rotation": 90, "texture": "#1"},
				"down": {"uv": [10, 7, 15, 14], "rotation": 90, "texture": "#1"}
			}
		},
		{
			"from": [8.5, 6, 7.5],
			"to": [10.5, 6, 8.5],
			"rotation": {"angle": 22.5, "axis": "z", "origin": [8.5, 6, 8]},
			"faces": {
				"north": {"uv": [15, 3, 16, 5], "rotation": 90, "texture": "#1"},
				"east": {"uv": [15, 2, 16, 3], "texture": "#1"},
				"south": {"uv": [15, 3, 16, 5], "rotation": 90, "texture": "#1"},
				"west": {"uv": [15, 2, 16, 3], "texture": "#1"},
				"up": {"uv": [15, 0, 16, 2], "rotation": 90, "texture": "#1"},
				"down": {"uv": [15, 0, 16, 2], "rotation": 90, "texture": "#1"}
			}
		}
	],
	"display": {
		"thirdperson_righthand": {
			"rotation": [60, 0, 0],
			"translation": [-1, 1.5, 2.25],
			"scale": [0.5, 0.5, 0.5]
		},
		"thirdperson_lefthand": {
			"rotation": [60, 0, 0],
			"translation": [-1, 1.5, 2.25],
			"scale": [0.5, 0.5, 0.5]
		},
		"firstperson_righthand": {
			"rotation": [0, 135, 0],
			"translation": [0, 5.5, 0],
			"scale": [0.7, 0.7, 0.7]
		},
		"firstperson_lefthand": {
			"rotation": [0, 135, 0],
			"translation": [0, 5.5, 0],
			"scale": [0.7, 0.7, 0.7]
		},
		"ground": {
			"translation": [0, 5, 0],
			"scale": [0.7, 0.7, 0.7]
		},
		"gui": {
			"rotation": [25, 135, 0],
			"translation": [0, 5.25, 0],
			"scale": [1.25, 1.25, 1.25]
		},
		"head": {
			"translation": [0, 14.5, 0]
		},
		"fixed": {
			"rotation": [-10, -45, 0],
			"translation": [0, 6, -3],
			"scale": [1.25, 1.25, 1.25]
		}
	}
}