{
  "parent": "minecraft:item/generated",
  "textures": {
    "layer0": "minecraft:item/diamond_horse_armor"
  },
  "overrides": [
		{
			"predicate": {
				"custom_model_data": 2
			},
			"model": "item/weapons/xeth_ww1_rifle_gewehr98_aiming"
		},
		{
			"predicate": {
				"custom_model_data": 10
			},
			"model": "grimurrp:weapons/flamethrower/m2_flamethrower_viceroy_ads"
		},
		{
			"predicate": {
				"custom_model_data": 14
			},
			"model": "grimurrp:weapons/gun/pistol/pistol_c96_luey_ads"
		},
		{
			"predicate": {
				"custom_model_data": 18
			},
			"model": "grimurrp:weapons/gun/pistol/pistol_colt_revolver_xeth_ads"
		},
		{
			"predicate": {
				"custom_model_data": 22
			},
			"model": "grimurrp:weapons/gun/pistol/pistol_luger_xeth_ads"
		},
		{
			"predicate": {
				"custom_model_data": 26
			},
			"model": "grimurrp:weapons/gun/pistol/pistol_m1911_tomate_ads"
		},
		{
			"predicate": {
				"custom_model_data": 30
			},
			"model": "grimurrp:weapons/gun/pistol/pistol_nambu_luey_ads"
		},
		{
			"predicate": {
				"custom_model_data": 34
			},
			"model": "grimurrp:weapons/gun/rifle/rifle_arisaka38_viceroy_ads"
		},
		{
			"predicate": {
				"custom_model_data": 38
			},
			"model": "grimurrp:weapons/gun/rifle/rifle_carcano_viceroy_ads"
		},
		{
			"predicate": {
				"custom_model_data": 42
			},
			"model": "grimurrp:weapons/gun/rifle/rifle_kar98k_xeth_ads"
		},
		{
			"predicate": {
				"custom_model_data": 46
			},
			"model": "grimurrp:weapons/gun/rifle/rifle_lee_enfield_viceroy_ads"
		},
		{
			"predicate": {
				"custom_model_data": 50
			},
			"model": "grimurrp:weapons/gun/rifle/rifle_m1903_tomate_ads"
		},
		{
			"predicate": {
				"custom_model_data": 54
			},
			"model": "grimurrp:weapons/gun/rifle/rifle_mosinnagant_tomate_ads"
		},
		{
			"predicate": {
				"custom_model_data": 58
			},
			"model": "grimurrp:weapons/gun/rifle/grp_drakorian_mcr1_ads"
		},
		{
			"predicate": {
				"custom_model_data": 62
			},
			"model": "grimurrp:weapons/gun/rifle/grp_venalian_volkmg1_ads"
		},
		{
			"predicate": {
				"custom_model_data": 66
			},
			"model": "grimurrp:weapons/gun/rifle/grp_dakorian_sr1_ads"
		},
		{
			"predicate": {
				"custom_model_data": 70
			},
			"model": "grimurrp:weapons/gun/hmg/hmg_m1919_tomate_ads"
		},
		{
			"predicate": {
				"custom_model_data": 74
			},
			"model": "grimurrp:weapons/gun/rifle/grp_brunfyrd_lag1_ads"
		},
		{
			"predicate": {
				"custom_model_data": 78
			},
			"model": "grimurrp:weapons/gun/rifle/grp_novarian_mp18_ads"
		},
		{
			"predicate": {
				"custom_model_data": 82
			},
			"model": "grimurrp:weapons/gun/smg/smg_m1a1_tomate_ads"
		},
		{
			"predicate": {
				"custom_model_data": 86
			},
			"model": "grimurrp:weapons/gun/smg/grp_marcis_38_ads"
		},
		{
			"predicate": {
				"custom_model_data": 90
			},
			"model": "grimurrp:weapons/gun/rifle/grp_springfield_poginit_ads"
		}
  ]
}