{"credit":"made by xeth","textures":{"0":"item/xeth_ww1_guns_diffuse"},"elements":[{"from":[3.36255,-7.09001,5.60906],"to":[17.02515,18.54507,11.26829],"rotation":{"angle":0,"axis":"z","origin":[10.19385,5.72753,8.43868]},"faces":{"north":{"uv":[10.5,14,11,14.5],"texture":"#0"},"east":{"uv":[11,14,10.5,14.5],"rotation":180,"texture":"#0"},"south":{"uv":[10.5,14,11,14.5],"rotation":180,"texture":"#0"},"west":{"uv":[11,14,10.5,14.5],"rotation":180,"texture":"#0"},"up":{"uv":[11,14,10.5,14.5],"texture":"#0"},"down":{"uv":[11,14,10.5,14.5],"texture":"#0"}}},{"from":[7.36423,-7.09001,1.60738],"to":[13.02347,18.54507,15.26998],"rotation":{"angle":0,"axis":"z","origin":[10.19385,5.72753,8.43868]},"faces":{"north":{"uv":[10.5,14,11,14.5],"texture":"#0"},"east":{"uv":[11,14,10.5,14.5],"rotation":180,"texture":"#0"},"south":{"uv":[10.5,14,11,14.5],"rotation":180,"texture":"#0"},"west":{"uv":[11,14,10.5,14.5],"rotation":180,"texture":"#0"},"up":{"uv":[11,14,10.5,14.5],"texture":"#0"},"down":{"uv":[11,14,10.5,14.5],"texture":"#0"}}},{"from":[3.36255,-7.09001,5.60906],"to":[17.02515,18.54507,11.26829],"rotation":{"angle":45,"axis":"y","origin":[10.19385,5.72753,8.43868]},"faces":{"north":{"uv":[10.5,14,11,14.5],"texture":"#0"},"east":{"uv":[11,14,10.5,14.5],"rotation":180,"texture":"#0"},"south":{"uv":[10.5,14,11,14.5],"rotation":180,"texture":"#0"},"west":{"uv":[11,14,10.5,14.5],"rotation":180,"texture":"#0"},"up":{"uv":[11,14,10.5,14.5],"texture":"#0"},"down":{"uv":[11,14,10.5,14.5],"texture":"#0"}}},{"from":[3.36255,-7.09001,5.60906],"to":[17.02515,18.54507,11.26829],"rotation":{"angle":-45,"axis":"y","origin":[10.19385,5.72753,8.43868]},"faces":{"north":{"uv":[10.5,14,11,14.5],"texture":"#0"},"east":{"uv":[11,14,10.5,14.5],"rotation":180,"texture":"#0"},"south":{"uv":[10.5,14,11,14.5],"rotation":180,"texture":"#0"},"west":{"uv":[11,14,10.5,14.5],"rotation":180,"texture":"#0"},"up":{"uv":[11,14,10.5,14.5],"texture":"#0"},"down":{"uv":[11,14,10.5,14.5],"texture":"#0"}}},{"from":[3.36255,-14.34767,5.60906],"to":[17.02515,-11.28017,11.26829],"rotation":{"angle":0,"axis":"z","origin":[10.19385,-12.81392,8.43868]},"faces":{"north":{"uv":[10.5,14,11,14.5],"texture":"#0"},"east":{"uv":[11,14,10.5,14.5],"rotation":180,"texture":"#0"},"south":{"uv":[10.5,14,11,14.5],"rotation":180,"texture":"#0"},"west":{"uv":[11,14,10.5,14.5],"rotation":180,"texture":"#0"},"up":{"uv":[11,14,10.5,14.5],"texture":"#0"},"down":{"uv":[11,14,10.5,14.5],"texture":"#0"}}},{"from":[7.36423,-14.34767,1.60738],"to":[13.02347,-11.28017,15.26998],"rotation":{"angle":0,"axis":"z","origin":[10.19385,-12.81392,8.43868]},"faces":{"north":{"uv":[10.5,14,11,14.5],"texture":"#0"},"east":{"uv":[11,14,10.5,14.5],"rotation":180,"texture":"#0"},"south":{"uv":[10.5,14,11,14.5],"rotation":180,"texture":"#0"},"west":{"uv":[11,14,10.5,14.5],"rotation":180,"texture":"#0"},"up":{"uv":[11,14,10.5,14.5],"texture":"#0"},"down":{"uv":[11,14,10.5,14.5],"texture":"#0"}}},{"from":[3.36255,-14.34767,5.60906],"to":[17.02515,-11.28017,11.26829],"rotation":{"angle":45,"axis":"y","origin":[10.19385,-12.81392,8.43868]},"faces":{"north":{"uv":[10.5,14,11,14.5],"texture":"#0"},"east":{"uv":[11,14,10.5,14.5],"rotation":180,"texture":"#0"},"south":{"uv":[10.5,14,11,14.5],"rotation":180,"texture":"#0"},"west":{"uv":[11,14,10.5,14.5],"rotation":180,"texture":"#0"},"up":{"uv":[11,14,10.5,14.5],"texture":"#0"},"down":{"uv":[11,14,10.5,14.5],"texture":"#0"}}},{"from":[3.36255,-14.34767,5.60906],"to":[17.02515,-11.28017,11.26829],"rotation":{"angle":-45,"axis":"y","origin":[10.19385,-12.81392,8.43868]},"faces":{"north":{"uv":[10.5,14,11,14.5],"texture":"#0"},"east":{"uv":[11,14,10.5,14.5],"rotation":180,"texture":"#0"},"south":{"uv":[10.5,14,11,14.5],"rotation":180,"texture":"#0"},"west":{"uv":[11,14,10.5,14.5],"rotation":180,"texture":"#0"},"up":{"uv":[11,14,10.5,14.5],"texture":"#0"},"down":{"uv":[11,14,10.5,14.5],"texture":"#0"}}},{"from":[5.22678,-12.32117,6.38125],"to":[15.16092,-6.2411,10.4961],"rotation":{"angle":0,"axis":"z","origin":[10.19385,-9.28113,8.43868]},"faces":{"north":{"uv":[10.5,14,11,14.5],"texture":"#0"},"east":{"uv":[11,14,10.5,14.5],"rotation":180,"texture":"#0"},"south":{"uv":[10.5,14,11,14.5],"rotation":180,"texture":"#0"},"west":{"uv":[11,14,10.5,14.5],"rotation":180,"texture":"#0"},"up":{"uv":[11,14,10.5,14.5],"texture":"#0"},"down":{"uv":[11,14,10.5,14.5],"texture":"#0"}}},{"from":[8.13642,-12.32117,3.47161],"to":[12.25128,-6.2411,13.40574],"rotation":{"angle":0,"axis":"z","origin":[10.19385,-9.28113,8.43868]},"faces":{"north":{"uv":[10.5,14,11,14.5],"texture":"#0"},"east":{"uv":[11,14,10.5,14.5],"rotation":180,"texture":"#0"},"south":{"uv":[10.5,14,11,14.5],"rotation":180,"texture":"#0"},"west":{"uv":[11,14,10.5,14.5],"rotation":180,"texture":"#0"},"up":{"uv":[11,14,10.5,14.5],"texture":"#0"},"down":{"uv":[11,14,10.5,14.5],"texture":"#0"}}},{"from":[5.22679,-12.32117,6.38125],"to":[15.16092,-6.2411,10.4961],"rotation":{"angle":45,"axis":"y","origin":[10.19385,-9.28113,8.43868]},"faces":{"north":{"uv":[10.5,14,11,14.5],"texture":"#0"},"east":{"uv":[11,14,10.5,14.5],"rotation":180,"texture":"#0"},"south":{"uv":[10.5,14,11,14.5],"rotation":180,"texture":"#0"},"west":{"uv":[11,14,10.5,14.5],"rotation":180,"texture":"#0"},"up":{"uv":[11,14,10.5,14.5],"texture":"#0"},"down":{"uv":[11,14,10.5,14.5],"texture":"#0"}}},{"from":[5.22679,-12.32117,6.38125],"to":[15.16092,-6.2411,10.4961],"rotation":{"angle":-45,"axis":"y","origin":[10.19385,-9.28113,8.43868]},"faces":{"north":{"uv":[10.5,14,11,14.5],"texture":"#0"},"east":{"uv":[11,14,10.5,14.5],"rotation":180,"texture":"#0"},"south":{"uv":[10.5,14,11,14.5],"rotation":180,"texture":"#0"},"west":{"uv":[11,14,10.5,14.5],"rotation":180,"texture":"#0"},"up":{"uv":[11,14,10.5,14.5],"texture":"#0"},"down":{"uv":[11,14,10.5,14.5],"texture":"#0"}}},{"from":[3.36255,-7.09001,-11.99832],"to":[17.02515,18.54507,-6.33908],"rotation":{"angle":0,"axis":"z","origin":[10.19385,5.72753,-9.1687]},"faces":{"north":{"uv":[10.5,14,11,14.5],"texture":"#0"},"east":{"uv":[11,14,10.5,14.5],"rotation":180,"texture":"#0"},"south":{"uv":[10.5,14,11,14.5],"rotation":180,"texture":"#0"},"west":{"uv":[11,14,10.5,14.5],"rotation":180,"texture":"#0"},"up":{"uv":[11,14,10.5,14.5],"texture":"#0"},"down":{"uv":[11,14,10.5,14.5],"texture":"#0"}}},{"from":[7.36423,-7.09001,-16],"to":[13.02347,18.54507,-2.3374],"rotation":{"angle":0,"axis":"z","origin":[10.19385,5.72753,-9.1687]},"faces":{"north":{"uv":[10.5,14,11,14.5],"texture":"#0"},"east":{"uv":[11,14,10.5,14.5],"rotation":180,"texture":"#0"},"south":{"uv":[10.5,14,11,14.5],"rotation":180,"texture":"#0"},"west":{"uv":[11,14,10.5,14.5],"rotation":180,"texture":"#0"},"up":{"uv":[11,14,10.5,14.5],"texture":"#0"},"down":{"uv":[11,14,10.5,14.5],"texture":"#0"}}},{"from":[3.36255,-7.09001,-11.99832],"to":[17.02515,18.54507,-6.33908],"rotation":{"angle":45,"axis":"y","origin":[10.19385,5.72753,-9.1687]},"faces":{"north":{"uv":[10.5,14,11,14.5],"texture":"#0"},"east":{"uv":[11,14,10.5,14.5],"rotation":180,"texture":"#0"},"south":{"uv":[10.5,14,11,14.5],"rotation":180,"texture":"#0"},"west":{"uv":[11,14,10.5,14.5],"rotation":180,"texture":"#0"},"up":{"uv":[11,14,10.5,14.5],"texture":"#0"},"down":{"uv":[11,14,10.5,14.5],"texture":"#0"}}},{"from":[3.36255,-7.09001,-11.99832],"to":[17.02515,18.54507,-6.33908],"rotation":{"angle":-45,"axis":"y","origin":[10.19385,5.72753,-9.1687]},"faces":{"north":{"uv":[10.5,14,11,14.5],"texture":"#0"},"east":{"uv":[11,14,10.5,14.5],"rotation":180,"texture":"#0"},"south":{"uv":[10.5,14,11,14.5],"rotation":180,"texture":"#0"},"west":{"uv":[11,14,10.5,14.5],"rotation":180,"texture":"#0"},"up":{"uv":[11,14,10.5,14.5],"texture":"#0"},"down":{"uv":[11,14,10.5,14.5],"texture":"#0"}}},{"from":[3.36255,-14.34767,-11.99832],"to":[17.02515,-11.28017,-6.33908],"rotation":{"angle":0,"axis":"z","origin":[10.19385,-12.81392,-9.1687]},"faces":{"north":{"uv":[10.5,14,11,14.5],"texture":"#0"},"east":{"uv":[11,14,10.5,14.5],"rotation":180,"texture":"#0"},"south":{"uv":[10.5,14,11,14.5],"rotation":180,"texture":"#0"},"west":{"uv":[11,14,10.5,14.5],"rotation":180,"texture":"#0"},"up":{"uv":[11,14,10.5,14.5],"texture":"#0"},"down":{"uv":[11,14,10.5,14.5],"texture":"#0"}}},{"from":[7.36423,-14.34767,-16],"to":[13.02347,-11.28017,-2.3374],"rotation":{"angle":0,"axis":"z","origin":[10.19385,-12.81392,-9.1687]},"faces":{"north":{"uv":[10.5,14,11,14.5],"texture":"#0"},"east":{"uv":[11,14,10.5,14.5],"rotation":180,"texture":"#0"},"south":{"uv":[10.5,14,11,14.5],"rotation":180,"texture":"#0"},"west":{"uv":[11,14,10.5,14.5],"rotation":180,"texture":"#0"},"up":{"uv":[11,14,10.5,14.5],"texture":"#0"},"down":{"uv":[11,14,10.5,14.5],"texture":"#0"}}},{"from":[3.36255,-14.34767,-11.99832],"to":[17.02515,-11.28017,-6.33908],"rotation":{"angle":45,"axis":"y","origin":[10.19385,-12.81392,-9.1687]},"faces":{"north":{"uv":[10.5,14,11,14.5],"texture":"#0"},"east":{"uv":[11,14,10.5,14.5],"rotation":180,"texture":"#0"},"south":{"uv":[10.5,14,11,14.5],"rotation":180,"texture":"#0"},"west":{"uv":[11,14,10.5,14.5],"rotation":180,"texture":"#0"},"up":{"uv":[11,14,10.5,14.5],"texture":"#0"},"down":{"uv":[11,14,10.5,14.5],"texture":"#0"}}},{"from":[3.36255,-14.34767,-11.99832],"to":[17.02515,-11.28017,-6.33908],"rotation":{"angle":-45,"axis":"y","origin":[10.19385,-12.81392,-9.1687]},"faces":{"north":{"uv":[10.5,14,11,14.5],"texture":"#0"},"east":{"uv":[11,14,10.5,14.5],"rotation":180,"texture":"#0"},"south":{"uv":[10.5,14,11,14.5],"rotation":180,"texture":"#0"},"west":{"uv":[11,14,10.5,14.5],"rotation":180,"texture":"#0"},"up":{"uv":[11,14,10.5,14.5],"texture":"#0"},"down":{"uv":[11,14,10.5,14.5],"texture":"#0"}}},{"from":[5.22678,-12.32117,-11.22613],"to":[15.16092,-6.2411,-7.11127],"rotation":{"angle":0,"axis":"z","origin":[10.19385,-9.28113,-9.1687]},"faces":{"north":{"uv":[10.5,14,11,14.5],"texture":"#0"},"east":{"uv":[11,14,10.5,14.5],"rotation":180,"texture":"#0"},"south":{"uv":[10.5,14,11,14.5],"rotation":180,"texture":"#0"},"west":{"uv":[11,14,10.5,14.5],"rotation":180,"texture":"#0"},"up":{"uv":[11,14,10.5,14.5],"texture":"#0"},"down":{"uv":[11,14,10.5,14.5],"texture":"#0"}}},{"from":[8.13642,-12.32117,-14.13577],"to":[12.25128,-6.2411,-4.20163],"rotation":{"angle":0,"axis":"z","origin":[10.19385,-9.28113,-9.1687]},"faces":{"north":{"uv":[10.5,14,11,14.5],"texture":"#0"},"east":{"uv":[11,14,10.5,14.5],"rotation":180,"texture":"#0"},"south":{"uv":[10.5,14,11,14.5],"rotation":180,"texture":"#0"},"west":{"uv":[11,14,10.5,14.5],"rotation":180,"texture":"#0"},"up":{"uv":[11,14,10.5,14.5],"texture":"#0"},"down":{"uv":[11,14,10.5,14.5],"texture":"#0"}}},{"from":[5.22679,-12.32117,-11.22613],"to":[15.16092,-6.2411,-7.11128],"rotation":{"angle":45,"axis":"y","origin":[10.19385,-9.28113,-9.1687]},"faces":{"north":{"uv":[10.5,14,11,14.5],"texture":"#0"},"east":{"uv":[11,14,10.5,14.5],"rotation":180,"texture":"#0"},"south":{"uv":[10.5,14,11,14.5],"rotation":180,"texture":"#0"},"west":{"uv":[11,14,10.5,14.5],"rotation":180,"texture":"#0"},"up":{"uv":[11,14,10.5,14.5],"texture":"#0"},"down":{"uv":[11,14,10.5,14.5],"texture":"#0"}}},{"from":[5.22679,-12.32117,-11.22613],"to":[15.16092,-6.2411,-7.11128],"rotation":{"angle":-45,"axis":"y","origin":[10.19385,-9.28113,-9.1687]},"faces":{"north":{"uv":[10.5,14,11,14.5],"texture":"#0"},"east":{"uv":[11,14,10.5,14.5],"rotation":180,"texture":"#0"},"south":{"uv":[10.5,14,11,14.5],"rotation":180,"texture":"#0"},"west":{"uv":[11,14,10.5,14.5],"rotation":180,"texture":"#0"},"up":{"uv":[11,14,10.5,14.5],"texture":"#0"},"down":{"uv":[11,14,10.5,14.5],"texture":"#0"}}},{"from":[-2.43779,-14.56224,22.33908],"to":[23.19729,-0.89964,27.99832],"rotation":{"angle":0,"axis":"z","origin":[10.37975,-7.73094,25.1687]},"faces":{"north":{"uv":[10.5,14,11,14.5],"rotation":90,"texture":"#0"},"east":{"uv":[11,14,10.5,14.5],"rotation":270,"texture":"#0"},"south":{"uv":[10.5,14,11,14.5],"rotation":90,"texture":"#0"},"west":{"uv":[11,14,10.5,14.5],"rotation":270,"texture":"#0"},"up":{"uv":[11,14,10.5,14.5],"rotation":90,"texture":"#0"},"down":{"uv":[11,14,10.5,14.5],"rotation":90,"texture":"#0"}}},{"from":[-2.43779,-10.56055,18.3374],"to":[23.19729,-4.90132,32],"rotation":{"angle":0,"axis":"z","origin":[10.37975,-7.73094,25.1687]},"faces":{"north":{"uv":[10.5,14,11,14.5],"rotation":90,"texture":"#0"},"east":{"uv":[11,14,10.5,14.5],"rotation":270,"texture":"#0"},"south":{"uv":[10.5,14,11,14.5],"rotation":90,"texture":"#0"},"west":{"uv":[11,14,10.5,14.5],"rotation":270,"texture":"#0"},"up":{"uv":[11,14,10.5,14.5],"rotation":90,"texture":"#0"},"down":{"uv":[11,14,10.5,14.5],"rotation":90,"texture":"#0"}}},{"from":[-2.43779,-14.56224,22.33908],"to":[23.19729,-0.89964,27.99832],"rotation":{"angle":-45,"axis":"x","origin":[10.37975,-7.73094,25.1687]},"faces":{"north":{"uv":[10.5,14,11,14.5],"rotation":90,"texture":"#0"},"east":{"uv":[11,14,10.5,14.5],"rotation":270,"texture":"#0"},"south":{"uv":[10.5,14,11,14.5],"rotation":90,"texture":"#0"},"west":{"uv":[11,14,10.5,14.5],"rotation":270,"texture":"#0"},"up":{"uv":[11,14,10.5,14.5],"rotation":90,"texture":"#0"},"down":{"uv":[11,14,10.5,14.5],"rotation":90,"texture":"#0"}}},{"from":[-2.43779,-14.56224,22.33908],"to":[23.19729,-0.89964,27.99832],"rotation":{"angle":45,"axis":"x","origin":[10.37975,-7.73094,25.1687]},"faces":{"north":{"uv":[10.5,14,11,14.5],"rotation":90,"texture":"#0"},"east":{"uv":[11,14,10.5,14.5],"rotation":270,"texture":"#0"},"south":{"uv":[10.5,14,11,14.5],"rotation":90,"texture":"#0"},"west":{"uv":[11,14,10.5,14.5],"rotation":270,"texture":"#0"},"up":{"uv":[11,14,10.5,14.5],"rotation":90,"texture":"#0"},"down":{"uv":[11,14,10.5,14.5],"rotation":90,"texture":"#0"}}},{"from":[27.38745,-14.56224,22.33908],"to":[30.45495,-0.89964,27.99832],"rotation":{"angle":0,"axis":"z","origin":[28.9212,-7.73094,25.1687]},"faces":{"north":{"uv":[10.5,14,11,14.5],"rotation":90,"texture":"#0"},"east":{"uv":[11,14,10.5,14.5],"rotation":270,"texture":"#0"},"south":{"uv":[10.5,14,11,14.5],"rotation":90,"texture":"#0"},"west":{"uv":[11,14,10.5,14.5],"rotation":270,"texture":"#0"},"up":{"uv":[11,14,10.5,14.5],"rotation":90,"texture":"#0"},"down":{"uv":[11,14,10.5,14.5],"rotation":90,"texture":"#0"}}},{"from":[27.38745,-10.56055,18.3374],"to":[30.45495,-4.90132,32],"rotation":{"angle":0,"axis":"z","origin":[28.9212,-7.73093,25.1687]},"faces":{"north":{"uv":[10.5,14,11,14.5],"rotation":90,"texture":"#0"},"east":{"uv":[11,14,10.5,14.5],"rotation":270,"texture":"#0"},"south":{"uv":[10.5,14,11,14.5],"rotation":90,"texture":"#0"},"west":{"uv":[11,14,10.5,14.5],"rotation":270,"texture":"#0"},"up":{"uv":[11,14,10.5,14.5],"rotation":90,"texture":"#0"},"down":{"uv":[11,14,10.5,14.5],"rotation":90,"texture":"#0"}}},{"from":[27.38745,-14.56223,22.33908],"to":[30.45495,-0.89964,27.99832],"rotation":{"angle":-45,"axis":"x","origin":[28.9212,-7.73094,25.1687]},"faces":{"north":{"uv":[10.5,14,11,14.5],"rotation":90,"texture":"#0"},"east":{"uv":[11,14,10.5,14.5],"rotation":270,"texture":"#0"},"south":{"uv":[10.5,14,11,14.5],"rotation":90,"texture":"#0"},"west":{"uv":[11,14,10.5,14.5],"rotation":270,"texture":"#0"},"up":{"uv":[11,14,10.5,14.5],"rotation":90,"texture":"#0"},"down":{"uv":[11,14,10.5,14.5],"rotation":90,"texture":"#0"}}},{"from":[27.38745,-14.56223,22.33908],"to":[30.45495,-0.89964,27.99832],"rotation":{"angle":45,"axis":"x","origin":[28.9212,-7.73094,25.1687]},"faces":{"north":{"uv":[10.5,14,11,14.5],"rotation":90,"texture":"#0"},"east":{"uv":[11,14,10.5,14.5],"rotation":270,"texture":"#0"},"south":{"uv":[10.5,14,11,14.5],"rotation":90,"texture":"#0"},"west":{"uv":[11,14,10.5,14.5],"rotation":270,"texture":"#0"},"up":{"uv":[11,14,10.5,14.5],"rotation":90,"texture":"#0"},"down":{"uv":[11,14,10.5,14.5],"rotation":90,"texture":"#0"}}},{"from":[22.34838,-12.698,23.11127],"to":[28.42846,-2.76387,27.22613],"rotation":{"angle":0,"axis":"z","origin":[25.38842,-7.73093,25.1687]},"faces":{"north":{"uv":[10.5,14,11,14.5],"rotation":90,"texture":"#0"},"east":{"uv":[11,14,10.5,14.5],"rotation":270,"texture":"#0"},"south":{"uv":[10.5,14,11,14.5],"rotation":90,"texture":"#0"},"west":{"uv":[11,14,10.5,14.5],"rotation":270,"texture":"#0"},"up":{"uv":[11,14,10.5,14.5],"rotation":90,"texture":"#0"},"down":{"uv":[11,14,10.5,14.5],"rotation":90,"texture":"#0"}}},{"from":[22.34838,-9.78836,20.20163],"to":[28.42846,-5.67351,30.13577],"rotation":{"angle":0,"axis":"z","origin":[25.38842,-7.73093,25.1687]},"faces":{"north":{"uv":[10.5,14,11,14.5],"rotation":90,"texture":"#0"},"east":{"uv":[11,14,10.5,14.5],"rotation":270,"texture":"#0"},"south":{"uv":[10.5,14,11,14.5],"rotation":90,"texture":"#0"},"west":{"uv":[11,14,10.5,14.5],"rotation":270,"texture":"#0"},"up":{"uv":[11,14,10.5,14.5],"rotation":90,"texture":"#0"},"down":{"uv":[11,14,10.5,14.5],"rotation":90,"texture":"#0"}}},{"from":[22.34838,-12.698,23.11127],"to":[28.42846,-2.76387,27.22613],"rotation":{"angle":-45,"axis":"x","origin":[25.38842,-7.73093,25.1687]},"faces":{"north":{"uv":[10.5,14,11,14.5],"rotation":90,"texture":"#0"},"east":{"uv":[11,14,10.5,14.5],"rotation":270,"texture":"#0"},"south":{"uv":[10.5,14,11,14.5],"rotation":90,"texture":"#0"},"west":{"uv":[11,14,10.5,14.5],"rotation":270,"texture":"#0"},"up":{"uv":[11,14,10.5,14.5],"rotation":90,"texture":"#0"},"down":{"uv":[11,14,10.5,14.5],"rotation":90,"texture":"#0"}}},{"from":[22.34838,-12.698,23.11127],"to":[28.42846,-2.76387,27.22613],"rotation":{"angle":45,"axis":"x","origin":[25.38842,-7.73093,25.1687]},"faces":{"north":{"uv":[10.5,14,11,14.5],"rotation":90,"texture":"#0"},"east":{"uv":[11,14,10.5,14.5],"rotation":270,"texture":"#0"},"south":{"uv":[10.5,14,11,14.5],"rotation":90,"texture":"#0"},"west":{"uv":[11,14,10.5,14.5],"rotation":270,"texture":"#0"},"up":{"uv":[11,14,10.5,14.5],"rotation":90,"texture":"#0"},"down":{"uv":[11,14,10.5,14.5],"rotation":90,"texture":"#0"}}},{"from":[3.95233,14.37983,5.85335],"to":[16.43538,25.89972,11.024],"rotation":{"angle":0,"axis":"z","origin":[10.19385,20.13977,8.43868]},"faces":{"north":{"uv":[12,14,12.5,14.5],"texture":"#0"},"east":{"uv":[12.5,14,12,14.5],"rotation":180,"texture":"#0"},"south":{"uv":[12,14,12.5,14.5],"rotation":180,"texture":"#0"},"west":{"uv":[12.5,14,12,14.5],"rotation":180,"texture":"#0"},"up":{"uv":[12.5,14,12,14.5],"texture":"#0"},"down":{"uv":[12.5,14,12,14.5],"texture":"#0"}}},{"from":[7.60853,14.37983,2.19715],"to":[12.77918,25.89971,14.6802],"rotation":{"angle":0,"axis":"z","origin":[10.19385,20.13977,8.43868]},"faces":{"north":{"uv":[12,14,12.5,14.5],"texture":"#0"},"east":{"uv":[12.5,14,12,14.5],"rotation":180,"texture":"#0"},"south":{"uv":[12,14,12.5,14.5],"rotation":180,"texture":"#0"},"west":{"uv":[12.5,14,12,14.5],"rotation":180,"texture":"#0"},"up":{"uv":[12.5,14,12,14.5],"texture":"#0"},"down":{"uv":[12.5,14,12,14.5],"texture":"#0"}}},{"from":[3.95233,14.37983,5.85335],"to":[16.43538,25.89972,11.024],"rotation":{"angle":45,"axis":"y","origin":[10.19385,20.13977,8.43868]},"faces":{"north":{"uv":[12,14,12.5,14.5],"texture":"#0"},"east":{"uv":[12.5,14,12,14.5],"rotation":180,"texture":"#0"},"south":{"uv":[12,14,12.5,14.5],"rotation":180,"texture":"#0"},"west":{"uv":[12.5,14,12,14.5],"rotation":180,"texture":"#0"},"up":{"uv":[12.5,14,12,14.5],"texture":"#0"},"down":{"uv":[12.5,14,12,14.5],"texture":"#0"}}},{"from":[3.95233,14.37983,5.85335],"to":[16.43538,25.89972,11.024],"rotation":{"angle":-45,"axis":"y","origin":[10.19385,20.13977,8.43868]},"faces":{"north":{"uv":[12,14,12.5,14.5],"texture":"#0"},"east":{"uv":[12.5,14,12,14.5],"rotation":180,"texture":"#0"},"south":{"uv":[12,14,12.5,14.5],"rotation":180,"texture":"#0"},"west":{"uv":[12.5,14,12,14.5],"rotation":180,"texture":"#0"},"up":{"uv":[12.5,14,12,14.5],"texture":"#0"},"down":{"uv":[12.5,14,12,14.5],"texture":"#0"}}},{"from":[5.60454,21.91092,5.85335],"to":[10.86988,28.76506,11.024],"rotation":{"angle":45,"axis":"z","origin":[8.23721,25.33799,8.43868]},"faces":{"north":{"uv":[12,14,12.5,14.5],"rotation":270,"texture":"#0"},"east":{"uv":[12.5,14,12,14.5],"rotation":90,"texture":"#0"},"south":{"uv":[12,14,12.5,14.5],"rotation":270,"texture":"#0"},"west":{"uv":[12.5,14,12,14.5],"rotation":90,"texture":"#0"},"up":{"uv":[12.5,14,12,14.5],"rotation":270,"texture":"#0"},"down":{"uv":[12.5,14,12,14.5],"rotation":270,"texture":"#0"}}},{"from":[7.60853,21.91092,7.76265],"to":[12.77917,28.76506,13.02799],"rotation":{"angle":45,"axis":"x","origin":[10.19385,25.33799,10.39532]},"faces":{"north":{"uv":[12.5,14,12,14.5],"rotation":90,"texture":"#0"},"east":{"uv":[12,14,12.5,14.5],"rotation":270,"texture":"#0"},"south":{"uv":[12.5,14,12,14.5],"rotation":90,"texture":"#0"},"west":{"uv":[12,14,12.5,14.5],"rotation":270,"texture":"#0"},"up":{"uv":[12.5,14,12,14.5],"rotation":180,"texture":"#0"},"down":{"uv":[12.5,14,12,14.5],"texture":"#0"}}},{"from":[9.51782,21.91092,5.85335],"to":[14.78316,28.76506,11.024],"rotation":{"angle":-45,"axis":"z","origin":[12.15049,25.33799,8.43868]},"faces":{"north":{"uv":[12,14,12.5,14.5],"rotation":270,"texture":"#0"},"east":{"uv":[12.5,14,12,14.5],"rotation":90,"texture":"#0"},"south":{"uv":[12,14,12.5,14.5],"rotation":270,"texture":"#0"},"west":{"uv":[12.5,14,12,14.5],"rotation":90,"texture":"#0"},"up":{"uv":[12.5,14,12,14.5],"rotation":90,"texture":"#0"},"down":{"uv":[12.5,14,12,14.5],"rotation":90,"texture":"#0"}}},{"from":[7.60853,21.91092,3.84937],"to":[12.77917,28.76506,9.11471],"rotation":{"angle":-45,"axis":"x","origin":[10.19385,25.33799,6.48204]},"faces":{"north":{"uv":[12.5,14,12,14.5],"rotation":90,"texture":"#0"},"east":{"uv":[12,14,12.5,14.5],"rotation":270,"texture":"#0"},"south":{"uv":[12.5,14,12,14.5],"rotation":90,"texture":"#0"},"west":{"uv":[12,14,12.5,14.5],"rotation":270,"texture":"#0"},"up":{"uv":[12.5,14,12,14.5],"texture":"#0"},"down":{"uv":[12.5,14,12,14.5],"rotation":180,"texture":"#0"}}},{"from":[7.54302,24.94228,7.34067],"to":[12.84468,30.56224,9.53669],"rotation":{"angle":0,"axis":"z","origin":[10.19385,27.75226,8.43868]},"faces":{"north":{"uv":[12,14,12.5,14.5],"texture":"#0"},"east":{"uv":[12.5,14,12,14.5],"rotation":180,"texture":"#0"},"south":{"uv":[12,14,12.5,14.5],"rotation":180,"texture":"#0"},"west":{"uv":[12.5,14,12,14.5],"rotation":180,"texture":"#0"},"up":{"uv":[12.5,14,12,14.5],"texture":"#0"},"down":{"uv":[12.5,14,12,14.5],"texture":"#0"}}},{"from":[9.09584,24.94228,5.78785],"to":[11.29186,30.56224,11.08951],"rotation":{"angle":0,"axis":"z","origin":[10.19385,27.75226,8.43868]},"faces":{"north":{"uv":[12,14,12.5,14.5],"texture":"#0"},"east":{"uv":[12.5,14,12,14.5],"rotation":180,"texture":"#0"},"south":{"uv":[12,14,12.5,14.5],"rotation":180,"texture":"#0"},"west":{"uv":[12.5,14,12,14.5],"rotation":180,"texture":"#0"},"up":{"uv":[12.5,14,12,14.5],"texture":"#0"},"down":{"uv":[12.5,14,12,14.5],"texture":"#0"}}},{"from":[7.54302,24.94228,7.34067],"to":[12.84468,30.56224,9.53669],"rotation":{"angle":45,"axis":"y","origin":[10.19385,27.75226,8.43868]},"faces":{"north":{"uv":[12,14,12.5,14.5],"texture":"#0"},"east":{"uv":[12.5,14,12,14.5],"rotation":180,"texture":"#0"},"south":{"uv":[12,14,12.5,14.5],"rotation":180,"texture":"#0"},"west":{"uv":[12.5,14,12,14.5],"rotation":180,"texture":"#0"},"up":{"uv":[12.5,14,12,14.5],"texture":"#0"},"down":{"uv":[12.5,14,12,14.5],"texture":"#0"}}},{"from":[7.54302,24.94228,7.34067],"to":[12.84468,30.56224,9.53669],"rotation":{"angle":-45,"axis":"y","origin":[10.19385,27.75226,8.43868]},"faces":{"north":{"uv":[12,14,12.5,14.5],"texture":"#0"},"east":{"uv":[12.5,14,12,14.5],"rotation":180,"texture":"#0"},"south":{"uv":[12,14,12.5,14.5],"rotation":180,"texture":"#0"},"west":{"uv":[12.5,14,12,14.5],"rotation":180,"texture":"#0"},"up":{"uv":[12.5,14,12,14.5],"texture":"#0"},"down":{"uv":[12.5,14,12,14.5],"texture":"#0"}}},{"from":[3.95233,14.37983,-11.75402],"to":[16.43538,25.89972,-6.58338],"rotation":{"angle":0,"axis":"z","origin":[10.19385,20.13977,-9.1687]},"faces":{"north":{"uv":[12,14,12.5,14.5],"texture":"#0"},"east":{"uv":[12.5,14,12,14.5],"rotation":180,"texture":"#0"},"south":{"uv":[12,14,12.5,14.5],"rotation":180,"texture":"#0"},"west":{"uv":[12.5,14,12,14.5],"rotation":180,"texture":"#0"},"up":{"uv":[12.5,14,12,14.5],"texture":"#0"},"down":{"uv":[12.5,14,12,14.5],"texture":"#0"}}},{"from":[7.60853,14.37983,-15.41022],"to":[12.77918,25.89971,-2.92718],"rotation":{"angle":0,"axis":"z","origin":[10.19385,20.13977,-9.1687]},"faces":{"north":{"uv":[12,14,12.5,14.5],"texture":"#0"},"east":{"uv":[12.5,14,12,14.5],"rotation":180,"texture":"#0"},"south":{"uv":[12,14,12.5,14.5],"rotation":180,"texture":"#0"},"west":{"uv":[12.5,14,12,14.5],"rotation":180,"texture":"#0"},"up":{"uv":[12.5,14,12,14.5],"texture":"#0"},"down":{"uv":[12.5,14,12,14.5],"texture":"#0"}}},{"from":[3.95233,14.37983,-11.75402],"to":[16.43538,25.89972,-6.58338],"rotation":{"angle":45,"axis":"y","origin":[10.19385,20.13977,-9.1687]},"faces":{"north":{"uv":[12,14,12.5,14.5],"texture":"#0"},"east":{"uv":[12.5,14,12,14.5],"rotation":180,"texture":"#0"},"south":{"uv":[12,14,12.5,14.5],"rotation":180,"texture":"#0"},"west":{"uv":[12.5,14,12,14.5],"rotation":180,"texture":"#0"},"up":{"uv":[12.5,14,12,14.5],"texture":"#0"},"down":{"uv":[12.5,14,12,14.5],"texture":"#0"}}},{"from":[3.95233,14.37983,-11.75402],"to":[16.43538,25.89972,-6.58338],"rotation":{"angle":-45,"axis":"y","origin":[10.19385,20.13977,-9.1687]},"faces":{"north":{"uv":[12,14,12.5,14.5],"texture":"#0"},"east":{"uv":[12.5,14,12,14.5],"rotation":180,"texture":"#0"},"south":{"uv":[12,14,12.5,14.5],"rotation":180,"texture":"#0"},"west":{"uv":[12.5,14,12,14.5],"rotation":180,"texture":"#0"},"up":{"uv":[12.5,14,12,14.5],"texture":"#0"},"down":{"uv":[12.5,14,12,14.5],"texture":"#0"}}},{"from":[5.60454,21.91092,-11.75402],"to":[10.86988,28.76506,-6.58338],"rotation":{"angle":45,"axis":"z","origin":[8.23721,25.33799,-9.1687]},"faces":{"north":{"uv":[12,14,12.5,14.5],"rotation":270,"texture":"#0"},"east":{"uv":[12.5,14,12,14.5],"rotation":90,"texture":"#0"},"south":{"uv":[12,14,12.5,14.5],"rotation":270,"texture":"#0"},"west":{"uv":[12.5,14,12,14.5],"rotation":90,"texture":"#0"},"up":{"uv":[12.5,14,12,14.5],"rotation":270,"texture":"#0"},"down":{"uv":[12.5,14,12,14.5],"rotation":270,"texture":"#0"}}},{"from":[7.60853,21.91092,-9.84473],"to":[12.77917,28.76506,-4.57939],"rotation":{"angle":45,"axis":"x","origin":[10.19385,25.33799,-7.21206]},"faces":{"north":{"uv":[12.5,14,12,14.5],"rotation":90,"texture":"#0"},"east":{"uv":[12,14,12.5,14.5],"rotation":270,"texture":"#0"},"south":{"uv":[12.5,14,12,14.5],"rotation":90,"texture":"#0"},"west":{"uv":[12,14,12.5,14.5],"rotation":270,"texture":"#0"},"up":{"uv":[12.5,14,12,14.5],"rotation":180,"texture":"#0"},"down":{"uv":[12.5,14,12,14.5],"texture":"#0"}}},{"from":[9.51782,21.91092,-11.75402],"to":[14.78316,28.76506,-6.58338],"rotation":{"angle":-45,"axis":"z","origin":[12.15049,25.33799,-9.1687]},"faces":{"north":{"uv":[12,14,12.5,14.5],"rotation":270,"texture":"#0"},"east":{"uv":[12.5,14,12,14.5],"rotation":90,"texture":"#0"},"south":{"uv":[12,14,12.5,14.5],"rotation":270,"texture":"#0"},"west":{"uv":[12.5,14,12,14.5],"rotation":90,"texture":"#0"},"up":{"uv":[12.5,14,12,14.5],"rotation":90,"texture":"#0"},"down":{"uv":[12.5,14,12,14.5],"rotation":90,"texture":"#0"}}},{"from":[7.60853,21.91092,-13.75801],"to":[12.77917,28.76506,-8.49267],"rotation":{"angle":-45,"axis":"x","origin":[10.19385,25.33799,-11.12534]},"faces":{"north":{"uv":[12.5,14,12,14.5],"rotation":90,"texture":"#0"},"east":{"uv":[12,14,12.5,14.5],"rotation":270,"texture":"#0"},"south":{"uv":[12.5,14,12,14.5],"rotation":90,"texture":"#0"},"west":{"uv":[12,14,12.5,14.5],"rotation":270,"texture":"#0"},"up":{"uv":[12.5,14,12,14.5],"texture":"#0"},"down":{"uv":[12.5,14,12,14.5],"rotation":180,"texture":"#0"}}},{"from":[7.54302,24.94228,-10.26671],"to":[12.84468,30.56224,-8.07069],"rotation":{"angle":0,"axis":"z","origin":[10.19385,27.75226,-9.1687]},"faces":{"north":{"uv":[12,14,12.5,14.5],"texture":"#0"},"east":{"uv":[12.5,14,12,14.5],"rotation":180,"texture":"#0"},"south":{"uv":[12,14,12.5,14.5],"rotation":180,"texture":"#0"},"west":{"uv":[12.5,14,12,14.5],"rotation":180,"texture":"#0"},"up":{"uv":[12.5,14,12,14.5],"texture":"#0"},"down":{"uv":[12.5,14,12,14.5],"texture":"#0"}}},{"from":[9.09584,24.94228,-11.81953],"to":[11.29186,30.56224,-6.51787],"rotation":{"angle":0,"axis":"z","origin":[10.19385,27.75226,-9.1687]},"faces":{"north":{"uv":[12,14,12.5,14.5],"texture":"#0"},"east":{"uv":[12.5,14,12,14.5],"rotation":180,"texture":"#0"},"south":{"uv":[12,14,12.5,14.5],"rotation":180,"texture":"#0"},"west":{"uv":[12.5,14,12,14.5],"rotation":180,"texture":"#0"},"up":{"uv":[12.5,14,12,14.5],"texture":"#0"},"down":{"uv":[12.5,14,12,14.5],"texture":"#0"}}},{"from":[7.54302,24.94228,-10.26671],"to":[12.84468,30.56224,-8.07069],"rotation":{"angle":45,"axis":"y","origin":[10.19385,27.75226,-9.1687]},"faces":{"north":{"uv":[12,14,12.5,14.5],"texture":"#0"},"east":{"uv":[12.5,14,12,14.5],"rotation":180,"texture":"#0"},"south":{"uv":[12,14,12.5,14.5],"rotation":180,"texture":"#0"},"west":{"uv":[12.5,14,12,14.5],"rotation":180,"texture":"#0"},"up":{"uv":[12.5,14,12,14.5],"texture":"#0"},"down":{"uv":[12.5,14,12,14.5],"texture":"#0"}}},{"from":[7.54302,24.94228,-10.26671],"to":[12.84468,30.56224,-8.07069],"rotation":{"angle":-45,"axis":"y","origin":[10.19385,27.75226,-9.1687]},"faces":{"north":{"uv":[12,14,12.5,14.5],"texture":"#0"},"east":{"uv":[12.5,14,12,14.5],"rotation":180,"texture":"#0"},"south":{"uv":[12,14,12.5,14.5],"rotation":180,"texture":"#0"},"west":{"uv":[12.5,14,12,14.5],"rotation":180,"texture":"#0"},"up":{"uv":[12.5,14,12,14.5],"texture":"#0"},"down":{"uv":[12.5,14,12,14.5],"texture":"#0"}}},{"from":[-9.79243,-13.97246,22.58338],"to":[1.72746,-1.48941,27.75402],"rotation":{"angle":0,"axis":"z","origin":[-4.03249,-7.73094,25.1687]},"faces":{"north":{"uv":[12,14,12.5,14.5],"rotation":90,"texture":"#0"},"east":{"uv":[12.5,14,12,14.5],"rotation":270,"texture":"#0"},"south":{"uv":[12,14,12.5,14.5],"rotation":90,"texture":"#0"},"west":{"uv":[12.5,14,12,14.5],"rotation":270,"texture":"#0"},"up":{"uv":[12.5,14,12,14.5],"rotation":90,"texture":"#0"},"down":{"uv":[12.5,14,12,14.5],"rotation":90,"texture":"#0"}}},{"from":[-9.79243,-10.31626,18.92718],"to":[1.72746,-5.14561,31.41022],"rotation":{"angle":0,"axis":"z","origin":[-4.03249,-7.73094,25.1687]},"faces":{"north":{"uv":[12,14,12.5,14.5],"rotation":90,"texture":"#0"},"east":{"uv":[12.5,14,12,14.5],"rotation":270,"texture":"#0"},"south":{"uv":[12,14,12.5,14.5],"rotation":90,"texture":"#0"},"west":{"uv":[12.5,14,12,14.5],"rotation":270,"texture":"#0"},"up":{"uv":[12.5,14,12,14.5],"rotation":90,"texture":"#0"},"down":{"uv":[12.5,14,12,14.5],"rotation":90,"texture":"#0"}}},{"from":[-9.79243,-13.97246,22.58338],"to":[1.72746,-1.48941,27.75402],"rotation":{"angle":-45,"axis":"x","origin":[-4.03249,-7.73094,25.1687]},"faces":{"north":{"uv":[12,14,12.5,14.5],"rotation":90,"texture":"#0"},"east":{"uv":[12.5,14,12,14.5],"rotation":270,"texture":"#0"},"south":{"uv":[12,14,12.5,14.5],"rotation":90,"texture":"#0"},"west":{"uv":[12.5,14,12,14.5],"rotation":270,"texture":"#0"},"up":{"uv":[12.5,14,12,14.5],"rotation":90,"texture":"#0"},"down":{"uv":[12.5,14,12,14.5],"rotation":90,"texture":"#0"}}},{"from":[-9.79243,-13.97246,22.58338],"to":[1.72746,-1.48941,27.75402],"rotation":{"angle":45,"axis":"x","origin":[-4.03249,-7.73094,25.1687]},"faces":{"north":{"uv":[12,14,12.5,14.5],"rotation":90,"texture":"#0"},"east":{"uv":[12.5,14,12,14.5],"rotation":270,"texture":"#0"},"south":{"uv":[12,14,12.5,14.5],"rotation":90,"texture":"#0"},"west":{"uv":[12.5,14,12,14.5],"rotation":270,"texture":"#0"},"up":{"uv":[12.5,14,12,14.5],"rotation":90,"texture":"#0"},"down":{"uv":[12.5,14,12,14.5],"rotation":90,"texture":"#0"}}},{"from":[-12.65777,-12.32025,22.58338],"to":[-5.80364,-7.05491,27.75402],"rotation":{"angle":45,"axis":"z","origin":[-9.2307,-9.68758,25.1687]},"faces":{"north":{"uv":[12,14,12.5,14.5],"texture":"#0"},"east":{"uv":[12.5,14,12,14.5],"rotation":180,"texture":"#0"},"south":{"uv":[12,14,12.5,14.5],"rotation":180,"texture":"#0"},"west":{"uv":[12.5,14,12,14.5],"rotation":180,"texture":"#0"},"up":{"uv":[12.5,14,12,14.5],"texture":"#0"},"down":{"uv":[12.5,14,12,14.5],"texture":"#0"}}},{"from":[-12.65777,-10.31626,24.49267],"to":[-5.80364,-5.14561,29.75801],"rotation":{"angle":45,"axis":"y","origin":[-9.2307,-7.73094,27.12534]},"faces":{"north":{"uv":[12.5,14,12,14.5],"rotation":180,"texture":"#0"},"east":{"uv":[12.5,14,12,14.5],"rotation":270,"texture":"#0"},"south":{"uv":[12.5,14,12,14.5],"texture":"#0"},"west":{"uv":[12.5,14,12,14.5],"rotation":90,"texture":"#0"},"up":{"uv":[12,14,12.5,14.5],"rotation":180,"texture":"#0"},"down":{"uv":[12,14,12.5,14.5],"rotation":180,"texture":"#0"}}},{"from":[-11.86338,-9.20137,22.58338],"to":[-6.59803,-2.34723,27.75402],"rotation":{"angle":45,"axis":"z","origin":[-9.2307,-5.7743,25.1687]},"faces":{"north":{"uv":[12,14,12.5,14.5],"rotation":270,"texture":"#0"},"east":{"uv":[12.5,14,12,14.5],"rotation":90,"texture":"#0"},"south":{"uv":[12,14,12.5,14.5],"rotation":270,"texture":"#0"},"west":{"uv":[12.5,14,12,14.5],"rotation":90,"texture":"#0"},"up":{"uv":[12.5,14,12,14.5],"rotation":90,"texture":"#0"},"down":{"uv":[12.5,14,12,14.5],"rotation":90,"texture":"#0"}}},{"from":[-12.65777,-10.31626,20.57939],"to":[-5.80364,-5.14561,25.84473],"rotation":{"angle":-45,"axis":"y","origin":[-9.2307,-7.73094,23.21206]},"faces":{"north":{"uv":[12.5,14,12,14.5],"rotation":180,"texture":"#0"},"east":{"uv":[12.5,14,12,14.5],"rotation":90,"texture":"#0"},"south":{"uv":[12.5,14,12,14.5],"texture":"#0"},"west":{"uv":[12.5,14,12,14.5],"rotation":270,"texture":"#0"},"up":{"uv":[12,14,12.5,14.5],"rotation":180,"texture":"#0"},"down":{"uv":[12,14,12.5,14.5],"rotation":180,"texture":"#0"}}},{"from":[-14.45495,-10.38177,24.07069],"to":[-8.83499,-5.0801,26.26671],"rotation":{"angle":0,"axis":"z","origin":[-11.64497,-7.73094,25.1687]},"faces":{"north":{"uv":[12,14,12.5,14.5],"rotation":90,"texture":"#0"},"east":{"uv":[12.5,14,12,14.5],"rotation":270,"texture":"#0"},"south":{"uv":[12,14,12.5,14.5],"rotation":90,"texture":"#0"},"west":{"uv":[12.5,14,12,14.5],"rotation":270,"texture":"#0"},"up":{"uv":[12.5,14,12,14.5],"rotation":90,"texture":"#0"},"down":{"uv":[12.5,14,12,14.5],"rotation":90,"texture":"#0"}}},{"from":[-14.45495,-8.82895,22.51787],"to":[-8.83499,-6.63293,27.81953],"rotation":{"angle":0,"axis":"z","origin":[-11.64497,-7.73094,25.1687]},"faces":{"north":{"uv":[12,14,12.5,14.5],"rotation":90,"texture":"#0"},"east":{"uv":[12.5,14,12,14.5],"rotation":270,"texture":"#0"},"south":{"uv":[12,14,12.5,14.5],"rotation":90,"texture":"#0"},"west":{"uv":[12.5,14,12,14.5],"rotation":270,"texture":"#0"},"up":{"uv":[12.5,14,12,14.5],"rotation":90,"texture":"#0"},"down":{"uv":[12.5,14,12,14.5],"rotation":90,"texture":"#0"}}},{"from":[-14.45495,-10.38177,24.07069],"to":[-8.83499,-5.0801,26.26671],"rotation":{"angle":-45,"axis":"x","origin":[-11.64497,-7.73094,25.1687]},"faces":{"north":{"uv":[12,14,12.5,14.5],"rotation":90,"texture":"#0"},"east":{"uv":[12.5,14,12,14.5],"rotation":270,"texture":"#0"},"south":{"uv":[12,14,12.5,14.5],"rotation":90,"texture":"#0"},"west":{"uv":[12.5,14,12,14.5],"rotation":270,"texture":"#0"},"up":{"uv":[12.5,14,12,14.5],"rotation":90,"texture":"#0"},"down":{"uv":[12.5,14,12,14.5],"rotation":90,"texture":"#0"}}},{"from":[-14.45495,-10.38177,24.07069],"to":[-8.83499,-5.0801,26.26671],"rotation":{"angle":45,"axis":"x","origin":[-11.64497,-7.73094,25.1687]},"faces":{"north":{"uv":[12,14,12.5,14.5],"rotation":90,"texture":"#0"},"east":{"uv":[12.5,14,12,14.5],"rotation":270,"texture":"#0"},"south":{"uv":[12,14,12.5,14.5],"rotation":90,"texture":"#0"},"west":{"uv":[12.5,14,12,14.5],"rotation":270,"texture":"#0"},"up":{"uv":[12.5,14,12,14.5],"rotation":90,"texture":"#0"},"down":{"uv":[12.5,14,12,14.5],"rotation":90,"texture":"#0"}}}],"display":{"thirdperson_righthand":{"translation":[0,1.75,0.75],"scale":[0.07,0.07,0.07]},"thirdperson_lefthand":{"translation":[0,1.75,0.25],"scale":[0.07,0.07,0.07]},"firstperson_righthand":{"rotation":[0,19.75,0],"translation":[1.5,1.75,-1],"scale":[0.07,0.07,0.07]},"firstperson_lefthand":{"rotation":[0,18,0],"translation":[5.5,0,-3],"scale":[0.07,0.07,0.07]},"ground":{"scale":[0.15,0.15,0.15]},"gui":{"rotation":[25,112.75,0],"translation":[0,1,0],"scale":[0.22,0.22,0.22]},"head":{"translation":[0,19.5,0],"scale":[0.5,0.5,0.5]},"fixed":{"rotation":[0,-115.25,0],"translation":[0,0,-3.75],"scale":[0.25,0.25,0.25]}},"groups":[{"name":"body","origin":[0,0,0],"children":[0,1,2,3,4,5,6,7,8,9,10,11,12,13,14,15,16,17,18,19,20,21,22,23,24,25,26,27,28,29,30,31,32,33,34,35]},{"name":"top","origin":[0,0,0],"children":[36,37,38,39,40,41,42,43,44,45,46,47,48,49,50,51,52,53,54,55,56,57,58,59,60,61,62,63,64,65,66,67,68,69,70,71]}]}