{"credit":"made by xeth","textures":{"0":"item/xeth_ww1_guns_diffuse"},"elements":[{"from":[2.17423,-8.96023,5.58689],"to":[13.82577,16.07376,10.41311],"rotation":{"angle":0,"axis":"z","origin":[8,3.55676,8]},"faces":{"north":{"uv":[10.5,14,11,14.5],"texture":"#0"},"east":{"uv":[11,14,10.5,14.5],"rotation":180,"texture":"#0"},"south":{"uv":[10.5,14,11,14.5],"rotation":180,"texture":"#0"},"west":{"uv":[11,14,10.5,14.5],"rotation":180,"texture":"#0"},"up":{"uv":[11,14,10.5,14.5],"texture":"#0"},"down":{"uv":[11,14,10.5,14.5],"texture":"#0"}}},{"from":[5.58689,-8.96023,2.17423],"to":[10.41311,16.07376,13.82577],"rotation":{"angle":0,"axis":"z","origin":[8,3.55676,8]},"faces":{"north":{"uv":[10.5,14,11,14.5],"texture":"#0"},"east":{"uv":[11,14,10.5,14.5],"rotation":180,"texture":"#0"},"south":{"uv":[10.5,14,11,14.5],"rotation":180,"texture":"#0"},"west":{"uv":[11,14,10.5,14.5],"rotation":180,"texture":"#0"},"up":{"uv":[11,14,10.5,14.5],"texture":"#0"},"down":{"uv":[11,14,10.5,14.5],"texture":"#0"}}},{"from":[2.17423,-8.96023,5.58689],"to":[13.82577,16.07376,10.41311],"rotation":{"angle":45,"axis":"y","origin":[8,3.55677,8]},"faces":{"north":{"uv":[10.5,14,11,14.5],"texture":"#0"},"east":{"uv":[11,14,10.5,14.5],"rotation":180,"texture":"#0"},"south":{"uv":[10.5,14,11,14.5],"rotation":180,"texture":"#0"},"west":{"uv":[11,14,10.5,14.5],"rotation":180,"texture":"#0"},"up":{"uv":[11,14,10.5,14.5],"texture":"#0"},"down":{"uv":[11,14,10.5,14.5],"texture":"#0"}}},{"from":[2.17423,-8.96023,5.58689],"to":[13.82577,16.07376,10.41311],"rotation":{"angle":-45,"axis":"y","origin":[8,3.55677,8]},"faces":{"north":{"uv":[10.5,14,11,14.5],"texture":"#0"},"east":{"uv":[11,14,10.5,14.5],"rotation":180,"texture":"#0"},"south":{"uv":[10.5,14,11,14.5],"rotation":180,"texture":"#0"},"west":{"uv":[11,14,10.5,14.5],"rotation":180,"texture":"#0"},"up":{"uv":[11,14,10.5,14.5],"texture":"#0"},"down":{"uv":[11,14,10.5,14.5],"texture":"#0"}}},{"from":[0.70381,-10.03254,4.97782],"to":[15.29619,-8.36122,11.02218],"rotation":{"angle":0,"axis":"z","origin":[8,-9.19688,8]},"faces":{"north":{"uv":[10.5,14,11,14.5],"texture":"#0"},"east":{"uv":[11,14,10.5,14.5],"rotation":180,"texture":"#0"},"south":{"uv":[10.5,14,11,14.5],"rotation":180,"texture":"#0"},"west":{"uv":[11,14,10.5,14.5],"rotation":180,"texture":"#0"},"up":{"uv":[11,14,10.5,14.5],"texture":"#0"},"down":{"uv":[11,14,10.5,14.5],"texture":"#0"}}},{"from":[4.97782,-10.03254,0.70381],"to":[11.02218,-8.36122,15.29619],"rotation":{"angle":0,"axis":"z","origin":[8,-9.19688,8]},"faces":{"north":{"uv":[10.5,14,11,14.5],"texture":"#0"},"east":{"uv":[11,14,10.5,14.5],"rotation":180,"texture":"#0"},"south":{"uv":[10.5,14,11,14.5],"rotation":180,"texture":"#0"},"west":{"uv":[11,14,10.5,14.5],"rotation":180,"texture":"#0"},"up":{"uv":[11,14,10.5,14.5],"texture":"#0"},"down":{"uv":[11,14,10.5,14.5],"texture":"#0"}}},{"from":[0.70381,-10.03254,4.97782],"to":[15.29619,-8.36122,11.02218],"rotation":{"angle":45,"axis":"y","origin":[8,-9.19688,8]},"faces":{"north":{"uv":[10.5,14,11,14.5],"texture":"#0"},"east":{"uv":[11,14,10.5,14.5],"rotation":180,"texture":"#0"},"south":{"uv":[10.5,14,11,14.5],"rotation":180,"texture":"#0"},"west":{"uv":[11,14,10.5,14.5],"rotation":180,"texture":"#0"},"up":{"uv":[11,14,10.5,14.5],"texture":"#0"},"down":{"uv":[11,14,10.5,14.5],"texture":"#0"}}},{"from":[0.70381,-10.03254,4.97782],"to":[15.29619,-8.36122,11.02218],"rotation":{"angle":-45,"axis":"y","origin":[8,-9.19688,8]},"faces":{"north":{"uv":[10.5,14,11,14.5],"texture":"#0"},"east":{"uv":[11,14,10.5,14.5],"rotation":180,"texture":"#0"},"south":{"uv":[10.5,14,11,14.5],"rotation":180,"texture":"#0"},"west":{"uv":[11,14,10.5,14.5],"rotation":180,"texture":"#0"},"up":{"uv":[11,14,10.5,14.5],"texture":"#0"},"down":{"uv":[11,14,10.5,14.5],"texture":"#0"}}},{"from":[2.17423,16.07376,5.58689],"to":[13.82577,26.03254,10.41311],"rotation":{"angle":0,"axis":"z","origin":[8,21.05315,8]},"faces":{"north":{"uv":[6,14,6.5,14.5],"texture":"#0"},"east":{"uv":[6.5,14,6,14.5],"rotation":180,"texture":"#0"},"south":{"uv":[6,14,6.5,14.5],"rotation":180,"texture":"#0"},"west":{"uv":[6.5,14,6,14.5],"rotation":180,"texture":"#0"},"up":{"uv":[6.5,14,6,14.5],"texture":"#0"},"down":{"uv":[6.5,14,6,14.5],"texture":"#0"}}},{"from":[5.58689,16.07376,2.17423],"to":[10.41311,26.03254,13.82577],"rotation":{"angle":0,"axis":"z","origin":[8,21.05315,8]},"faces":{"north":{"uv":[6,14,6.5,14.5],"texture":"#0"},"east":{"uv":[6.5,14,6,14.5],"rotation":180,"texture":"#0"},"south":{"uv":[6,14,6.5,14.5],"rotation":180,"texture":"#0"},"west":{"uv":[6.5,14,6,14.5],"rotation":180,"texture":"#0"},"up":{"uv":[6.5,14,6,14.5],"texture":"#0"},"down":{"uv":[6.5,14,6,14.5],"texture":"#0"}}},{"from":[2.17423,16.07376,5.58689],"to":[13.82577,26.03254,10.41311],"rotation":{"angle":45,"axis":"y","origin":[8,21.05315,8]},"faces":{"north":{"uv":[6,14,6.5,14.5],"texture":"#0"},"east":{"uv":[6.5,14,6,14.5],"rotation":180,"texture":"#0"},"south":{"uv":[6,14,6.5,14.5],"rotation":180,"texture":"#0"},"west":{"uv":[6.5,14,6,14.5],"rotation":180,"texture":"#0"},"up":{"uv":[6.5,14,6,14.5],"texture":"#0"},"down":{"uv":[6.5,14,6,14.5],"texture":"#0"}}},{"from":[2.17423,16.07376,5.58689],"to":[13.82577,26.03254,10.41311],"rotation":{"angle":-45,"axis":"y","origin":[8,21.05315,8]},"faces":{"north":{"uv":[6,14,6.5,14.5],"texture":"#0"},"east":{"uv":[6.5,14,6,14.5],"rotation":180,"texture":"#0"},"south":{"uv":[6,14,6.5,14.5],"rotation":180,"texture":"#0"},"west":{"uv":[6.5,14,6,14.5],"rotation":180,"texture":"#0"},"up":{"uv":[6.5,14,6,14.5],"texture":"#0"},"down":{"uv":[6.5,14,6,14.5],"texture":"#0"}}},{"from":[2.17423,-8.96023,-11.11692],"to":[13.82577,16.07376,-6.2907],"rotation":{"angle":0,"axis":"z","origin":[8,3.55676,-8.70381]},"faces":{"north":{"uv":[10.5,14,11,14.5],"texture":"#0"},"east":{"uv":[11,14,10.5,14.5],"rotation":180,"texture":"#0"},"south":{"uv":[10.5,14,11,14.5],"rotation":180,"texture":"#0"},"west":{"uv":[11,14,10.5,14.5],"rotation":180,"texture":"#0"},"up":{"uv":[11,14,10.5,14.5],"texture":"#0"},"down":{"uv":[11,14,10.5,14.5],"texture":"#0"}}},{"from":[5.58689,-8.96023,-14.52958],"to":[10.41311,16.07376,-2.87804],"rotation":{"angle":0,"axis":"z","origin":[8,3.55676,-8.70381]},"faces":{"north":{"uv":[10.5,14,11,14.5],"texture":"#0"},"east":{"uv":[11,14,10.5,14.5],"rotation":180,"texture":"#0"},"south":{"uv":[10.5,14,11,14.5],"rotation":180,"texture":"#0"},"west":{"uv":[11,14,10.5,14.5],"rotation":180,"texture":"#0"},"up":{"uv":[11,14,10.5,14.5],"texture":"#0"},"down":{"uv":[11,14,10.5,14.5],"texture":"#0"}}},{"from":[2.17423,-8.96023,-11.11692],"to":[13.82577,16.07376,-6.2907],"rotation":{"angle":45,"axis":"y","origin":[8,3.55677,-8.70381]},"faces":{"north":{"uv":[10.5,14,11,14.5],"texture":"#0"},"east":{"uv":[11,14,10.5,14.5],"rotation":180,"texture":"#0"},"south":{"uv":[10.5,14,11,14.5],"rotation":180,"texture":"#0"},"west":{"uv":[11,14,10.5,14.5],"rotation":180,"texture":"#0"},"up":{"uv":[11,14,10.5,14.5],"texture":"#0"},"down":{"uv":[11,14,10.5,14.5],"texture":"#0"}}},{"from":[2.17423,-8.96023,-11.11692],"to":[13.82577,16.07376,-6.2907],"rotation":{"angle":-45,"axis":"y","origin":[8,3.55677,-8.70381]},"faces":{"north":{"uv":[10.5,14,11,14.5],"texture":"#0"},"east":{"uv":[11,14,10.5,14.5],"rotation":180,"texture":"#0"},"south":{"uv":[10.5,14,11,14.5],"rotation":180,"texture":"#0"},"west":{"uv":[11,14,10.5,14.5],"rotation":180,"texture":"#0"},"up":{"uv":[11,14,10.5,14.5],"texture":"#0"},"down":{"uv":[11,14,10.5,14.5],"texture":"#0"}}},{"from":[0.70381,-10.03254,-11.72599],"to":[15.29619,-8.36122,-5.68163],"rotation":{"angle":0,"axis":"z","origin":[8,-9.19688,-8.70381]},"faces":{"north":{"uv":[10.5,14,11,14.5],"texture":"#0"},"east":{"uv":[11,14,10.5,14.5],"rotation":180,"texture":"#0"},"south":{"uv":[10.5,14,11,14.5],"rotation":180,"texture":"#0"},"west":{"uv":[11,14,10.5,14.5],"rotation":180,"texture":"#0"},"up":{"uv":[11,14,10.5,14.5],"texture":"#0"},"down":{"uv":[11,14,10.5,14.5],"texture":"#0"}}},{"from":[4.97782,-10.03254,-16],"to":[11.02218,-8.36122,-1.40762],"rotation":{"angle":0,"axis":"z","origin":[8,-9.19688,-8.70381]},"faces":{"north":{"uv":[10.5,14,11,14.5],"texture":"#0"},"east":{"uv":[11,14,10.5,14.5],"rotation":180,"texture":"#0"},"south":{"uv":[10.5,14,11,14.5],"rotation":180,"texture":"#0"},"west":{"uv":[11,14,10.5,14.5],"rotation":180,"texture":"#0"},"up":{"uv":[11,14,10.5,14.5],"texture":"#0"},"down":{"uv":[11,14,10.5,14.5],"texture":"#0"}}},{"from":[0.70381,-10.03254,-11.72599],"to":[15.29619,-8.36122,-5.68163],"rotation":{"angle":45,"axis":"y","origin":[8,-9.19688,-8.70381]},"faces":{"north":{"uv":[10.5,14,11,14.5],"texture":"#0"},"east":{"uv":[11,14,10.5,14.5],"rotation":180,"texture":"#0"},"south":{"uv":[10.5,14,11,14.5],"rotation":180,"texture":"#0"},"west":{"uv":[11,14,10.5,14.5],"rotation":180,"texture":"#0"},"up":{"uv":[11,14,10.5,14.5],"texture":"#0"},"down":{"uv":[11,14,10.5,14.5],"texture":"#0"}}},{"from":[0.70381,-10.03254,-11.72599],"to":[15.29619,-8.36122,-5.68163],"rotation":{"angle":-45,"axis":"y","origin":[8,-9.19688,-8.70381]},"faces":{"north":{"uv":[10.5,14,11,14.5],"texture":"#0"},"east":{"uv":[11,14,10.5,14.5],"rotation":180,"texture":"#0"},"south":{"uv":[10.5,14,11,14.5],"rotation":180,"texture":"#0"},"west":{"uv":[11,14,10.5,14.5],"rotation":180,"texture":"#0"},"up":{"uv":[11,14,10.5,14.5],"texture":"#0"},"down":{"uv":[11,14,10.5,14.5],"texture":"#0"}}},{"from":[2.17423,16.07376,-11.11692],"to":[13.82577,26.03254,-6.2907],"rotation":{"angle":0,"axis":"z","origin":[8,21.05315,-8.70381]},"faces":{"north":{"uv":[6,14,6.5,14.5],"texture":"#0"},"east":{"uv":[6.5,14,6,14.5],"rotation":180,"texture":"#0"},"south":{"uv":[6,14,6.5,14.5],"rotation":180,"texture":"#0"},"west":{"uv":[6.5,14,6,14.5],"rotation":180,"texture":"#0"},"up":{"uv":[6.5,14,6,14.5],"texture":"#0"},"down":{"uv":[6.5,14,6,14.5],"texture":"#0"}}},{"from":[5.58689,16.07376,-14.52957],"to":[10.41311,26.03254,-2.87804],"rotation":{"angle":0,"axis":"z","origin":[8,21.05315,-8.70381]},"faces":{"north":{"uv":[6,14,6.5,14.5],"texture":"#0"},"east":{"uv":[6.5,14,6,14.5],"rotation":180,"texture":"#0"},"south":{"uv":[6,14,6.5,14.5],"rotation":180,"texture":"#0"},"west":{"uv":[6.5,14,6,14.5],"rotation":180,"texture":"#0"},"up":{"uv":[6.5,14,6,14.5],"texture":"#0"},"down":{"uv":[6.5,14,6,14.5],"texture":"#0"}}},{"from":[2.17423,16.07376,-11.11692],"to":[13.82577,26.03254,-6.2907],"rotation":{"angle":45,"axis":"y","origin":[8,21.05315,-8.70381]},"faces":{"north":{"uv":[6,14,6.5,14.5],"texture":"#0"},"east":{"uv":[6.5,14,6,14.5],"rotation":180,"texture":"#0"},"south":{"uv":[6,14,6.5,14.5],"rotation":180,"texture":"#0"},"west":{"uv":[6.5,14,6,14.5],"rotation":180,"texture":"#0"},"up":{"uv":[6.5,14,6,14.5],"texture":"#0"},"down":{"uv":[6.5,14,6,14.5],"texture":"#0"}}},{"from":[2.17423,16.07376,-11.11692],"to":[13.82577,26.03254,-6.2907],"rotation":{"angle":-45,"axis":"y","origin":[8,21.05315,-8.70381]},"faces":{"north":{"uv":[6,14,6.5,14.5],"texture":"#0"},"east":{"uv":[6.5,14,6,14.5],"rotation":180,"texture":"#0"},"south":{"uv":[6,14,6.5,14.5],"rotation":180,"texture":"#0"},"west":{"uv":[6.5,14,6,14.5],"rotation":180,"texture":"#0"},"up":{"uv":[6.5,14,6,14.5],"texture":"#0"},"down":{"uv":[6.5,14,6,14.5],"texture":"#0"}}},{"from":[2.17423,-8.96023,22.2907],"to":[13.82577,16.07376,27.11692],"rotation":{"angle":0,"axis":"z","origin":[8,3.55676,24.70381]},"faces":{"north":{"uv":[10.5,14,11,14.5],"texture":"#0"},"east":{"uv":[11,14,10.5,14.5],"rotation":180,"texture":"#0"},"south":{"uv":[10.5,14,11,14.5],"rotation":180,"texture":"#0"},"west":{"uv":[11,14,10.5,14.5],"rotation":180,"texture":"#0"},"up":{"uv":[11,14,10.5,14.5],"texture":"#0"},"down":{"uv":[11,14,10.5,14.5],"texture":"#0"}}},{"from":[5.58689,-8.96023,18.87804],"to":[10.41311,16.07376,30.52958],"rotation":{"angle":0,"axis":"z","origin":[8,3.55676,24.70381]},"faces":{"north":{"uv":[10.5,14,11,14.5],"texture":"#0"},"east":{"uv":[11,14,10.5,14.5],"rotation":180,"texture":"#0"},"south":{"uv":[10.5,14,11,14.5],"rotation":180,"texture":"#0"},"west":{"uv":[11,14,10.5,14.5],"rotation":180,"texture":"#0"},"up":{"uv":[11,14,10.5,14.5],"texture":"#0"},"down":{"uv":[11,14,10.5,14.5],"texture":"#0"}}},{"from":[2.17423,-8.96023,22.2907],"to":[13.82577,16.07376,27.11692],"rotation":{"angle":45,"axis":"y","origin":[8,3.55677,24.70381]},"faces":{"north":{"uv":[10.5,14,11,14.5],"texture":"#0"},"east":{"uv":[11,14,10.5,14.5],"rotation":180,"texture":"#0"},"south":{"uv":[10.5,14,11,14.5],"rotation":180,"texture":"#0"},"west":{"uv":[11,14,10.5,14.5],"rotation":180,"texture":"#0"},"up":{"uv":[11,14,10.5,14.5],"texture":"#0"},"down":{"uv":[11,14,10.5,14.5],"texture":"#0"}}},{"from":[2.17423,-8.96023,22.2907],"to":[13.82577,16.07376,27.11692],"rotation":{"angle":-45,"axis":"y","origin":[8,3.55677,24.70381]},"faces":{"north":{"uv":[10.5,14,11,14.5],"texture":"#0"},"east":{"uv":[11,14,10.5,14.5],"rotation":180,"texture":"#0"},"south":{"uv":[10.5,14,11,14.5],"rotation":180,"texture":"#0"},"west":{"uv":[11,14,10.5,14.5],"rotation":180,"texture":"#0"},"up":{"uv":[11,14,10.5,14.5],"texture":"#0"},"down":{"uv":[11,14,10.5,14.5],"texture":"#0"}}},{"from":[0.70381,-10.03254,21.68163],"to":[15.29619,-8.36122,27.72599],"rotation":{"angle":0,"axis":"z","origin":[8,-9.19688,24.70381]},"faces":{"north":{"uv":[10.5,14,11,14.5],"texture":"#0"},"east":{"uv":[11,14,10.5,14.5],"rotation":180,"texture":"#0"},"south":{"uv":[10.5,14,11,14.5],"rotation":180,"texture":"#0"},"west":{"uv":[11,14,10.5,14.5],"rotation":180,"texture":"#0"},"up":{"uv":[11,14,10.5,14.5],"texture":"#0"},"down":{"uv":[11,14,10.5,14.5],"texture":"#0"}}},{"from":[4.97782,-10.03254,17.40762],"to":[11.02218,-8.36122,32],"rotation":{"angle":0,"axis":"z","origin":[8,-9.19688,24.70381]},"faces":{"north":{"uv":[10.5,14,11,14.5],"texture":"#0"},"east":{"uv":[11,14,10.5,14.5],"rotation":180,"texture":"#0"},"south":{"uv":[10.5,14,11,14.5],"rotation":180,"texture":"#0"},"west":{"uv":[11,14,10.5,14.5],"rotation":180,"texture":"#0"},"up":{"uv":[11,14,10.5,14.5],"texture":"#0"},"down":{"uv":[11,14,10.5,14.5],"texture":"#0"}}},{"from":[0.70381,-10.03254,21.68163],"to":[15.29619,-8.36122,27.72599],"rotation":{"angle":45,"axis":"y","origin":[8,-9.19688,24.70381]},"faces":{"north":{"uv":[10.5,14,11,14.5],"texture":"#0"},"east":{"uv":[11,14,10.5,14.5],"rotation":180,"texture":"#0"},"south":{"uv":[10.5,14,11,14.5],"rotation":180,"texture":"#0"},"west":{"uv":[11,14,10.5,14.5],"rotation":180,"texture":"#0"},"up":{"uv":[11,14,10.5,14.5],"texture":"#0"},"down":{"uv":[11,14,10.5,14.5],"texture":"#0"}}},{"from":[0.70381,-10.03254,21.68163],"to":[15.29619,-8.36122,27.72599],"rotation":{"angle":-45,"axis":"y","origin":[8,-9.19688,24.70381]},"faces":{"north":{"uv":[10.5,14,11,14.5],"texture":"#0"},"east":{"uv":[11,14,10.5,14.5],"rotation":180,"texture":"#0"},"south":{"uv":[10.5,14,11,14.5],"rotation":180,"texture":"#0"},"west":{"uv":[11,14,10.5,14.5],"rotation":180,"texture":"#0"},"up":{"uv":[11,14,10.5,14.5],"texture":"#0"},"down":{"uv":[11,14,10.5,14.5],"texture":"#0"}}},{"from":[2.17423,16.07376,22.2907],"to":[13.82577,26.03254,27.11692],"rotation":{"angle":0,"axis":"z","origin":[8,21.05315,24.70381]},"faces":{"north":{"uv":[6,14,6.5,14.5],"texture":"#0"},"east":{"uv":[6.5,14,6,14.5],"rotation":180,"texture":"#0"},"south":{"uv":[6,14,6.5,14.5],"rotation":180,"texture":"#0"},"west":{"uv":[6.5,14,6,14.5],"rotation":180,"texture":"#0"},"up":{"uv":[6.5,14,6,14.5],"texture":"#0"},"down":{"uv":[6.5,14,6,14.5],"texture":"#0"}}},{"from":[5.58689,16.07376,18.87804],"to":[10.41311,26.03254,30.52958],"rotation":{"angle":0,"axis":"z","origin":[8,21.05315,24.70381]},"faces":{"north":{"uv":[6,14,6.5,14.5],"texture":"#0"},"east":{"uv":[6.5,14,6,14.5],"rotation":180,"texture":"#0"},"south":{"uv":[6,14,6.5,14.5],"rotation":180,"texture":"#0"},"west":{"uv":[6.5,14,6,14.5],"rotation":180,"texture":"#0"},"up":{"uv":[6.5,14,6,14.5],"texture":"#0"},"down":{"uv":[6.5,14,6,14.5],"texture":"#0"}}},{"from":[2.17423,16.07376,22.2907],"to":[13.82577,26.03254,27.11692],"rotation":{"angle":45,"axis":"y","origin":[8,21.05315,24.70381]},"faces":{"north":{"uv":[6,14,6.5,14.5],"texture":"#0"},"east":{"uv":[6.5,14,6,14.5],"rotation":180,"texture":"#0"},"south":{"uv":[6,14,6.5,14.5],"rotation":180,"texture":"#0"},"west":{"uv":[6.5,14,6,14.5],"rotation":180,"texture":"#0"},"up":{"uv":[6.5,14,6,14.5],"texture":"#0"},"down":{"uv":[6.5,14,6,14.5],"texture":"#0"}}},{"from":[2.17423,16.07376,22.2907],"to":[13.82577,26.03254,27.11692],"rotation":{"angle":-45,"axis":"y","origin":[8,21.05315,24.70381]},"faces":{"north":{"uv":[6,14,6.5,14.5],"texture":"#0"},"east":{"uv":[6.5,14,6,14.5],"rotation":180,"texture":"#0"},"south":{"uv":[6,14,6.5,14.5],"rotation":180,"texture":"#0"},"west":{"uv":[6.5,14,6,14.5],"rotation":180,"texture":"#0"},"up":{"uv":[6.5,14,6,14.5],"texture":"#0"},"down":{"uv":[6.5,14,6,14.5],"texture":"#0"}}}],"display":{"thirdperson_righthand":{"translation":[0,1.75,0.5],"scale":[0.08,0.08,0.08]},"thirdperson_lefthand":{"translation":[0,1.5,0.5],"scale":[0.08,0.08,0.08]},"firstperson_righthand":{"rotation":[-7.25,13.5,0],"translation":[0.75,1.75,0],"scale":[0.07,0.07,0.07]},"firstperson_lefthand":{"rotation":[0,11.5,0],"translation":[4.5,0.25,-2],"scale":[0.07,0.07,0.07]},"ground":{"rotation":[0,0,90],"scale":[0.15,0.15,0.15]},"gui":{"rotation":[31.5,69.75,0],"scale":[0.25,0.25,0.25]},"head":{"rotation":[0,90,0],"translation":[0,24.25,0]},"fixed":{"rotation":[0,90,0],"translation":[0,0,-2],"scale":[0.25,0.25,0.25]}},"groups":[{"name":"body","origin":[0,0,0],"children":[0,1,2,3,4,5,6,7,8,9,10,11,12,13,14,15,16,17,18,19,20,21,22,23,24,25,26,27,28,29,30,31,32,33,34,35]}]}