{"credit":"made by xeth","texture_size":[8,8],"textures":{"0":"item/xeth_ww1_trench_club"},"elements":[{"from":[5.21624,6.86838,6.5162],"to":[10.04408,13.7607,8.51596],"rotation":{"angle":0,"axis":"z","origin":[7.63016,10.31454,7.51608]},"faces":{"north":{"uv":[2,2,4,4],"texture":"#0"},"east":{"uv":[2,2,4,4],"texture":"#0"},"south":{"uv":[2,2,4,4],"texture":"#0"},"west":{"uv":[2,2,4,4],"texture":"#0"},"up":{"uv":[2,2,4,4],"texture":"#0"},"down":{"uv":[2,2,4,4],"texture":"#0"}}},{"from":[6.63028,6.86838,5.10216],"to":[8.63004,13.7607,9.93],"rotation":{"angle":0,"axis":"z","origin":[7.63016,10.31454,7.51608]},"faces":{"north":{"uv":[2,2,4,4],"texture":"#0"},"east":{"uv":[2,2,4,4],"texture":"#0"},"south":{"uv":[2,2,4,4],"texture":"#0"},"west":{"uv":[2,2,4,4],"texture":"#0"},"up":{"uv":[2,2,4,4],"texture":"#0"},"down":{"uv":[2,2,4,4],"texture":"#0"}}},{"from":[5.21624,6.86838,6.5162],"to":[10.04408,13.7607,8.51596],"rotation":{"angle":45,"axis":"y","origin":[7.63016,10.31454,7.51608]},"faces":{"north":{"uv":[2,2,4,4],"texture":"#0"},"east":{"uv":[2,2,4,4],"texture":"#0"},"south":{"uv":[2,2,4,4],"texture":"#0"},"west":{"uv":[2,2,4,4],"texture":"#0"},"up":{"uv":[2,2,4,4],"texture":"#0"},"down":{"uv":[2,2,4,4],"texture":"#0"}}},{"from":[5.21624,6.86838,6.5162],"to":[10.04408,13.7607,8.51596],"rotation":{"angle":-45,"axis":"y","origin":[7.63016,10.31454,7.51608]},"faces":{"north":{"uv":[2,2,4,4],"texture":"#0"},"east":{"uv":[2,2,4,4],"texture":"#0"},"south":{"uv":[2,2,4,4],"texture":"#0"},"west":{"uv":[2,2,4,4],"texture":"#0"},"up":{"uv":[2,2,4,4],"texture":"#0"},"down":{"uv":[2,2,4,4],"texture":"#0"}}},{"from":[5.06231,12.09276,5.53298],"to":[10.19801,16.60964,10.39978],"rotation":{"angle":22.5,"axis":"x","origin":[7.63016,14.3512,7.96638]},"faces":{"north":{"uv":[2,2,4,4],"texture":"#0"},"east":{"uv":[2,2,4,4],"texture":"#0"},"south":{"uv":[2,2,4,4],"texture":"#0"},"west":{"uv":[2,2,4,4],"texture":"#0"},"up":{"uv":[2,2,4,4],"texture":"#0"},"down":{"uv":[2,2,4,4],"texture":"#0"}}},{"from":[4.34304,15.10506,6.72455],"to":[10.91728,30.26445,9.44769],"rotation":{"angle":0,"axis":"z","origin":[7.63016,22.68475,8.08612]},"faces":{"north":{"uv":[2,2,4,4],"texture":"#0"},"east":{"uv":[2,2,4,4],"texture":"#0"},"south":{"uv":[2,2,4,4],"texture":"#0"},"west":{"uv":[2,2,4,4],"texture":"#0"},"up":{"uv":[2,2,4,4],"texture":"#0"},"down":{"uv":[2,2,4,4],"texture":"#0"}}},{"from":[6.26859,15.10506,4.799],"to":[8.99173,30.26445,11.37324],"rotation":{"angle":0,"axis":"z","origin":[7.63016,22.68475,8.08612]},"faces":{"north":{"uv":[2,2,4,4],"texture":"#0"},"east":{"uv":[2,2,4,4],"texture":"#0"},"south":{"uv":[2,2,4,4],"texture":"#0"},"west":{"uv":[2,2,4,4],"texture":"#0"},"up":{"uv":[2,2,4,4],"texture":"#0"},"down":{"uv":[2,2,4,4],"texture":"#0"}}},{"from":[4.34304,15.10505,6.72455],"to":[10.91728,30.26445,9.44769],"rotation":{"angle":45,"axis":"y","origin":[7.63016,22.68475,8.08612]},"faces":{"north":{"uv":[2,2,4,4],"texture":"#0"},"east":{"uv":[2,2,4,4],"texture":"#0"},"south":{"uv":[2,2,4,4],"texture":"#0"},"west":{"uv":[2,2,4,4],"texture":"#0"},"up":{"uv":[2,2,4,4],"texture":"#0"},"down":{"uv":[2,2,4,4],"texture":"#0"}}},{"from":[4.34304,15.10505,6.72455],"to":[10.91728,30.26445,9.44769],"rotation":{"angle":-45,"axis":"y","origin":[7.63016,22.68475,8.08612]},"faces":{"north":{"uv":[2,2,4,4],"texture":"#0"},"east":{"uv":[2,2,4,4],"texture":"#0"},"south":{"uv":[2,2,4,4],"texture":"#0"},"west":{"uv":[2,2,4,4],"texture":"#0"},"up":{"uv":[2,2,4,4],"texture":"#0"},"down":{"uv":[2,2,4,4],"texture":"#0"}}},{"from":[6.34986,25.75829,6.84362],"to":[8.93526,32,9.42902],"rotation":{"angle":0,"axis":"z","origin":[7.64256,28.87914,8.13632]},"faces":{"north":{"uv":[2,2,4,4],"texture":"#0"},"east":{"uv":[2,2,4,4],"texture":"#0"},"south":{"uv":[2,2,4,4],"texture":"#0"},"west":{"uv":[2,2,4,4],"texture":"#0"},"up":{"uv":[2,2,4,4],"texture":"#0"},"down":{"uv":[2,2,4,4],"texture":"#0"}}},{"from":[6.34986,27.58644,5.01547],"to":[8.93526,30.17184,11.25718],"rotation":{"angle":0,"axis":"z","origin":[7.64256,28.87914,8.13632]},"faces":{"north":{"uv":[2,2,4,4],"texture":"#0"},"east":{"uv":[2,2,4,4],"texture":"#0"},"south":{"uv":[2,2,4,4],"texture":"#0"},"west":{"uv":[2,2,4,4],"texture":"#0"},"up":{"uv":[2,2,4,4],"texture":"#0"},"down":{"uv":[2,2,4,4],"texture":"#0"}}},{"from":[4.5217,27.58644,6.84362],"to":[10.76342,30.17184,9.42902],"rotation":{"angle":0,"axis":"z","origin":[7.64256,28.87914,8.13632]},"faces":{"north":{"uv":[2,2,4,4],"texture":"#0"},"east":{"uv":[2,2,4,4],"texture":"#0"},"south":{"uv":[2,2,4,4],"texture":"#0"},"west":{"uv":[2,2,4,4],"texture":"#0"},"up":{"uv":[2,2,4,4],"texture":"#0"},"down":{"uv":[2,2,4,4],"texture":"#0"}}},{"from":[4.5217,27.58644,6.84362],"to":[10.76342,30.17184,9.42902],"rotation":{"angle":45,"axis":"z","origin":[7.64256,28.87914,8.13632]},"faces":{"north":{"uv":[2,2,4,4],"texture":"#0"},"east":{"uv":[2,2,4,4],"texture":"#0"},"south":{"uv":[2,2,4,4],"texture":"#0"},"west":{"uv":[2,2,4,4],"texture":"#0"},"up":{"uv":[2,2,4,4],"texture":"#0"},"down":{"uv":[2,2,4,4],"texture":"#0"}}},{"from":[4.5217,27.58644,6.84362],"to":[10.76342,30.17184,9.42902],"rotation":{"angle":-45,"axis":"z","origin":[7.64256,28.87914,8.13632]},"faces":{"north":{"uv":[2,2,4,4],"texture":"#0"},"east":{"uv":[2,2,4,4],"texture":"#0"},"south":{"uv":[2,2,4,4],"texture":"#0"},"west":{"uv":[2,2,4,4],"texture":"#0"},"up":{"uv":[2,2,4,4],"texture":"#0"},"down":{"uv":[2,2,4,4],"texture":"#0"}}},{"from":[6.34986,25.75829,6.84362],"to":[8.93526,32,9.42902],"rotation":{"angle":45,"axis":"x","origin":[7.64256,28.87914,8.13632]},"faces":{"north":{"uv":[2,2,4,4],"texture":"#0"},"east":{"uv":[2,2,4,4],"texture":"#0"},"south":{"uv":[2,2,4,4],"texture":"#0"},"west":{"uv":[2,2,4,4],"texture":"#0"},"up":{"uv":[2,2,4,4],"texture":"#0"},"down":{"uv":[2,2,4,4],"texture":"#0"}}},{"from":[6.34986,25.75829,6.84362],"to":[8.93526,32,9.42902],"rotation":{"angle":-45,"axis":"x","origin":[7.64256,28.87914,8.13632]},"faces":{"north":{"uv":[2,2,4,4],"texture":"#0"},"east":{"uv":[2,2,4,4],"texture":"#0"},"south":{"uv":[2,2,4,4],"texture":"#0"},"west":{"uv":[2,2,4,4],"texture":"#0"},"up":{"uv":[2,2,4,4],"texture":"#0"},"down":{"uv":[2,2,4,4],"texture":"#0"}}},{"from":[6.34986,27.58644,5.01547],"to":[8.93526,30.17184,11.25718],"rotation":{"angle":45,"axis":"y","origin":[7.64256,28.87914,8.13632]},"faces":{"north":{"uv":[2,2,4,4],"texture":"#0"},"east":{"uv":[2,2,4,4],"texture":"#0"},"south":{"uv":[2,2,4,4],"texture":"#0"},"west":{"uv":[2,2,4,4],"texture":"#0"},"up":{"uv":[2,2,4,4],"texture":"#0"},"down":{"uv":[2,2,4,4],"texture":"#0"}}},{"from":[6.34986,27.58644,5.01547],"to":[8.93526,30.17184,11.25718],"rotation":{"angle":-45,"axis":"y","origin":[7.64256,28.87914,8.13632]},"faces":{"north":{"uv":[2,2,4,4],"texture":"#0"},"east":{"uv":[2,2,4,4],"texture":"#0"},"south":{"uv":[2,2,4,4],"texture":"#0"},"west":{"uv":[2,2,4,4],"texture":"#0"},"up":{"uv":[2,2,4,4],"texture":"#0"},"down":{"uv":[2,2,4,4],"texture":"#0"}}},{"from":[6.00945,-16,6.84476],"to":[9.25087,10.00969,8.1874],"rotation":{"angle":0,"axis":"z","origin":[7.63016,-2.99515,7.51608]},"faces":{"north":{"uv":[2,2,4,4],"texture":"#0"},"east":{"uv":[2,2,4,4],"texture":"#0"},"south":{"uv":[2,2,4,4],"texture":"#0"},"west":{"uv":[2,2,4,4],"texture":"#0"},"up":{"uv":[2,2,4,4],"texture":"#0"},"down":{"uv":[2,2,4,4],"texture":"#0"}}},{"from":[6.95884,-16,5.89537],"to":[8.30148,10.00969,9.13679],"rotation":{"angle":0,"axis":"z","origin":[7.63016,-2.99515,7.51608]},"faces":{"north":{"uv":[2,2,4,4],"texture":"#0"},"east":{"uv":[2,2,4,4],"texture":"#0"},"south":{"uv":[2,2,4,4],"texture":"#0"},"west":{"uv":[2,2,4,4],"texture":"#0"},"up":{"uv":[2,2,4,4],"texture":"#0"},"down":{"uv":[2,2,4,4],"texture":"#0"}}},{"from":[6.00945,-15.99999,6.84476],"to":[9.25087,10.00969,8.1874],"rotation":{"angle":45,"axis":"y","origin":[7.63016,-2.99515,7.51608]},"faces":{"north":{"uv":[2,2,4,4],"texture":"#0"},"east":{"uv":[2,2,4,4],"texture":"#0"},"south":{"uv":[2,2,4,4],"texture":"#0"},"west":{"uv":[2,2,4,4],"texture":"#0"},"up":{"uv":[2,2,4,4],"texture":"#0"},"down":{"uv":[2,2,4,4],"texture":"#0"}}},{"from":[6.00945,-15.99999,6.84476],"to":[9.25087,10.00969,8.1874],"rotation":{"angle":-45,"axis":"y","origin":[7.63016,-2.99515,7.51608]},"faces":{"north":{"uv":[2,2,4,4],"texture":"#0"},"east":{"uv":[2,2,4,4],"texture":"#0"},"south":{"uv":[2,2,4,4],"texture":"#0"},"west":{"uv":[2,2,4,4],"texture":"#0"},"up":{"uv":[2,2,4,4],"texture":"#0"},"down":{"uv":[2,2,4,4],"texture":"#0"}}},{"from":[5.06231,13.19589,4.85394],"to":[10.19801,15.70294,9.52787],"rotation":{"angle":0,"axis":"z","origin":[7.63016,14.44942,7.19091]},"faces":{"north":{"uv":[2,2,4,4],"texture":"#0"},"east":{"uv":[2,2,4,4],"texture":"#0"},"south":{"uv":[2,2,4,4],"texture":"#0"},"west":{"uv":[2,2,4,4],"texture":"#0"},"up":{"uv":[2,2,4,4],"texture":"#0"},"down":{"uv":[2,2,4,4],"texture":"#0"}}},{"from":[4.07067,18.62165,6.61173],"to":[11.18964,21.78904,9.56051],"rotation":{"angle":0,"axis":"z","origin":[7.63016,20.20534,8.08612]},"faces":{"north":{"uv":[8,2,10,4],"texture":"#0"},"east":{"uv":[8,2,10,4],"texture":"#0"},"south":{"uv":[8,2,10,4],"texture":"#0"},"west":{"uv":[8,2,10,4],"texture":"#0"},"up":{"uv":[8,2,10,4],"texture":"#0"},"down":{"uv":[8,2,10,4],"texture":"#0"}}},{"from":[6.15577,18.62165,4.52663],"to":[9.10455,21.78904,11.6456],"rotation":{"angle":0,"axis":"z","origin":[7.63016,20.20534,8.08612]},"faces":{"north":{"uv":[8,2,10,4],"texture":"#0"},"east":{"uv":[8,2,10,4],"texture":"#0"},"south":{"uv":[8,2,10,4],"texture":"#0"},"west":{"uv":[8,2,10,4],"texture":"#0"},"up":{"uv":[8,2,10,4],"texture":"#0"},"down":{"uv":[8,2,10,4],"texture":"#0"}}},{"from":[4.07067,18.62165,6.61173],"to":[11.18964,21.78904,9.56051],"rotation":{"angle":45,"axis":"y","origin":[7.63016,20.20534,8.08612]},"faces":{"north":{"uv":[8,2,10,4],"texture":"#0"},"east":{"uv":[8,2,10,4],"texture":"#0"},"south":{"uv":[8,2,10,4],"texture":"#0"},"west":{"uv":[8,2,10,4],"texture":"#0"},"up":{"uv":[8,2,10,4],"texture":"#0"},"down":{"uv":[8,2,10,4],"texture":"#0"}}},{"from":[4.07067,18.62165,6.61173],"to":[11.18964,21.78904,9.56051],"rotation":{"angle":-45,"axis":"y","origin":[7.63016,20.20534,8.08612]},"faces":{"north":{"uv":[8,2,10,4],"texture":"#0"},"east":{"uv":[8,2,10,4],"texture":"#0"},"south":{"uv":[8,2,10,4],"texture":"#0"},"west":{"uv":[8,2,10,4],"texture":"#0"},"up":{"uv":[8,2,10,4],"texture":"#0"},"down":{"uv":[8,2,10,4],"texture":"#0"}}},{"from":[4.16734,21.95003,6.65177],"to":[11.09298,23.36274,9.52046],"rotation":{"angle":0,"axis":"z","origin":[7.63016,22.65638,8.08612]},"faces":{"north":{"uv":[8,2,10,4],"texture":"#0"},"east":{"uv":[8,2,10,4],"texture":"#0"},"south":{"uv":[8,2,10,4],"texture":"#0"},"west":{"uv":[8,2,10,4],"texture":"#0"},"up":{"uv":[8,2,10,4],"texture":"#0"},"down":{"uv":[8,2,10,4],"texture":"#0"}}},{"from":[6.19581,21.95003,4.6233],"to":[9.0645,23.36274,11.54893],"rotation":{"angle":0,"axis":"z","origin":[7.63016,22.65638,8.08612]},"faces":{"north":{"uv":[8,2,10,4],"texture":"#0"},"east":{"uv":[8,2,10,4],"texture":"#0"},"south":{"uv":[8,2,10,4],"texture":"#0"},"west":{"uv":[8,2,10,4],"texture":"#0"},"up":{"uv":[8,2,10,4],"texture":"#0"},"down":{"uv":[8,2,10,4],"texture":"#0"}}},{"from":[4.16734,21.95003,6.65177],"to":[11.09297,23.36274,9.52046],"rotation":{"angle":45,"axis":"y","origin":[7.63016,22.65638,8.08612]},"faces":{"north":{"uv":[8,2,10,4],"texture":"#0"},"east":{"uv":[8,2,10,4],"texture":"#0"},"south":{"uv":[8,2,10,4],"texture":"#0"},"west":{"uv":[8,2,10,4],"texture":"#0"},"up":{"uv":[8,2,10,4],"texture":"#0"},"down":{"uv":[8,2,10,4],"texture":"#0"}}},{"from":[4.16734,21.95003,6.65177],"to":[11.09297,23.36274,9.52046],"rotation":{"angle":-45,"axis":"y","origin":[7.63016,22.65638,8.08612]},"faces":{"north":{"uv":[8,2,10,4],"texture":"#0"},"east":{"uv":[8,2,10,4],"texture":"#0"},"south":{"uv":[8,2,10,4],"texture":"#0"},"west":{"uv":[8,2,10,4],"texture":"#0"},"up":{"uv":[8,2,10,4],"texture":"#0"},"down":{"uv":[8,2,10,4],"texture":"#0"}}},{"from":[4.16734,23.53875,6.65177],"to":[11.09298,25.42819,9.52046],"rotation":{"angle":0,"axis":"z","origin":[7.63016,24.48347,8.08612]},"faces":{"north":{"uv":[8,2,10,4],"texture":"#0"},"east":{"uv":[8,2,10,4],"texture":"#0"},"south":{"uv":[8,2,10,4],"texture":"#0"},"west":{"uv":[8,2,10,4],"texture":"#0"},"up":{"uv":[8,2,10,4],"texture":"#0"},"down":{"uv":[8,2,10,4],"texture":"#0"}}},{"from":[6.19581,23.53875,4.6233],"to":[9.0645,25.42819,11.54893],"rotation":{"angle":0,"axis":"z","origin":[7.63016,24.48347,8.08612]},"faces":{"north":{"uv":[8,2,10,4],"texture":"#0"},"east":{"uv":[8,2,10,4],"texture":"#0"},"south":{"uv":[8,2,10,4],"texture":"#0"},"west":{"uv":[8,2,10,4],"texture":"#0"},"up":{"uv":[8,2,10,4],"texture":"#0"},"down":{"uv":[8,2,10,4],"texture":"#0"}}},{"from":[4.16734,23.53875,6.65177],"to":[11.09297,25.42819,9.52046],"rotation":{"angle":45,"axis":"y","origin":[7.63016,24.48347,8.08612]},"faces":{"north":{"uv":[8,2,10,4],"texture":"#0"},"east":{"uv":[8,2,10,4],"texture":"#0"},"south":{"uv":[8,2,10,4],"texture":"#0"},"west":{"uv":[8,2,10,4],"texture":"#0"},"up":{"uv":[8,2,10,4],"texture":"#0"},"down":{"uv":[8,2,10,4],"texture":"#0"}}},{"from":[4.16735,23.53875,6.65177],"to":[11.09297,25.42819,9.52046],"rotation":{"angle":-45,"axis":"y","origin":[7.63016,24.48347,8.08612]},"faces":{"north":{"uv":[8,2,10,4],"texture":"#0"},"east":{"uv":[8,2,10,4],"texture":"#0"},"south":{"uv":[8,2,10,4],"texture":"#0"},"west":{"uv":[8,2,10,4],"texture":"#0"},"up":{"uv":[8,2,10,4],"texture":"#0"},"down":{"uv":[8,2,10,4],"texture":"#0"}}},{"from":[4.12701,25.59236,6.63507],"to":[11.1333,26.35518,9.53717],"rotation":{"angle":0,"axis":"z","origin":[7.63016,25.97377,8.08612]},"faces":{"north":{"uv":[8,2,10,4],"texture":"#0"},"east":{"uv":[8,2,10,4],"texture":"#0"},"south":{"uv":[8,2,10,4],"texture":"#0"},"west":{"uv":[8,2,10,4],"texture":"#0"},"up":{"uv":[8,2,10,4],"texture":"#0"},"down":{"uv":[8,2,10,4],"texture":"#0"}}},{"from":[6.17911,25.59236,4.58297],"to":[9.08121,26.35518,11.58926],"rotation":{"angle":0,"axis":"z","origin":[7.63016,25.97377,8.08612]},"faces":{"north":{"uv":[8,2,10,4],"texture":"#0"},"east":{"uv":[8,2,10,4],"texture":"#0"},"south":{"uv":[8,2,10,4],"texture":"#0"},"west":{"uv":[8,2,10,4],"texture":"#0"},"up":{"uv":[8,2,10,4],"texture":"#0"},"down":{"uv":[8,2,10,4],"texture":"#0"}}},{"from":[4.12702,25.59236,6.63507],"to":[11.1333,26.35518,9.53717],"rotation":{"angle":45,"axis":"y","origin":[7.63016,25.97377,8.08612]},"faces":{"north":{"uv":[8,2,10,4],"texture":"#0"},"east":{"uv":[8,2,10,4],"texture":"#0"},"south":{"uv":[8,2,10,4],"texture":"#0"},"west":{"uv":[8,2,10,4],"texture":"#0"},"up":{"uv":[8,2,10,4],"texture":"#0"},"down":{"uv":[8,2,10,4],"texture":"#0"}}},{"from":[4.12702,25.59236,6.63507],"to":[11.1333,26.35518,9.53717],"rotation":{"angle":-45,"axis":"y","origin":[7.63016,25.97377,8.08612]},"faces":{"north":{"uv":[8,2,10,4],"texture":"#0"},"east":{"uv":[8,2,10,4],"texture":"#0"},"south":{"uv":[8,2,10,4],"texture":"#0"},"west":{"uv":[8,2,10,4],"texture":"#0"},"up":{"uv":[8,2,10,4],"texture":"#0"},"down":{"uv":[8,2,10,4],"texture":"#0"}}},{"from":[4.22485,26.46993,6.67559],"to":[11.03547,27.76102,9.49664],"rotation":{"angle":0,"axis":"z","origin":[7.63016,27.11548,8.08612]},"faces":{"north":{"uv":[8,2,10,4],"texture":"#0"},"east":{"uv":[8,2,10,4],"texture":"#0"},"south":{"uv":[8,2,10,4],"texture":"#0"},"west":{"uv":[8,2,10,4],"texture":"#0"},"up":{"uv":[8,2,10,4],"texture":"#0"},"down":{"uv":[8,2,10,4],"texture":"#0"}}},{"from":[6.21963,26.46993,4.68081],"to":[9.04069,27.76102,11.49143],"rotation":{"angle":0,"axis":"z","origin":[7.63016,27.11548,8.08612]},"faces":{"north":{"uv":[8,2,10,4],"texture":"#0"},"east":{"uv":[8,2,10,4],"texture":"#0"},"south":{"uv":[8,2,10,4],"texture":"#0"},"west":{"uv":[8,2,10,4],"texture":"#0"},"up":{"uv":[8,2,10,4],"texture":"#0"},"down":{"uv":[8,2,10,4],"texture":"#0"}}},{"from":[4.22485,26.46993,6.67559],"to":[11.03547,27.76102,9.49664],"rotation":{"angle":45,"axis":"y","origin":[7.63016,27.11548,8.08612]},"faces":{"north":{"uv":[8,2,10,4],"texture":"#0"},"east":{"uv":[8,2,10,4],"texture":"#0"},"south":{"uv":[8,2,10,4],"texture":"#0"},"west":{"uv":[8,2,10,4],"texture":"#0"},"up":{"uv":[8,2,10,4],"texture":"#0"},"down":{"uv":[8,2,10,4],"texture":"#0"}}},{"from":[4.22485,26.46993,6.67559],"to":[11.03547,27.76102,9.49664],"rotation":{"angle":-45,"axis":"y","origin":[7.63016,27.11548,8.08612]},"faces":{"north":{"uv":[8,2,10,4],"texture":"#0"},"east":{"uv":[8,2,10,4],"texture":"#0"},"south":{"uv":[8,2,10,4],"texture":"#0"},"west":{"uv":[8,2,10,4],"texture":"#0"},"up":{"uv":[8,2,10,4],"texture":"#0"},"down":{"uv":[8,2,10,4],"texture":"#0"}}},{"from":[4.12702,17.7745,6.63507],"to":[11.1333,18.53732,9.53717],"rotation":{"angle":0,"axis":"z","origin":[7.63016,18.15591,8.08612]},"faces":{"north":{"uv":[8,2,10,4],"texture":"#0"},"east":{"uv":[8,2,10,4],"texture":"#0"},"south":{"uv":[8,2,10,4],"texture":"#0"},"west":{"uv":[8,2,10,4],"texture":"#0"},"up":{"uv":[8,2,10,4],"texture":"#0"},"down":{"uv":[8,2,10,4],"texture":"#0"}}},{"from":[6.17911,17.7745,4.58297],"to":[9.08121,18.53732,11.58926],"rotation":{"angle":0,"axis":"z","origin":[7.63016,18.15591,8.08612]},"faces":{"north":{"uv":[8,2,10,4],"texture":"#0"},"east":{"uv":[8,2,10,4],"texture":"#0"},"south":{"uv":[8,2,10,4],"texture":"#0"},"west":{"uv":[8,2,10,4],"texture":"#0"},"up":{"uv":[8,2,10,4],"texture":"#0"},"down":{"uv":[8,2,10,4],"texture":"#0"}}},{"from":[4.12702,17.7745,6.63507],"to":[11.1333,18.53732,9.53717],"rotation":{"angle":45,"axis":"y","origin":[7.63016,18.15591,8.08612]},"faces":{"north":{"uv":[8,2,10,4],"texture":"#0"},"east":{"uv":[8,2,10,4],"texture":"#0"},"south":{"uv":[8,2,10,4],"texture":"#0"},"west":{"uv":[8,2,10,4],"texture":"#0"},"up":{"uv":[8,2,10,4],"texture":"#0"},"down":{"uv":[8,2,10,4],"texture":"#0"}}},{"from":[4.12702,17.7745,6.63507],"to":[11.1333,18.53732,9.53717],"rotation":{"angle":-45,"axis":"y","origin":[7.63016,18.15591,8.08612]},"faces":{"north":{"uv":[8,2,10,4],"texture":"#0"},"east":{"uv":[8,2,10,4],"texture":"#0"},"south":{"uv":[8,2,10,4],"texture":"#0"},"west":{"uv":[8,2,10,4],"texture":"#0"},"up":{"uv":[8,2,10,4],"texture":"#0"},"down":{"uv":[8,2,10,4],"texture":"#0"}}},{"from":[2.03743,26.29935,7.3084],"to":[12.5784,26.71471,7.72375],"rotation":{"angle":0,"axis":"z","origin":[7.30791,26.50703,7.51608]},"faces":{"north":{"uv":[8,2,10,4],"texture":"#0"},"east":{"uv":[8,2,10,4],"texture":"#0"},"south":{"uv":[8,2,10,4],"texture":"#0"},"west":{"uv":[8,2,10,4],"texture":"#0"},"up":{"uv":[8,2,10,4],"texture":"#0"},"down":{"uv":[8,2,10,4],"texture":"#0"}}},{"from":[1.87453,22.75049,7.63177],"to":[14.12547,23.13291,8.01419],"rotation":{"angle":22.5,"axis":"z","origin":[8,22.9417,7.82298]},"faces":{"north":{"uv":[8,2,10,4],"texture":"#0"},"east":{"uv":[8,2,10,4],"texture":"#0"},"south":{"uv":[8,2,10,4],"texture":"#0"},"west":{"uv":[8,2,10,4],"texture":"#0"},"up":{"uv":[8,2,10,4],"texture":"#0"},"down":{"uv":[8,2,10,4],"texture":"#0"}}},{"from":[2.30185,23.54779,9.44323],"to":[7.30317,23.95874,9.85418],"rotation":{"angle":-22.5,"axis":"z","origin":[4.80251,23.75327,9.6487]},"faces":{"north":{"uv":[8,2,10,4],"texture":"#0"},"east":{"uv":[8,2,10,4],"texture":"#0"},"south":{"uv":[8,2,10,4],"texture":"#0"},"west":{"uv":[8,2,10,4],"texture":"#0"},"up":{"uv":[8,2,10,4],"texture":"#0"},"down":{"uv":[8,2,10,4],"texture":"#0"}}},{"from":[2.96327,19.64073,9.56727],"to":[7.41798,20.00072,9.92727],"rotation":{"angle":22.5,"axis":"y","origin":[5.19062,19.82073,9.74727]},"faces":{"north":{"uv":[8,2,10,4],"texture":"#0"},"east":{"uv":[8,2,10,4],"texture":"#0"},"south":{"uv":[8,2,10,4],"texture":"#0"},"west":{"uv":[8,2,10,4],"texture":"#0"},"up":{"uv":[8,2,10,4],"texture":"#0"},"down":{"uv":[8,2,10,4],"texture":"#0"}}},{"from":[6.62411,21.15576,2.9339],"to":[7.0319,21.56355,13.28914],"rotation":{"angle":0,"axis":"z","origin":[6.82801,21.35966,8.11152]},"faces":{"north":{"uv":[8,2,10,4],"texture":"#0"},"east":{"uv":[8,2,10,4],"texture":"#0"},"south":{"uv":[8,2,10,4],"texture":"#0"},"west":{"uv":[8,2,10,4],"texture":"#0"},"up":{"uv":[8,2,10,4],"texture":"#0"},"down":{"uv":[8,2,10,4],"texture":"#0"}}},{"from":[2.08739,25.07774,8.34462],"to":[12.44262,25.48553,8.75241],"rotation":{"angle":45,"axis":"y","origin":[7.265,25.28164,8.54852]},"faces":{"north":{"uv":[8,2,10,4],"texture":"#0"},"east":{"uv":[8,2,10,4],"texture":"#0"},"south":{"uv":[8,2,10,4],"texture":"#0"},"west":{"uv":[8,2,10,4],"texture":"#0"},"up":{"uv":[8,2,10,4],"texture":"#0"},"down":{"uv":[8,2,10,4],"texture":"#0"}}},{"from":[2.03619,23.10621,7.75843],"to":[12.39143,23.514,8.16622],"rotation":{"angle":-45,"axis":"y","origin":[7.21381,23.31011,7.96233]},"faces":{"north":{"uv":[8,2,10,4],"texture":"#0"},"east":{"uv":[8,2,10,4],"texture":"#0"},"south":{"uv":[8,2,10,4],"texture":"#0"},"west":{"uv":[8,2,10,4],"texture":"#0"},"up":{"uv":[8,2,10,4],"texture":"#0"},"down":{"uv":[8,2,10,4],"texture":"#0"}}},{"from":[3.24253,18.18428,7.52475],"to":[13.59777,18.59208,7.93254],"rotation":{"angle":-45,"axis":"y","origin":[8.42015,18.38818,7.72864]},"faces":{"north":{"uv":[8,2,10,4],"texture":"#0"},"east":{"uv":[8,2,10,4],"texture":"#0"},"south":{"uv":[8,2,10,4],"texture":"#0"},"west":{"uv":[8,2,10,4],"texture":"#0"},"up":{"uv":[8,2,10,4],"texture":"#0"},"down":{"uv":[8,2,10,4],"texture":"#0"}}},{"from":[1.93253,19.63091,8.33911],"to":[13.78581,20.01333,8.72153],"rotation":{"angle":22.5,"axis":"z","origin":[7.85917,19.82212,8.53032]},"faces":{"north":{"uv":[8,2,10,4],"texture":"#0"},"east":{"uv":[8,2,10,4],"texture":"#0"},"south":{"uv":[8,2,10,4],"texture":"#0"},"west":{"uv":[8,2,10,4],"texture":"#0"},"up":{"uv":[8,2,10,4],"texture":"#0"},"down":{"uv":[8,2,10,4],"texture":"#0"}}},{"from":[8.97738,18.60453,10.08104],"to":[9.38517,19.01232,12.30261],"rotation":{"angle":22.5,"axis":"y","origin":[9.18128,18.80843,11.19183]},"faces":{"north":{"uv":[8,2,10,4],"texture":"#0"},"east":{"uv":[8,2,10,4],"texture":"#0"},"south":{"uv":[8,2,10,4],"texture":"#0"},"west":{"uv":[8,2,10,4],"texture":"#0"},"up":{"uv":[8,2,10,4],"texture":"#0"},"down":{"uv":[8,2,10,4],"texture":"#0"}}},{"from":[7.96852,25.29555,2.00416],"to":[8.37631,25.70335,13.35621],"rotation":{"angle":22.5,"axis":"y","origin":[8.17242,25.49945,7.68019]},"faces":{"north":{"uv":[8,2,10,4],"texture":"#0"},"east":{"uv":[8,2,10,4],"texture":"#0"},"south":{"uv":[8,2,10,4],"texture":"#0"},"west":{"uv":[8,2,10,4],"texture":"#0"},"up":{"uv":[8,2,10,4],"texture":"#0"},"down":{"uv":[8,2,10,4],"texture":"#0"}}},{"from":[8.24628,25.03802,2.87085],"to":[8.65407,25.44581,13.99584],"rotation":{"angle":-22.5,"axis":"x","origin":[8.45017,25.24191,8.43334]},"faces":{"north":{"uv":[8,2,10,4],"texture":"#0"},"east":{"uv":[8,2,10,4],"texture":"#0"},"south":{"uv":[8,2,10,4],"texture":"#0"},"west":{"uv":[8,2,10,4],"texture":"#0"},"up":{"uv":[8,2,10,4],"texture":"#0"},"down":{"uv":[8,2,10,4],"texture":"#0"}}},{"from":[7.61625,18.51554,2.92205],"to":[8.02404,18.92333,13.69651],"rotation":{"angle":-22.5,"axis":"y","origin":[7.82015,18.71943,8.30928]},"faces":{"north":{"uv":[8,2,10,4],"texture":"#0"},"east":{"uv":[8,2,10,4],"texture":"#0"},"south":{"uv":[8,2,10,4],"texture":"#0"},"west":{"uv":[8,2,10,4],"texture":"#0"},"up":{"uv":[8,2,10,4],"texture":"#0"},"down":{"uv":[8,2,10,4],"texture":"#0"}}},{"from":[6.84737,25.43021,9.76567],"to":[7.25516,25.838,12.82921],"rotation":{"angle":0,"axis":"z","origin":[7.05126,25.6341,11.29744]},"faces":{"north":{"uv":[8,2,10,4],"texture":"#0"},"east":{"uv":[8,2,10,4],"texture":"#0"},"south":{"uv":[8,2,10,4],"texture":"#0"},"west":{"uv":[8,2,10,4],"texture":"#0"},"up":{"uv":[8,2,10,4],"texture":"#0"},"down":{"uv":[8,2,10,4],"texture":"#0"}}}],"display":{"thirdperson_righthand":{"translation":[0,4.25,0.5],"scale":[0.33,0.33,0.33]},"thirdperson_lefthand":{"translation":[0,4.25,0.5],"scale":[0.33,0.33,0.33]},"firstperson_righthand":{"rotation":[-7.75,-12.25,0],"translation":[5,4.25,-3.5],"scale":[0.33,0.33,0.33]},"firstperson_lefthand":{"rotation":[-6.75,-15,0],"translation":[5.25,4.75,-3.75],"scale":[0.3,0.3,0.3]},"ground":{"rotation":[0,0,90],"scale":[0.35,0.35,0.35]},"gui":{"rotation":[19,-10,-39],"translation":[0,-0.5,0],"scale":[0.55,0.4,0.55]},"head":{"rotation":[122.5,0,0],"translation":[-7.5,-28.5,2.5],"scale":[0.5,0.5,0.5]},"fixed":{"rotation":[0,90,0],"translation":[0,0,-2.75],"scale":[0.8,0.8,0.8]}},"groups":[{"name":"wood","origin":[0,0,0],"children":[0,1,2,3,4,5,6,7,8,9,10,11,12,13,14,15,16,17,18,19,20,21,22]},{"name":"metal","origin":[0,0,0],"children":[23,24,25,26,27,28,29,30,31,32,33,34,35,36,37,38,39,40,41,42,43,44,45,46]},{"name":"spikes","origin":[0,0,0],"children":[47,48,49,50,51,52,53,54,55,56,57,58,59,60]}]}