{"credit":"made by xeth","textures":{"0":"item/xeth_sword"},"elements":[{"from":[7.73963,-3.78629,7.98628],"to":[8.26019,16.95977,8.60556],"rotation":{"angle":0,"axis":"z","origin":[7.99991,6.58674,8.29592]},"faces":{"north":{"uv":[10,1,11,2],"texture":"#0"},"east":{"uv":[10,1,11,2],"texture":"#0"},"south":{"uv":[10,1,11,2],"texture":"#0"},"west":{"uv":[10,1,11,2],"texture":"#0"},"up":{"uv":[10,1,11,2],"texture":"#0"},"down":{"uv":[10,1,11,2],"texture":"#0"}}},{"from":[7.73963,21.04363,8.41849],"to":[8.26019,24.50401,9.0139],"rotation":{"angle":0,"axis":"z","origin":[7.99991,22.77382,8.71619]},"faces":{"north":{"uv":[10,1,11,2],"texture":"#0"},"east":{"uv":[10,1,11,2],"texture":"#0"},"south":{"uv":[10,1,11,2],"texture":"#0"},"west":{"uv":[10,1,11,2],"texture":"#0"},"up":{"uv":[10,1,11,2],"texture":"#0"},"down":{"uv":[10,1,11,2],"texture":"#0"}}},{"from":[7.73963,23.41126,8.55323],"to":[8.26019,27.28605,9.14864],"rotation":{"angle":0,"axis":"z","origin":[7.99991,25.34866,8.85094]},"faces":{"north":{"uv":[10,1,11,2],"texture":"#0"},"east":{"uv":[10,1,11,2],"texture":"#0"},"south":{"uv":[10,1,11,2],"texture":"#0"},"west":{"uv":[10,1,11,2],"texture":"#0"},"up":{"uv":[10,1,11,2],"texture":"#0"},"down":{"uv":[10,1,11,2],"texture":"#0"}}},{"from":[7.73963,27.77124,9.01823],"to":[8.26019,30.07,9.61363],"rotation":{"angle":0,"axis":"z","origin":[7.99991,28.92062,9.31593]},"faces":{"north":{"uv":[10,1,11,2],"texture":"#0"},"east":{"uv":[10,1,11,2],"texture":"#0"},"south":{"uv":[10,1,11,2],"texture":"#0"},"west":{"uv":[10,1,11,2],"texture":"#0"},"up":{"uv":[10,1,11,2],"texture":"#0"},"down":{"uv":[10,1,11,2],"texture":"#0"}}},{"from":[7.73963,21.26168,8.26573],"to":[8.26019,22.16062,8.63702],"rotation":{"angle":22.5,"axis":"x","origin":[7.99991,21.71115,8.45138]},"faces":{"north":{"uv":[10,1,11,2],"texture":"#0"},"east":{"uv":[10,1,11,2],"texture":"#0"},"south":{"uv":[10,1,11,2],"texture":"#0"},"west":{"uv":[10,1,11,2],"texture":"#0"},"up":{"uv":[10,1,11,2],"texture":"#0"},"down":{"uv":[10,1,11,2],"texture":"#0"}}},{"from":[7.73963,24.45038,8.50061],"to":[8.26019,24.91687,8.68811],"rotation":{"angle":22.5,"axis":"x","origin":[7.99991,24.68363,8.59436]},"faces":{"north":{"uv":[10,1,11,2],"texture":"#0"},"east":{"uv":[10,1,11,2],"texture":"#0"},"south":{"uv":[10,1,11,2],"texture":"#0"},"west":{"uv":[10,1,11,2],"texture":"#0"},"up":{"uv":[10,1,11,2],"texture":"#0"},"down":{"uv":[10,1,11,2],"texture":"#0"}}},{"from":[7.73963,27.16682,8.79013],"to":[8.26019,28.47703,9.15264],"rotation":{"angle":22.5,"axis":"x","origin":[7.99991,27.82192,8.97139]},"faces":{"north":{"uv":[10,1,11,2],"texture":"#0"},"east":{"uv":[10,1,11,2],"texture":"#0"},"south":{"uv":[10,1,11,2],"texture":"#0"},"west":{"uv":[10,1,11,2],"texture":"#0"},"up":{"uv":[10,1,11,2],"texture":"#0"},"down":{"uv":[10,1,11,2],"texture":"#0"}}},{"from":[7.73963,23.04663,8.88862],"to":[8.26019,23.46299,9.07611],"rotation":{"angle":22.5,"axis":"x","origin":[7.99991,23.25481,8.98236]},"faces":{"north":{"uv":[10,1,11,2],"texture":"#0"},"east":{"uv":[10,1,11,2],"texture":"#0"},"south":{"uv":[10,1,11,2],"texture":"#0"},"west":{"uv":[10,1,11,2],"texture":"#0"},"up":{"uv":[10,1,11,2],"texture":"#0"},"down":{"uv":[10,1,11,2],"texture":"#0"}}},{"from":[7.73963,20.28179,8.56172],"to":[8.26019,21.13357,8.86236],"rotation":{"angle":22.5,"axis":"x","origin":[7.99991,20.70768,8.71204]},"faces":{"north":{"uv":[10,1,11,2],"texture":"#0"},"east":{"uv":[10,1,11,2],"texture":"#0"},"south":{"uv":[10,1,11,2],"texture":"#0"},"west":{"uv":[10,1,11,2],"texture":"#0"},"up":{"uv":[10,1,11,2],"texture":"#0"},"down":{"uv":[10,1,11,2],"texture":"#0"}}},{"from":[7.73963,29.98457,9.17009],"to":[8.26019,30.83346,9.44773],"rotation":{"angle":22.5,"axis":"x","origin":[7.99991,30.40902,9.30891]},"faces":{"north":{"uv":[10,1,11,2],"texture":"#0"},"east":{"uv":[10,1,11,2],"texture":"#0"},"south":{"uv":[10,1,11,2],"texture":"#0"},"west":{"uv":[10,1,11,2],"texture":"#0"},"up":{"uv":[10,1,11,2],"texture":"#0"},"down":{"uv":[10,1,11,2],"texture":"#0"}}},{"from":[7.73963,26.76979,9.03218],"to":[8.26019,27.90285,9.37863],"rotation":{"angle":22.5,"axis":"x","origin":[7.99991,27.33632,9.2054]},"faces":{"north":{"uv":[10,1,11,2],"texture":"#0"},"east":{"uv":[10,1,11,2],"texture":"#0"},"south":{"uv":[10,1,11,2],"texture":"#0"},"west":{"uv":[10,1,11,2],"texture":"#0"},"up":{"uv":[10,1,11,2],"texture":"#0"},"down":{"uv":[10,1,11,2],"texture":"#0"}}},{"from":[7.73963,30.81396,9.39446],"to":[8.26019,31.11256,9.54577],"rotation":{"angle":22.5,"axis":"x","origin":[7.99991,30.96326,9.47011]},"faces":{"north":{"uv":[10,1,11,2],"texture":"#0"},"east":{"uv":[10,1,11,2],"texture":"#0"},"south":{"uv":[10,1,11,2],"texture":"#0"},"west":{"uv":[10,1,11,2],"texture":"#0"},"up":{"uv":[10,1,11,2],"texture":"#0"},"down":{"uv":[10,1,11,2],"texture":"#0"}}},{"from":[7.73963,30.07001,9.447],"to":[8.26019,31.13014,9.61363],"rotation":{"angle":0,"axis":"z","origin":[7.99991,30.60008,9.53032]},"faces":{"north":{"uv":[10,1,11,2],"texture":"#0"},"east":{"uv":[10,1,11,2],"texture":"#0"},"south":{"uv":[10,1,11,2],"texture":"#0"},"west":{"uv":[10,1,11,2],"texture":"#0"},"up":{"uv":[10,1,11,2],"texture":"#0"},"down":{"uv":[10,1,11,2],"texture":"#0"}}},{"from":[7.73963,30.00524,9.34613],"to":[8.26019,30.40837,9.49743],"rotation":{"angle":22.5,"axis":"x","origin":[7.99991,30.2068,9.42178]},"faces":{"north":{"uv":[10,1,11,2],"texture":"#0"},"east":{"uv":[10,1,11,2],"texture":"#0"},"south":{"uv":[10,1,11,2],"texture":"#0"},"west":{"uv":[10,1,11,2],"texture":"#0"},"up":{"uv":[10,1,11,2],"texture":"#0"},"down":{"uv":[10,1,11,2],"texture":"#0"}}},{"from":[7.73963,16.85993,8.10786],"to":[8.26019,21.36694,8.70326],"rotation":{"angle":0,"axis":"z","origin":[7.99991,19.11343,8.40556]},"faces":{"north":{"uv":[10,1,11,2],"texture":"#0"},"east":{"uv":[10,1,11,2],"texture":"#0"},"south":{"uv":[10,1,11,2],"texture":"#0"},"west":{"uv":[10,1,11,2],"texture":"#0"},"up":{"uv":[10,1,11,2],"texture":"#0"},"down":{"uv":[10,1,11,2],"texture":"#0"}}},{"from":[7.73963,16.91122,8.04285],"to":[8.26019,17.24415,8.23034],"rotation":{"angle":22.5,"axis":"x","origin":[7.99991,17.07769,8.13659]},"faces":{"north":{"uv":[10,1,11,2],"texture":"#0"},"east":{"uv":[10,1,11,2],"texture":"#0"},"south":{"uv":[10,1,11,2],"texture":"#0"},"west":{"uv":[10,1,11,2],"texture":"#0"},"up":{"uv":[10,1,11,2],"texture":"#0"},"down":{"uv":[10,1,11,2],"texture":"#0"}}},{"from":[7.73963,16.68387,8.47401],"to":[8.26019,16.93944,8.6615],"rotation":{"angle":22.5,"axis":"x","origin":[7.99991,16.81166,8.56775]},"faces":{"north":{"uv":[10,1,11,2],"texture":"#0"},"east":{"uv":[10,1,11,2],"texture":"#0"},"south":{"uv":[10,1,11,2],"texture":"#0"},"west":{"uv":[10,1,11,2],"texture":"#0"},"up":{"uv":[10,1,11,2],"texture":"#0"},"down":{"uv":[10,1,11,2],"texture":"#0"}}},{"from":[7.70232,-4.042,7.39604],"to":[8.2975,-1.85219,8.75084],"rotation":{"angle":0,"axis":"z","origin":[7.99991,-2.94709,8.07344]},"faces":{"north":{"uv":[1,4,2,5],"texture":"#0"},"east":{"uv":[1,4,2,5],"texture":"#0"},"south":{"uv":[1,4,2,5],"texture":"#0"},"west":{"uv":[1,4,2,5],"texture":"#0"},"up":{"uv":[1,4,2,5],"texture":"#0"},"down":{"uv":[1,4,2,5],"texture":"#0"}}},{"from":[7.73963,27.28215,8.86123],"to":[8.26019,27.91801,9.36364],"rotation":{"angle":0,"axis":"z","origin":[7.99991,27.60008,9.11244]},"faces":{"north":{"uv":[10,1,11,2],"texture":"#0"},"east":{"uv":[10,1,11,2],"texture":"#0"},"south":{"uv":[10,1,11,2],"texture":"#0"},"west":{"uv":[10,1,11,2],"texture":"#0"},"up":{"uv":[10,1,11,2],"texture":"#0"},"down":{"uv":[10,1,11,2],"texture":"#0"}}},{"from":[7.90722,-3.78629,6.98029],"to":[8.0926,16.95977,8.94915],"rotation":{"angle":0,"axis":"z","origin":[7.99991,6.58674,7.96472]},"faces":{"north":{"uv":[1,1,2,2],"texture":"#0"},"east":{"uv":[1,1,2,2],"texture":"#0"},"south":{"uv":[1,1,2,2],"texture":"#0"},"west":{"uv":[1,1,2,2],"texture":"#0"},"up":{"uv":[1,1,2,2],"texture":"#0"},"down":{"uv":[1,1,2,2],"texture":"#0"}}},{"from":[7.90722,20.32033,7.60156],"to":[8.0926,24.50401,9.33998],"rotation":{"angle":0,"axis":"z","origin":[7.99991,22.41217,8.47077]},"faces":{"north":{"uv":[1,1,2,2],"texture":"#0"},"east":{"uv":[1,1,2,2],"texture":"#0"},"south":{"uv":[1,1,2,2],"texture":"#0"},"west":{"uv":[1,1,2,2],"texture":"#0"},"up":{"uv":[1,1,2,2],"texture":"#0"},"down":{"uv":[1,1,2,2],"texture":"#0"}}},{"from":[7.90722,23.41126,7.94583],"to":[8.0926,27.28605,9.50517],"rotation":{"angle":0,"axis":"z","origin":[7.99991,25.34866,8.7255]},"faces":{"north":{"uv":[1,1,2,2],"texture":"#0"},"east":{"uv":[1,1,2,2],"texture":"#0"},"south":{"uv":[1,1,2,2],"texture":"#0"},"west":{"uv":[1,1,2,2],"texture":"#0"},"up":{"uv":[1,1,2,2],"texture":"#0"},"down":{"uv":[1,1,2,2],"texture":"#0"}}},{"from":[7.90722,27.94628,8.72493],"to":[8.0926,30.04953,10.05292],"rotation":{"angle":0,"axis":"z","origin":[7.99991,29.10592,9.36298]},"faces":{"north":{"uv":[1,1,2,2],"texture":"#0"},"east":{"uv":[1,1,2,2],"texture":"#0"},"south":{"uv":[1,1,2,2],"texture":"#0"},"west":{"uv":[1,1,2,2],"texture":"#0"},"up":{"uv":[1,1,2,2],"texture":"#0"},"down":{"uv":[1,1,2,2],"texture":"#0"}}},{"from":[7.90722,21.57732,7.47214],"to":[8.0926,22.59528,7.82826],"rotation":{"angle":22.5,"axis":"x","origin":[7.99991,22.0863,7.6502]},"faces":{"north":{"uv":[1,1,2,2],"texture":"#0"},"east":{"uv":[1,1,2,2],"texture":"#0"},"south":{"uv":[1,1,2,2],"texture":"#0"},"west":{"uv":[1,1,2,2],"texture":"#0"},"up":{"uv":[1,1,2,2],"texture":"#0"},"down":{"uv":[1,1,2,2],"texture":"#0"}}},{"from":[7.90722,24.39713,7.78278],"to":[8.0926,25.41508,8.13889],"rotation":{"angle":22.5,"axis":"x","origin":[7.99991,24.90611,7.96084]},"faces":{"north":{"uv":[1,1,2,2],"texture":"#0"},"east":{"uv":[1,1,2,2],"texture":"#0"},"south":{"uv":[1,1,2,2],"texture":"#0"},"west":{"uv":[1,1,2,2],"texture":"#0"},"up":{"uv":[1,1,2,2],"texture":"#0"},"down":{"uv":[1,1,2,2],"texture":"#0"}}},{"from":[7.90722,27.17917,8.12705],"to":[8.0926,28.19712,8.48316],"rotation":{"angle":22.5,"axis":"x","origin":[7.99991,27.68815,8.3051]},"faces":{"north":{"uv":[1,1,2,2],"texture":"#0"},"east":{"uv":[1,1,2,2],"texture":"#0"},"south":{"uv":[1,1,2,2],"texture":"#0"},"west":{"uv":[1,1,2,2],"texture":"#0"},"up":{"uv":[1,1,2,2],"texture":"#0"},"down":{"uv":[1,1,2,2],"texture":"#0"}}},{"from":[7.90722,25.35538,8.33538],"to":[8.0926,29.23017,9.69401],"rotation":{"angle":0,"axis":"z","origin":[7.99991,27.29278,9.01469]},"faces":{"north":{"uv":[1,1,2,2],"texture":"#0"},"east":{"uv":[1,1,2,2],"texture":"#0"},"south":{"uv":[1,1,2,2],"texture":"#0"},"west":{"uv":[1,1,2,2],"texture":"#0"},"up":{"uv":[1,1,2,2],"texture":"#0"},"down":{"uv":[1,1,2,2],"texture":"#0"}}},{"from":[7.90722,29.12329,8.5166],"to":[8.0926,32,8.87271],"rotation":{"angle":22.5,"axis":"x","origin":[7.99991,29.63226,8.69466]},"faces":{"north":{"uv":[1,1,2,2],"texture":"#0"},"east":{"uv":[1,1,2,2],"texture":"#0"},"south":{"uv":[1,1,2,2],"texture":"#0"},"west":{"uv":[1,1,2,2],"texture":"#0"},"up":{"uv":[1,1,2,2],"texture":"#0"},"down":{"uv":[1,1,2,2],"texture":"#0"}}},{"from":[7.90722,16.85993,7.29092],"to":[8.0926,21.68421,9.113],"rotation":{"angle":0,"axis":"z","origin":[7.99991,19.27207,8.20196]},"faces":{"north":{"uv":[1,1,2,2],"texture":"#0"},"east":{"uv":[1,1,2,2],"texture":"#0"},"south":{"uv":[1,1,2,2],"texture":"#0"},"west":{"uv":[1,1,2,2],"texture":"#0"},"up":{"uv":[1,1,2,2],"texture":"#0"},"down":{"uv":[1,1,2,2],"texture":"#0"}}},{"from":[7.90722,16.85288,7.16151],"to":[8.0926,17.87084,7.51762],"rotation":{"angle":22.5,"axis":"x","origin":[7.99991,17.36186,7.33956]},"faces":{"north":{"uv":[1,1,2,2],"texture":"#0"},"east":{"uv":[1,1,2,2],"texture":"#0"},"south":{"uv":[1,1,2,2],"texture":"#0"},"west":{"uv":[1,1,2,2],"texture":"#0"},"up":{"uv":[1,1,2,2],"texture":"#0"},"down":{"uv":[1,1,2,2],"texture":"#0"}}},{"from":[7.90722,30.04953,9.43772],"to":[8.0926,31.88791,10.05292],"rotation":{"angle":0,"axis":"z","origin":[7.99991,31.07833,9.74073]},"faces":{"north":{"uv":[1,1,2,2],"texture":"#0"},"east":{"uv":[1,1,2,2],"texture":"#0"},"south":{"uv":[1,1,2,2],"texture":"#0"},"west":{"uv":[1,1,2,2],"texture":"#0"},"up":{"uv":[1,1,2,2],"texture":"#0"},"down":{"uv":[1,1,2,2],"texture":"#0"}}},{"from":[7.89394,-4.042,6.8669],"to":[8.10588,-1.85219,9.11794],"rotation":{"angle":0,"axis":"z","origin":[7.99991,-2.94709,7.99242]},"faces":{"north":{"uv":[1,4,2,5],"texture":"#0"},"east":{"uv":[1,4,2,5],"texture":"#0"},"south":{"uv":[1,4,2,5],"texture":"#0"},"west":{"uv":[1,4,2,5],"texture":"#0"},"up":{"uv":[1,4,2,5],"texture":"#0"},"down":{"uv":[1,4,2,5],"texture":"#0"}}},{"from":[7.90722,27.03521,9.51558],"to":[8.0926,28.05316,9.87169],"rotation":{"angle":22.5,"axis":"x","origin":[7.99991,27.54419,9.69364]},"faces":{"north":{"uv":[1,1,2,2],"texture":"#0"},"east":{"uv":[1,1,2,2],"texture":"#0"},"south":{"uv":[1,1,2,2],"texture":"#0"},"west":{"uv":[1,1,2,2],"texture":"#0"},"up":{"uv":[1,1,2,2],"texture":"#0"},"down":{"uv":[1,1,2,2],"texture":"#0"}}},{"from":[7.90722,24.44431,9.15667],"to":[8.0926,25.46226,9.51279],"rotation":{"angle":22.5,"axis":"x","origin":[7.99991,24.95329,9.33473]},"faces":{"north":{"uv":[1,1,2,2],"texture":"#0"},"east":{"uv":[1,1,2,2],"texture":"#0"},"south":{"uv":[1,1,2,2],"texture":"#0"},"west":{"uv":[1,1,2,2],"texture":"#0"},"up":{"uv":[1,1,2,2],"texture":"#0"},"down":{"uv":[1,1,2,2],"texture":"#0"}}},{"from":[7.90722,22.50019,8.96784],"to":[8.0926,23.51815,9.32395],"rotation":{"angle":22.5,"axis":"x","origin":[7.99991,23.00917,9.14589]},"faces":{"north":{"uv":[1,1,2,2],"texture":"#0"},"east":{"uv":[1,1,2,2],"texture":"#0"},"south":{"uv":[1,1,2,2],"texture":"#0"},"west":{"uv":[1,1,2,2],"texture":"#0"},"up":{"uv":[1,1,2,2],"texture":"#0"},"down":{"uv":[1,1,2,2],"texture":"#0"}}},{"from":[7.90722,19.40926,8.80264],"to":[8.0926,20.42721,9.15875],"rotation":{"angle":22.5,"axis":"x","origin":[7.99991,19.91823,8.9807]},"faces":{"north":{"uv":[1,1,2,2],"texture":"#0"},"east":{"uv":[1,1,2,2],"texture":"#0"},"south":{"uv":[1,1,2,2],"texture":"#0"},"west":{"uv":[1,1,2,2],"texture":"#0"},"up":{"uv":[1,1,2,2],"texture":"#0"},"down":{"uv":[1,1,2,2],"texture":"#0"}}},{"from":[7.90722,15.94886,8.57567],"to":[8.0926,16.96681,8.93178],"rotation":{"angle":22.5,"axis":"x","origin":[7.99991,16.45783,8.75372]},"faces":{"north":{"uv":[1,1,2,2],"texture":"#0"},"east":{"uv":[1,1,2,2],"texture":"#0"},"south":{"uv":[1,1,2,2],"texture":"#0"},"west":{"uv":[1,1,2,2],"texture":"#0"},"up":{"uv":[1,1,2,2],"texture":"#0"},"down":{"uv":[1,1,2,2],"texture":"#0"}}},{"from":[7.34975,-15.11211,7.19163],"to":[8.64967,-4.03817,8.78625],"rotation":{"angle":0,"axis":"z","origin":[7.99971,-9.57514,7.98894]},"faces":{"north":{"uv":[7,4,8,5],"texture":"#0"},"east":{"uv":[7,4,8,5],"texture":"#0"},"south":{"uv":[7,4,8,5],"texture":"#0"},"west":{"uv":[7,4,8,5],"texture":"#0"},"up":{"uv":[7,4,8,5],"texture":"#0"},"down":{"uv":[7,4,8,5],"texture":"#0"}}},{"from":[7.34975,-15.11211,8.24781],"to":[8.64967,-4.03817,8.78625],"rotation":{"angle":-45,"axis":"y","origin":[7.99971,-9.57514,8.51703]},"faces":{"north":{"uv":[7,4,8,5],"texture":"#0"},"east":{"uv":[7,4,8,5],"texture":"#0"},"south":{"uv":[7,4,8,5],"texture":"#0"},"west":{"uv":[7,4,8,5],"texture":"#0"},"up":{"uv":[7,4,8,5],"texture":"#0"},"down":{"uv":[7,4,8,5],"texture":"#0"}}},{"from":[7.34975,-15.11211,8.24781],"to":[8.64967,-4.03817,8.78625],"rotation":{"angle":45,"axis":"y","origin":[7.99971,-9.57514,8.51703]},"faces":{"north":{"uv":[7,4,8,5],"texture":"#0"},"east":{"uv":[7,4,8,5],"texture":"#0"},"south":{"uv":[7,4,8,5],"texture":"#0"},"west":{"uv":[7,4,8,5],"texture":"#0"},"up":{"uv":[7,4,8,5],"texture":"#0"},"down":{"uv":[7,4,8,5],"texture":"#0"}}},{"from":[7.73049,-15.11211,6.81089],"to":[8.26894,-4.03817,9.16699],"rotation":{"angle":0,"axis":"z","origin":[7.99971,-9.57514,7.98894]},"faces":{"north":{"uv":[7,4,8,5],"texture":"#0"},"east":{"uv":[7,4,8,5],"texture":"#0"},"south":{"uv":[7,4,8,5],"texture":"#0"},"west":{"uv":[7,4,8,5],"texture":"#0"},"up":{"uv":[7,4,8,5],"texture":"#0"},"down":{"uv":[7,4,8,5],"texture":"#0"}}},{"from":[7.34975,-15.11211,7.19163],"to":[8.64967,-4.03817,7.73008],"rotation":{"angle":-45,"axis":"y","origin":[7.99971,-9.57514,7.46085]},"faces":{"north":{"uv":[7,4,8,5],"texture":"#0"},"east":{"uv":[7,4,8,5],"texture":"#0"},"south":{"uv":[7,4,8,5],"texture":"#0"},"west":{"uv":[7,4,8,5],"texture":"#0"},"up":{"uv":[7,4,8,5],"texture":"#0"},"down":{"uv":[7,4,8,5],"texture":"#0"}}},{"from":[7.34975,-15.11211,7.19163],"to":[8.64967,-4.03817,7.73008],"rotation":{"angle":45,"axis":"y","origin":[7.99971,-9.57514,7.46085]},"faces":{"north":{"uv":[7,4,8,5],"texture":"#0"},"east":{"uv":[7,4,8,5],"texture":"#0"},"south":{"uv":[7,4,8,5],"texture":"#0"},"west":{"uv":[7,4,8,5],"texture":"#0"},"up":{"uv":[7,4,8,5],"texture":"#0"},"down":{"uv":[7,4,8,5],"texture":"#0"}}},{"from":[7.42299,-4.08492,6.69957],"to":[8.57701,-3.69817,9.19146],"rotation":{"angle":0,"axis":"z","origin":[8,-3.89154,7.94551]},"faces":{"north":{"uv":[4,4,5,5],"texture":"#0"},"east":{"uv":[4,4,5,5],"texture":"#0"},"south":{"uv":[4,4,5,5],"texture":"#0"},"west":{"uv":[4,4,5,5],"texture":"#0"},"up":{"uv":[4,4,5,5],"texture":"#0"},"down":{"uv":[4,4,5,5],"texture":"#0"}}},{"from":[8.35849,-4.08492,5.79343],"to":[8.83767,-3.69817,7.22372],"rotation":{"angle":22.5,"axis":"y","origin":[8.59808,-3.89154,6.50858]},"faces":{"north":{"uv":[4,4,5,5],"texture":"#0"},"east":{"uv":[4,4,5,5],"texture":"#0"},"south":{"uv":[4,4,5,5],"texture":"#0"},"west":{"uv":[4,4,5,5],"texture":"#0"},"up":{"uv":[4,4,5,5],"texture":"#0"},"down":{"uv":[4,4,5,5],"texture":"#0"}}},{"from":[7.16234,-4.08492,5.79343],"to":[7.64151,-3.69817,7.22372],"rotation":{"angle":-22.5,"axis":"y","origin":[7.40192,-3.89154,6.50858]},"faces":{"north":{"uv":[4,4,5,5],"texture":"#0"},"east":{"uv":[4,4,5,5],"texture":"#0"},"south":{"uv":[4,4,5,5],"texture":"#0"},"west":{"uv":[4,4,5,5],"texture":"#0"},"up":{"uv":[4,4,5,5],"texture":"#0"},"down":{"uv":[4,4,5,5],"texture":"#0"}}},{"from":[7.45425,-4.08492,5.75618],"to":[8.54575,-3.69817,10.24382],"rotation":{"angle":0,"axis":"z","origin":[8,-3.89154,8]},"faces":{"north":{"uv":[4,4,5,5],"texture":"#0"},"east":{"uv":[4,4,5,5],"texture":"#0"},"south":{"uv":[4,4,5,5],"texture":"#0"},"west":{"uv":[4,4,5,5],"texture":"#0"},"up":{"uv":[4,4,5,5],"texture":"#0"},"down":{"uv":[4,4,5,5],"texture":"#0"}}},{"from":[7.16234,-4.08492,8.77628],"to":[7.64151,-3.69817,10.20657],"rotation":{"angle":22.5,"axis":"y","origin":[7.40192,-3.89154,9.49142]},"faces":{"north":{"uv":[4,4,5,5],"texture":"#0"},"east":{"uv":[4,4,5,5],"texture":"#0"},"south":{"uv":[4,4,5,5],"texture":"#0"},"west":{"uv":[4,4,5,5],"texture":"#0"},"up":{"uv":[4,4,5,5],"texture":"#0"},"down":{"uv":[4,4,5,5],"texture":"#0"}}},{"from":[8.35849,-4.08492,8.77628],"to":[8.83766,-3.69817,10.20657],"rotation":{"angle":-22.5,"axis":"y","origin":[8.59808,-3.89154,9.49142]},"faces":{"north":{"uv":[4,4,5,5],"texture":"#0"},"east":{"uv":[4,4,5,5],"texture":"#0"},"south":{"uv":[4,4,5,5],"texture":"#0"},"west":{"uv":[4,4,5,5],"texture":"#0"},"up":{"uv":[4,4,5,5],"texture":"#0"},"down":{"uv":[4,4,5,5],"texture":"#0"}}},{"from":[6.9069,-4.08492,7.0776],"to":[9.0931,-3.69817,8.9224],"rotation":{"angle":0,"axis":"z","origin":[8,-3.89154,8]},"faces":{"north":{"uv":[4,4,5,5],"texture":"#0"},"east":{"uv":[4,4,5,5],"texture":"#0"},"south":{"uv":[4,4,5,5],"texture":"#0"},"west":{"uv":[4,4,5,5],"texture":"#0"},"up":{"uv":[4,4,5,5],"texture":"#0"},"down":{"uv":[4,4,5,5],"texture":"#0"}}},{"from":[7.28628,-4.08492,6.89049],"to":[8.73269,-3.69817,9.00054],"rotation":{"angle":0,"axis":"z","origin":[8.00948,-3.89154,7.94551]},"faces":{"north":{"uv":[4,4,5,5],"texture":"#0"},"east":{"uv":[4,4,5,5],"texture":"#0"},"south":{"uv":[4,4,5,5],"texture":"#0"},"west":{"uv":[4,4,5,5],"texture":"#0"},"up":{"uv":[4,4,5,5],"texture":"#0"},"down":{"uv":[4,4,5,5],"texture":"#0"}}},{"from":[7.15483,-4.08492,7.22213],"to":[8.86414,-3.69817,8.66889],"rotation":{"angle":0,"axis":"z","origin":[8.00948,-3.89154,7.94551]},"faces":{"north":{"uv":[4,4,5,5],"texture":"#0"},"east":{"uv":[4,4,5,5],"texture":"#0"},"south":{"uv":[4,4,5,5],"texture":"#0"},"west":{"uv":[4,4,5,5],"texture":"#0"},"up":{"uv":[4,4,5,5],"texture":"#0"},"down":{"uv":[4,4,5,5],"texture":"#0"}}},{"from":[7.3995,-16,7.25266],"to":[8.59992,-14.48909,8.72522],"rotation":{"angle":0,"axis":"z","origin":[7.99971,-15.24454,7.98894]},"faces":{"north":{"uv":[4,4,5,5],"texture":"#0"},"east":{"uv":[4,4,5,5],"texture":"#0"},"south":{"uv":[4,4,5,5],"texture":"#0"},"west":{"uv":[4,4,5,5],"texture":"#0"},"up":{"uv":[4,4,5,5],"texture":"#0"},"down":{"uv":[4,4,5,5],"texture":"#0"}}},{"from":[7.3995,-16,8.22799],"to":[8.59992,-14.48909,8.72522],"rotation":{"angle":-45,"axis":"y","origin":[7.99971,-15.24454,8.47661]},"faces":{"north":{"uv":[4,4,5,5],"texture":"#0"},"east":{"uv":[4,4,5,5],"texture":"#0"},"south":{"uv":[4,4,5,5],"texture":"#0"},"west":{"uv":[4,4,5,5],"texture":"#0"},"up":{"uv":[4,4,5,5],"texture":"#0"},"down":{"uv":[4,4,5,5],"texture":"#0"}}},{"from":[7.3995,-16,8.22799],"to":[8.59992,-14.48909,8.72522],"rotation":{"angle":45,"axis":"y","origin":[7.99971,-15.24454,8.47661]},"faces":{"north":{"uv":[4,4,5,5],"texture":"#0"},"east":{"uv":[4,4,5,5],"texture":"#0"},"south":{"uv":[4,4,5,5],"texture":"#0"},"west":{"uv":[4,4,5,5],"texture":"#0"},"up":{"uv":[4,4,5,5],"texture":"#0"},"down":{"uv":[4,4,5,5],"texture":"#0"}}},{"from":[7.7511,-16,6.90106],"to":[8.24833,-14.48909,9.07682],"rotation":{"angle":0,"axis":"z","origin":[7.99971,-15.24454,7.98894]},"faces":{"north":{"uv":[4,4,5,5],"texture":"#0"},"east":{"uv":[4,4,5,5],"texture":"#0"},"south":{"uv":[4,4,5,5],"texture":"#0"},"west":{"uv":[4,4,5,5],"texture":"#0"},"up":{"uv":[4,4,5,5],"texture":"#0"},"down":{"uv":[4,4,5,5],"texture":"#0"}}},{"from":[7.3995,-16,7.25266],"to":[8.59992,-14.48909,7.74989],"rotation":{"angle":-45,"axis":"y","origin":[7.99971,-15.24454,7.50127]},"faces":{"north":{"uv":[4,4,5,5],"texture":"#0"},"east":{"uv":[4,4,5,5],"texture":"#0"},"south":{"uv":[4,4,5,5],"texture":"#0"},"west":{"uv":[4,4,5,5],"texture":"#0"},"up":{"uv":[4,4,5,5],"texture":"#0"},"down":{"uv":[4,4,5,5],"texture":"#0"}}},{"from":[7.3995,-16,7.25266],"to":[8.59992,-14.48909,7.74989],"rotation":{"angle":45,"axis":"y","origin":[7.99971,-15.24454,7.50127]},"faces":{"north":{"uv":[4,4,5,5],"texture":"#0"},"east":{"uv":[4,4,5,5],"texture":"#0"},"south":{"uv":[4,4,5,5],"texture":"#0"},"west":{"uv":[4,4,5,5],"texture":"#0"},"up":{"uv":[4,4,5,5],"texture":"#0"},"down":{"uv":[4,4,5,5],"texture":"#0"}}},{"from":[7.33336,-5.3835,7.57071],"to":[8.66646,-4.60877,8.34544],"rotation":{"angle":-45,"axis":"x","origin":[7.99991,-4.99614,7.95808]},"faces":{"north":{"uv":[10,4,11,5],"texture":"#0"},"east":{"uv":[10,4,11,5],"texture":"#0"},"south":{"uv":[10,4,11,5],"texture":"#0"},"west":{"uv":[10,4,11,5],"texture":"#0"},"up":{"uv":[10,4,11,5],"texture":"#0"},"down":{"uv":[10,4,11,5],"texture":"#0"}}},{"from":[7.33336,-6.71094,7.57071],"to":[8.66646,-5.93621,8.34544],"rotation":{"angle":-45,"axis":"x","origin":[7.99991,-6.32357,7.95808]},"faces":{"north":{"uv":[10,4,11,5],"texture":"#0"},"east":{"uv":[10,4,11,5],"texture":"#0"},"south":{"uv":[10,4,11,5],"texture":"#0"},"west":{"uv":[10,4,11,5],"texture":"#0"},"up":{"uv":[10,4,11,5],"texture":"#0"},"down":{"uv":[10,4,11,5],"texture":"#0"}}},{"from":[7.33336,-8.03575,7.57071],"to":[8.66646,-7.26103,8.34544],"rotation":{"angle":-45,"axis":"x","origin":[7.99991,-7.64839,7.95808]},"faces":{"north":{"uv":[10,4,11,5],"texture":"#0"},"east":{"uv":[10,4,11,5],"texture":"#0"},"south":{"uv":[10,4,11,5],"texture":"#0"},"west":{"uv":[10,4,11,5],"texture":"#0"},"up":{"uv":[10,4,11,5],"texture":"#0"},"down":{"uv":[10,4,11,5],"texture":"#0"}}},{"from":[7.33336,-9.54539,7.57071],"to":[8.66646,-8.77067,8.34544],"rotation":{"angle":-45,"axis":"x","origin":[7.99991,-9.15803,7.95808]},"faces":{"north":{"uv":[10,4,11,5],"texture":"#0"},"east":{"uv":[10,4,11,5],"texture":"#0"},"south":{"uv":[10,4,11,5],"texture":"#0"},"west":{"uv":[10,4,11,5],"texture":"#0"},"up":{"uv":[10,4,11,5],"texture":"#0"},"down":{"uv":[10,4,11,5],"texture":"#0"}}},{"from":[7.33336,-11.08753,7.57071],"to":[8.66646,-10.31281,8.34544],"rotation":{"angle":-45,"axis":"x","origin":[7.99991,-10.70017,7.95808]},"faces":{"north":{"uv":[10,4,11,5],"texture":"#0"},"east":{"uv":[10,4,11,5],"texture":"#0"},"south":{"uv":[10,4,11,5],"texture":"#0"},"west":{"uv":[10,4,11,5],"texture":"#0"},"up":{"uv":[10,4,11,5],"texture":"#0"},"down":{"uv":[10,4,11,5],"texture":"#0"}}},{"from":[7.33336,-12.63595,7.57071],"to":[8.66646,-11.86123,8.34544],"rotation":{"angle":-45,"axis":"x","origin":[7.99991,-12.24859,7.95808]},"faces":{"north":{"uv":[10,4,11,5],"texture":"#0"},"east":{"uv":[10,4,11,5],"texture":"#0"},"south":{"uv":[10,4,11,5],"texture":"#0"},"west":{"uv":[10,4,11,5],"texture":"#0"},"up":{"uv":[10,4,11,5],"texture":"#0"},"down":{"uv":[10,4,11,5],"texture":"#0"}}},{"from":[7.33336,-14.24293,7.57071],"to":[8.66646,-13.46821,8.34544],"rotation":{"angle":-45,"axis":"x","origin":[7.99991,-13.85557,7.95808]},"faces":{"north":{"uv":[10,4,11,5],"texture":"#0"},"east":{"uv":[10,4,11,5],"texture":"#0"},"south":{"uv":[10,4,11,5],"texture":"#0"},"west":{"uv":[10,4,11,5],"texture":"#0"},"up":{"uv":[10,4,11,5],"texture":"#0"},"down":{"uv":[10,4,11,5],"texture":"#0"}}}],"display":{"thirdperson_righthand":{"translation":[0,7.75,0.5],"scale":[0.55,0.55,0.55]},"thirdperson_lefthand":{"translation":[0,7.75,0.5],"scale":[0.55,0.55,0.55]},"firstperson_righthand":{"rotation":[-10.75,0,0],"translation":[6,6.25,-5.5],"scale":[0.5,0.6,0.5]},"firstperson_lefthand":{"rotation":[-7.75,-3.75,0],"translation":[7,6,-5.5],"scale":[0.5,0.6,0.5]},"ground":{"rotation":[0,0,90],"scale":[0.55,0.55,0.55]},"gui":{"rotation":[84.25,45,-78.25],"translation":[0,0.75,0],"scale":[0.52,0.45164,0.52]},"head":{"rotation":[-68.25,0,177],"translation":[-7.5,-28.5,7.25],"scale":[0.75,0.8,0.75]},"fixed":{"rotation":[0,90,0],"translation":[0,4.75,-1.5]}},"groups":[{"name":"blade1.001","origin":[0,0,0],"children":[0,1,2,3,4,5,6,7,8,9,10,11,12,13,14,15,16,17,18]},{"name":"blade2.001","origin":[0,0,0],"children":[19,20,21,22,23,24,25,26,27,28,29,30,31,32,33,34,35,36]},{"name":"grip.001","origin":[0,0,0],"children":[37,38,39,40,41,42]},{"name":"guard.001","origin":[0,0,0],"children":[43,44,45,46,47,48,49,50,51]},{"name":"pommel","origin":[0,0,0],"children":[52,53,54,55,56,57,58,59,60,61,62,63,64]}]}