{
	"credit": "made by xeth",
	"parent": "item/weapons/xeth_ww1_rifle_gewehr98",
	"textures": {
		"1": "item/xeth_ww1_guns_diffuse"
	},
	"display": {
		"thirdperson_righthand": {
			"translation": [
				0,
				0,
				-3.75
			],
			"scale": [
				0.5,
				0.5,
				0.5
			]
		},
		"thirdperson_lefthand": {
			"translation": [
				0,
				-1.25,
				4.75
			],
			"scale": [
				0,
				0,
				0
			]
		},
		"firstperson_righthand": {
			"translation": [
				0,
				0,
				80
			],
			"scale": [
				0,
				0,
				0
			]
		},
		"firstperson_lefthand": {
			"translation": [
				-9.5,
				3.75,
				1.5
			],
			"scale": [
				1,
				1,
				0.75
			]
		}
	}
}