{"credit":"made by xeth","textures":{"0":"item/xeth_ww1_grenade"},"elements":[{"from":[5.85891,-16,7.11313],"to":[10.14109,-14.23223,8.88687],"rotation":{"angle":0,"axis":"z","origin":[8,-15.11612,8]},"faces":{"north":{"uv":[7,1,8,2],"texture":"#0"},"east":{"uv":[7,1,8,2],"texture":"#0"},"south":{"uv":[7,1,8,2],"texture":"#0"},"west":{"uv":[7,1,8,2],"texture":"#0"},"up":{"uv":[7,1,8,2],"texture":"#0"},"down":{"uv":[7,1,8,2],"texture":"#0"}}},{"from":[7.11313,-16,5.85891],"to":[8.88687,-14.23223,10.14109],"rotation":{"angle":0,"axis":"z","origin":[8,-15.11612,8]},"faces":{"north":{"uv":[7,1,8,2],"texture":"#0"},"east":{"uv":[7,1,8,2],"texture":"#0"},"south":{"uv":[7,1,8,2],"texture":"#0"},"west":{"uv":[7,1,8,2],"texture":"#0"},"up":{"uv":[7,1,8,2],"texture":"#0"},"down":{"uv":[7,1,8,2],"texture":"#0"}}},{"from":[5.85891,-16,7.11313],"to":[10.14109,-14.23223,8.88687],"rotation":{"angle":45,"axis":"y","origin":[8,-15.11612,8]},"faces":{"north":{"uv":[7,1,8,2],"texture":"#0"},"east":{"uv":[7,1,8,2],"texture":"#0"},"south":{"uv":[7,1,8,2],"texture":"#0"},"west":{"uv":[7,1,8,2],"texture":"#0"},"up":{"uv":[7,1,8,2],"texture":"#0"},"down":{"uv":[7,1,8,2],"texture":"#0"}}},{"from":[5.85891,-16,7.11313],"to":[10.14109,-14.23223,8.88687],"rotation":{"angle":-45,"axis":"y","origin":[8,-15.11612,8]},"faces":{"north":{"uv":[7,1,8,2],"texture":"#0"},"east":{"uv":[7,1,8,2],"texture":"#0"},"south":{"uv":[7,1,8,2],"texture":"#0"},"west":{"uv":[7,1,8,2],"texture":"#0"},"up":{"uv":[7,1,8,2],"texture":"#0"},"down":{"uv":[7,1,8,2],"texture":"#0"}}},{"from":[5.57721,2.62461,6.99645],"to":[10.42279,16.14052,9.00355],"rotation":{"angle":0,"axis":"z","origin":[8,9.38256,8]},"faces":{"north":{"uv":[7,4,8,5],"texture":"#0"},"east":{"uv":[7,4,8,5],"texture":"#0"},"south":{"uv":[7,4,8,5],"texture":"#0"},"west":{"uv":[7,4,8,5],"texture":"#0"},"up":{"uv":[7,4,8,5],"texture":"#0"},"down":{"uv":[7,4,8,5],"texture":"#0"}}},{"from":[6.99645,2.62461,5.57721],"to":[9.00355,16.14052,10.42279],"rotation":{"angle":0,"axis":"z","origin":[8,9.38256,8]},"faces":{"north":{"uv":[7,4,8,5],"texture":"#0"},"east":{"uv":[7,4,8,5],"texture":"#0"},"south":{"uv":[7,4,8,5],"texture":"#0"},"west":{"uv":[7,4,8,5],"texture":"#0"},"up":{"uv":[7,4,8,5],"texture":"#0"},"down":{"uv":[7,4,8,5],"texture":"#0"}}},{"from":[5.57721,2.62461,6.99645],"to":[10.42279,16.14052,9.00355],"rotation":{"angle":45,"axis":"y","origin":[8,9.38256,8]},"faces":{"north":{"uv":[7,4,8,5],"texture":"#0"},"east":{"uv":[7,4,8,5],"texture":"#0"},"south":{"uv":[7,4,8,5],"texture":"#0"},"west":{"uv":[7,4,8,5],"texture":"#0"},"up":{"uv":[7,4,8,5],"texture":"#0"},"down":{"uv":[7,4,8,5],"texture":"#0"}}},{"from":[5.57721,2.62461,6.99645],"to":[10.42279,16.14052,9.00355],"rotation":{"angle":-45,"axis":"y","origin":[8,9.38256,8]},"faces":{"north":{"uv":[7,4,8,5],"texture":"#0"},"east":{"uv":[7,4,8,5],"texture":"#0"},"south":{"uv":[7,4,8,5],"texture":"#0"},"west":{"uv":[7,4,8,5],"texture":"#0"},"up":{"uv":[7,4,8,5],"texture":"#0"},"down":{"uv":[7,4,8,5],"texture":"#0"}}},{"from":[5.95529,-14.38559,7.15306],"to":[10.04471,7.57067,8.84694],"rotation":{"angle":0,"axis":"z","origin":[8,-3.40746,8]},"faces":{"north":{"uv":[7,4,8,5],"texture":"#0"},"east":{"uv":[7,4,8,5],"texture":"#0"},"south":{"uv":[7,4,8,5],"texture":"#0"},"west":{"uv":[7,4,8,5],"texture":"#0"},"up":{"uv":[7,4,8,5],"texture":"#0"},"down":{"uv":[7,4,8,5],"texture":"#0"}}},{"from":[7.15305,-14.38559,5.95529],"to":[8.84695,7.57067,10.04471],"rotation":{"angle":0,"axis":"z","origin":[8,-3.40746,8]},"faces":{"north":{"uv":[7,4,8,5],"texture":"#0"},"east":{"uv":[7,4,8,5],"texture":"#0"},"south":{"uv":[7,4,8,5],"texture":"#0"},"west":{"uv":[7,4,8,5],"texture":"#0"},"up":{"uv":[7,4,8,5],"texture":"#0"},"down":{"uv":[7,4,8,5],"texture":"#0"}}},{"from":[5.95529,-14.38559,7.15306],"to":[10.04471,7.57067,8.84694],"rotation":{"angle":45,"axis":"y","origin":[8,-3.40746,8]},"faces":{"north":{"uv":[7,4,8,5],"texture":"#0"},"east":{"uv":[7,4,8,5],"texture":"#0"},"south":{"uv":[7,4,8,5],"texture":"#0"},"west":{"uv":[7,4,8,5],"texture":"#0"},"up":{"uv":[7,4,8,5],"texture":"#0"},"down":{"uv":[7,4,8,5],"texture":"#0"}}},{"from":[5.95529,-14.38559,7.15306],"to":[10.04471,7.57067,8.84694],"rotation":{"angle":-45,"axis":"y","origin":[8,-3.40746,8]},"faces":{"north":{"uv":[7,4,8,5],"texture":"#0"},"east":{"uv":[7,4,8,5],"texture":"#0"},"south":{"uv":[7,4,8,5],"texture":"#0"},"west":{"uv":[7,4,8,5],"texture":"#0"},"up":{"uv":[7,4,8,5],"texture":"#0"},"down":{"uv":[7,4,8,5],"texture":"#0"}}},{"from":[3.19157,16.95931,6.00828],"to":[12.80843,31.47874,9.99172],"rotation":{"angle":0,"axis":"z","origin":[8,24.21902,8]},"faces":{"north":{"uv":[7,1,8,2],"texture":"#0"},"east":{"uv":[7,1,8,2],"texture":"#0"},"south":{"uv":[7,1,8,2],"texture":"#0"},"west":{"uv":[7,1,8,2],"texture":"#0"},"up":{"uv":[7,1,8,2],"texture":"#0"},"down":{"uv":[7,1,8,2],"texture":"#0"}}},{"from":[6.00828,16.95931,3.19157],"to":[9.99172,31.47874,12.80843],"rotation":{"angle":0,"axis":"z","origin":[8,24.21902,8]},"faces":{"north":{"uv":[7,1,8,2],"texture":"#0"},"east":{"uv":[7,1,8,2],"texture":"#0"},"south":{"uv":[7,1,8,2],"texture":"#0"},"west":{"uv":[7,1,8,2],"texture":"#0"},"up":{"uv":[7,1,8,2],"texture":"#0"},"down":{"uv":[7,1,8,2],"texture":"#0"}}},{"from":[3.19157,16.95931,6.00828],"to":[12.80843,31.47874,9.99172],"rotation":{"angle":45,"axis":"y","origin":[8,24.21902,8]},"faces":{"north":{"uv":[7,1,8,2],"texture":"#0"},"east":{"uv":[7,1,8,2],"texture":"#0"},"south":{"uv":[7,1,8,2],"texture":"#0"},"west":{"uv":[7,1,8,2],"texture":"#0"},"up":{"uv":[7,1,8,2],"texture":"#0"},"down":{"uv":[7,1,8,2],"texture":"#0"}}},{"from":[3.19157,16.95931,6.00828],"to":[12.80843,31.47874,9.99172],"rotation":{"angle":-45,"axis":"y","origin":[8,24.21902,8]},"faces":{"north":{"uv":[7,1,8,2],"texture":"#0"},"east":{"uv":[7,1,8,2],"texture":"#0"},"south":{"uv":[7,1,8,2],"texture":"#0"},"west":{"uv":[7,1,8,2],"texture":"#0"},"up":{"uv":[7,1,8,2],"texture":"#0"},"down":{"uv":[7,1,8,2],"texture":"#0"}}},{"from":[2.82134,16.42861,5.85493],"to":[13.17866,17.09178,10.14507],"rotation":{"angle":0,"axis":"z","origin":[8,16.7602,8]},"faces":{"north":{"uv":[7,1,8,2],"texture":"#0"},"east":{"uv":[7,1,8,2],"texture":"#0"},"south":{"uv":[7,1,8,2],"texture":"#0"},"west":{"uv":[7,1,8,2],"texture":"#0"},"up":{"uv":[7,1,8,2],"texture":"#0"},"down":{"uv":[7,1,8,2],"texture":"#0"}}},{"from":[5.85493,16.42861,2.82134],"to":[10.14507,17.09178,13.17866],"rotation":{"angle":0,"axis":"z","origin":[8,16.7602,8]},"faces":{"north":{"uv":[7,1,8,2],"texture":"#0"},"east":{"uv":[7,1,8,2],"texture":"#0"},"south":{"uv":[7,1,8,2],"texture":"#0"},"west":{"uv":[7,1,8,2],"texture":"#0"},"up":{"uv":[7,1,8,2],"texture":"#0"},"down":{"uv":[7,1,8,2],"texture":"#0"}}},{"from":[2.82134,16.42861,5.85493],"to":[13.17866,17.09178,10.14507],"rotation":{"angle":45,"axis":"y","origin":[8,16.7602,8]},"faces":{"north":{"uv":[7,1,8,2],"texture":"#0"},"east":{"uv":[7,1,8,2],"texture":"#0"},"south":{"uv":[7,1,8,2],"texture":"#0"},"west":{"uv":[7,1,8,2],"texture":"#0"},"up":{"uv":[7,1,8,2],"texture":"#0"},"down":{"uv":[7,1,8,2],"texture":"#0"}}},{"from":[2.82134,16.42861,5.85493],"to":[13.17866,17.09178,10.14507],"rotation":{"angle":-45,"axis":"y","origin":[8,16.7602,8]},"faces":{"north":{"uv":[7,1,8,2],"texture":"#0"},"east":{"uv":[7,1,8,2],"texture":"#0"},"south":{"uv":[7,1,8,2],"texture":"#0"},"west":{"uv":[7,1,8,2],"texture":"#0"},"up":{"uv":[7,1,8,2],"texture":"#0"},"down":{"uv":[7,1,8,2],"texture":"#0"}}},{"from":[2.82134,31.33684,5.85493],"to":[13.17866,32,10.14507],"rotation":{"angle":0,"axis":"z","origin":[8,31.66842,8]},"faces":{"north":{"uv":[7,1,8,2],"texture":"#0"},"east":{"uv":[7,1,8,2],"texture":"#0"},"south":{"uv":[7,1,8,2],"texture":"#0"},"west":{"uv":[7,1,8,2],"texture":"#0"},"up":{"uv":[7,1,8,2],"texture":"#0"},"down":{"uv":[7,1,8,2],"texture":"#0"}}},{"from":[5.85493,31.33684,2.82134],"to":[10.14507,32,13.17866],"rotation":{"angle":0,"axis":"z","origin":[8,31.66842,8]},"faces":{"north":{"uv":[7,1,8,2],"texture":"#0"},"east":{"uv":[7,1,8,2],"texture":"#0"},"south":{"uv":[7,1,8,2],"texture":"#0"},"west":{"uv":[7,1,8,2],"texture":"#0"},"up":{"uv":[7,1,8,2],"texture":"#0"},"down":{"uv":[7,1,8,2],"texture":"#0"}}},{"from":[2.82134,31.33684,5.85493],"to":[13.17866,32,10.14507],"rotation":{"angle":45,"axis":"y","origin":[8,31.66842,8]},"faces":{"north":{"uv":[7,1,8,2],"texture":"#0"},"east":{"uv":[7,1,8,2],"texture":"#0"},"south":{"uv":[7,1,8,2],"texture":"#0"},"west":{"uv":[7,1,8,2],"texture":"#0"},"up":{"uv":[7,1,8,2],"texture":"#0"},"down":{"uv":[7,1,8,2],"texture":"#0"}}},{"from":[2.82134,31.33684,5.85493],"to":[13.17866,32,10.14507],"rotation":{"angle":-45,"axis":"y","origin":[8,31.66842,8]},"faces":{"north":{"uv":[7,1,8,2],"texture":"#0"},"east":{"uv":[7,1,8,2],"texture":"#0"},"south":{"uv":[7,1,8,2],"texture":"#0"},"west":{"uv":[7,1,8,2],"texture":"#0"},"up":{"uv":[7,1,8,2],"texture":"#0"},"down":{"uv":[7,1,8,2],"texture":"#0"}}},{"from":[5.04173,14.43594,6.77465],"to":[10.95827,16.84444,9.22535],"rotation":{"angle":0,"axis":"z","origin":[8,15.64019,8]},"faces":{"north":{"uv":[7,1,8,2],"texture":"#0"},"east":{"uv":[7,1,8,2],"texture":"#0"},"south":{"uv":[7,1,8,2],"texture":"#0"},"west":{"uv":[7,1,8,2],"texture":"#0"},"up":{"uv":[7,1,8,2],"texture":"#0"},"down":{"uv":[7,1,8,2],"texture":"#0"}}},{"from":[6.77465,14.43594,5.04173],"to":[9.22535,16.84444,10.95827],"rotation":{"angle":0,"axis":"z","origin":[8,15.64019,8]},"faces":{"north":{"uv":[7,1,8,2],"texture":"#0"},"east":{"uv":[7,1,8,2],"texture":"#0"},"south":{"uv":[7,1,8,2],"texture":"#0"},"west":{"uv":[7,1,8,2],"texture":"#0"},"up":{"uv":[7,1,8,2],"texture":"#0"},"down":{"uv":[7,1,8,2],"texture":"#0"}}},{"from":[5.04173,14.43594,6.77465],"to":[10.95827,16.84444,9.22535],"rotation":{"angle":45,"axis":"y","origin":[8,15.64019,8]},"faces":{"north":{"uv":[7,1,8,2],"texture":"#0"},"east":{"uv":[7,1,8,2],"texture":"#0"},"south":{"uv":[7,1,8,2],"texture":"#0"},"west":{"uv":[7,1,8,2],"texture":"#0"},"up":{"uv":[7,1,8,2],"texture":"#0"},"down":{"uv":[7,1,8,2],"texture":"#0"}}},{"from":[5.04173,14.43594,6.77465],"to":[10.95827,16.84444,9.22535],"rotation":{"angle":-45,"axis":"y","origin":[8,15.64019,8]},"faces":{"north":{"uv":[7,1,8,2],"texture":"#0"},"east":{"uv":[7,1,8,2],"texture":"#0"},"south":{"uv":[7,1,8,2],"texture":"#0"},"west":{"uv":[7,1,8,2],"texture":"#0"},"up":{"uv":[7,1,8,2],"texture":"#0"},"down":{"uv":[7,1,8,2],"texture":"#0"}}}],"display":{"thirdperson_righthand":{"rotation":[0,17,0],"translation":[-0.25,1.5,-0.5],"scale":[0.24,0.24,0.24]},"thirdperson_lefthand":{"rotation":[0,160.5,0],"translation":[-0.5,1.5,-0.5],"scale":[0.24,0.24,0.24]},"firstperson_righthand":{"rotation":[-10.75,118,0],"translation":[6.75,1.75,-5.75],"scale":[0.24,0.24,0.24]},"firstperson_lefthand":{"rotation":[-6.25,126,0],"translation":[7.75,1.25,-6],"scale":[0.24,0.24,0.24]},"ground":{"rotation":[90,0,90],"scale":[0.32,0.32,0.32]},"gui":{"rotation":[7.25,-180,40.25],"translation":[-0.25,0,0],"scale":[0.42422,0.33,0.35]},"head":{"rotation":[-90,54.25,-87.25],"translation":[0,-13.75,5.5],"scale":[1.2,1.2,1.2]},"fixed":{"translation":[0,-0.25,-2.5],"scale":[0.4,0.4,0.4]}},"groups":[{"name":"base","origin":[0,0,0],"children":[0,1,2,3]},{"name":"wood","origin":[0,0,0],"children":[4,5,6,7,8,9,10,11]},{"name":"top.001","origin":[0,0,0],"children":[12,13,14,15,16,17,18,19,20,21,22,23,24,25,26,27]}]}