{"credit":"made by xeth","textures":{"1":"item/xeth_ww1_guns_diffuse"},"elements":[{"from":[7.15426,11.2512,-16],"to":[7.44555,11.37532,12.36565],"rotation":{"angle":0,"axis":"z","origin":[7.29991,11.31326,-1.81717]},"faces":{"north":{"uv":[5,2,5.5,2.5],"rotation":270,"texture":"#1"},"east":{"uv":[5.5,2,5,2.5],"rotation":90,"texture":"#1"},"south":{"uv":[5,2,5.5,2.5],"rotation":270,"texture":"#1"},"west":{"uv":[5.5,2,5,2.5],"rotation":90,"texture":"#1"},"up":{"uv":[5,2,5.5,2.5],"texture":"#1"},"down":{"uv":[5,2,5.5,2.5],"rotation":180,"texture":"#1"}}},{"from":[6.94951,11.16639,-16],"to":[7.2408,11.29051,12.36565],"rotation":{"angle":45,"axis":"z","origin":[7.09516,11.22845,-1.81718]},"faces":{"north":{"uv":[5,2,5.5,2.5],"rotation":270,"texture":"#1"},"east":{"uv":[5.5,2,5,2.5],"rotation":90,"texture":"#1"},"south":{"uv":[5,2,5.5,2.5],"rotation":270,"texture":"#1"},"west":{"uv":[5.5,2,5,2.5],"rotation":90,"texture":"#1"},"up":{"uv":[5,2,5.5,2.5],"texture":"#1"},"down":{"uv":[5,2,5.5,2.5],"rotation":180,"texture":"#1"}}},{"from":[6.94829,10.87805,-16],"to":[7.07241,11.16935,12.36565],"rotation":{"angle":0,"axis":"z","origin":[7.01035,11.0237,-1.81717]},"faces":{"north":{"uv":[5,2,5.5,2.5],"texture":"#1"},"east":{"uv":[5,2,5.5,2.5],"rotation":90,"texture":"#1"},"south":{"uv":[5,2,5.5,2.5],"rotation":180,"texture":"#1"},"west":{"uv":[5,2,5.5,2.5],"rotation":270,"texture":"#1"},"up":{"uv":[5.5,2,5,2.5],"texture":"#1"},"down":{"uv":[5.5,2,5,2.5],"texture":"#1"}}},{"from":[7.0331,10.6733,-16],"to":[7.15722,10.96459,12.36565],"rotation":{"angle":45,"axis":"z","origin":[7.09516,10.81895,-1.81717]},"faces":{"north":{"uv":[5,2,5.5,2.5],"texture":"#1"},"east":{"uv":[5,2,5.5,2.5],"rotation":90,"texture":"#1"},"south":{"uv":[5,2,5.5,2.5],"rotation":180,"texture":"#1"},"west":{"uv":[5,2,5.5,2.5],"rotation":270,"texture":"#1"},"up":{"uv":[5.5,2,5,2.5],"texture":"#1"},"down":{"uv":[5.5,2,5,2.5],"texture":"#1"}}},{"from":[7.15426,10.67208,-16],"to":[7.44555,10.7962,12.36565],"rotation":{"angle":0,"axis":"z","origin":[7.29991,10.73414,-1.81718]},"faces":{"north":{"uv":[5,2,5.5,2.5],"rotation":90,"texture":"#1"},"east":{"uv":[5.5,2,5,2.5],"rotation":270,"texture":"#1"},"south":{"uv":[5,2,5.5,2.5],"rotation":90,"texture":"#1"},"west":{"uv":[5.5,2,5,2.5],"rotation":270,"texture":"#1"},"up":{"uv":[5,2,5.5,2.5],"texture":"#1"},"down":{"uv":[5,2,5.5,2.5],"rotation":180,"texture":"#1"}}},{"from":[7.4426,10.6733,-16],"to":[7.56672,10.96459,12.36565],"rotation":{"angle":-45,"axis":"z","origin":[7.50466,10.81895,-1.81717]},"faces":{"north":{"uv":[5,2,5.5,2.5],"rotation":180,"texture":"#1"},"east":{"uv":[5,2,5.5,2.5],"rotation":90,"texture":"#1"},"south":{"uv":[5,2,5.5,2.5],"texture":"#1"},"west":{"uv":[5,2,5.5,2.5],"rotation":270,"texture":"#1"},"up":{"uv":[5.5,2,5,2.5],"rotation":180,"texture":"#1"},"down":{"uv":[5.5,2,5,2.5],"rotation":180,"texture":"#1"}}},{"from":[7.52741,10.87805,-16],"to":[7.65153,11.16935,12.36565],"rotation":{"angle":0,"axis":"z","origin":[7.58947,11.0237,-1.81717]},"faces":{"north":{"uv":[5,2,5.5,2.5],"rotation":180,"texture":"#1"},"east":{"uv":[5,2,5.5,2.5],"rotation":90,"texture":"#1"},"south":{"uv":[5,2,5.5,2.5],"texture":"#1"},"west":{"uv":[5,2,5.5,2.5],"rotation":270,"texture":"#1"},"up":{"uv":[5.5,2,5,2.5],"rotation":180,"texture":"#1"},"down":{"uv":[5.5,2,5,2.5],"rotation":180,"texture":"#1"}}},{"from":[7.35901,11.16639,-16],"to":[7.6503,11.29051,12.36565],"rotation":{"angle":-45,"axis":"z","origin":[7.50466,11.22845,-1.81717]},"faces":{"north":{"uv":[5,2,5.5,2.5],"rotation":270,"texture":"#1"},"east":{"uv":[5.5,2,5,2.5],"rotation":90,"texture":"#1"},"south":{"uv":[5,2,5.5,2.5],"rotation":270,"texture":"#1"},"west":{"uv":[5.5,2,5,2.5],"rotation":90,"texture":"#1"},"up":{"uv":[5,2,5.5,2.5],"texture":"#1"},"down":{"uv":[5,2,5.5,2.5],"rotation":180,"texture":"#1"}}},{"from":[7.2637,9.8725,-14.60199],"to":[7.33611,10.0473,-9.47288],"rotation":{"angle":0,"axis":"z","origin":[7.29991,9.9599,-12.03743]},"faces":{"north":{"uv":[5.5,3.5,5,4],"rotation":90,"texture":"#1"},"east":{"uv":[5,3.5,5.5,4],"rotation":270,"texture":"#1"},"south":{"uv":[5.5,3.5,5,4],"rotation":90,"texture":"#1"},"west":{"uv":[5,3.5,5.5,4],"rotation":270,"texture":"#1"},"up":{"uv":[5.5,3.5,5,4],"rotation":180,"texture":"#1"},"down":{"uv":[5.5,3.5,5,4],"texture":"#1"}}},{"from":[7.21251,9.9237,-14.60199],"to":[7.38731,9.99611,-9.47288],"rotation":{"angle":0,"axis":"z","origin":[7.29991,9.9599,-12.03744]},"faces":{"north":{"uv":[5.5,3.5,5,4],"rotation":90,"texture":"#1"},"east":{"uv":[5,3.5,5.5,4],"rotation":270,"texture":"#1"},"south":{"uv":[5.5,3.5,5,4],"rotation":90,"texture":"#1"},"west":{"uv":[5,3.5,5.5,4],"rotation":270,"texture":"#1"},"up":{"uv":[5.5,3.5,5,4],"rotation":180,"texture":"#1"},"down":{"uv":[5.5,3.5,5,4],"texture":"#1"}}},{"from":[7.2637,9.8725,-14.60199],"to":[7.33611,10.0473,-9.47288],"rotation":{"angle":45,"axis":"z","origin":[7.29991,9.9599,-12.03744]},"faces":{"north":{"uv":[5.5,3.5,5,4],"rotation":90,"texture":"#1"},"east":{"uv":[5,3.5,5.5,4],"rotation":270,"texture":"#1"},"south":{"uv":[5.5,3.5,5,4],"rotation":90,"texture":"#1"},"west":{"uv":[5,3.5,5.5,4],"rotation":270,"texture":"#1"},"up":{"uv":[5.5,3.5,5,4],"rotation":180,"texture":"#1"},"down":{"uv":[5.5,3.5,5,4],"texture":"#1"}}},{"from":[7.2637,9.8725,-14.60199],"to":[7.33611,10.0473,-9.47288],"rotation":{"angle":-45,"axis":"z","origin":[7.29991,9.9599,-12.03744]},"faces":{"north":{"uv":[5.5,3.5,5,4],"rotation":90,"texture":"#1"},"east":{"uv":[5,3.5,5.5,4],"rotation":270,"texture":"#1"},"south":{"uv":[5.5,3.5,5,4],"rotation":90,"texture":"#1"},"west":{"uv":[5,3.5,5.5,4],"rotation":270,"texture":"#1"},"up":{"uv":[5.5,3.5,5,4],"rotation":180,"texture":"#1"},"down":{"uv":[5.5,3.5,5,4],"texture":"#1"}}},{"from":[7.22473,9.7784,-14.8553],"to":[7.37509,10.14141,-14.54517],"rotation":{"angle":0,"axis":"z","origin":[7.29991,9.9599,-14.70023]},"faces":{"north":{"uv":[5.5,3.5,5,4],"rotation":90,"texture":"#1"},"east":{"uv":[5,3.5,5.5,4],"rotation":270,"texture":"#1"},"south":{"uv":[5.5,3.5,5,4],"rotation":90,"texture":"#1"},"west":{"uv":[5,3.5,5.5,4],"rotation":270,"texture":"#1"},"up":{"uv":[5.5,3.5,5,4],"rotation":180,"texture":"#1"},"down":{"uv":[5.5,3.5,5,4],"texture":"#1"}}},{"from":[7.1184,9.88472,-14.8553],"to":[7.48141,10.03508,-14.54517],"rotation":{"angle":0,"axis":"z","origin":[7.29991,9.9599,-14.70023]},"faces":{"north":{"uv":[5.5,3.5,5,4],"rotation":90,"texture":"#1"},"east":{"uv":[5,3.5,5.5,4],"rotation":270,"texture":"#1"},"south":{"uv":[5.5,3.5,5,4],"rotation":90,"texture":"#1"},"west":{"uv":[5,3.5,5.5,4],"rotation":270,"texture":"#1"},"up":{"uv":[5.5,3.5,5,4],"rotation":180,"texture":"#1"},"down":{"uv":[5.5,3.5,5,4],"texture":"#1"}}},{"from":[7.22473,9.7784,-14.8553],"to":[7.37509,10.14141,-14.54517],"rotation":{"angle":45,"axis":"z","origin":[7.29991,9.9599,-14.70023]},"faces":{"north":{"uv":[5.5,3.5,5,4],"rotation":90,"texture":"#1"},"east":{"uv":[5,3.5,5.5,4],"rotation":270,"texture":"#1"},"south":{"uv":[5.5,3.5,5,4],"rotation":90,"texture":"#1"},"west":{"uv":[5,3.5,5.5,4],"rotation":270,"texture":"#1"},"up":{"uv":[5.5,3.5,5,4],"rotation":180,"texture":"#1"},"down":{"uv":[5.5,3.5,5,4],"texture":"#1"}}},{"from":[7.22473,9.7784,-14.8553],"to":[7.37509,10.14141,-14.54517],"rotation":{"angle":-45,"axis":"z","origin":[7.29991,9.9599,-14.70023]},"faces":{"north":{"uv":[5.5,3.5,5,4],"rotation":90,"texture":"#1"},"east":{"uv":[5,3.5,5.5,4],"rotation":270,"texture":"#1"},"south":{"uv":[5.5,3.5,5,4],"rotation":90,"texture":"#1"},"west":{"uv":[5,3.5,5.5,4],"rotation":270,"texture":"#1"},"up":{"uv":[5.5,3.5,5,4],"rotation":180,"texture":"#1"},"down":{"uv":[5.5,3.5,5,4],"texture":"#1"}}},{"from":[6.90479,9.43522,-10.67296],"to":[7.69502,9.92677,-10.46936],"rotation":{"angle":0,"axis":"z","origin":[7.29991,9.681,-10.57116]},"faces":{"north":{"uv":[5,3.5,5.5,4],"rotation":270,"texture":"#1"},"east":{"uv":[5.5,3.5,5,4],"rotation":90,"texture":"#1"},"south":{"uv":[5,3.5,5.5,4],"rotation":270,"texture":"#1"},"west":{"uv":[5.5,3.5,5,4],"rotation":90,"texture":"#1"},"up":{"uv":[5.5,3.5,5,4],"rotation":90,"texture":"#1"},"down":{"uv":[5.5,3.5,5,4],"rotation":90,"texture":"#1"}}},{"from":[6.90479,9.57919,-10.81693],"to":[7.69502,9.7828,-10.32539],"rotation":{"angle":0,"axis":"z","origin":[7.29991,9.681,-10.57116]},"faces":{"north":{"uv":[5,3.5,5.5,4],"rotation":270,"texture":"#1"},"east":{"uv":[5.5,3.5,5,4],"rotation":90,"texture":"#1"},"south":{"uv":[5,3.5,5.5,4],"rotation":270,"texture":"#1"},"west":{"uv":[5.5,3.5,5,4],"rotation":90,"texture":"#1"},"up":{"uv":[5.5,3.5,5,4],"rotation":90,"texture":"#1"},"down":{"uv":[5.5,3.5,5,4],"rotation":90,"texture":"#1"}}},{"from":[6.90479,9.43522,-10.67296],"to":[7.69502,9.92677,-10.46936],"rotation":{"angle":45,"axis":"x","origin":[7.29991,9.681,-10.57116]},"faces":{"north":{"uv":[5,3.5,5.5,4],"rotation":270,"texture":"#1"},"east":{"uv":[5.5,3.5,5,4],"rotation":90,"texture":"#1"},"south":{"uv":[5,3.5,5.5,4],"rotation":270,"texture":"#1"},"west":{"uv":[5.5,3.5,5,4],"rotation":90,"texture":"#1"},"up":{"uv":[5.5,3.5,5,4],"rotation":90,"texture":"#1"},"down":{"uv":[5.5,3.5,5,4],"rotation":90,"texture":"#1"}}},{"from":[6.90479,9.43522,-10.67296],"to":[7.69502,9.92677,-10.46936],"rotation":{"angle":-45,"axis":"x","origin":[7.29991,9.681,-10.57116]},"faces":{"north":{"uv":[5,3.5,5.5,4],"rotation":270,"texture":"#1"},"east":{"uv":[5.5,3.5,5,4],"rotation":90,"texture":"#1"},"south":{"uv":[5,3.5,5.5,4],"rotation":270,"texture":"#1"},"west":{"uv":[5.5,3.5,5,4],"rotation":90,"texture":"#1"},"up":{"uv":[5.5,3.5,5,4],"rotation":90,"texture":"#1"},"down":{"uv":[5.5,3.5,5,4],"rotation":90,"texture":"#1"}}},{"from":[6.99682,9.65647,-10.38125],"to":[7.60299,9.86282,-9.92582],"rotation":{"angle":0,"axis":"z","origin":[7.29991,9.75964,-10.15353]},"faces":{"north":{"uv":[5,3.5,5.5,4],"rotation":270,"texture":"#1"},"east":{"uv":[5.5,3.5,5,4],"rotation":90,"texture":"#1"},"south":{"uv":[5,3.5,5.5,4],"rotation":270,"texture":"#1"},"west":{"uv":[5.5,3.5,5,4],"rotation":90,"texture":"#1"},"up":{"uv":[5.5,3.5,5,4],"rotation":90,"texture":"#1"},"down":{"uv":[5.5,3.5,5,4],"rotation":90,"texture":"#1"}}},{"from":[6.99157,7.90764,17.8897],"to":[7.60824,9.56679,18.09235],"rotation":{"angle":22.5,"axis":"x","origin":[7.29991,8.73722,17.99102]},"faces":{"north":{"uv":[7,0.5,6.5,1],"rotation":90,"texture":"#1"},"east":{"uv":[6.5,0.5,7,1],"rotation":270,"texture":"#1"},"south":{"uv":[7,0.5,6.5,1],"rotation":90,"texture":"#1"},"west":{"uv":[6.5,0.5,7,1],"rotation":270,"texture":"#1"},"up":{"uv":[6.5,0.5,7,1],"rotation":270,"texture":"#1"},"down":{"uv":[6.5,0.5,7,1],"rotation":270,"texture":"#1"}}},{"from":[6.99157,7.90787,15.13922],"to":[7.60824,9.56096,15.34187],"rotation":{"angle":-22.5,"axis":"x","origin":[7.29991,8.73442,15.24055]},"faces":{"north":{"uv":[7,0.5,6.5,1],"rotation":90,"texture":"#1"},"east":{"uv":[6.5,0.5,7,1],"rotation":270,"texture":"#1"},"south":{"uv":[7,0.5,6.5,1],"rotation":90,"texture":"#1"},"west":{"uv":[6.5,0.5,7,1],"rotation":270,"texture":"#1"},"up":{"uv":[6.5,0.5,7,1],"rotation":270,"texture":"#1"},"down":{"uv":[6.5,0.5,7,1],"rotation":270,"texture":"#1"}}},{"from":[6.99157,7.43316,15.96209],"to":[7.60824,7.63581,17.26832],"rotation":{"angle":0,"axis":"z","origin":[7.29991,7.53449,16.61521]},"faces":{"north":{"uv":[6.5,0.5,7,1],"rotation":90,"texture":"#1"},"east":{"uv":[6.5,0.5,7,1],"rotation":180,"texture":"#1"},"south":{"uv":[6.5,0.5,7,1],"rotation":270,"texture":"#1"},"west":{"uv":[6.5,0.5,7,1],"texture":"#1"},"up":{"uv":[7,0.5,6.5,1],"rotation":270,"texture":"#1"},"down":{"uv":[7,0.5,6.5,1],"rotation":90,"texture":"#1"}}},{"from":[6.99157,8.49609,15.08667],"to":[7.60824,9.60189,15.44861],"rotation":{"angle":0,"axis":"z","origin":[7.29991,9.04899,15.26764]},"faces":{"north":{"uv":[7,0.5,6.5,1],"rotation":90,"texture":"#1"},"east":{"uv":[6.5,0.5,7,1],"rotation":270,"texture":"#1"},"south":{"uv":[7,0.5,6.5,1],"rotation":90,"texture":"#1"},"west":{"uv":[6.5,0.5,7,1],"rotation":270,"texture":"#1"},"up":{"uv":[6.5,0.5,7,1],"rotation":270,"texture":"#1"},"down":{"uv":[6.5,0.5,7,1],"rotation":270,"texture":"#1"}}},{"from":[6.99157,8.81102,17.76978],"to":[7.60824,9.50286,18.0131],"rotation":{"angle":-22.5,"axis":"x","origin":[7.29991,9.15694,17.89144]},"faces":{"north":{"uv":[7,0.5,6.5,1],"rotation":90,"texture":"#1"},"east":{"uv":[6.5,0.5,7,1],"rotation":270,"texture":"#1"},"south":{"uv":[7,0.5,6.5,1],"rotation":90,"texture":"#1"},"west":{"uv":[6.5,0.5,7,1],"rotation":270,"texture":"#1"},"up":{"uv":[6.5,0.5,7,1],"rotation":270,"texture":"#1"},"down":{"uv":[6.5,0.5,7,1],"rotation":270,"texture":"#1"}}},{"from":[6.99157,8.75146,16.77352],"to":[7.60824,9.88428,16.93729],"rotation":{"angle":-22.5,"axis":"x","origin":[7.29991,9.31787,16.8554]},"faces":{"north":{"uv":[8.5,2,8,2.5],"rotation":90,"texture":"#1"},"east":{"uv":[8,2,8.5,2.5],"rotation":270,"texture":"#1"},"south":{"uv":[8.5,2,8,2.5],"rotation":90,"texture":"#1"},"west":{"uv":[8,2,8.5,2.5],"rotation":270,"texture":"#1"},"up":{"uv":[8,2,8.5,2.5],"rotation":270,"texture":"#1"},"down":{"uv":[8,2,8.5,2.5],"rotation":270,"texture":"#1"}}},{"from":[6.99157,7.40149,15.68299],"to":[7.60824,8.10698,15.88564],"rotation":{"angle":-45,"axis":"x","origin":[7.29991,7.75424,15.78431]},"faces":{"north":{"uv":[7,0.5,6.5,1],"rotation":90,"texture":"#1"},"east":{"uv":[6.5,0.5,7,1],"rotation":270,"texture":"#1"},"south":{"uv":[7,0.5,6.5,1],"rotation":90,"texture":"#1"},"west":{"uv":[6.5,0.5,7,1],"rotation":270,"texture":"#1"},"up":{"uv":[6.5,0.5,7,1],"rotation":270,"texture":"#1"},"down":{"uv":[6.5,0.5,7,1],"rotation":270,"texture":"#1"}}},{"from":[6.99157,7.40149,17.34477],"to":[7.60824,8.10698,17.54742],"rotation":{"angle":45,"axis":"x","origin":[7.29991,7.75424,17.4461]},"faces":{"north":{"uv":[7,0.5,6.5,1],"rotation":90,"texture":"#1"},"east":{"uv":[6.5,0.5,7,1],"rotation":270,"texture":"#1"},"south":{"uv":[7,0.5,6.5,1],"rotation":90,"texture":"#1"},"west":{"uv":[6.5,0.5,7,1],"rotation":270,"texture":"#1"},"up":{"uv":[6.5,0.5,7,1],"rotation":270,"texture":"#1"},"down":{"uv":[6.5,0.5,7,1],"rotation":270,"texture":"#1"}}},{"from":[6.99157,8.02764,16.98404],"to":[7.60824,8.82591,17.14781],"rotation":{"angle":0,"axis":"z","origin":[7.29991,8.42678,17.06593]},"faces":{"north":{"uv":[8.5,2,8,2.5],"rotation":90,"texture":"#1"},"east":{"uv":[8,2,8.5,2.5],"rotation":270,"texture":"#1"},"south":{"uv":[8.5,2,8,2.5],"rotation":90,"texture":"#1"},"west":{"uv":[8,2,8.5,2.5],"rotation":270,"texture":"#1"},"up":{"uv":[8,2,8.5,2.5],"rotation":270,"texture":"#1"},"down":{"uv":[8,2,8.5,2.5],"rotation":270,"texture":"#1"}}},{"from":[6.91713,8.25034,11.50278],"to":[7.68268,9.85468,14.71884],"rotation":{"angle":22.5,"axis":"x","origin":[7.29991,9.05251,13.11081]},"faces":{"north":{"uv":[7,0.5,6.5,1],"rotation":90,"texture":"#1"},"east":{"uv":[6.5,0.5,7,1],"rotation":270,"texture":"#1"},"south":{"uv":[7,0.5,6.5,1],"rotation":90,"texture":"#1"},"west":{"uv":[6.5,0.5,7,1],"rotation":270,"texture":"#1"},"up":{"uv":[6.5,0.5,7,1],"rotation":270,"texture":"#1"},"down":{"uv":[6.5,0.5,7,1],"rotation":270,"texture":"#1"}}},{"from":[6.91713,7.69603,14.28945],"to":[7.68268,8.19251,15.27817],"rotation":{"angle":0,"axis":"z","origin":[7.29991,7.94427,14.78381]},"faces":{"north":{"uv":[7,0.5,6.5,1],"rotation":90,"texture":"#1"},"east":{"uv":[6.5,0.5,7,1],"rotation":270,"texture":"#1"},"south":{"uv":[7,0.5,6.5,1],"rotation":90,"texture":"#1"},"west":{"uv":[6.5,0.5,7,1],"rotation":270,"texture":"#1"},"up":{"uv":[6.5,0.5,7,1],"rotation":270,"texture":"#1"},"down":{"uv":[6.5,0.5,7,1],"rotation":270,"texture":"#1"}}},{"from":[6.91713,9.11257,11.05381],"to":[7.68268,10.25599,12.25231],"rotation":{"angle":-22.5,"axis":"x","origin":[7.29991,9.68428,11.65306]},"faces":{"north":{"uv":[7,0.5,6.5,1],"rotation":90,"texture":"#1"},"east":{"uv":[6.5,0.5,7,1],"rotation":270,"texture":"#1"},"south":{"uv":[7,0.5,6.5,1],"rotation":90,"texture":"#1"},"west":{"uv":[6.5,0.5,7,1],"rotation":270,"texture":"#1"},"up":{"uv":[6.5,0.5,7,1],"rotation":270,"texture":"#1"},"down":{"uv":[6.5,0.5,7,1],"rotation":270,"texture":"#1"}}},{"from":[6.91713,7.66784,14.84908],"to":[7.68268,9.85323,15.13642],"rotation":{"angle":-22.5,"axis":"x","origin":[7.29991,8.76054,14.99275]},"faces":{"north":{"uv":[7,0.5,6.5,1],"rotation":90,"texture":"#1"},"east":{"uv":[6.5,0.5,7,1],"rotation":270,"texture":"#1"},"south":{"uv":[7,0.5,6.5,1],"rotation":90,"texture":"#1"},"west":{"uv":[6.5,0.5,7,1],"rotation":270,"texture":"#1"},"up":{"uv":[6.5,0.5,7,1],"rotation":270,"texture":"#1"},"down":{"uv":[6.5,0.5,7,1],"rotation":270,"texture":"#1"}}},{"from":[6.91713,7.92494,13.95116],"to":[7.68268,9.91181,14.80716],"rotation":{"angle":-22.5,"axis":"x","origin":[7.29991,8.91838,14.37916]},"faces":{"north":{"uv":[7,0.5,6.5,1],"rotation":90,"texture":"#1"},"east":{"uv":[6.5,0.5,7,1],"rotation":270,"texture":"#1"},"south":{"uv":[7,0.5,6.5,1],"rotation":90,"texture":"#1"},"west":{"uv":[6.5,0.5,7,1],"rotation":270,"texture":"#1"},"up":{"uv":[6.5,0.5,7,1],"rotation":270,"texture":"#1"},"down":{"uv":[6.5,0.5,7,1],"rotation":270,"texture":"#1"}}},{"from":[6.84319,7.66111,14.36658],"to":[7.75662,9.96744,14.5744],"rotation":{"angle":0,"axis":"z","origin":[7.29991,8.81428,14.47049]},"faces":{"north":{"uv":[7,0.5,6.5,1],"rotation":90,"texture":"#1"},"east":{"uv":[6.5,0.5,7,1],"rotation":270,"texture":"#1"},"south":{"uv":[7,0.5,6.5,1],"rotation":90,"texture":"#1"},"west":{"uv":[6.5,0.5,7,1],"rotation":270,"texture":"#1"},"up":{"uv":[6.5,0.5,7,1],"rotation":270,"texture":"#1"},"down":{"uv":[6.5,0.5,7,1],"rotation":270,"texture":"#1"}}},{"from":[6.84319,8.33379,12.48932],"to":[7.75662,10.64012,12.69715],"rotation":{"angle":0,"axis":"z","origin":[7.29991,9.48696,12.59324]},"faces":{"north":{"uv":[7,0.5,6.5,1],"rotation":90,"texture":"#1"},"east":{"uv":[6.5,0.5,7,1],"rotation":270,"texture":"#1"},"south":{"uv":[7,0.5,6.5,1],"rotation":90,"texture":"#1"},"west":{"uv":[6.5,0.5,7,1],"rotation":270,"texture":"#1"},"up":{"uv":[6.5,0.5,7,1],"rotation":270,"texture":"#1"},"down":{"uv":[6.5,0.5,7,1],"rotation":270,"texture":"#1"}}},{"from":[6.93214,10.87188,-10.41847],"to":[7.66768,11.57155,5.32729],"rotation":{"angle":0,"axis":"z","origin":[7.29991,11.22172,-2.54559]},"faces":{"north":{"uv":[7,3.5,6.5,4],"rotation":90,"texture":"#1"},"east":{"uv":[6.5,3.5,7,4],"rotation":270,"texture":"#1"},"south":{"uv":[7,3.5,6.5,4],"rotation":90,"texture":"#1"},"west":{"uv":[6.5,3.5,7,4],"rotation":270,"texture":"#1"},"up":{"uv":[7,3.5,6.5,4],"rotation":180,"texture":"#1"},"down":{"uv":[7,3.5,6.5,4],"texture":"#1"}}},{"from":[6.71713,10.9958,-10.41847],"to":[7.88268,11.05507,5.32729],"rotation":{"angle":0,"axis":"z","origin":[7.29991,11.02543,-2.54559]},"faces":{"north":{"uv":[8.5,0.5,8,1],"rotation":90,"texture":"#1"},"east":{"uv":[8,0.5,8.5,1],"rotation":270,"texture":"#1"},"south":{"uv":[8.5,0.5,8,1],"rotation":90,"texture":"#1"},"west":{"uv":[8,0.5,8.5,1],"rotation":270,"texture":"#1"},"up":{"uv":[8.5,0.5,8,1],"rotation":180,"texture":"#1"},"down":{"uv":[8.5,0.5,8,1],"texture":"#1"}}},{"from":[6.81658,10.99059,-10.41847],"to":[7.04993,11.54812,5.32729],"rotation":{"angle":-22.5,"axis":"z","origin":[6.93325,11.26935,-2.54559]},"faces":{"north":{"uv":[7,3.5,6.5,4],"rotation":90,"texture":"#1"},"east":{"uv":[6.5,3.5,7,4],"rotation":270,"texture":"#1"},"south":{"uv":[7,3.5,6.5,4],"rotation":90,"texture":"#1"},"west":{"uv":[6.5,3.5,7,4],"rotation":270,"texture":"#1"},"up":{"uv":[7,3.5,6.5,4],"rotation":180,"texture":"#1"},"down":{"uv":[7,3.5,6.5,4],"texture":"#1"}}},{"from":[7.54989,10.99059,-10.41847],"to":[7.78324,11.54812,5.32729],"rotation":{"angle":22.5,"axis":"z","origin":[7.66657,11.26935,-2.54559]},"faces":{"north":{"uv":[7,3.5,6.5,4],"rotation":90,"texture":"#1"},"east":{"uv":[6.5,3.5,7,4],"rotation":270,"texture":"#1"},"south":{"uv":[7,3.5,6.5,4],"rotation":90,"texture":"#1"},"west":{"uv":[6.5,3.5,7,4],"rotation":270,"texture":"#1"},"up":{"uv":[7,3.5,6.5,4],"rotation":180,"texture":"#1"},"down":{"uv":[7,3.5,6.5,4],"texture":"#1"}}},{"from":[7.02676,9.7383,-10.41847],"to":[7.57305,10.70918,5.3273],"rotation":{"angle":0,"axis":"z","origin":[7.29991,10.22374,-2.54559]},"faces":{"north":{"uv":[7,3.5,6.5,4],"rotation":90,"texture":"#1"},"east":{"uv":[6.5,3.5,7,4],"rotation":270,"texture":"#1"},"south":{"uv":[7,3.5,6.5,4],"rotation":90,"texture":"#1"},"west":{"uv":[6.5,3.5,7,4],"rotation":270,"texture":"#1"},"up":{"uv":[7,3.5,6.5,4],"rotation":180,"texture":"#1"},"down":{"uv":[7,3.5,6.5,4],"texture":"#1"}}},{"from":[6.67569,10.08937,-10.41847],"to":[7.92413,11.02413,5.32729],"rotation":{"angle":0,"axis":"z","origin":[7.29991,10.55675,-2.54559]},"faces":{"north":{"uv":[7,3.5,6.5,4],"rotation":90,"texture":"#1"},"east":{"uv":[6.5,3.5,7,4],"rotation":270,"texture":"#1"},"south":{"uv":[7,3.5,6.5,4],"rotation":90,"texture":"#1"},"west":{"uv":[6.5,3.5,7,4],"rotation":270,"texture":"#1"},"up":{"uv":[7,3.5,6.5,4],"rotation":180,"texture":"#1"},"down":{"uv":[7,3.5,6.5,4],"texture":"#1"}}},{"from":[7.54941,9.74809,-10.41847],"to":[7.78276,10.24458,5.3273],"rotation":{"angle":-45,"axis":"z","origin":[7.66609,9.99634,-2.54559]},"faces":{"north":{"uv":[7,3.5,6.5,4],"rotation":90,"texture":"#1"},"east":{"uv":[6.5,3.5,7,4],"rotation":270,"texture":"#1"},"south":{"uv":[7,3.5,6.5,4],"rotation":90,"texture":"#1"},"west":{"uv":[6.5,3.5,7,4],"rotation":270,"texture":"#1"},"up":{"uv":[7,3.5,6.5,4],"rotation":180,"texture":"#1"},"down":{"uv":[7,3.5,6.5,4],"texture":"#1"}}},{"from":[6.81705,9.74809,-10.41847],"to":[7.0504,10.24458,5.3273],"rotation":{"angle":45,"axis":"z","origin":[6.93373,9.99634,-2.54559]},"faces":{"north":{"uv":[7,3.5,6.5,4],"rotation":90,"texture":"#1"},"east":{"uv":[6.5,3.5,7,4],"rotation":270,"texture":"#1"},"south":{"uv":[7,3.5,6.5,4],"rotation":90,"texture":"#1"},"west":{"uv":[6.5,3.5,7,4],"rotation":270,"texture":"#1"},"up":{"uv":[7,3.5,6.5,4],"rotation":180,"texture":"#1"},"down":{"uv":[7,3.5,6.5,4],"texture":"#1"}}},{"from":[6.86317,10.00927,-10.41847],"to":[7.73665,10.75646,5.3273],"rotation":{"angle":0,"axis":"z","origin":[7.29991,10.38286,-2.54559]},"faces":{"north":{"uv":[7,3.5,6.5,4],"rotation":90,"texture":"#1"},"east":{"uv":[6.5,3.5,7,4],"rotation":270,"texture":"#1"},"south":{"uv":[7,3.5,6.5,4],"rotation":90,"texture":"#1"},"west":{"uv":[6.5,3.5,7,4],"rotation":270,"texture":"#1"},"up":{"uv":[7,3.5,6.5,4],"rotation":180,"texture":"#1"},"down":{"uv":[7,3.5,6.5,4],"texture":"#1"}}},{"from":[7.07783,10.78828,-14.9383],"to":[7.52198,11.25602,-14.66854],"rotation":{"angle":0,"axis":"z","origin":[7.29991,11.02215,-14.80342]},"faces":{"north":{"uv":[5.5,0.5,5,1],"rotation":90,"texture":"#1"},"east":{"uv":[5,0.5,5.5,1],"rotation":270,"texture":"#1"},"south":{"uv":[5.5,0.5,5,1],"rotation":90,"texture":"#1"},"west":{"uv":[5,0.5,5.5,1],"rotation":270,"texture":"#1"},"up":{"uv":[5.5,0.5,5,1],"rotation":180,"texture":"#1"},"down":{"uv":[5.5,0.5,5,1],"texture":"#1"}}},{"from":[6.77755,9.39758,10.67879],"to":[7.82227,10.36846,19.38495],"rotation":{"angle":0,"axis":"z","origin":[7.29991,9.88302,15.03187]},"faces":{"north":{"uv":[7,3.5,6.5,4],"rotation":90,"texture":"#1"},"east":{"uv":[6.5,3.5,7,4],"rotation":270,"texture":"#1"},"south":{"uv":[7,3.5,6.5,4],"rotation":90,"texture":"#1"},"west":{"uv":[6.5,3.5,7,4],"rotation":270,"texture":"#1"},"up":{"uv":[7,3.5,6.5,4],"rotation":180,"texture":"#1"},"down":{"uv":[7,3.5,6.5,4],"texture":"#1"}}},{"from":[6.67569,9.49944,8.65756],"to":[7.92413,10.27594,12.97118],"rotation":{"angle":0,"axis":"z","origin":[7.29991,9.88769,10.81437]},"faces":{"north":{"uv":[7,3.5,6.5,4],"rotation":90,"texture":"#1"},"east":{"uv":[6.5,3.5,7,4],"rotation":270,"texture":"#1"},"south":{"uv":[7,3.5,6.5,4],"rotation":90,"texture":"#1"},"west":{"uv":[6.5,3.5,7,4],"rotation":270,"texture":"#1"},"up":{"uv":[7,3.5,6.5,4],"rotation":180,"texture":"#1"},"down":{"uv":[7,3.5,6.5,4],"texture":"#1"}}},{"from":[7.02676,9.50994,5.69572],"to":[7.57305,10.48082,8.08492],"rotation":{"angle":0,"axis":"z","origin":[7.29991,9.99538,6.89032]},"faces":{"north":{"uv":[7,3.5,6.5,4],"rotation":90,"texture":"#1"},"east":{"uv":[6.5,3.5,7,4],"rotation":270,"texture":"#1"},"south":{"uv":[7,3.5,6.5,4],"rotation":90,"texture":"#1"},"west":{"uv":[6.5,3.5,7,4],"rotation":270,"texture":"#1"},"up":{"uv":[7,3.5,6.5,4],"rotation":180,"texture":"#1"},"down":{"uv":[7,3.5,6.5,4],"texture":"#1"}}},{"from":[6.67569,9.86101,5.69572],"to":[7.92413,10.8892,7.51572],"rotation":{"angle":0,"axis":"z","origin":[7.29991,10.37511,6.60572]},"faces":{"north":{"uv":[7,3.5,6.5,4],"rotation":90,"texture":"#1"},"east":{"uv":[6.5,3.5,7,4],"rotation":270,"texture":"#1"},"south":{"uv":[7,3.5,6.5,4],"rotation":90,"texture":"#1"},"west":{"uv":[6.5,3.5,7,4],"rotation":270,"texture":"#1"},"up":{"uv":[7,3.5,6.5,4],"rotation":180,"texture":"#1"},"down":{"uv":[7,3.5,6.5,4],"texture":"#1"}}},{"from":[7.54941,9.51973,5.69572],"to":[7.78276,10.01623,8.08492],"rotation":{"angle":-45,"axis":"z","origin":[7.66609,9.76798,6.89032]},"faces":{"north":{"uv":[7,3.5,6.5,4],"rotation":90,"texture":"#1"},"east":{"uv":[6.5,3.5,7,4],"rotation":270,"texture":"#1"},"south":{"uv":[7,3.5,6.5,4],"rotation":90,"texture":"#1"},"west":{"uv":[6.5,3.5,7,4],"rotation":270,"texture":"#1"},"up":{"uv":[7,3.5,6.5,4],"rotation":180,"texture":"#1"},"down":{"uv":[7,3.5,6.5,4],"texture":"#1"}}},{"from":[6.81705,9.51973,5.69572],"to":[7.0504,10.01623,8.08492],"rotation":{"angle":45,"axis":"z","origin":[6.93373,9.76798,6.89032]},"faces":{"north":{"uv":[7,3.5,6.5,4],"rotation":90,"texture":"#1"},"east":{"uv":[6.5,3.5,7,4],"rotation":270,"texture":"#1"},"south":{"uv":[7,3.5,6.5,4],"rotation":90,"texture":"#1"},"west":{"uv":[6.5,3.5,7,4],"rotation":270,"texture":"#1"},"up":{"uv":[7,3.5,6.5,4],"rotation":180,"texture":"#1"},"down":{"uv":[7,3.5,6.5,4],"texture":"#1"}}},{"from":[7.02676,9.14836,7.51572],"to":[7.57305,10.11924,10.67879],"rotation":{"angle":0,"axis":"z","origin":[7.29991,9.6338,9.09726]},"faces":{"north":{"uv":[7,3.5,6.5,4],"rotation":90,"texture":"#1"},"east":{"uv":[6.5,3.5,7,4],"rotation":270,"texture":"#1"},"south":{"uv":[7,3.5,6.5,4],"rotation":90,"texture":"#1"},"west":{"uv":[6.5,3.5,7,4],"rotation":270,"texture":"#1"},"up":{"uv":[7,3.5,6.5,4],"rotation":180,"texture":"#1"},"down":{"uv":[7,3.5,6.5,4],"texture":"#1"}}},{"from":[6.67569,9.49944,7.51572],"to":[7.92413,10.8892,8.65756],"rotation":{"angle":0,"axis":"z","origin":[7.29991,10.19432,8.08664]},"faces":{"north":{"uv":[7,3.5,6.5,4],"rotation":90,"texture":"#1"},"east":{"uv":[6.5,3.5,7,4],"rotation":270,"texture":"#1"},"south":{"uv":[7,3.5,6.5,4],"rotation":90,"texture":"#1"},"west":{"uv":[6.5,3.5,7,4],"rotation":270,"texture":"#1"},"up":{"uv":[7,3.5,6.5,4],"rotation":180,"texture":"#1"},"down":{"uv":[7,3.5,6.5,4],"texture":"#1"}}},{"from":[7.54941,9.15815,7.51572],"to":[7.78276,9.65465,10.67879],"rotation":{"angle":-45,"axis":"z","origin":[7.66609,9.4064,9.09726]},"faces":{"north":{"uv":[7,3.5,6.5,4],"rotation":90,"texture":"#1"},"east":{"uv":[6.5,3.5,7,4],"rotation":270,"texture":"#1"},"south":{"uv":[7,3.5,6.5,4],"rotation":90,"texture":"#1"},"west":{"uv":[6.5,3.5,7,4],"rotation":270,"texture":"#1"},"up":{"uv":[7,3.5,6.5,4],"rotation":180,"texture":"#1"},"down":{"uv":[7,3.5,6.5,4],"texture":"#1"}}},{"from":[6.81705,9.15815,7.51572],"to":[7.0504,9.65465,10.67879],"rotation":{"angle":45,"axis":"z","origin":[6.93373,9.4064,9.09726]},"faces":{"north":{"uv":[7,3.5,6.5,4],"rotation":90,"texture":"#1"},"east":{"uv":[6.5,3.5,7,4],"rotation":270,"texture":"#1"},"south":{"uv":[7,3.5,6.5,4],"rotation":90,"texture":"#1"},"west":{"uv":[6.5,3.5,7,4],"rotation":270,"texture":"#1"},"up":{"uv":[7,3.5,6.5,4],"rotation":180,"texture":"#1"},"down":{"uv":[7,3.5,6.5,4],"texture":"#1"}}},{"from":[6.67569,9.69168,6.54928],"to":[7.92413,10.09221,7.63363],"rotation":{"angle":22.5,"axis":"x","origin":[7.29991,9.89195,7.09146]},"faces":{"north":{"uv":[7,3.5,6.5,4],"rotation":90,"texture":"#1"},"east":{"uv":[6.5,3.5,7,4],"rotation":270,"texture":"#1"},"south":{"uv":[7,3.5,6.5,4],"rotation":90,"texture":"#1"},"west":{"uv":[6.5,3.5,7,4],"rotation":270,"texture":"#1"},"up":{"uv":[7,3.5,6.5,4],"rotation":180,"texture":"#1"},"down":{"uv":[7,3.5,6.5,4],"texture":"#1"}}},{"from":[7.02676,9.46917,5.90293],"to":[7.57305,9.8697,7.65921],"rotation":{"angle":22.5,"axis":"x","origin":[7.29991,9.66943,6.78107]},"faces":{"north":{"uv":[7,3.5,6.5,4],"rotation":90,"texture":"#1"},"east":{"uv":[6.5,3.5,7,4],"rotation":270,"texture":"#1"},"south":{"uv":[7,3.5,6.5,4],"rotation":90,"texture":"#1"},"west":{"uv":[6.5,3.5,7,4],"rotation":270,"texture":"#1"},"up":{"uv":[7,3.5,6.5,4],"rotation":180,"texture":"#1"},"down":{"uv":[7,3.5,6.5,4],"texture":"#1"}}},{"from":[6.67569,10.66862,8.65756],"to":[7.92413,10.8892,12.97118],"rotation":{"angle":0,"axis":"z","origin":[7.29991,10.77891,10.81437]},"faces":{"north":{"uv":[7,3.5,6.5,4],"rotation":90,"texture":"#1"},"east":{"uv":[6.5,3.5,7,4],"rotation":270,"texture":"#1"},"south":{"uv":[7,3.5,6.5,4],"rotation":90,"texture":"#1"},"west":{"uv":[6.5,3.5,7,4],"rotation":270,"texture":"#1"},"up":{"uv":[7,3.5,6.5,4],"rotation":180,"texture":"#1"},"down":{"uv":[7,3.5,6.5,4],"texture":"#1"}}},{"from":[6.76212,10.27594,8.65756],"to":[7.8377,10.66862,12.97118],"rotation":{"angle":0,"axis":"z","origin":[7.29991,10.47228,10.81437]},"faces":{"north":{"uv":[8.5,3.5,8,4],"rotation":90,"texture":"#1"},"east":{"uv":[8,3.5,8.5,4],"rotation":270,"texture":"#1"},"south":{"uv":[8.5,3.5,8,4],"rotation":90,"texture":"#1"},"west":{"uv":[8,3.5,8.5,4],"rotation":270,"texture":"#1"},"up":{"uv":[8.5,3.5,8,4],"rotation":180,"texture":"#1"},"down":{"uv":[8.5,3.5,8,4],"texture":"#1"}}},{"from":[6.67569,9.49944,12.97118],"to":[7.92413,10.8892,18.23002],"rotation":{"angle":0,"axis":"z","origin":[7.29991,10.19432,15.6006]},"faces":{"north":{"uv":[7,3.5,6.5,4],"rotation":90,"texture":"#1"},"east":{"uv":[6.5,3.5,7,4],"rotation":270,"texture":"#1"},"south":{"uv":[7,3.5,6.5,4],"rotation":90,"texture":"#1"},"west":{"uv":[6.5,3.5,7,4],"rotation":270,"texture":"#1"},"up":{"uv":[7,3.5,6.5,4],"rotation":180,"texture":"#1"},"down":{"uv":[7,3.5,6.5,4],"texture":"#1"}}},{"from":[6.8999,9.50958,6.47939],"to":[7.69991,9.91012,7.69809],"rotation":{"angle":22.5,"axis":"x","origin":[7.29991,9.70985,7.08874]},"faces":{"north":{"uv":[7,3.5,6.5,4],"rotation":90,"texture":"#1"},"east":{"uv":[6.5,3.5,7,4],"rotation":270,"texture":"#1"},"south":{"uv":[7,3.5,6.5,4],"rotation":90,"texture":"#1"},"west":{"uv":[6.5,3.5,7,4],"rotation":270,"texture":"#1"},"up":{"uv":[7,3.5,6.5,4],"rotation":180,"texture":"#1"},"down":{"uv":[7,3.5,6.5,4],"texture":"#1"}}},{"from":[7.02676,9.25704,10.46405],"to":[7.57305,10.22792,11.22518],"rotation":{"angle":-22.5,"axis":"x","origin":[7.29991,9.74248,10.84462]},"faces":{"north":{"uv":[7,3.5,6.5,4],"rotation":90,"texture":"#1"},"east":{"uv":[6.5,3.5,7,4],"rotation":270,"texture":"#1"},"south":{"uv":[7,3.5,6.5,4],"rotation":90,"texture":"#1"},"west":{"uv":[6.5,3.5,7,4],"rotation":270,"texture":"#1"},"up":{"uv":[7,3.5,6.5,4],"rotation":180,"texture":"#1"},"down":{"uv":[7,3.5,6.5,4],"texture":"#1"}}},{"from":[6.86081,9.36342,10.45701],"to":[7.73901,10.3343,11.24421],"rotation":{"angle":-22.5,"axis":"x","origin":[7.29991,9.84886,10.85061]},"faces":{"north":{"uv":[7,3.5,6.5,4],"rotation":90,"texture":"#1"},"east":{"uv":[6.5,3.5,7,4],"rotation":270,"texture":"#1"},"south":{"uv":[7,3.5,6.5,4],"rotation":90,"texture":"#1"},"west":{"uv":[6.5,3.5,7,4],"rotation":270,"texture":"#1"},"up":{"uv":[7,3.5,6.5,4],"rotation":180,"texture":"#1"},"down":{"uv":[7,3.5,6.5,4],"texture":"#1"}}},{"from":[6.69244,9.45898,10.67879],"to":[6.92579,9.60304,18.43397],"rotation":{"angle":45,"axis":"z","origin":[6.80912,9.53101,14.55638]},"faces":{"north":{"uv":[7,3.5,6.5,4],"rotation":90,"texture":"#1"},"east":{"uv":[6.5,3.5,7,4],"rotation":270,"texture":"#1"},"south":{"uv":[7,3.5,6.5,4],"rotation":90,"texture":"#1"},"west":{"uv":[6.5,3.5,7,4],"rotation":270,"texture":"#1"},"up":{"uv":[7,3.5,6.5,4],"rotation":180,"texture":"#1"},"down":{"uv":[7,3.5,6.5,4],"texture":"#1"}}},{"from":[7.67402,9.45898,10.67879],"to":[7.90737,9.60304,18.43397],"rotation":{"angle":-45,"axis":"z","origin":[7.7907,9.53101,14.55638]},"faces":{"north":{"uv":[7,3.5,6.5,4],"rotation":90,"texture":"#1"},"east":{"uv":[6.5,3.5,7,4],"rotation":270,"texture":"#1"},"south":{"uv":[7,3.5,6.5,4],"rotation":90,"texture":"#1"},"west":{"uv":[6.5,3.5,7,4],"rotation":270,"texture":"#1"},"up":{"uv":[7,3.5,6.5,4],"rotation":180,"texture":"#1"},"down":{"uv":[7,3.5,6.5,4],"texture":"#1"}}},{"from":[6.8474,10.82317,5.32729],"to":[7.08075,11.51477,5.69572],"rotation":{"angle":-45,"axis":"z","origin":[6.96408,11.16897,5.51151]},"faces":{"north":{"uv":[5.5,3.5,5,4],"rotation":90,"texture":"#1"},"east":{"uv":[5,3.5,5.5,4],"rotation":270,"texture":"#1"},"south":{"uv":[5.5,3.5,5,4],"rotation":90,"texture":"#1"},"west":{"uv":[5,3.5,5.5,4],"rotation":270,"texture":"#1"},"up":{"uv":[5.5,3.5,5,4],"rotation":180,"texture":"#1"},"down":{"uv":[5.5,3.5,5,4],"texture":"#1"}}},{"from":[7.12609,10.79633,5.32729],"to":[7.47372,11.49599,5.69572],"rotation":{"angle":0,"axis":"z","origin":[7.29991,11.14616,5.51151]},"faces":{"north":{"uv":[5.5,3.5,5,4],"rotation":90,"texture":"#1"},"east":{"uv":[5,3.5,5.5,4],"rotation":270,"texture":"#1"},"south":{"uv":[5.5,3.5,5,4],"rotation":90,"texture":"#1"},"west":{"uv":[5,3.5,5.5,4],"rotation":270,"texture":"#1"},"up":{"uv":[5.5,3.5,5,4],"rotation":180,"texture":"#1"},"down":{"uv":[5.5,3.5,5,4],"texture":"#1"}}},{"from":[6.98814,9.55981,5.3273],"to":[7.61168,10.53069,5.69572],"rotation":{"angle":0,"axis":"z","origin":[7.29991,10.04525,5.51151]},"faces":{"north":{"uv":[5.5,3.5,5,4],"rotation":90,"texture":"#1"},"east":{"uv":[5,3.5,5.5,4],"rotation":270,"texture":"#1"},"south":{"uv":[5.5,3.5,5,4],"rotation":90,"texture":"#1"},"west":{"uv":[5,3.5,5.5,4],"rotation":270,"texture":"#1"},"up":{"uv":[5.5,3.5,5,4],"rotation":180,"texture":"#1"},"down":{"uv":[5.5,3.5,5,4],"texture":"#1"}}},{"from":[7.52104,9.91088,5.32729],"to":[7.96276,11.00696,5.69572],"rotation":{"angle":0,"axis":"z","origin":[7.7419,10.45892,5.51151]},"faces":{"north":{"uv":[5.5,3.5,5,4],"rotation":90,"texture":"#1"},"east":{"uv":[5,3.5,5.5,4],"rotation":270,"texture":"#1"},"south":{"uv":[5.5,3.5,5,4],"rotation":90,"texture":"#1"},"west":{"uv":[5,3.5,5.5,4],"rotation":270,"texture":"#1"},"up":{"uv":[5.5,3.5,5,4],"rotation":180,"texture":"#1"},"down":{"uv":[5.5,3.5,5,4],"texture":"#1"}}},{"from":[6.63706,9.91088,5.32729],"to":[7.07878,11.00696,5.69572],"rotation":{"angle":0,"axis":"z","origin":[6.85792,10.45892,5.51151]},"faces":{"north":{"uv":[5.5,3.5,5,4],"rotation":90,"texture":"#1"},"east":{"uv":[5,3.5,5.5,4],"rotation":270,"texture":"#1"},"south":{"uv":[5.5,3.5,5,4],"rotation":90,"texture":"#1"},"west":{"uv":[5,3.5,5.5,4],"rotation":270,"texture":"#1"},"up":{"uv":[5.5,3.5,5,4],"rotation":180,"texture":"#1"},"down":{"uv":[5.5,3.5,5,4],"texture":"#1"}}},{"from":[7.58804,9.5696,5.32729],"to":[7.82139,10.06609,5.69572],"rotation":{"angle":-45,"axis":"z","origin":[7.70471,9.81785,5.51151]},"faces":{"north":{"uv":[5.5,3.5,5,4],"rotation":90,"texture":"#1"},"east":{"uv":[5,3.5,5.5,4],"rotation":270,"texture":"#1"},"south":{"uv":[5.5,3.5,5,4],"rotation":90,"texture":"#1"},"west":{"uv":[5,3.5,5.5,4],"rotation":270,"texture":"#1"},"up":{"uv":[5.5,3.5,5,4],"rotation":180,"texture":"#1"},"down":{"uv":[5.5,3.5,5,4],"texture":"#1"}}},{"from":[6.77843,9.56959,5.32729],"to":[7.01178,10.06609,5.69572],"rotation":{"angle":45,"axis":"z","origin":[6.8951,9.81784,5.51151]},"faces":{"north":{"uv":[5.5,3.5,5,4],"rotation":90,"texture":"#1"},"east":{"uv":[5,3.5,5.5,4],"rotation":270,"texture":"#1"},"south":{"uv":[5.5,3.5,5,4],"rotation":90,"texture":"#1"},"west":{"uv":[5,3.5,5.5,4],"rotation":270,"texture":"#1"},"up":{"uv":[5.5,3.5,5,4],"rotation":180,"texture":"#1"},"down":{"uv":[5.5,3.5,5,4],"texture":"#1"}}},{"from":[7.51906,10.82317,5.32729],"to":[7.75241,11.51477,5.69572],"rotation":{"angle":45,"axis":"z","origin":[7.63574,11.16897,5.51151]},"faces":{"north":{"uv":[5.5,3.5,5,4],"rotation":90,"texture":"#1"},"east":{"uv":[5,3.5,5.5,4],"rotation":270,"texture":"#1"},"south":{"uv":[5.5,3.5,5,4],"rotation":90,"texture":"#1"},"west":{"uv":[5,3.5,5.5,4],"rotation":270,"texture":"#1"},"up":{"uv":[5.5,3.5,5,4],"rotation":180,"texture":"#1"},"down":{"uv":[5.5,3.5,5,4],"texture":"#1"}}},{"from":[6.97898,9.28036,5.42461],"to":[7.62084,9.67962,5.58999],"rotation":{"angle":0,"axis":"z","origin":[7.29991,9.47999,5.5073]},"faces":{"north":{"uv":[5,3.5,5.5,4],"rotation":270,"texture":"#1"},"east":{"uv":[5.5,3.5,5,4],"rotation":90,"texture":"#1"},"south":{"uv":[5,3.5,5.5,4],"rotation":270,"texture":"#1"},"west":{"uv":[5.5,3.5,5,4],"rotation":90,"texture":"#1"},"up":{"uv":[5.5,3.5,5,4],"rotation":90,"texture":"#1"},"down":{"uv":[5.5,3.5,5,4],"rotation":90,"texture":"#1"}}},{"from":[6.97898,9.3973,5.30767],"to":[7.62084,9.56268,5.70693],"rotation":{"angle":0,"axis":"z","origin":[7.29991,9.47999,5.5073]},"faces":{"north":{"uv":[5,3.5,5.5,4],"rotation":270,"texture":"#1"},"east":{"uv":[5.5,3.5,5,4],"rotation":90,"texture":"#1"},"south":{"uv":[5,3.5,5.5,4],"rotation":270,"texture":"#1"},"west":{"uv":[5.5,3.5,5,4],"rotation":90,"texture":"#1"},"up":{"uv":[5.5,3.5,5,4],"rotation":90,"texture":"#1"},"down":{"uv":[5.5,3.5,5,4],"rotation":90,"texture":"#1"}}},{"from":[6.97898,9.28036,5.42461],"to":[7.62084,9.67962,5.58999],"rotation":{"angle":45,"axis":"x","origin":[7.29991,9.47999,5.5073]},"faces":{"north":{"uv":[5,3.5,5.5,4],"rotation":270,"texture":"#1"},"east":{"uv":[5.5,3.5,5,4],"rotation":90,"texture":"#1"},"south":{"uv":[5,3.5,5.5,4],"rotation":270,"texture":"#1"},"west":{"uv":[5.5,3.5,5,4],"rotation":90,"texture":"#1"},"up":{"uv":[5.5,3.5,5,4],"rotation":90,"texture":"#1"},"down":{"uv":[5.5,3.5,5,4],"rotation":90,"texture":"#1"}}},{"from":[6.97898,9.28036,5.42461],"to":[7.62084,9.67962,5.58999],"rotation":{"angle":-45,"axis":"x","origin":[7.29991,9.47999,5.5073]},"faces":{"north":{"uv":[5,3.5,5.5,4],"rotation":270,"texture":"#1"},"east":{"uv":[5.5,3.5,5,4],"rotation":90,"texture":"#1"},"south":{"uv":[5,3.5,5.5,4],"rotation":270,"texture":"#1"},"west":{"uv":[5.5,3.5,5,4],"rotation":90,"texture":"#1"},"up":{"uv":[5.5,3.5,5,4],"rotation":90,"texture":"#1"},"down":{"uv":[5.5,3.5,5,4],"rotation":90,"texture":"#1"}}},{"from":[6.84102,8.93158,11.70865],"to":[7.75879,9.32689,11.87239],"rotation":{"angle":0,"axis":"z","origin":[7.29991,9.12924,11.79052]},"faces":{"north":{"uv":[5,3.5,5.5,4],"rotation":270,"texture":"#1"},"east":{"uv":[5.5,3.5,5,4],"rotation":90,"texture":"#1"},"south":{"uv":[5,3.5,5.5,4],"rotation":270,"texture":"#1"},"west":{"uv":[5.5,3.5,5,4],"rotation":90,"texture":"#1"},"up":{"uv":[5.5,3.5,5,4],"rotation":90,"texture":"#1"},"down":{"uv":[5.5,3.5,5,4],"rotation":90,"texture":"#1"}}},{"from":[6.84102,9.04737,11.59287],"to":[7.75879,9.21111,11.98818],"rotation":{"angle":0,"axis":"z","origin":[7.29991,9.12924,11.79052]},"faces":{"north":{"uv":[5,3.5,5.5,4],"rotation":270,"texture":"#1"},"east":{"uv":[5.5,3.5,5,4],"rotation":90,"texture":"#1"},"south":{"uv":[5,3.5,5.5,4],"rotation":270,"texture":"#1"},"west":{"uv":[5.5,3.5,5,4],"rotation":90,"texture":"#1"},"up":{"uv":[5.5,3.5,5,4],"rotation":90,"texture":"#1"},"down":{"uv":[5.5,3.5,5,4],"rotation":90,"texture":"#1"}}},{"from":[6.84102,8.93158,11.70865],"to":[7.75879,9.32689,11.87239],"rotation":{"angle":45,"axis":"x","origin":[7.29991,9.12924,11.79052]},"faces":{"north":{"uv":[5,3.5,5.5,4],"rotation":270,"texture":"#1"},"east":{"uv":[5.5,3.5,5,4],"rotation":90,"texture":"#1"},"south":{"uv":[5,3.5,5.5,4],"rotation":270,"texture":"#1"},"west":{"uv":[5.5,3.5,5,4],"rotation":90,"texture":"#1"},"up":{"uv":[5.5,3.5,5,4],"rotation":90,"texture":"#1"},"down":{"uv":[5.5,3.5,5,4],"rotation":90,"texture":"#1"}}},{"from":[6.84102,8.93158,11.70865],"to":[7.75879,9.32689,11.87239],"rotation":{"angle":-45,"axis":"x","origin":[7.29991,9.12924,11.79052]},"faces":{"north":{"uv":[5,3.5,5.5,4],"rotation":270,"texture":"#1"},"east":{"uv":[5.5,3.5,5,4],"rotation":90,"texture":"#1"},"south":{"uv":[5,3.5,5.5,4],"rotation":270,"texture":"#1"},"west":{"uv":[5.5,3.5,5,4],"rotation":90,"texture":"#1"},"up":{"uv":[5.5,3.5,5,4],"rotation":90,"texture":"#1"},"down":{"uv":[5.5,3.5,5,4],"rotation":90,"texture":"#1"}}},{"from":[7.11942,10.6505,10.25789],"to":[7.48039,11.52196,12.31934],"rotation":{"angle":0,"axis":"z","origin":[7.29991,11.08623,11.28861]},"faces":{"north":{"uv":[5.5,2,5,2.5],"rotation":90,"texture":"#1"},"east":{"uv":[5,2,5.5,2.5],"rotation":270,"texture":"#1"},"south":{"uv":[5.5,2,5,2.5],"rotation":90,"texture":"#1"},"west":{"uv":[5,2,5.5,2.5],"rotation":270,"texture":"#1"},"up":{"uv":[5.5,2,5,2.5],"rotation":180,"texture":"#1"},"down":{"uv":[5.5,2,5,2.5],"texture":"#1"}}},{"from":[6.86418,10.90574,10.25789],"to":[7.73564,11.26671,12.31934],"rotation":{"angle":0,"axis":"z","origin":[7.29991,11.08623,11.28861]},"faces":{"north":{"uv":[5.5,2,5,2.5],"rotation":90,"texture":"#1"},"east":{"uv":[5,2,5.5,2.5],"rotation":270,"texture":"#1"},"south":{"uv":[5.5,2,5,2.5],"rotation":90,"texture":"#1"},"west":{"uv":[5,2,5.5,2.5],"rotation":270,"texture":"#1"},"up":{"uv":[5.5,2,5,2.5],"rotation":180,"texture":"#1"},"down":{"uv":[5.5,2,5,2.5],"texture":"#1"}}},{"from":[7.11942,10.6505,10.25789],"to":[7.48039,11.52196,12.31934],"rotation":{"angle":-45,"axis":"z","origin":[7.29991,11.08623,11.28861]},"faces":{"north":{"uv":[5.5,2,5,2.5],"rotation":90,"texture":"#1"},"east":{"uv":[5,2,5.5,2.5],"rotation":270,"texture":"#1"},"south":{"uv":[5.5,2,5,2.5],"rotation":90,"texture":"#1"},"west":{"uv":[5,2,5.5,2.5],"rotation":270,"texture":"#1"},"up":{"uv":[5.5,2,5,2.5],"rotation":180,"texture":"#1"},"down":{"uv":[5.5,2,5,2.5],"texture":"#1"}}},{"from":[7.11942,10.6505,10.25789],"to":[7.48039,11.52196,12.31934],"rotation":{"angle":45,"axis":"z","origin":[7.29991,11.08623,11.28861]},"faces":{"north":{"uv":[5.5,2,5,2.5],"rotation":90,"texture":"#1"},"east":{"uv":[5,2,5.5,2.5],"rotation":270,"texture":"#1"},"south":{"uv":[5.5,2,5,2.5],"rotation":90,"texture":"#1"},"west":{"uv":[5,2,5.5,2.5],"rotation":270,"texture":"#1"},"up":{"uv":[5.5,2,5,2.5],"rotation":180,"texture":"#1"},"down":{"uv":[5.5,2,5,2.5],"texture":"#1"}}},{"from":[7.35624,11.1626,16.35103],"to":[8.95182,11.41924,16.5322],"rotation":{"angle":0,"axis":"z","origin":[8.15403,11.29092,16.44162]},"faces":{"north":{"uv":[8.5,2,8,2.5],"rotation":90,"texture":"#1"},"east":{"uv":[8,2,8.5,2.5],"rotation":270,"texture":"#1"},"south":{"uv":[8.5,2,8,2.5],"rotation":90,"texture":"#1"},"west":{"uv":[8,2,8.5,2.5],"rotation":270,"texture":"#1"},"up":{"uv":[8.5,2,8,2.5],"rotation":180,"texture":"#1"},"down":{"uv":[8.5,2,8,2.5],"texture":"#1"}}},{"from":[8.98876,11.02602,16.33298],"to":[9.20795,11.5552,16.55217],"rotation":{"angle":0,"axis":"z","origin":[9.09835,11.29061,16.44257]},"faces":{"north":{"uv":[8,2,8.5,2.5],"rotation":270,"texture":"#1"},"east":{"uv":[8.5,2,8,2.5],"rotation":90,"texture":"#1"},"south":{"uv":[8,2,8.5,2.5],"rotation":270,"texture":"#1"},"west":{"uv":[8.5,2,8,2.5],"rotation":90,"texture":"#1"},"up":{"uv":[8.5,2,8,2.5],"rotation":270,"texture":"#1"},"down":{"uv":[8.5,2,8,2.5],"rotation":270,"texture":"#1"}}},{"from":[8.98876,11.18102,16.17798],"to":[9.20795,11.40021,16.70716],"rotation":{"angle":0,"axis":"z","origin":[9.09835,11.29061,16.44257]},"faces":{"north":{"uv":[8,2,8.5,2.5],"rotation":270,"texture":"#1"},"east":{"uv":[8.5,2,8,2.5],"rotation":90,"texture":"#1"},"south":{"uv":[8,2,8.5,2.5],"rotation":270,"texture":"#1"},"west":{"uv":[8.5,2,8,2.5],"rotation":90,"texture":"#1"},"up":{"uv":[8.5,2,8,2.5],"rotation":270,"texture":"#1"},"down":{"uv":[8.5,2,8,2.5],"rotation":270,"texture":"#1"}}},{"from":[8.83376,11.18102,16.33298],"to":[9.36294,11.40021,16.55217],"rotation":{"angle":0,"axis":"z","origin":[9.09835,11.29061,16.44257]},"faces":{"north":{"uv":[8,2,8.5,2.5],"rotation":270,"texture":"#1"},"east":{"uv":[8.5,2,8,2.5],"rotation":90,"texture":"#1"},"south":{"uv":[8,2,8.5,2.5],"rotation":270,"texture":"#1"},"west":{"uv":[8.5,2,8,2.5],"rotation":90,"texture":"#1"},"up":{"uv":[8.5,2,8,2.5],"rotation":270,"texture":"#1"},"down":{"uv":[8.5,2,8,2.5],"rotation":270,"texture":"#1"}}},{"from":[8.83376,11.18102,16.33298],"to":[9.36294,11.40021,16.55217],"rotation":{"angle":45,"axis":"z","origin":[9.09835,11.29061,16.44257]},"faces":{"north":{"uv":[8,2,8.5,2.5],"rotation":270,"texture":"#1"},"east":{"uv":[8.5,2,8,2.5],"rotation":90,"texture":"#1"},"south":{"uv":[8,2,8.5,2.5],"rotation":270,"texture":"#1"},"west":{"uv":[8.5,2,8,2.5],"rotation":90,"texture":"#1"},"up":{"uv":[8.5,2,8,2.5],"rotation":270,"texture":"#1"},"down":{"uv":[8.5,2,8,2.5],"rotation":270,"texture":"#1"}}},{"from":[8.83376,11.18102,16.33298],"to":[9.36294,11.40021,16.55217],"rotation":{"angle":-45,"axis":"z","origin":[9.09835,11.29061,16.44257]},"faces":{"north":{"uv":[8,2,8.5,2.5],"rotation":270,"texture":"#1"},"east":{"uv":[8.5,2,8,2.5],"rotation":90,"texture":"#1"},"south":{"uv":[8,2,8.5,2.5],"rotation":270,"texture":"#1"},"west":{"uv":[8.5,2,8,2.5],"rotation":90,"texture":"#1"},"up":{"uv":[8.5,2,8,2.5],"rotation":270,"texture":"#1"},"down":{"uv":[8.5,2,8,2.5],"rotation":270,"texture":"#1"}}},{"from":[8.98876,11.02602,16.33298],"to":[9.20795,11.5552,16.55217],"rotation":{"angle":45,"axis":"x","origin":[9.09835,11.29061,16.44257]},"faces":{"north":{"uv":[8,2,8.5,2.5],"rotation":270,"texture":"#1"},"east":{"uv":[8.5,2,8,2.5],"rotation":90,"texture":"#1"},"south":{"uv":[8,2,8.5,2.5],"rotation":270,"texture":"#1"},"west":{"uv":[8.5,2,8,2.5],"rotation":90,"texture":"#1"},"up":{"uv":[8.5,2,8,2.5],"rotation":270,"texture":"#1"},"down":{"uv":[8.5,2,8,2.5],"rotation":270,"texture":"#1"}}},{"from":[8.98876,11.02602,16.33298],"to":[9.20795,11.5552,16.55217],"rotation":{"angle":-45,"axis":"x","origin":[9.09835,11.29061,16.44257]},"faces":{"north":{"uv":[8,2,8.5,2.5],"rotation":270,"texture":"#1"},"east":{"uv":[8.5,2,8,2.5],"rotation":90,"texture":"#1"},"south":{"uv":[8,2,8.5,2.5],"rotation":270,"texture":"#1"},"west":{"uv":[8.5,2,8,2.5],"rotation":90,"texture":"#1"},"up":{"uv":[8.5,2,8,2.5],"rotation":270,"texture":"#1"},"down":{"uv":[8.5,2,8,2.5],"rotation":270,"texture":"#1"}}},{"from":[8.98876,11.18102,16.17798],"to":[9.20795,11.40021,16.70716],"rotation":{"angle":45,"axis":"y","origin":[9.09835,11.29061,16.44257]},"faces":{"north":{"uv":[8,2,8.5,2.5],"rotation":270,"texture":"#1"},"east":{"uv":[8.5,2,8,2.5],"rotation":90,"texture":"#1"},"south":{"uv":[8,2,8.5,2.5],"rotation":270,"texture":"#1"},"west":{"uv":[8.5,2,8,2.5],"rotation":90,"texture":"#1"},"up":{"uv":[8.5,2,8,2.5],"rotation":270,"texture":"#1"},"down":{"uv":[8.5,2,8,2.5],"rotation":270,"texture":"#1"}}},{"from":[8.98876,11.18102,16.17798],"to":[9.20795,11.40021,16.70716],"rotation":{"angle":-45,"axis":"y","origin":[9.09835,11.29061,16.44257]},"faces":{"north":{"uv":[8,2,8.5,2.5],"rotation":270,"texture":"#1"},"east":{"uv":[8.5,2,8,2.5],"rotation":90,"texture":"#1"},"south":{"uv":[8,2,8.5,2.5],"rotation":270,"texture":"#1"},"west":{"uv":[8.5,2,8,2.5],"rotation":90,"texture":"#1"},"up":{"uv":[8.5,2,8,2.5],"rotation":270,"texture":"#1"},"down":{"uv":[8.5,2,8,2.5],"rotation":270,"texture":"#1"}}},{"from":[7.19843,10.84123,17.3987],"to":[7.40139,11.33123,19.64484],"rotation":{"angle":0,"axis":"z","origin":[7.29991,11.08623,18.52177]},"faces":{"north":{"uv":[8.5,2,8,2.5],"rotation":90,"texture":"#1"},"east":{"uv":[8,2,8.5,2.5],"rotation":270,"texture":"#1"},"south":{"uv":[8.5,2,8,2.5],"rotation":90,"texture":"#1"},"west":{"uv":[8,2,8.5,2.5],"rotation":270,"texture":"#1"},"up":{"uv":[8.5,2,8,2.5],"rotation":180,"texture":"#1"},"down":{"uv":[8.5,2,8,2.5],"texture":"#1"}}},{"from":[7.05491,10.98474,17.3987],"to":[7.54491,11.18771,19.64484],"rotation":{"angle":0,"axis":"z","origin":[7.29991,11.08623,18.52177]},"faces":{"north":{"uv":[8.5,2,8,2.5],"rotation":90,"texture":"#1"},"east":{"uv":[8,2,8.5,2.5],"rotation":270,"texture":"#1"},"south":{"uv":[8.5,2,8,2.5],"rotation":90,"texture":"#1"},"west":{"uv":[8,2,8.5,2.5],"rotation":270,"texture":"#1"},"up":{"uv":[8.5,2,8,2.5],"rotation":180,"texture":"#1"},"down":{"uv":[8.5,2,8,2.5],"texture":"#1"}}},{"from":[7.19843,10.84123,17.3987],"to":[7.40139,11.33123,19.64484],"rotation":{"angle":-45,"axis":"z","origin":[7.29991,11.08623,18.52177]},"faces":{"north":{"uv":[8.5,2,8,2.5],"rotation":90,"texture":"#1"},"east":{"uv":[8,2,8.5,2.5],"rotation":270,"texture":"#1"},"south":{"uv":[8.5,2,8,2.5],"rotation":90,"texture":"#1"},"west":{"uv":[8,2,8.5,2.5],"rotation":270,"texture":"#1"},"up":{"uv":[8.5,2,8,2.5],"rotation":180,"texture":"#1"},"down":{"uv":[8.5,2,8,2.5],"texture":"#1"}}},{"from":[7.19843,10.84123,17.3987],"to":[7.40139,11.33123,19.64484],"rotation":{"angle":45,"axis":"z","origin":[7.29991,11.08623,18.52177]},"faces":{"north":{"uv":[8.5,2,8,2.5],"rotation":90,"texture":"#1"},"east":{"uv":[8,2,8.5,2.5],"rotation":270,"texture":"#1"},"south":{"uv":[8.5,2,8,2.5],"rotation":90,"texture":"#1"},"west":{"uv":[8,2,8.5,2.5],"rotation":270,"texture":"#1"},"up":{"uv":[8.5,2,8,2.5],"rotation":180,"texture":"#1"},"down":{"uv":[8.5,2,8,2.5],"texture":"#1"}}},{"from":[7.16155,10.7522,19.63932],"to":[7.43826,11.42025,19.71659],"rotation":{"angle":0,"axis":"z","origin":[7.29991,11.08623,19.67795]},"faces":{"north":{"uv":[8.5,2,8,2.5],"rotation":90,"texture":"#1"},"east":{"uv":[8,2,8.5,2.5],"rotation":270,"texture":"#1"},"south":{"uv":[8.5,2,8,2.5],"rotation":90,"texture":"#1"},"west":{"uv":[8,2,8.5,2.5],"rotation":270,"texture":"#1"},"up":{"uv":[8.5,2,8,2.5],"rotation":180,"texture":"#1"},"down":{"uv":[8.5,2,8,2.5],"texture":"#1"}}},{"from":[6.96588,10.94787,19.63932],"to":[7.63393,11.22458,19.71659],"rotation":{"angle":0,"axis":"z","origin":[7.29991,11.08623,19.67795]},"faces":{"north":{"uv":[8.5,2,8,2.5],"rotation":90,"texture":"#1"},"east":{"uv":[8,2,8.5,2.5],"rotation":270,"texture":"#1"},"south":{"uv":[8.5,2,8,2.5],"rotation":90,"texture":"#1"},"west":{"uv":[8,2,8.5,2.5],"rotation":270,"texture":"#1"},"up":{"uv":[8.5,2,8,2.5],"rotation":180,"texture":"#1"},"down":{"uv":[8.5,2,8,2.5],"texture":"#1"}}},{"from":[7.16155,10.7522,19.63932],"to":[7.43826,11.42025,19.71659],"rotation":{"angle":-45,"axis":"z","origin":[7.29991,11.08623,19.67795]},"faces":{"north":{"uv":[8.5,2,8,2.5],"rotation":90,"texture":"#1"},"east":{"uv":[8,2,8.5,2.5],"rotation":270,"texture":"#1"},"south":{"uv":[8.5,2,8,2.5],"rotation":90,"texture":"#1"},"west":{"uv":[8,2,8.5,2.5],"rotation":270,"texture":"#1"},"up":{"uv":[8.5,2,8,2.5],"rotation":180,"texture":"#1"},"down":{"uv":[8.5,2,8,2.5],"texture":"#1"}}},{"from":[7.16155,10.7522,19.63932],"to":[7.43826,11.42025,19.71659],"rotation":{"angle":45,"axis":"z","origin":[7.29991,11.08623,19.67795]},"faces":{"north":{"uv":[8.5,2,8,2.5],"rotation":90,"texture":"#1"},"east":{"uv":[8,2,8.5,2.5],"rotation":270,"texture":"#1"},"south":{"uv":[8.5,2,8,2.5],"rotation":90,"texture":"#1"},"west":{"uv":[8,2,8.5,2.5],"rotation":270,"texture":"#1"},"up":{"uv":[8.5,2,8,2.5],"rotation":180,"texture":"#1"},"down":{"uv":[8.5,2,8,2.5],"texture":"#1"}}},{"from":[6.72234,10.84699,16.67755],"to":[7.87748,11.32546,17.24942],"rotation":{"angle":0,"axis":"z","origin":[7.29991,11.08623,16.96348]},"faces":{"north":{"uv":[5.5,2,5,2.5],"rotation":90,"texture":"#1"},"east":{"uv":[5,2,5.5,2.5],"rotation":270,"texture":"#1"},"south":{"uv":[5.5,2,5,2.5],"rotation":90,"texture":"#1"},"west":{"uv":[5,2,5.5,2.5],"rotation":270,"texture":"#1"},"up":{"uv":[5.5,2,5,2.5],"rotation":180,"texture":"#1"},"down":{"uv":[5.5,2,5,2.5],"texture":"#1"}}},{"from":[7.06067,10.50866,16.67755],"to":[7.53914,11.66379,17.24942],"rotation":{"angle":-45,"axis":"z","origin":[7.29991,11.08623,16.96348]},"faces":{"north":{"uv":[5.5,2,5,2.5],"rotation":90,"texture":"#1"},"east":{"uv":[5,2,5.5,2.5],"rotation":270,"texture":"#1"},"south":{"uv":[5.5,2,5,2.5],"rotation":90,"texture":"#1"},"west":{"uv":[5,2,5.5,2.5],"rotation":270,"texture":"#1"},"up":{"uv":[5.5,2,5,2.5],"rotation":180,"texture":"#1"},"down":{"uv":[5.5,2,5,2.5],"texture":"#1"}}},{"from":[7.06067,10.50866,16.67755],"to":[7.53914,11.66379,17.24942],"rotation":{"angle":45,"axis":"z","origin":[7.29991,11.08623,16.96348]},"faces":{"north":{"uv":[5.5,2,5,2.5],"rotation":90,"texture":"#1"},"east":{"uv":[5,2,5.5,2.5],"rotation":270,"texture":"#1"},"south":{"uv":[5.5,2,5,2.5],"rotation":90,"texture":"#1"},"west":{"uv":[5,2,5.5,2.5],"rotation":270,"texture":"#1"},"up":{"uv":[5.5,2,5,2.5],"rotation":180,"texture":"#1"},"down":{"uv":[5.5,2,5,2.5],"texture":"#1"}}},{"from":[7.08116,10.55811,12.1751],"to":[7.51866,11.61434,14.457],"rotation":{"angle":0,"axis":"z","origin":[7.29991,11.08623,13.31605]},"faces":{"north":{"uv":[5.5,2,5,2.5],"rotation":90,"texture":"#1"},"east":{"uv":[5,2,5.5,2.5],"rotation":270,"texture":"#1"},"south":{"uv":[5.5,2,5,2.5],"rotation":90,"texture":"#1"},"west":{"uv":[5,2,5.5,2.5],"rotation":270,"texture":"#1"},"up":{"uv":[5.5,2,5,2.5],"rotation":180,"texture":"#1"},"down":{"uv":[5.5,2,5,2.5],"texture":"#1"}}},{"from":[6.7718,10.86748,12.1751],"to":[7.82802,11.30498,14.457],"rotation":{"angle":0,"axis":"z","origin":[7.29991,11.08623,13.31605]},"faces":{"north":{"uv":[5.5,2,5,2.5],"rotation":90,"texture":"#1"},"east":{"uv":[5,2,5.5,2.5],"rotation":270,"texture":"#1"},"south":{"uv":[5.5,2,5,2.5],"rotation":90,"texture":"#1"},"west":{"uv":[5,2,5.5,2.5],"rotation":270,"texture":"#1"},"up":{"uv":[5.5,2,5,2.5],"rotation":180,"texture":"#1"},"down":{"uv":[5.5,2,5,2.5],"texture":"#1"}}},{"from":[7.08116,10.55811,12.1751],"to":[7.51866,11.61434,14.457],"rotation":{"angle":-45,"axis":"z","origin":[7.29991,11.08623,13.31605]},"faces":{"north":{"uv":[5.5,2,5,2.5],"rotation":90,"texture":"#1"},"east":{"uv":[5,2,5.5,2.5],"rotation":270,"texture":"#1"},"south":{"uv":[5.5,2,5,2.5],"rotation":90,"texture":"#1"},"west":{"uv":[5,2,5.5,2.5],"rotation":270,"texture":"#1"},"up":{"uv":[5.5,2,5,2.5],"rotation":180,"texture":"#1"},"down":{"uv":[5.5,2,5,2.5],"texture":"#1"}}},{"from":[7.08116,10.55811,12.1751],"to":[7.51866,11.61434,14.457],"rotation":{"angle":45,"axis":"z","origin":[7.29991,11.08623,13.31605]},"faces":{"north":{"uv":[5.5,2,5,2.5],"rotation":90,"texture":"#1"},"east":{"uv":[5,2,5.5,2.5],"rotation":270,"texture":"#1"},"south":{"uv":[5.5,2,5,2.5],"rotation":90,"texture":"#1"},"west":{"uv":[5,2,5.5,2.5],"rotation":270,"texture":"#1"},"up":{"uv":[5.5,2,5,2.5],"rotation":180,"texture":"#1"},"down":{"uv":[5.5,2,5,2.5],"texture":"#1"}}},{"from":[6.86418,10.90574,16.97747],"to":[7.73564,11.26671,18.75215],"rotation":{"angle":0,"axis":"z","origin":[7.29991,11.08623,17.86481]},"faces":{"north":{"uv":[5.5,2,5,2.5],"rotation":90,"texture":"#1"},"east":{"uv":[5,2,5.5,2.5],"rotation":270,"texture":"#1"},"south":{"uv":[5.5,2,5,2.5],"rotation":90,"texture":"#1"},"west":{"uv":[5,2,5.5,2.5],"rotation":270,"texture":"#1"},"up":{"uv":[5.5,2,5,2.5],"rotation":180,"texture":"#1"},"down":{"uv":[5.5,2,5,2.5],"texture":"#1"}}},{"from":[7.11942,10.6505,16.97747],"to":[7.48039,11.52196,18.75215],"rotation":{"angle":-45,"axis":"z","origin":[7.29991,11.08623,17.86481]},"faces":{"north":{"uv":[5.5,2,5,2.5],"rotation":90,"texture":"#1"},"east":{"uv":[5,2,5.5,2.5],"rotation":270,"texture":"#1"},"south":{"uv":[5.5,2,5,2.5],"rotation":90,"texture":"#1"},"west":{"uv":[5,2,5.5,2.5],"rotation":270,"texture":"#1"},"up":{"uv":[5.5,2,5,2.5],"rotation":180,"texture":"#1"},"down":{"uv":[5.5,2,5,2.5],"texture":"#1"}}},{"from":[7.11942,10.6505,16.97747],"to":[7.48039,11.52196,18.75215],"rotation":{"angle":45,"axis":"z","origin":[7.29991,11.08623,17.86481]},"faces":{"north":{"uv":[5.5,2,5,2.5],"rotation":90,"texture":"#1"},"east":{"uv":[5,2,5.5,2.5],"rotation":270,"texture":"#1"},"south":{"uv":[5.5,2,5,2.5],"rotation":90,"texture":"#1"},"west":{"uv":[5,2,5.5,2.5],"rotation":270,"texture":"#1"},"up":{"uv":[5.5,2,5,2.5],"rotation":180,"texture":"#1"},"down":{"uv":[5.5,2,5,2.5],"texture":"#1"}}},{"from":[6.89703,10.98336,14.3076],"to":[7.35362,11.41457,16.87665],"rotation":{"angle":45,"axis":"z","origin":[7.12532,11.19897,15.59213]},"faces":{"north":{"uv":[5.5,2,5,2.5],"rotation":90,"texture":"#1"},"east":{"uv":[5,2,5.5,2.5],"rotation":270,"texture":"#1"},"south":{"uv":[5.5,2,5,2.5],"rotation":90,"texture":"#1"},"west":{"uv":[5,2,5.5,2.5],"rotation":270,"texture":"#1"},"up":{"uv":[5.5,2,5,2.5],"rotation":180,"texture":"#1"},"down":{"uv":[5.5,2,5,2.5],"texture":"#1"}}},{"from":[6.81144,10.72799,14.3076],"to":[7.92681,11.18999,16.87665],"rotation":{"angle":0,"axis":"z","origin":[7.36913,10.95899,15.59213]},"faces":{"north":{"uv":[5.5,2,5,2.5],"rotation":90,"texture":"#1"},"east":{"uv":[5,2,5.5,2.5],"rotation":270,"texture":"#1"},"south":{"uv":[5.5,2,5,2.5],"rotation":90,"texture":"#1"},"west":{"uv":[5,2,5.5,2.5],"rotation":270,"texture":"#1"},"up":{"uv":[5.5,2,5,2.5],"rotation":180,"texture":"#1"},"down":{"uv":[5.5,2,5,2.5],"texture":"#1"}}},{"from":[6.99441,9.2057,23.07412],"to":[7.6054,9.6241,30.59257],"rotation":{"angle":0,"axis":"z","origin":[7.29991,9.4149,26.83335]},"faces":{"north":{"uv":[6.5,3.5,7,4],"rotation":270,"texture":"#1"},"east":{"uv":[7,3.5,6.5,4],"rotation":90,"texture":"#1"},"south":{"uv":[6.5,3.5,7,4],"rotation":270,"texture":"#1"},"west":{"uv":[7,3.5,6.5,4],"rotation":90,"texture":"#1"},"up":{"uv":[7,3.5,6.5,4],"rotation":270,"texture":"#1"},"down":{"uv":[7,3.5,6.5,4],"rotation":270,"texture":"#1"}}},{"from":[7.06953,6.61879,17.3522],"to":[7.53028,7.77068,31.38768],"rotation":{"angle":22.5,"axis":"x","origin":[7.29991,7.19473,24.36994]},"faces":{"north":{"uv":[6.5,3.5,7,4],"rotation":270,"texture":"#1"},"east":{"uv":[7,3.5,6.5,4],"rotation":90,"texture":"#1"},"south":{"uv":[6.5,3.5,7,4],"rotation":270,"texture":"#1"},"west":{"uv":[7,3.5,6.5,4],"rotation":90,"texture":"#1"},"up":{"uv":[7,3.5,6.5,4],"rotation":270,"texture":"#1"},"down":{"uv":[7,3.5,6.5,4],"rotation":270,"texture":"#1"}}},{"from":[6.85355,6.76886,17.35341],"to":[7.74626,7.63277,31.35711],"rotation":{"angle":22.5,"axis":"x","origin":[7.29991,7.20082,24.35526]},"faces":{"north":{"uv":[6.5,3.5,7,4],"rotation":270,"texture":"#1"},"east":{"uv":[7,3.5,6.5,4],"rotation":90,"texture":"#1"},"south":{"uv":[6.5,3.5,7,4],"rotation":270,"texture":"#1"},"west":{"uv":[7,3.5,6.5,4],"rotation":90,"texture":"#1"},"up":{"uv":[7,3.5,6.5,4],"rotation":270,"texture":"#1"},"down":{"uv":[7,3.5,6.5,4],"rotation":270,"texture":"#1"}}},{"from":[6.67569,6.91143,17.47446],"to":[7.92413,8.09228,31.38966],"rotation":{"angle":22.5,"axis":"x","origin":[7.29991,7.50186,24.43206]},"faces":{"north":{"uv":[6.5,3.5,7,4],"rotation":270,"texture":"#1"},"east":{"uv":[7,3.5,6.5,4],"rotation":90,"texture":"#1"},"south":{"uv":[6.5,3.5,7,4],"rotation":270,"texture":"#1"},"west":{"uv":[7,3.5,6.5,4],"rotation":90,"texture":"#1"},"up":{"uv":[7,3.5,6.5,4],"rotation":270,"texture":"#1"},"down":{"uv":[7,3.5,6.5,4],"rotation":270,"texture":"#1"}}},{"from":[7.09578,8.96226,23.07412],"to":[7.87954,9.41301,30.59257],"rotation":{"angle":45,"axis":"z","origin":[7.48766,9.18764,26.83335]},"faces":{"north":{"uv":[6.5,3.5,7,4],"rotation":270,"texture":"#1"},"east":{"uv":[7,3.5,6.5,4],"rotation":90,"texture":"#1"},"south":{"uv":[6.5,3.5,7,4],"rotation":270,"texture":"#1"},"west":{"uv":[7,3.5,6.5,4],"rotation":90,"texture":"#1"},"up":{"uv":[7,3.5,6.5,4],"rotation":270,"texture":"#1"},"down":{"uv":[7,3.5,6.5,4],"rotation":270,"texture":"#1"}}},{"from":[6.88678,8.79576,23.07412],"to":[7.33753,9.57952,30.59257],"rotation":{"angle":45,"axis":"z","origin":[7.11215,9.18764,26.83335]},"faces":{"north":{"uv":[6.5,3.5,7,4],"rotation":270,"texture":"#1"},"east":{"uv":[7,3.5,6.5,4],"rotation":90,"texture":"#1"},"south":{"uv":[6.5,3.5,7,4],"rotation":270,"texture":"#1"},"west":{"uv":[7,3.5,6.5,4],"rotation":90,"texture":"#1"},"up":{"uv":[7,3.5,6.5,4],"rotation":270,"texture":"#1"},"down":{"uv":[7,3.5,6.5,4],"rotation":270,"texture":"#1"}}},{"from":[6.67569,7.41594,23.07412],"to":[7.92413,8.69781,31.36251],"rotation":{"angle":0,"axis":"z","origin":[7.29991,8.05688,27.21832]},"faces":{"north":{"uv":[6.5,3.5,7,4],"rotation":270,"texture":"#1"},"east":{"uv":[7,3.5,6.5,4],"rotation":90,"texture":"#1"},"south":{"uv":[6.5,3.5,7,4],"rotation":270,"texture":"#1"},"west":{"uv":[7,3.5,6.5,4],"rotation":90,"texture":"#1"},"up":{"uv":[7,3.5,6.5,4],"rotation":270,"texture":"#1"},"down":{"uv":[7,3.5,6.5,4],"rotation":270,"texture":"#1"}}},{"from":[6.67569,6.55226,25.26891],"to":[7.92413,7.41594,31.36252],"rotation":{"angle":0,"axis":"z","origin":[7.29991,6.9841,28.31571]},"faces":{"north":{"uv":[6.5,3.5,7,4],"rotation":270,"texture":"#1"},"east":{"uv":[7,3.5,6.5,4],"rotation":90,"texture":"#1"},"south":{"uv":[6.5,3.5,7,4],"rotation":270,"texture":"#1"},"west":{"uv":[7,3.5,6.5,4],"rotation":90,"texture":"#1"},"up":{"uv":[7,3.5,6.5,4],"rotation":270,"texture":"#1"},"down":{"uv":[7,3.5,6.5,4],"rotation":270,"texture":"#1"}}},{"from":[6.67569,5.3789,28.19891],"to":[7.92413,6.55226,31.36252],"rotation":{"angle":0,"axis":"z","origin":[7.29991,5.96558,29.78071]},"faces":{"north":{"uv":[6.5,3.5,7,4],"rotation":270,"texture":"#1"},"east":{"uv":[7,3.5,6.5,4],"rotation":90,"texture":"#1"},"south":{"uv":[6.5,3.5,7,4],"rotation":270,"texture":"#1"},"west":{"uv":[7,3.5,6.5,4],"rotation":90,"texture":"#1"},"up":{"uv":[7,3.5,6.5,4],"rotation":270,"texture":"#1"},"down":{"uv":[7,3.5,6.5,4],"rotation":270,"texture":"#1"}}},{"from":[6.67569,4.29927,30.6343],"to":[7.92413,5.3789,31.36251],"rotation":{"angle":0,"axis":"z","origin":[7.29991,4.83909,30.99841]},"faces":{"north":{"uv":[6.5,3.5,7,4],"rotation":270,"texture":"#1"},"east":{"uv":[7,3.5,6.5,4],"rotation":90,"texture":"#1"},"south":{"uv":[6.5,3.5,7,4],"rotation":270,"texture":"#1"},"west":{"uv":[7,3.5,6.5,4],"rotation":90,"texture":"#1"},"up":{"uv":[7,3.5,6.5,4],"rotation":270,"texture":"#1"},"down":{"uv":[7,3.5,6.5,4],"rotation":270,"texture":"#1"}}},{"from":[6.99499,3.97998,30.63429],"to":[7.60483,5.13187,31.36252],"rotation":{"angle":0,"axis":"z","origin":[7.29991,4.55593,30.99841]},"faces":{"north":{"uv":[6.5,3.5,7,4],"rotation":270,"texture":"#1"},"east":{"uv":[7,3.5,6.5,4],"rotation":90,"texture":"#1"},"south":{"uv":[6.5,3.5,7,4],"rotation":270,"texture":"#1"},"west":{"uv":[7,3.5,6.5,4],"rotation":90,"texture":"#1"},"up":{"uv":[7,3.5,6.5,4],"rotation":270,"texture":"#1"},"down":{"uv":[7,3.5,6.5,4],"rotation":270,"texture":"#1"}}},{"from":[6.72055,4.19096,30.63429],"to":[7.50431,4.6425,31.36252],"rotation":{"angle":45,"axis":"z","origin":[7.11243,4.41673,30.99841]},"faces":{"north":{"uv":[6.5,3.5,7,4],"rotation":270,"texture":"#1"},"east":{"uv":[7,3.5,6.5,4],"rotation":90,"texture":"#1"},"south":{"uv":[6.5,3.5,7,4],"rotation":270,"texture":"#1"},"west":{"uv":[7,3.5,6.5,4],"rotation":90,"texture":"#1"},"up":{"uv":[7,3.5,6.5,4],"rotation":270,"texture":"#1"},"down":{"uv":[7,3.5,6.5,4],"rotation":270,"texture":"#1"}}},{"from":[7.26158,4.02484,30.63429],"to":[7.71316,4.8086,31.36252],"rotation":{"angle":45,"axis":"z","origin":[7.48737,4.41672,30.99841]},"faces":{"north":{"uv":[6.5,3.5,7,4],"rotation":270,"texture":"#1"},"east":{"uv":[7,3.5,6.5,4],"rotation":90,"texture":"#1"},"south":{"uv":[6.5,3.5,7,4],"rotation":270,"texture":"#1"},"west":{"uv":[7,3.5,6.5,4],"rotation":90,"texture":"#1"},"up":{"uv":[7,3.5,6.5,4],"rotation":270,"texture":"#1"},"down":{"uv":[7,3.5,6.5,4],"rotation":270,"texture":"#1"}}},{"from":[6.67569,8.69781,21.70751],"to":[7.92413,9.12829,31.36251],"rotation":{"angle":0,"axis":"z","origin":[7.29991,8.91305,26.53501]},"faces":{"north":{"uv":[6.5,3.5,7,4],"rotation":270,"texture":"#1"},"east":{"uv":[7,3.5,6.5,4],"rotation":90,"texture":"#1"},"south":{"uv":[6.5,3.5,7,4],"rotation":270,"texture":"#1"},"west":{"uv":[7,3.5,6.5,4],"rotation":90,"texture":"#1"},"up":{"uv":[7,3.5,6.5,4],"rotation":270,"texture":"#1"},"down":{"uv":[7,3.5,6.5,4],"rotation":270,"texture":"#1"}}},{"from":[6.99441,8.22457,30.31419],"to":[7.6054,9.37645,31.83758],"rotation":{"angle":22.5,"axis":"x","origin":[7.29991,8.80051,31.07588]},"faces":{"north":{"uv":[6.5,3.5,7,4],"rotation":270,"texture":"#1"},"east":{"uv":[7,3.5,6.5,4],"rotation":90,"texture":"#1"},"south":{"uv":[6.5,3.5,7,4],"rotation":270,"texture":"#1"},"west":{"uv":[7,3.5,6.5,4],"rotation":90,"texture":"#1"},"up":{"uv":[7,3.5,6.5,4],"rotation":270,"texture":"#1"},"down":{"uv":[7,3.5,6.5,4],"rotation":270,"texture":"#1"}}},{"from":[6.67569,7.17023,30.19393],"to":[7.92413,9.23695,31.59535],"rotation":{"angle":22.5,"axis":"x","origin":[7.29991,8.20359,30.89464]},"faces":{"north":{"uv":[6.5,3.5,7,4],"rotation":270,"texture":"#1"},"east":{"uv":[7,3.5,6.5,4],"rotation":90,"texture":"#1"},"south":{"uv":[6.5,3.5,7,4],"rotation":270,"texture":"#1"},"west":{"uv":[7,3.5,6.5,4],"rotation":90,"texture":"#1"},"up":{"uv":[7,3.5,6.5,4],"rotation":270,"texture":"#1"},"down":{"uv":[7,3.5,6.5,4],"rotation":270,"texture":"#1"}}},{"from":[6.87352,9.71749,17.95054],"to":[7.72629,10.1212,23.28095],"rotation":{"angle":22.5,"axis":"x","origin":[7.29991,9.91934,20.61574]},"faces":{"north":{"uv":[6.5,3.5,7,4],"rotation":270,"texture":"#1"},"east":{"uv":[7,3.5,6.5,4],"rotation":90,"texture":"#1"},"south":{"uv":[6.5,3.5,7,4],"rotation":270,"texture":"#1"},"west":{"uv":[7,3.5,6.5,4],"rotation":90,"texture":"#1"},"up":{"uv":[7,3.5,6.5,4],"rotation":270,"texture":"#1"},"down":{"uv":[7,3.5,6.5,4],"rotation":270,"texture":"#1"}}},{"from":[6.99441,8.78341,22.7259],"to":[7.6054,9.54891,23.25566],"rotation":{"angle":45,"axis":"x","origin":[7.29991,9.16616,22.99078]},"faces":{"north":{"uv":[6.5,3.5,7,4],"rotation":270,"texture":"#1"},"east":{"uv":[7,3.5,6.5,4],"rotation":90,"texture":"#1"},"south":{"uv":[6.5,3.5,7,4],"rotation":270,"texture":"#1"},"west":{"uv":[7,3.5,6.5,4],"rotation":90,"texture":"#1"},"up":{"uv":[7,3.5,6.5,4],"rotation":270,"texture":"#1"},"down":{"uv":[7,3.5,6.5,4],"rotation":270,"texture":"#1"}}},{"from":[6.67569,9.12829,23.07412],"to":[7.92413,9.30537,30.59257],"rotation":{"angle":0,"axis":"z","origin":[7.29991,9.21683,26.83335]},"faces":{"north":{"uv":[6.5,3.5,7,4],"rotation":270,"texture":"#1"},"east":{"uv":[7,3.5,6.5,4],"rotation":90,"texture":"#1"},"south":{"uv":[6.5,3.5,7,4],"rotation":270,"texture":"#1"},"west":{"uv":[7,3.5,6.5,4],"rotation":90,"texture":"#1"},"up":{"uv":[7,3.5,6.5,4],"rotation":270,"texture":"#1"},"down":{"uv":[7,3.5,6.5,4],"rotation":270,"texture":"#1"}}},{"from":[6.8083,10.9175,-10.71379],"to":[7.02098,11.54782,-10.39521],"rotation":{"angle":-22.5,"axis":"z","origin":[6.91464,11.23266,-10.5545]},"faces":{"north":{"uv":[5.5,3.5,5,4],"rotation":90,"texture":"#1"},"east":{"uv":[5,3.5,5.5,4],"rotation":270,"texture":"#1"},"south":{"uv":[5.5,3.5,5,4],"rotation":90,"texture":"#1"},"west":{"uv":[5,3.5,5.5,4],"rotation":270,"texture":"#1"},"up":{"uv":[5.5,3.5,5,4],"rotation":180,"texture":"#1"},"down":{"uv":[5.5,3.5,5,4],"texture":"#1"}}},{"from":[7.57884,10.9175,-10.71378],"to":[7.79151,11.54782,-10.39521],"rotation":{"angle":22.5,"axis":"z","origin":[7.68518,11.23266,-10.55449]},"faces":{"north":{"uv":[5.5,3.5,5,4],"rotation":90,"texture":"#1"},"east":{"uv":[5,3.5,5.5,4],"rotation":270,"texture":"#1"},"south":{"uv":[5.5,3.5,5,4],"rotation":90,"texture":"#1"},"west":{"uv":[5,3.5,5.5,4],"rotation":270,"texture":"#1"},"up":{"uv":[5.5,3.5,5,4],"rotation":180,"texture":"#1"},"down":{"uv":[5.5,3.5,5,4],"texture":"#1"}}},{"from":[6.937,10.92685,-10.71378],"to":[7.66281,11.56452,-10.39521],"rotation":{"angle":0,"axis":"z","origin":[7.29991,11.24569,-10.55449]},"faces":{"north":{"uv":[5.5,3.5,5,4],"rotation":90,"texture":"#1"},"east":{"uv":[5,3.5,5.5,4],"rotation":270,"texture":"#1"},"south":{"uv":[5.5,3.5,5,4],"rotation":90,"texture":"#1"},"west":{"uv":[5,3.5,5.5,4],"rotation":270,"texture":"#1"},"up":{"uv":[5.5,3.5,5,4],"rotation":180,"texture":"#1"},"down":{"uv":[5.5,3.5,5,4],"texture":"#1"}}},{"from":[7.01576,9.70132,-10.71378],"to":[7.58405,10.58618,-10.39521],"rotation":{"angle":0,"axis":"z","origin":[7.29991,10.14375,-10.55449]},"faces":{"north":{"uv":[5.5,3.5,5,4],"rotation":90,"texture":"#1"},"east":{"uv":[5,3.5,5.5,4],"rotation":270,"texture":"#1"},"south":{"uv":[5.5,3.5,5,4],"rotation":90,"texture":"#1"},"west":{"uv":[5,3.5,5.5,4],"rotation":270,"texture":"#1"},"up":{"uv":[5.5,3.5,5,4],"rotation":180,"texture":"#1"},"down":{"uv":[5.5,3.5,5,4],"texture":"#1"}}},{"from":[7.50144,10.02129,-10.71378],"to":[7.90403,10.98218,-10.39521],"rotation":{"angle":0,"axis":"z","origin":[7.70274,10.50173,-10.5545]},"faces":{"north":{"uv":[5.5,3.5,5,4],"rotation":90,"texture":"#1"},"east":{"uv":[5,3.5,5.5,4],"rotation":270,"texture":"#1"},"south":{"uv":[5.5,3.5,5,4],"rotation":90,"texture":"#1"},"west":{"uv":[5,3.5,5.5,4],"rotation":270,"texture":"#1"},"up":{"uv":[5.5,3.5,5,4],"rotation":180,"texture":"#1"},"down":{"uv":[5.5,3.5,5,4],"texture":"#1"}}},{"from":[6.69579,10.02129,-10.71379],"to":[7.09837,10.98218,-10.39521],"rotation":{"angle":0,"axis":"z","origin":[6.89708,10.50173,-10.5545]},"faces":{"north":{"uv":[5.5,3.5,5,4],"rotation":90,"texture":"#1"},"east":{"uv":[5,3.5,5.5,4],"rotation":270,"texture":"#1"},"south":{"uv":[5.5,3.5,5,4],"rotation":90,"texture":"#1"},"west":{"uv":[5,3.5,5.5,4],"rotation":270,"texture":"#1"},"up":{"uv":[5.5,3.5,5,4],"rotation":180,"texture":"#1"},"down":{"uv":[5.5,3.5,5,4],"texture":"#1"}}},{"from":[7.56251,9.71024,-10.71379],"to":[7.77519,10.16275,-10.39521],"rotation":{"angle":-45,"axis":"z","origin":[7.66885,9.93649,-10.5545]},"faces":{"north":{"uv":[5.5,3.5,5,4],"rotation":90,"texture":"#1"},"east":{"uv":[5,3.5,5.5,4],"rotation":270,"texture":"#1"},"south":{"uv":[5.5,3.5,5,4],"rotation":90,"texture":"#1"},"west":{"uv":[5,3.5,5.5,4],"rotation":270,"texture":"#1"},"up":{"uv":[5.5,3.5,5,4],"rotation":180,"texture":"#1"},"down":{"uv":[5.5,3.5,5,4],"texture":"#1"}}},{"from":[6.82463,9.71024,-10.71379],"to":[7.0373,10.16275,-10.39521],"rotation":{"angle":45,"axis":"z","origin":[6.93097,9.93649,-10.5545]},"faces":{"north":{"uv":[5.5,3.5,5,4],"rotation":90,"texture":"#1"},"east":{"uv":[5,3.5,5.5,4],"rotation":270,"texture":"#1"},"south":{"uv":[5.5,3.5,5,4],"rotation":90,"texture":"#1"},"west":{"uv":[5,3.5,5.5,4],"rotation":270,"texture":"#1"},"up":{"uv":[5.5,3.5,5,4],"rotation":180,"texture":"#1"},"down":{"uv":[5.5,3.5,5,4],"texture":"#1"}}},{"from":[7.28668,11.48036,-14.73838],"to":[7.31314,11.87777,-14.26776],"rotation":{"angle":0,"axis":"z","origin":[7.29991,11.67906,-14.50307]},"faces":{"north":{"uv":[5.5,2,5,2.5],"rotation":90,"texture":"#1"},"east":{"uv":[5,2,5.5,2.5],"rotation":270,"texture":"#1"},"south":{"uv":[5.5,2,5,2.5],"rotation":90,"texture":"#1"},"west":{"uv":[5,2,5.5,2.5],"rotation":270,"texture":"#1"},"up":{"uv":[5.5,2,5,2.5],"rotation":180,"texture":"#1"},"down":{"uv":[5.5,2,5,2.5],"texture":"#1"}}},{"from":[7.23212,11.30523,-14.84198],"to":[7.36769,11.53181,-14.1629],"rotation":{"angle":0,"axis":"z","origin":[7.29991,11.41852,-14.50244]},"faces":{"north":{"uv":[5.5,2,5,2.5],"rotation":90,"texture":"#1"},"east":{"uv":[5,2,5.5,2.5],"rotation":270,"texture":"#1"},"south":{"uv":[5.5,2,5,2.5],"rotation":90,"texture":"#1"},"west":{"uv":[5,2,5.5,2.5],"rotation":270,"texture":"#1"},"up":{"uv":[5.5,2,5,2.5],"rotation":180,"texture":"#1"},"down":{"uv":[5.5,2,5,2.5],"texture":"#1"}}},{"from":[7.28034,11.41647,-14.74792],"to":[7.31948,11.70622,-14.25821],"rotation":{"angle":0,"axis":"z","origin":[7.29991,11.56134,-14.50307]},"faces":{"north":{"uv":[5.5,2,5,2.5],"rotation":90,"texture":"#1"},"east":{"uv":[5,2,5.5,2.5],"rotation":270,"texture":"#1"},"south":{"uv":[5.5,2,5,2.5],"rotation":90,"texture":"#1"},"west":{"uv":[5,2,5.5,2.5],"rotation":270,"texture":"#1"},"up":{"uv":[5.5,2,5,2.5],"rotation":180,"texture":"#1"},"down":{"uv":[5.5,2,5,2.5],"texture":"#1"}}},{"from":[7.08338,10.04779,-11.62534],"to":[7.51643,11.09326,-10.59268],"rotation":{"angle":0,"axis":"z","origin":[7.29991,10.57052,-11.10901]},"faces":{"north":{"uv":[7,3.5,6.5,4],"rotation":90,"texture":"#1"},"east":{"uv":[6.5,3.5,7,4],"rotation":270,"texture":"#1"},"south":{"uv":[7,3.5,6.5,4],"rotation":90,"texture":"#1"},"west":{"uv":[6.5,3.5,7,4],"rotation":270,"texture":"#1"},"up":{"uv":[7,3.5,6.5,4],"rotation":180,"texture":"#1"},"down":{"uv":[7,3.5,6.5,4],"texture":"#1"}}},{"from":[6.77717,10.354,-11.62534],"to":[7.82264,10.78704,-10.59268],"rotation":{"angle":0,"axis":"z","origin":[7.29991,10.57052,-11.10901]},"faces":{"north":{"uv":[7,3.5,6.5,4],"rotation":90,"texture":"#1"},"east":{"uv":[6.5,3.5,7,4],"rotation":270,"texture":"#1"},"south":{"uv":[7,3.5,6.5,4],"rotation":90,"texture":"#1"},"west":{"uv":[6.5,3.5,7,4],"rotation":270,"texture":"#1"},"up":{"uv":[7,3.5,6.5,4],"rotation":180,"texture":"#1"},"down":{"uv":[7,3.5,6.5,4],"texture":"#1"}}},{"from":[7.08338,10.04778,-11.62534],"to":[7.51643,11.09326,-10.59268],"rotation":{"angle":-45,"axis":"z","origin":[7.29991,10.57052,-11.10901]},"faces":{"north":{"uv":[7,3.5,6.5,4],"rotation":90,"texture":"#1"},"east":{"uv":[6.5,3.5,7,4],"rotation":270,"texture":"#1"},"south":{"uv":[7,3.5,6.5,4],"rotation":90,"texture":"#1"},"west":{"uv":[6.5,3.5,7,4],"rotation":270,"texture":"#1"},"up":{"uv":[7,3.5,6.5,4],"rotation":180,"texture":"#1"},"down":{"uv":[7,3.5,6.5,4],"texture":"#1"}}},{"from":[7.08338,10.04778,-11.62534],"to":[7.51643,11.09326,-10.59268],"rotation":{"angle":45,"axis":"z","origin":[7.29991,10.57052,-11.10901]},"faces":{"north":{"uv":[7,3.5,6.5,4],"rotation":90,"texture":"#1"},"east":{"uv":[6.5,3.5,7,4],"rotation":270,"texture":"#1"},"south":{"uv":[7,3.5,6.5,4],"rotation":90,"texture":"#1"},"west":{"uv":[6.5,3.5,7,4],"rotation":270,"texture":"#1"},"up":{"uv":[7,3.5,6.5,4],"rotation":180,"texture":"#1"},"down":{"uv":[7,3.5,6.5,4],"texture":"#1"}}},{"from":[7.11925,10.13438,-12.39928],"to":[7.48056,11.00666,-11.41835],"rotation":{"angle":0,"axis":"z","origin":[7.29991,10.57052,-11.90882]},"faces":{"north":{"uv":[5.5,2,5,2.5],"rotation":90,"texture":"#1"},"east":{"uv":[5,2,5.5,2.5],"rotation":270,"texture":"#1"},"south":{"uv":[5.5,2,5,2.5],"rotation":90,"texture":"#1"},"west":{"uv":[5,2,5.5,2.5],"rotation":270,"texture":"#1"},"up":{"uv":[5.5,2,5,2.5],"rotation":180,"texture":"#1"},"down":{"uv":[5.5,2,5,2.5],"texture":"#1"}}},{"from":[6.86377,10.38987,-12.39928],"to":[7.73604,10.75117,-11.41835],"rotation":{"angle":0,"axis":"z","origin":[7.29991,10.57052,-11.90882]},"faces":{"north":{"uv":[5.5,2,5,2.5],"rotation":90,"texture":"#1"},"east":{"uv":[5,2,5.5,2.5],"rotation":270,"texture":"#1"},"south":{"uv":[5.5,2,5,2.5],"rotation":90,"texture":"#1"},"west":{"uv":[5,2,5.5,2.5],"rotation":270,"texture":"#1"},"up":{"uv":[5.5,2,5,2.5],"rotation":180,"texture":"#1"},"down":{"uv":[5.5,2,5,2.5],"texture":"#1"}}},{"from":[7.11925,10.13438,-12.39928],"to":[7.48056,11.00666,-11.41835],"rotation":{"angle":-45,"axis":"z","origin":[7.29991,10.57052,-11.90882]},"faces":{"north":{"uv":[5.5,2,5,2.5],"rotation":90,"texture":"#1"},"east":{"uv":[5,2,5.5,2.5],"rotation":270,"texture":"#1"},"south":{"uv":[5.5,2,5,2.5],"rotation":90,"texture":"#1"},"west":{"uv":[5,2,5.5,2.5],"rotation":270,"texture":"#1"},"up":{"uv":[5.5,2,5,2.5],"rotation":180,"texture":"#1"},"down":{"uv":[5.5,2,5,2.5],"texture":"#1"}}},{"from":[7.11925,10.13438,-12.39928],"to":[7.48056,11.00666,-11.41835],"rotation":{"angle":45,"axis":"z","origin":[7.29991,10.57052,-11.90882]},"faces":{"north":{"uv":[5.5,2,5,2.5],"rotation":90,"texture":"#1"},"east":{"uv":[5,2,5.5,2.5],"rotation":270,"texture":"#1"},"south":{"uv":[5.5,2,5,2.5],"rotation":90,"texture":"#1"},"west":{"uv":[5,2,5.5,2.5],"rotation":270,"texture":"#1"},"up":{"uv":[5.5,2,5,2.5],"rotation":180,"texture":"#1"},"down":{"uv":[5.5,2,5,2.5],"texture":"#1"}}},{"from":[6.93129,11.11744,7.39634],"to":[7.66852,11.62422,9.74753],"rotation":{"angle":0,"axis":"z","origin":[7.29991,11.37083,8.57193]},"faces":{"north":{"uv":[7,2,6.5,2.5],"rotation":90,"texture":"#1"},"east":{"uv":[6.5,2,7,2.5],"rotation":270,"texture":"#1"},"south":{"uv":[7,2,6.5,2.5],"rotation":90,"texture":"#1"},"west":{"uv":[6.5,2,7,2.5],"rotation":270,"texture":"#1"},"up":{"uv":[7,2,6.5,2.5],"rotation":180,"texture":"#1"},"down":{"uv":[7,2,6.5,2.5],"texture":"#1"}}},{"from":[6.92564,11.46028,7.39633],"to":[7.07588,11.73873,9.74753],"rotation":{"angle":45,"axis":"z","origin":[7.00076,11.5995,8.57193]},"faces":{"north":{"uv":[7,2,6.5,2.5],"rotation":90,"texture":"#1"},"east":{"uv":[6.5,2,7,2.5],"rotation":270,"texture":"#1"},"south":{"uv":[7,2,6.5,2.5],"rotation":90,"texture":"#1"},"west":{"uv":[6.5,2,7,2.5],"rotation":270,"texture":"#1"},"up":{"uv":[7,2,6.5,2.5],"rotation":180,"texture":"#1"},"down":{"uv":[7,2,6.5,2.5],"texture":"#1"}}},{"from":[7.52394,11.46028,7.39633],"to":[7.67418,11.73873,9.74753],"rotation":{"angle":-45,"axis":"z","origin":[7.59906,11.5995,8.57193]},"faces":{"north":{"uv":[7,2,6.5,2.5],"rotation":270,"texture":"#1"},"east":{"uv":[6.5,2,7,2.5],"rotation":90,"texture":"#1"},"south":{"uv":[7,2,6.5,2.5],"rotation":270,"texture":"#1"},"west":{"uv":[6.5,2,7,2.5],"rotation":90,"texture":"#1"},"up":{"uv":[7,2,6.5,2.5],"rotation":180,"texture":"#1"},"down":{"uv":[7,2,6.5,2.5],"texture":"#1"}}},{"from":[6.9732,11.50314,7.482],"to":[7.62661,11.69878,7.56304],"rotation":{"angle":0,"axis":"z","origin":[7.29991,11.60096,7.52252]},"faces":{"north":{"uv":[6.5,2,7,2.5],"rotation":270,"texture":"#1"},"east":{"uv":[7,2,6.5,2.5],"rotation":90,"texture":"#1"},"south":{"uv":[6.5,2,7,2.5],"rotation":270,"texture":"#1"},"west":{"uv":[7,2,6.5,2.5],"rotation":90,"texture":"#1"},"up":{"uv":[7,2,6.5,2.5],"rotation":90,"texture":"#1"},"down":{"uv":[7,2,6.5,2.5],"rotation":90,"texture":"#1"}}},{"from":[6.9732,11.56044,7.4247],"to":[7.62661,11.64148,7.62035],"rotation":{"angle":0,"axis":"z","origin":[7.29991,11.60096,7.52252]},"faces":{"north":{"uv":[6.5,2,7,2.5],"rotation":270,"texture":"#1"},"east":{"uv":[7,2,6.5,2.5],"rotation":90,"texture":"#1"},"south":{"uv":[6.5,2,7,2.5],"rotation":270,"texture":"#1"},"west":{"uv":[7,2,6.5,2.5],"rotation":90,"texture":"#1"},"up":{"uv":[7,2,6.5,2.5],"rotation":90,"texture":"#1"},"down":{"uv":[7,2,6.5,2.5],"rotation":90,"texture":"#1"}}},{"from":[6.9732,11.50314,7.482],"to":[7.62661,11.69878,7.56304],"rotation":{"angle":45,"axis":"x","origin":[7.29991,11.60096,7.52252]},"faces":{"north":{"uv":[6.5,2,7,2.5],"rotation":270,"texture":"#1"},"east":{"uv":[7,2,6.5,2.5],"rotation":90,"texture":"#1"},"south":{"uv":[6.5,2,7,2.5],"rotation":270,"texture":"#1"},"west":{"uv":[7,2,6.5,2.5],"rotation":90,"texture":"#1"},"up":{"uv":[7,2,6.5,2.5],"rotation":90,"texture":"#1"},"down":{"uv":[7,2,6.5,2.5],"rotation":90,"texture":"#1"}}},{"from":[6.9732,11.50314,7.482],"to":[7.62661,11.69878,7.56304],"rotation":{"angle":-45,"axis":"x","origin":[7.29991,11.60096,7.52252]},"faces":{"north":{"uv":[6.5,2,7,2.5],"rotation":270,"texture":"#1"},"east":{"uv":[7,2,6.5,2.5],"rotation":90,"texture":"#1"},"south":{"uv":[6.5,2,7,2.5],"rotation":270,"texture":"#1"},"west":{"uv":[7,2,6.5,2.5],"rotation":90,"texture":"#1"},"up":{"uv":[7,2,6.5,2.5],"rotation":90,"texture":"#1"},"down":{"uv":[7,2,6.5,2.5],"rotation":90,"texture":"#1"}}},{"from":[6.98293,11.44321,8.71853],"to":[7.61688,11.72789,8.83645],"rotation":{"angle":0,"axis":"z","origin":[7.29991,11.58555,8.77749]},"faces":{"north":{"uv":[6.5,2,7,2.5],"rotation":270,"texture":"#1"},"east":{"uv":[7,2,6.5,2.5],"rotation":90,"texture":"#1"},"south":{"uv":[6.5,2,7,2.5],"rotation":270,"texture":"#1"},"west":{"uv":[7,2,6.5,2.5],"rotation":90,"texture":"#1"},"up":{"uv":[7,2,6.5,2.5],"rotation":90,"texture":"#1"},"down":{"uv":[7,2,6.5,2.5],"rotation":90,"texture":"#1"}}},{"from":[6.98293,11.52659,8.63514],"to":[7.61688,11.64451,8.91983],"rotation":{"angle":0,"axis":"z","origin":[7.29991,11.58555,8.77749]},"faces":{"north":{"uv":[6.5,2,7,2.5],"rotation":270,"texture":"#1"},"east":{"uv":[7,2,6.5,2.5],"rotation":90,"texture":"#1"},"south":{"uv":[6.5,2,7,2.5],"rotation":270,"texture":"#1"},"west":{"uv":[7,2,6.5,2.5],"rotation":90,"texture":"#1"},"up":{"uv":[7,2,6.5,2.5],"rotation":90,"texture":"#1"},"down":{"uv":[7,2,6.5,2.5],"rotation":90,"texture":"#1"}}},{"from":[6.98293,11.44321,8.71853],"to":[7.61688,11.72789,8.83645],"rotation":{"angle":45,"axis":"x","origin":[7.29991,11.58555,8.77749]},"faces":{"north":{"uv":[6.5,2,7,2.5],"rotation":270,"texture":"#1"},"east":{"uv":[7,2,6.5,2.5],"rotation":90,"texture":"#1"},"south":{"uv":[6.5,2,7,2.5],"rotation":270,"texture":"#1"},"west":{"uv":[7,2,6.5,2.5],"rotation":90,"texture":"#1"},"up":{"uv":[7,2,6.5,2.5],"rotation":90,"texture":"#1"},"down":{"uv":[7,2,6.5,2.5],"rotation":90,"texture":"#1"}}},{"from":[6.98293,11.44321,8.71853],"to":[7.61688,11.72789,8.83645],"rotation":{"angle":-45,"axis":"x","origin":[7.29991,11.58555,8.77749]},"faces":{"north":{"uv":[6.5,2,7,2.5],"rotation":270,"texture":"#1"},"east":{"uv":[7,2,6.5,2.5],"rotation":90,"texture":"#1"},"south":{"uv":[6.5,2,7,2.5],"rotation":270,"texture":"#1"},"west":{"uv":[7,2,6.5,2.5],"rotation":90,"texture":"#1"},"up":{"uv":[7,2,6.5,2.5],"rotation":90,"texture":"#1"},"down":{"uv":[7,2,6.5,2.5],"rotation":90,"texture":"#1"}}},{"from":[6.98293,11.4111,8.96146],"to":[7.61688,11.69579,9.63447],"rotation":{"angle":0,"axis":"z","origin":[7.29991,11.55344,9.29796]},"faces":{"north":{"uv":[6.5,2,7,2.5],"rotation":270,"texture":"#1"},"east":{"uv":[7,2,6.5,2.5],"rotation":90,"texture":"#1"},"south":{"uv":[6.5,2,7,2.5],"rotation":270,"texture":"#1"},"west":{"uv":[7,2,6.5,2.5],"rotation":90,"texture":"#1"},"up":{"uv":[7,2,6.5,2.5],"rotation":90,"texture":"#1"},"down":{"uv":[7,2,6.5,2.5],"rotation":90,"texture":"#1"}}},{"from":[6.84697,11.33286,9.10288],"to":[7.75285,11.55366,9.19434],"rotation":{"angle":0,"axis":"z","origin":[7.29991,11.44326,9.14861]},"faces":{"north":{"uv":[6.5,2,7,2.5],"rotation":270,"texture":"#1"},"east":{"uv":[7,2,6.5,2.5],"rotation":90,"texture":"#1"},"south":{"uv":[6.5,2,7,2.5],"rotation":270,"texture":"#1"},"west":{"uv":[7,2,6.5,2.5],"rotation":90,"texture":"#1"},"up":{"uv":[7,2,6.5,2.5],"rotation":90,"texture":"#1"},"down":{"uv":[7,2,6.5,2.5],"rotation":90,"texture":"#1"}}},{"from":[6.84697,11.39753,9.03821],"to":[7.75285,11.48899,9.25901],"rotation":{"angle":0,"axis":"z","origin":[7.29991,11.44326,9.14861]},"faces":{"north":{"uv":[6.5,2,7,2.5],"rotation":270,"texture":"#1"},"east":{"uv":[7,2,6.5,2.5],"rotation":90,"texture":"#1"},"south":{"uv":[6.5,2,7,2.5],"rotation":270,"texture":"#1"},"west":{"uv":[7,2,6.5,2.5],"rotation":90,"texture":"#1"},"up":{"uv":[7,2,6.5,2.5],"rotation":90,"texture":"#1"},"down":{"uv":[7,2,6.5,2.5],"rotation":90,"texture":"#1"}}},{"from":[6.84697,11.33286,9.10288],"to":[7.75285,11.55366,9.19434],"rotation":{"angle":45,"axis":"x","origin":[7.29991,11.44326,9.14861]},"faces":{"north":{"uv":[6.5,2,7,2.5],"rotation":270,"texture":"#1"},"east":{"uv":[7,2,6.5,2.5],"rotation":90,"texture":"#1"},"south":{"uv":[6.5,2,7,2.5],"rotation":270,"texture":"#1"},"west":{"uv":[7,2,6.5,2.5],"rotation":90,"texture":"#1"},"up":{"uv":[7,2,6.5,2.5],"rotation":90,"texture":"#1"},"down":{"uv":[7,2,6.5,2.5],"rotation":90,"texture":"#1"}}},{"from":[6.84697,11.33286,9.10288],"to":[7.75285,11.55366,9.19434],"rotation":{"angle":-45,"axis":"x","origin":[7.29991,11.44326,9.14861]},"faces":{"north":{"uv":[6.5,2,7,2.5],"rotation":270,"texture":"#1"},"east":{"uv":[7,2,6.5,2.5],"rotation":90,"texture":"#1"},"south":{"uv":[6.5,2,7,2.5],"rotation":270,"texture":"#1"},"west":{"uv":[7,2,6.5,2.5],"rotation":90,"texture":"#1"},"up":{"uv":[7,2,6.5,2.5],"rotation":90,"texture":"#1"},"down":{"uv":[7,2,6.5,2.5],"rotation":90,"texture":"#1"}}},{"from":[6.93998,11.40328,8.79825],"to":[7.03482,11.93047,9.61839],"rotation":{"angle":0,"axis":"z","origin":[6.9874,11.66688,9.20832]},"faces":{"north":{"uv":[6.5,2,7,2.5],"rotation":270,"texture":"#1"},"east":{"uv":[7,2,6.5,2.5],"rotation":90,"texture":"#1"},"south":{"uv":[6.5,2,7,2.5],"rotation":270,"texture":"#1"},"west":{"uv":[7,2,6.5,2.5],"rotation":90,"texture":"#1"},"up":{"uv":[7,2,6.5,2.5],"rotation":270,"texture":"#1"},"down":{"uv":[7,2,6.5,2.5],"rotation":270,"texture":"#1"}}},{"from":[6.93998,11.90154,8.89072],"to":[7.03482,12.02294,9.52591],"rotation":{"angle":0,"axis":"z","origin":[6.9874,11.96224,9.20832]},"faces":{"north":{"uv":[6.5,2,7,2.5],"rotation":270,"texture":"#1"},"east":{"uv":[7,2,6.5,2.5],"rotation":90,"texture":"#1"},"south":{"uv":[6.5,2,7,2.5],"rotation":270,"texture":"#1"},"west":{"uv":[7,2,6.5,2.5],"rotation":90,"texture":"#1"},"up":{"uv":[7,2,6.5,2.5],"rotation":270,"texture":"#1"},"down":{"uv":[7,2,6.5,2.5],"rotation":270,"texture":"#1"}}},{"from":[6.93998,11.87442,9.48307],"to":[7.03482,12.0052,9.58743],"rotation":{"angle":-45,"axis":"x","origin":[6.9874,11.93981,9.53525]},"faces":{"north":{"uv":[6.5,2,7,2.5],"rotation":270,"texture":"#1"},"east":{"uv":[7,2,6.5,2.5],"rotation":90,"texture":"#1"},"south":{"uv":[6.5,2,7,2.5],"rotation":270,"texture":"#1"},"west":{"uv":[7,2,6.5,2.5],"rotation":90,"texture":"#1"},"up":{"uv":[7,2,6.5,2.5],"rotation":270,"texture":"#1"},"down":{"uv":[7,2,6.5,2.5],"rotation":270,"texture":"#1"}}},{"from":[6.93998,11.87442,8.8292],"to":[7.03482,12.0052,8.93357],"rotation":{"angle":45,"axis":"x","origin":[6.9874,11.93981,8.88138]},"faces":{"north":{"uv":[6.5,2,7,2.5],"rotation":270,"texture":"#1"},"east":{"uv":[7,2,6.5,2.5],"rotation":90,"texture":"#1"},"south":{"uv":[6.5,2,7,2.5],"rotation":270,"texture":"#1"},"west":{"uv":[7,2,6.5,2.5],"rotation":90,"texture":"#1"},"up":{"uv":[7,2,6.5,2.5],"rotation":270,"texture":"#1"},"down":{"uv":[7,2,6.5,2.5],"rotation":270,"texture":"#1"}}},{"from":[7.565,11.40328,8.79825],"to":[7.65983,11.93047,9.61839],"rotation":{"angle":0,"axis":"z","origin":[7.61242,11.66688,9.20832]},"faces":{"north":{"uv":[7,2,6.5,2.5],"rotation":90,"texture":"#1"},"east":{"uv":[6.5,2,7,2.5],"rotation":270,"texture":"#1"},"south":{"uv":[7,2,6.5,2.5],"rotation":90,"texture":"#1"},"west":{"uv":[6.5,2,7,2.5],"rotation":270,"texture":"#1"},"up":{"uv":[6.5,2,7,2.5],"rotation":90,"texture":"#1"},"down":{"uv":[6.5,2,7,2.5],"rotation":90,"texture":"#1"}}},{"from":[7.565,11.90154,8.89072],"to":[7.65984,12.02294,9.52591],"rotation":{"angle":0,"axis":"z","origin":[7.61242,11.96224,9.20832]},"faces":{"north":{"uv":[7,2,6.5,2.5],"rotation":90,"texture":"#1"},"east":{"uv":[6.5,2,7,2.5],"rotation":270,"texture":"#1"},"south":{"uv":[7,2,6.5,2.5],"rotation":90,"texture":"#1"},"west":{"uv":[6.5,2,7,2.5],"rotation":270,"texture":"#1"},"up":{"uv":[6.5,2,7,2.5],"rotation":90,"texture":"#1"},"down":{"uv":[6.5,2,7,2.5],"rotation":90,"texture":"#1"}}},{"from":[7.565,11.87442,9.48307],"to":[7.65984,12.0052,9.58743],"rotation":{"angle":-45,"axis":"x","origin":[7.61242,11.93981,9.53525]},"faces":{"north":{"uv":[7,2,6.5,2.5],"rotation":90,"texture":"#1"},"east":{"uv":[6.5,2,7,2.5],"rotation":270,"texture":"#1"},"south":{"uv":[7,2,6.5,2.5],"rotation":90,"texture":"#1"},"west":{"uv":[6.5,2,7,2.5],"rotation":270,"texture":"#1"},"up":{"uv":[6.5,2,7,2.5],"rotation":90,"texture":"#1"},"down":{"uv":[6.5,2,7,2.5],"rotation":90,"texture":"#1"}}},{"from":[7.56499,11.87442,8.8292],"to":[7.65983,12.0052,8.93357],"rotation":{"angle":45,"axis":"x","origin":[7.61241,11.93981,8.88138]},"faces":{"north":{"uv":[7,2,6.5,2.5],"rotation":90,"texture":"#1"},"east":{"uv":[6.5,2,7,2.5],"rotation":270,"texture":"#1"},"south":{"uv":[7,2,6.5,2.5],"rotation":90,"texture":"#1"},"west":{"uv":[6.5,2,7,2.5],"rotation":270,"texture":"#1"},"up":{"uv":[6.5,2,7,2.5],"rotation":90,"texture":"#1"},"down":{"uv":[6.5,2,7,2.5],"rotation":90,"texture":"#1"}}},{"from":[7.00551,11.20695,7.2196],"to":[7.07499,11.64767,7.72264],"rotation":{"angle":0,"axis":"z","origin":[7.04025,11.42731,7.47112]},"faces":{"north":{"uv":[6.5,2,7,2.5],"rotation":270,"texture":"#1"},"east":{"uv":[7,2,6.5,2.5],"rotation":90,"texture":"#1"},"south":{"uv":[6.5,2,7,2.5],"rotation":270,"texture":"#1"},"west":{"uv":[7,2,6.5,2.5],"rotation":90,"texture":"#1"},"up":{"uv":[7,2,6.5,2.5],"rotation":270,"texture":"#1"},"down":{"uv":[7,2,6.5,2.5],"rotation":270,"texture":"#1"}}},{"from":[7.00551,11.52775,7.37021],"to":[7.07499,11.79827,7.57204],"rotation":{"angle":0,"axis":"z","origin":[7.04025,11.66301,7.47112]},"faces":{"north":{"uv":[6.5,2,7,2.5],"rotation":270,"texture":"#1"},"east":{"uv":[7,2,6.5,2.5],"rotation":90,"texture":"#1"},"south":{"uv":[6.5,2,7,2.5],"rotation":270,"texture":"#1"},"west":{"uv":[7,2,6.5,2.5],"rotation":90,"texture":"#1"},"up":{"uv":[7,2,6.5,2.5],"rotation":270,"texture":"#1"},"down":{"uv":[7,2,6.5,2.5],"rotation":270,"texture":"#1"}}},{"from":[7.00551,11.53841,7.26257],"to":[7.07499,11.75139,7.48339],"rotation":{"angle":45,"axis":"x","origin":[7.04025,11.6449,7.37298]},"faces":{"north":{"uv":[6.5,2,7,2.5],"rotation":270,"texture":"#1"},"east":{"uv":[7,2,6.5,2.5],"rotation":90,"texture":"#1"},"south":{"uv":[6.5,2,7,2.5],"rotation":270,"texture":"#1"},"west":{"uv":[7,2,6.5,2.5],"rotation":90,"texture":"#1"},"up":{"uv":[7,2,6.5,2.5],"rotation":270,"texture":"#1"},"down":{"uv":[7,2,6.5,2.5],"rotation":270,"texture":"#1"}}},{"from":[7.00551,11.53841,7.45885],"to":[7.07499,11.75139,7.67967],"rotation":{"angle":-45,"axis":"x","origin":[7.04025,11.6449,7.56926]},"faces":{"north":{"uv":[6.5,2,7,2.5],"rotation":270,"texture":"#1"},"east":{"uv":[7,2,6.5,2.5],"rotation":90,"texture":"#1"},"south":{"uv":[6.5,2,7,2.5],"rotation":270,"texture":"#1"},"west":{"uv":[7,2,6.5,2.5],"rotation":90,"texture":"#1"},"up":{"uv":[7,2,6.5,2.5],"rotation":270,"texture":"#1"},"down":{"uv":[7,2,6.5,2.5],"rotation":270,"texture":"#1"}}},{"from":[7.52483,11.20695,7.2196],"to":[7.5943,11.64767,7.72264],"rotation":{"angle":0,"axis":"z","origin":[7.55957,11.42731,7.47112]},"faces":{"north":{"uv":[7,2,6.5,2.5],"rotation":90,"texture":"#1"},"east":{"uv":[6.5,2,7,2.5],"rotation":270,"texture":"#1"},"south":{"uv":[7,2,6.5,2.5],"rotation":90,"texture":"#1"},"west":{"uv":[6.5,2,7,2.5],"rotation":270,"texture":"#1"},"up":{"uv":[6.5,2,7,2.5],"rotation":90,"texture":"#1"},"down":{"uv":[6.5,2,7,2.5],"rotation":90,"texture":"#1"}}},{"from":[7.52483,11.52775,7.37021],"to":[7.5943,11.79827,7.57204],"rotation":{"angle":0,"axis":"z","origin":[7.55956,11.66301,7.47112]},"faces":{"north":{"uv":[7,2,6.5,2.5],"rotation":90,"texture":"#1"},"east":{"uv":[6.5,2,7,2.5],"rotation":270,"texture":"#1"},"south":{"uv":[7,2,6.5,2.5],"rotation":90,"texture":"#1"},"west":{"uv":[6.5,2,7,2.5],"rotation":270,"texture":"#1"},"up":{"uv":[6.5,2,7,2.5],"rotation":90,"texture":"#1"},"down":{"uv":[6.5,2,7,2.5],"rotation":90,"texture":"#1"}}},{"from":[7.52483,11.53841,7.26257],"to":[7.5943,11.75139,7.48339],"rotation":{"angle":45,"axis":"x","origin":[7.55956,11.6449,7.37298]},"faces":{"north":{"uv":[7,2,6.5,2.5],"rotation":90,"texture":"#1"},"east":{"uv":[6.5,2,7,2.5],"rotation":270,"texture":"#1"},"south":{"uv":[7,2,6.5,2.5],"rotation":90,"texture":"#1"},"west":{"uv":[6.5,2,7,2.5],"rotation":270,"texture":"#1"},"up":{"uv":[6.5,2,7,2.5],"rotation":90,"texture":"#1"},"down":{"uv":[6.5,2,7,2.5],"rotation":90,"texture":"#1"}}},{"from":[7.52483,11.53841,7.45885],"to":[7.5943,11.75139,7.67967],"rotation":{"angle":-45,"axis":"x","origin":[7.55957,11.6449,7.56926]},"faces":{"north":{"uv":[7,2,6.5,2.5],"rotation":90,"texture":"#1"},"east":{"uv":[6.5,2,7,2.5],"rotation":270,"texture":"#1"},"south":{"uv":[7,2,6.5,2.5],"rotation":90,"texture":"#1"},"west":{"uv":[6.5,2,7,2.5],"rotation":270,"texture":"#1"},"up":{"uv":[6.5,2,7,2.5],"rotation":90,"texture":"#1"},"down":{"uv":[6.5,2,7,2.5],"rotation":90,"texture":"#1"}}},{"from":[6.83863,10.72505,5.69572],"to":[7.07198,11.28258,18.23002],"rotation":{"angle":-45,"axis":"z","origin":[6.95531,11.00381,11.96287]},"faces":{"north":{"uv":[7,3.5,6.5,4],"rotation":90,"texture":"#1"},"east":{"uv":[6.5,3.5,7,4],"rotation":270,"texture":"#1"},"south":{"uv":[7,3.5,6.5,4],"rotation":90,"texture":"#1"},"west":{"uv":[6.5,3.5,7,4],"rotation":270,"texture":"#1"},"up":{"uv":[7,3.5,6.5,4],"rotation":180,"texture":"#1"},"down":{"uv":[7,3.5,6.5,4],"texture":"#1"}}},{"from":[7.52783,10.72505,5.69572],"to":[7.76118,11.28258,18.23002],"rotation":{"angle":45,"axis":"z","origin":[7.64451,11.00381,11.96287]},"faces":{"north":{"uv":[7,3.5,6.5,4],"rotation":90,"texture":"#1"},"east":{"uv":[6.5,3.5,7,4],"rotation":270,"texture":"#1"},"south":{"uv":[7,3.5,6.5,4],"rotation":90,"texture":"#1"},"west":{"uv":[6.5,3.5,7,4],"rotation":270,"texture":"#1"},"up":{"uv":[7,3.5,6.5,4],"rotation":180,"texture":"#1"},"down":{"uv":[7,3.5,6.5,4],"texture":"#1"}}},{"from":[7.14123,10.70315,12.62222],"to":[7.45858,11.4693,19.08348],"rotation":{"angle":0,"axis":"z","origin":[7.29991,11.08623,15.85285]},"faces":{"north":{"uv":[8.5,2,8,2.5],"rotation":90,"texture":"#1"},"east":{"uv":[8,2,8.5,2.5],"rotation":270,"texture":"#1"},"south":{"uv":[8.5,2,8,2.5],"rotation":90,"texture":"#1"},"west":{"uv":[8,2,8.5,2.5],"rotation":270,"texture":"#1"},"up":{"uv":[8.5,2,8,2.5],"rotation":180,"texture":"#1"},"down":{"uv":[8.5,2,8,2.5],"texture":"#1"}}},{"from":[6.91683,10.92755,12.62222],"to":[7.68298,11.2449,19.08348],"rotation":{"angle":0,"axis":"z","origin":[7.29991,11.08623,15.85285]},"faces":{"north":{"uv":[8.5,2,8,2.5],"rotation":90,"texture":"#1"},"east":{"uv":[8,2,8.5,2.5],"rotation":270,"texture":"#1"},"south":{"uv":[8.5,2,8,2.5],"rotation":90,"texture":"#1"},"west":{"uv":[8,2,8.5,2.5],"rotation":270,"texture":"#1"},"up":{"uv":[8.5,2,8,2.5],"rotation":180,"texture":"#1"},"down":{"uv":[8.5,2,8,2.5],"texture":"#1"}}},{"from":[7.14123,10.70315,12.62222],"to":[7.45858,11.4693,19.08348],"rotation":{"angle":-45,"axis":"z","origin":[7.29991,11.08623,15.85285]},"faces":{"north":{"uv":[8.5,2,8,2.5],"rotation":90,"texture":"#1"},"east":{"uv":[8,2,8.5,2.5],"rotation":270,"texture":"#1"},"south":{"uv":[8.5,2,8,2.5],"rotation":90,"texture":"#1"},"west":{"uv":[8,2,8.5,2.5],"rotation":270,"texture":"#1"},"up":{"uv":[8.5,2,8,2.5],"rotation":180,"texture":"#1"},"down":{"uv":[8.5,2,8,2.5],"texture":"#1"}}},{"from":[7.14123,10.70315,12.62222],"to":[7.45858,11.4693,19.08348],"rotation":{"angle":45,"axis":"z","origin":[7.29991,11.08623,15.85285]},"faces":{"north":{"uv":[8.5,2,8,2.5],"rotation":90,"texture":"#1"},"east":{"uv":[8,2,8.5,2.5],"rotation":270,"texture":"#1"},"south":{"uv":[8.5,2,8,2.5],"rotation":90,"texture":"#1"},"west":{"uv":[8,2,8.5,2.5],"rotation":270,"texture":"#1"},"up":{"uv":[8.5,2,8,2.5],"rotation":180,"texture":"#1"},"down":{"uv":[8.5,2,8,2.5],"texture":"#1"}}},{"from":[7.22034,11.20081,16.74404],"to":[7.37948,11.69891,18.76181],"rotation":{"angle":0,"axis":"z","origin":[7.29991,11.44986,17.75292]},"faces":{"north":{"uv":[8.5,2,8,2.5],"rotation":90,"texture":"#1"},"east":{"uv":[8,2,8.5,2.5],"rotation":270,"texture":"#1"},"south":{"uv":[8.5,2,8,2.5],"rotation":90,"texture":"#1"},"west":{"uv":[8,2,8.5,2.5],"rotation":270,"texture":"#1"},"up":{"uv":[8.5,2,8,2.5],"rotation":180,"texture":"#1"},"down":{"uv":[8.5,2,8,2.5],"texture":"#1"}}},{"from":[7.22034,11.11009,18.51792],"to":[7.37948,11.60819,18.98083],"rotation":{"angle":45,"axis":"x","origin":[7.29991,11.35914,18.74937]},"faces":{"north":{"uv":[8.5,2,8,2.5],"rotation":90,"texture":"#1"},"east":{"uv":[8,2,8.5,2.5],"rotation":270,"texture":"#1"},"south":{"uv":[8.5,2,8,2.5],"rotation":90,"texture":"#1"},"west":{"uv":[8,2,8.5,2.5],"rotation":270,"texture":"#1"},"up":{"uv":[8.5,2,8,2.5],"rotation":180,"texture":"#1"},"down":{"uv":[8.5,2,8,2.5],"texture":"#1"}}}],"display":{"thirdperson_righthand":{"translation":[0,-0.5,-1.25],"scale":[0.7,0.7,0.7]},"thirdperson_lefthand":{"rotation":[79.25,0,0],"translation":[-10.5,9.75,5.25],"scale":[0.7,0.7,0.7]},"firstperson_righthand":{"translation":[0.25,0.75,-5.75],"scale":[1,1,0.7]},"firstperson_lefthand":{"rotation":[-1,0,0],"translation":[-9.65,4.39,9],"scale":[1,1,0.1]},"ground":{"rotation":[0,0,90],"translation":[0,-1,0],"scale":[0.7,0.7,0.7]},"gui":{"rotation":[87.5,-48.75,72],"translation":[3,2.5,0],"scale":[1,0.66,0.61]},"head":{"rotation":[101.5,4.5,0],"translation":[8,-10.25,4.5]},"fixed":{"rotation":[0,90,0],"translation":[0,-0.75,-2.5]}},"groups":[{"name":"barrel","origin":[0,0,0],"children":[0,1,2,3,4,5,6,7]},{"name":"rod","origin":[0,0,0],"children":[8,9,10,11,12,13,14,15]},{"name":"rod_hold","origin":[0,0,0],"children":[16,17,18,19,20]},{"name":"btn","origin":[0,0,0],"children":[21,22,23,24,25,26,27,28,29]},{"name":"cartridge_bottom","origin":[0,0,0],"children":[30,31,32,33,34,35,36]},{"name":"body_front_top","origin":[0,0,0],"children":[37,38,39,40]},{"name":"body_front_bottom","origin":[0,0,0],"children":[41,42,43,44,45,46]},{"name":"body_back_bottom","origin":[0,0,0],"children":[47,48,49,50,51,52,53,54,55,56,57,58,59,60,61,62,63,64,65,66]},{"name":"metal_ring_front.001","origin":[0,0,0],"children":[67,68,69,70,71,72,73,74]},{"name":"metal_ring_middle_bottom","origin":[0,0,0],"children":[75,76,77,78]},{"name":"metal_ring_front","origin":[0,0,0],"children":[79,80,81,82]},{"name":"load","origin":[0,0,0],"children":[83,84,85,86,87,88,89,90,91,92,93,94,95,96,97,98,99,100,101,102,103,104,105,106,107,108,109,110,111,112,113,114,115,116]},{"name":"stock","origin":[0,0,0],"children":[117,118,119,120,121,122,123,124,125,126,127,128,129,130,131,132,133,134,135]},{"name":"metal_end_cap","origin":[0,0,0],"children":[136,137,138,139,140,141,142,143]},{"name":"iron_sight_front","origin":[0,0,0],"children":[144,145,146]},{"name":"end_cap","origin":[0,0,0],"children":[147,148,149,150,151,152,153,154]},{"name":"iron_sight_middle","origin":[0,0,0],"children":[155,156,157]},{"name":"bolt1","origin":[0,0,0],"children":[158,159,160,161,162,163,164,165,166,167,168,169,170]},{"name":"is","origin":[0,0,0],"children":[171,172,173,174,175,176,177,178]},{"name":"is2","origin":[0,0,0],"children":[179,180,181,182,183,184,185,186]},{"name":"body_middle_top.001","origin":[0,0,0],"children":[187,188]},{"name":"metal_bolt_action_inner","origin":[0,0,0],"children":[189,190,191,192,193,194]}]}