{"credit":"made by xeth","textures":{"1":"item/xeth_ww1_guns_diffuse"},"elements":[{"from":[7.15866,9.12731,23.45816],"to":[7.74335,9.5277,30.65313],"rotation":{"angle":0,"axis":"z","origin":[7.451,9.3275,27.05564]},"faces":{"north":{"uv":[0.5,8,1,8.5],"rotation":270,"texture":"#1"},"east":{"uv":[1,8,0.5,8.5],"rotation":90,"texture":"#1"},"south":{"uv":[0.5,8,1,8.5],"rotation":270,"texture":"#1"},"west":{"uv":[1,8,0.5,8.5],"rotation":90,"texture":"#1"},"up":{"uv":[1,8,0.5,8.5],"rotation":270,"texture":"#1"},"down":{"uv":[1,8,0.5,8.5],"rotation":270,"texture":"#1"}}},{"from":[7.23054,6.6517,17.98243],"to":[7.67147,7.75402,31.41403],"rotation":{"angle":22.5,"axis":"x","origin":[7.451,7.20286,24.69823]},"faces":{"north":{"uv":[0.5,8,1,8.5],"rotation":270,"texture":"#1"},"east":{"uv":[1,8,0.5,8.5],"rotation":90,"texture":"#1"},"south":{"uv":[0.5,8,1,8.5],"rotation":270,"texture":"#1"},"west":{"uv":[1,8,0.5,8.5],"rotation":90,"texture":"#1"},"up":{"uv":[1,8,0.5,8.5],"rotation":270,"texture":"#1"},"down":{"uv":[1,8,0.5,8.5],"rotation":270,"texture":"#1"}}},{"from":[7.02385,6.79531,17.98358],"to":[7.87816,7.62205,31.38477],"rotation":{"angle":22.5,"axis":"x","origin":[7.451,7.20868,24.68418]},"faces":{"north":{"uv":[0.5,8,1,8.5],"rotation":270,"texture":"#1"},"east":{"uv":[1,8,0.5,8.5],"rotation":90,"texture":"#1"},"south":{"uv":[0.5,8,1,8.5],"rotation":270,"texture":"#1"},"west":{"uv":[1,8,0.5,8.5],"rotation":90,"texture":"#1"},"up":{"uv":[1,8,0.5,8.5],"rotation":270,"texture":"#1"},"down":{"uv":[1,8,0.5,8.5],"rotation":270,"texture":"#1"}}},{"from":[6.85364,6.93175,18.09943],"to":[8.04837,8.06179,31.41592],"rotation":{"angle":22.5,"axis":"x","origin":[7.451,7.49677,24.75767]},"faces":{"north":{"uv":[0.5,8,1,8.5],"rotation":270,"texture":"#1"},"east":{"uv":[1,8,0.5,8.5],"rotation":90,"texture":"#1"},"south":{"uv":[0.5,8,1,8.5],"rotation":270,"texture":"#1"},"west":{"uv":[1,8,0.5,8.5],"rotation":90,"texture":"#1"},"up":{"uv":[1,8,0.5,8.5],"rotation":270,"texture":"#1"},"down":{"uv":[1,8,0.5,8.5],"rotation":270,"texture":"#1"}}},{"from":[7.25566,8.89434,23.45816],"to":[8.0057,9.32569,30.65313],"rotation":{"angle":45,"axis":"z","origin":[7.63068,9.11002,27.05564]},"faces":{"north":{"uv":[0.5,8,1,8.5],"rotation":270,"texture":"#1"},"east":{"uv":[1,8,0.5,8.5],"rotation":90,"texture":"#1"},"south":{"uv":[0.5,8,1,8.5],"rotation":270,"texture":"#1"},"west":{"uv":[1,8,0.5,8.5],"rotation":90,"texture":"#1"},"up":{"uv":[1,8,0.5,8.5],"rotation":270,"texture":"#1"},"down":{"uv":[1,8,0.5,8.5],"rotation":270,"texture":"#1"}}},{"from":[7.05565,8.735,23.45816],"to":[7.48701,9.48504,30.65313],"rotation":{"angle":45,"axis":"z","origin":[7.27133,9.11002,27.05564]},"faces":{"north":{"uv":[0.5,8,1,8.5],"rotation":270,"texture":"#1"},"east":{"uv":[1,8,0.5,8.5],"rotation":90,"texture":"#1"},"south":{"uv":[0.5,8,1,8.5],"rotation":270,"texture":"#1"},"west":{"uv":[1,8,0.5,8.5],"rotation":90,"texture":"#1"},"up":{"uv":[1,8,0.5,8.5],"rotation":270,"texture":"#1"},"down":{"uv":[1,8,0.5,8.5],"rotation":270,"texture":"#1"}}},{"from":[6.85364,7.41455,23.45816],"to":[8.04837,8.64127,31.38994],"rotation":{"angle":0,"axis":"z","origin":[7.451,8.02791,27.42405]},"faces":{"north":{"uv":[0.5,8,1,8.5],"rotation":270,"texture":"#1"},"east":{"uv":[1,8,0.5,8.5],"rotation":90,"texture":"#1"},"south":{"uv":[0.5,8,1,8.5],"rotation":270,"texture":"#1"},"west":{"uv":[1,8,0.5,8.5],"rotation":90,"texture":"#1"},"up":{"uv":[1,8,0.5,8.5],"rotation":270,"texture":"#1"},"down":{"uv":[1,8,0.5,8.5],"rotation":270,"texture":"#1"}}},{"from":[6.85364,6.58803,25.55852],"to":[8.04837,7.41455,31.38994],"rotation":{"angle":0,"axis":"z","origin":[7.451,7.00129,28.47423]},"faces":{"north":{"uv":[0.5,8,1,8.5],"rotation":270,"texture":"#1"},"east":{"uv":[1,8,0.5,8.5],"rotation":90,"texture":"#1"},"south":{"uv":[0.5,8,1,8.5],"rotation":270,"texture":"#1"},"west":{"uv":[1,8,0.5,8.5],"rotation":90,"texture":"#1"},"up":{"uv":[1,8,0.5,8.5],"rotation":270,"texture":"#1"},"down":{"uv":[1,8,0.5,8.5],"rotation":270,"texture":"#1"}}},{"from":[6.85364,5.46515,28.36245],"to":[8.04837,6.58803,31.38994],"rotation":{"angle":0,"axis":"z","origin":[7.451,6.02659,29.8762]},"faces":{"north":{"uv":[0.5,8,1,8.5],"rotation":270,"texture":"#1"},"east":{"uv":[1,8,0.5,8.5],"rotation":90,"texture":"#1"},"south":{"uv":[0.5,8,1,8.5],"rotation":270,"texture":"#1"},"west":{"uv":[1,8,0.5,8.5],"rotation":90,"texture":"#1"},"up":{"uv":[1,8,0.5,8.5],"rotation":270,"texture":"#1"},"down":{"uv":[1,8,0.5,8.5],"rotation":270,"texture":"#1"}}},{"from":[6.85364,4.43198,30.69306],"to":[8.04837,5.46515,31.38994],"rotation":{"angle":0,"axis":"z","origin":[7.451,4.94856,31.0415]},"faces":{"north":{"uv":[0.5,8,1,8.5],"rotation":270,"texture":"#1"},"east":{"uv":[1,8,0.5,8.5],"rotation":90,"texture":"#1"},"south":{"uv":[0.5,8,1,8.5],"rotation":270,"texture":"#1"},"west":{"uv":[1,8,0.5,8.5],"rotation":90,"texture":"#1"},"up":{"uv":[1,8,0.5,8.5],"rotation":270,"texture":"#1"},"down":{"uv":[1,8,0.5,8.5],"rotation":270,"texture":"#1"}}},{"from":[7.1592,4.12642,30.69305],"to":[7.7428,5.22875,31.38994],"rotation":{"angle":0,"axis":"z","origin":[7.451,4.67759,31.0415]},"faces":{"north":{"uv":[0.5,8,1,8.5],"rotation":270,"texture":"#1"},"east":{"uv":[1,8,0.5,8.5],"rotation":90,"texture":"#1"},"south":{"uv":[0.5,8,1,8.5],"rotation":270,"texture":"#1"},"west":{"uv":[1,8,0.5,8.5],"rotation":90,"texture":"#1"},"up":{"uv":[1,8,0.5,8.5],"rotation":270,"texture":"#1"},"down":{"uv":[1,8,0.5,8.5],"rotation":270,"texture":"#1"}}},{"from":[6.89658,4.32832,30.69305],"to":[7.64662,4.76044,31.38994],"rotation":{"angle":45,"axis":"z","origin":[7.2716,4.54438,31.0415]},"faces":{"north":{"uv":[0.5,8,1,8.5],"rotation":270,"texture":"#1"},"east":{"uv":[1,8,0.5,8.5],"rotation":90,"texture":"#1"},"south":{"uv":[0.5,8,1,8.5],"rotation":270,"texture":"#1"},"west":{"uv":[1,8,0.5,8.5],"rotation":90,"texture":"#1"},"up":{"uv":[1,8,0.5,8.5],"rotation":270,"texture":"#1"},"down":{"uv":[1,8,0.5,8.5],"rotation":270,"texture":"#1"}}},{"from":[7.41433,4.16935,30.69305],"to":[7.84647,4.91939,31.38994],"rotation":{"angle":45,"axis":"z","origin":[7.6304,4.54437,31.0415]},"faces":{"north":{"uv":[0.5,8,1,8.5],"rotation":270,"texture":"#1"},"east":{"uv":[1,8,0.5,8.5],"rotation":90,"texture":"#1"},"south":{"uv":[0.5,8,1,8.5],"rotation":270,"texture":"#1"},"west":{"uv":[1,8,0.5,8.5],"rotation":90,"texture":"#1"},"up":{"uv":[1,8,0.5,8.5],"rotation":270,"texture":"#1"},"down":{"uv":[1,8,0.5,8.5],"rotation":270,"texture":"#1"}}},{"from":[6.85364,8.64127,22.15035],"to":[8.04837,9.05322,31.38994],"rotation":{"angle":0,"axis":"z","origin":[7.451,8.84725,26.77014]},"faces":{"north":{"uv":[0.5,8,1,8.5],"rotation":270,"texture":"#1"},"east":{"uv":[1,8,0.5,8.5],"rotation":90,"texture":"#1"},"south":{"uv":[0.5,8,1,8.5],"rotation":270,"texture":"#1"},"west":{"uv":[1,8,0.5,8.5],"rotation":90,"texture":"#1"},"up":{"uv":[1,8,0.5,8.5],"rotation":270,"texture":"#1"},"down":{"uv":[1,8,0.5,8.5],"rotation":270,"texture":"#1"}}},{"from":[7.15866,8.18838,30.38672],"to":[7.74335,9.29071,31.84457],"rotation":{"angle":22.5,"axis":"x","origin":[7.451,8.73955,31.11564]},"faces":{"north":{"uv":[0.5,8,1,8.5],"rotation":270,"texture":"#1"},"east":{"uv":[1,8,0.5,8.5],"rotation":90,"texture":"#1"},"south":{"uv":[0.5,8,1,8.5],"rotation":270,"texture":"#1"},"west":{"uv":[1,8,0.5,8.5],"rotation":90,"texture":"#1"},"up":{"uv":[1,8,0.5,8.5],"rotation":270,"texture":"#1"},"down":{"uv":[1,8,0.5,8.5],"rotation":270,"texture":"#1"}}},{"from":[6.85364,7.17941,30.27164],"to":[8.04837,9.15721,31.61276],"rotation":{"angle":22.5,"axis":"x","origin":[7.451,8.16831,30.9422]},"faces":{"north":{"uv":[0.5,8,1,8.5],"rotation":270,"texture":"#1"},"east":{"uv":[1,8,0.5,8.5],"rotation":90,"texture":"#1"},"south":{"uv":[0.5,8,1,8.5],"rotation":270,"texture":"#1"},"west":{"uv":[1,8,0.5,8.5],"rotation":90,"texture":"#1"},"up":{"uv":[1,8,0.5,8.5],"rotation":270,"texture":"#1"},"down":{"uv":[1,8,0.5,8.5],"rotation":270,"texture":"#1"}}},{"from":[7.04296,9.51116,18.65027],"to":[7.85905,9.89751,23.14164],"rotation":{"angle":22.5,"axis":"x","origin":[7.451,9.70433,20.89595]},"faces":{"north":{"uv":[0.5,8,1,8.5],"rotation":270,"texture":"#1"},"east":{"uv":[1,8,0.5,8.5],"rotation":90,"texture":"#1"},"south":{"uv":[0.5,8,1,8.5],"rotation":270,"texture":"#1"},"west":{"uv":[1,8,0.5,8.5],"rotation":90,"texture":"#1"},"up":{"uv":[1,8,0.5,8.5],"rotation":270,"texture":"#1"},"down":{"uv":[1,8,0.5,8.5],"rotation":270,"texture":"#1"}}},{"from":[7.15866,8.72319,23.12492],"to":[7.74335,9.45574,23.63189],"rotation":{"angle":45,"axis":"x","origin":[7.451,9.08946,23.3784]},"faces":{"north":{"uv":[0.5,8,1,8.5],"rotation":270,"texture":"#1"},"east":{"uv":[1,8,0.5,8.5],"rotation":90,"texture":"#1"},"south":{"uv":[0.5,8,1,8.5],"rotation":270,"texture":"#1"},"west":{"uv":[1,8,0.5,8.5],"rotation":90,"texture":"#1"},"up":{"uv":[1,8,0.5,8.5],"rotation":270,"texture":"#1"},"down":{"uv":[1,8,0.5,8.5],"rotation":270,"texture":"#1"}}},{"from":[6.85364,9.05322,23.45816],"to":[8.04837,9.22269,30.65313],"rotation":{"angle":0,"axis":"z","origin":[7.451,9.13795,27.05564]},"faces":{"north":{"uv":[0.5,8,1,8.5],"rotation":270,"texture":"#1"},"east":{"uv":[1,8,0.5,8.5],"rotation":90,"texture":"#1"},"south":{"uv":[0.5,8,1,8.5],"rotation":270,"texture":"#1"},"west":{"uv":[1,8,0.5,8.5],"rotation":90,"texture":"#1"},"up":{"uv":[1,8,0.5,8.5],"rotation":270,"texture":"#1"},"down":{"uv":[1,8,0.5,8.5],"rotation":270,"texture":"#1"}}},{"from":[7.29915,11.13209,-16],"to":[7.60286,11.2615,10.70329],"rotation":{"angle":0,"axis":"z","origin":[7.451,11.19679,-2.64835]},"faces":{"north":{"uv":[2,5,2.5,5.5],"rotation":270,"texture":"#1"},"east":{"uv":[2.5,5,2,5.5],"rotation":90,"texture":"#1"},"south":{"uv":[2,5,2.5,5.5],"rotation":270,"texture":"#1"},"west":{"uv":[2,5,2.5,5],"rotation":270,"texture":"#1"},"up":{"uv":[2,5,2.5,5.5],"texture":"#1"},"down":{"uv":[2,5,2.5,5.5],"rotation":180,"texture":"#1"}}},{"from":[7.08567,11.04366,-16],"to":[7.38938,11.17307,10.70329],"rotation":{"angle":45,"axis":"z","origin":[7.23753,11.10837,-2.64836]},"faces":{"north":{"uv":[2,5,2.5,5.5],"rotation":270,"texture":"#1"},"east":{"uv":[2.5,5,2,5.5],"rotation":90,"texture":"#1"},"south":{"uv":[2,5,2.5,5.5],"rotation":270,"texture":"#1"},"west":{"uv":[2,5,2.5,5],"rotation":270,"texture":"#1"},"up":{"uv":[2,5,2.5,5.5],"texture":"#1"},"down":{"uv":[2,5,2.5,5.5],"rotation":180,"texture":"#1"}}},{"from":[7.0844,10.74304,-16],"to":[7.21381,11.04674,10.70329],"rotation":{"angle":0,"axis":"z","origin":[7.1491,10.89489,-2.64835]},"faces":{"north":{"uv":[2,5,2.5,5.5],"texture":"#1"},"east":{"uv":[2,5,2.5,5.5],"rotation":90,"texture":"#1"},"south":{"uv":[2,5,2.5,5.5],"rotation":180,"texture":"#1"},"west":{"uv":[2,5,2.5,5.5],"rotation":270,"texture":"#1"},"up":{"uv":[2.5,5,2,5.5],"texture":"#1"},"down":{"uv":[2,5,2.5,5],"rotation":180,"texture":"#1"}}},{"from":[7.17282,10.52956,-16],"to":[7.30223,10.83327,10.70329],"rotation":{"angle":45,"axis":"z","origin":[7.23753,10.68141,-2.64836]},"faces":{"north":{"uv":[2,5,2.5,5.5],"texture":"#1"},"east":{"uv":[2,5,2.5,5.5],"rotation":90,"texture":"#1"},"south":{"uv":[2,5,2.5,5.5],"rotation":180,"texture":"#1"},"west":{"uv":[2,5,2.5,5.5],"rotation":270,"texture":"#1"},"up":{"uv":[2.5,5,2,5.5],"texture":"#1"},"down":{"uv":[2,5,2.5,5],"rotation":180,"texture":"#1"}}},{"from":[7.29915,10.52828,-16],"to":[7.60286,10.65769,10.70329],"rotation":{"angle":0,"axis":"z","origin":[7.451,10.59299,-2.64836]},"faces":{"north":{"uv":[2,5,2.5,5.5],"rotation":90,"texture":"#1"},"east":{"uv":[2,5,2.5,5],"rotation":90,"texture":"#1"},"south":{"uv":[2,5,2.5,5.5],"rotation":90,"texture":"#1"},"west":{"uv":[2.5,5,2,5.5],"rotation":270,"texture":"#1"},"up":{"uv":[2,5,2.5,5.5],"texture":"#1"},"down":{"uv":[2,5,2.5,5.5],"rotation":180,"texture":"#1"}}},{"from":[7.59978,10.52956,-16],"to":[7.72919,10.83327,10.70329],"rotation":{"angle":-45,"axis":"z","origin":[7.66448,10.68141,-2.64835]},"faces":{"north":{"uv":[2,5,2.5,5.5],"rotation":180,"texture":"#1"},"east":{"uv":[2,5,2.5,5.5],"rotation":90,"texture":"#1"},"south":{"uv":[2,5,2.5,5.5],"texture":"#1"},"west":{"uv":[2,5,2.5,5.5],"rotation":270,"texture":"#1"},"up":{"uv":[2,5,2.5,5],"texture":"#1"},"down":{"uv":[2.5,5,2,5.5],"rotation":180,"texture":"#1"}}},{"from":[7.6882,10.74304,-16],"to":[7.81761,11.04674,10.70329],"rotation":{"angle":0,"axis":"z","origin":[7.75291,10.89489,-2.64836]},"faces":{"north":{"uv":[2,5,2.5,5.5],"rotation":180,"texture":"#1"},"east":{"uv":[2,5,2.5,5.5],"rotation":90,"texture":"#1"},"south":{"uv":[2,5,2.5,5.5],"texture":"#1"},"west":{"uv":[2,5,2.5,5.5],"rotation":270,"texture":"#1"},"up":{"uv":[2,5,2.5,5],"texture":"#1"},"down":{"uv":[2.5,5,2,5.5],"rotation":180,"texture":"#1"}}},{"from":[7.51263,11.04366,-16],"to":[7.81634,11.17307,10.70329],"rotation":{"angle":-45,"axis":"z","origin":[7.66448,11.10837,-2.64835]},"faces":{"north":{"uv":[2,5,2.5,5.5],"rotation":270,"texture":"#1"},"east":{"uv":[2.5,5,2,5.5],"rotation":90,"texture":"#1"},"south":{"uv":[2,5,2.5,5.5],"rotation":270,"texture":"#1"},"west":{"uv":[2,5,2.5,5],"rotation":270,"texture":"#1"},"up":{"uv":[2,5,2.5,5.5],"texture":"#1"},"down":{"uv":[2,5,2.5,5.5],"rotation":180,"texture":"#1"}}},{"from":[7.39867,9.67835,-13.13603],"to":[7.50334,9.93104,-9.99052],"rotation":{"angle":0,"axis":"z","origin":[7.451,9.80469,-11.56327]},"faces":{"north":{"uv":[2.5,6.5,2,7],"rotation":90,"texture":"#1"},"east":{"uv":[2,6.5,2.5,7],"rotation":270,"texture":"#1"},"south":{"uv":[2.5,6.5,2,7],"rotation":90,"texture":"#1"},"west":{"uv":[2,6.5,2.5,7],"rotation":270,"texture":"#1"},"up":{"uv":[2.5,6.5,2,7],"rotation":180,"texture":"#1"},"down":{"uv":[2.5,6.5,2,7],"texture":"#1"}}},{"from":[7.32466,9.75236,-13.13603],"to":[7.57735,9.85703,-9.99052],"rotation":{"angle":0,"axis":"z","origin":[7.451,9.80469,-11.56327]},"faces":{"north":{"uv":[2.5,6.5,2,7],"rotation":90,"texture":"#1"},"east":{"uv":[2,6.5,2.5,7],"rotation":270,"texture":"#1"},"south":{"uv":[2.5,6.5,2,7],"rotation":90,"texture":"#1"},"west":{"uv":[2,6.5,2.5,7],"rotation":270,"texture":"#1"},"up":{"uv":[2.5,6.5,2,7],"rotation":180,"texture":"#1"},"down":{"uv":[2.5,6.5,2,7],"texture":"#1"}}},{"from":[7.39867,9.67835,-13.13603],"to":[7.50334,9.93104,-9.99052],"rotation":{"angle":45,"axis":"z","origin":[7.451,9.80469,-11.56327]},"faces":{"north":{"uv":[2.5,6.5,2,7],"rotation":90,"texture":"#1"},"east":{"uv":[2,6.5,2.5,7],"rotation":270,"texture":"#1"},"south":{"uv":[2.5,6.5,2,7],"rotation":90,"texture":"#1"},"west":{"uv":[2,6.5,2.5,7],"rotation":270,"texture":"#1"},"up":{"uv":[2.5,6.5,2,7],"rotation":180,"texture":"#1"},"down":{"uv":[2.5,6.5,2,7],"texture":"#1"}}},{"from":[7.39867,9.67835,-13.13603],"to":[7.50334,9.93104,-9.99052],"rotation":{"angle":-45,"axis":"z","origin":[7.451,9.80469,-11.56327]},"faces":{"north":{"uv":[2.5,6.5,2,7],"rotation":90,"texture":"#1"},"east":{"uv":[2,6.5,2.5,7],"rotation":270,"texture":"#1"},"south":{"uv":[2.5,6.5,2,7],"rotation":90,"texture":"#1"},"west":{"uv":[2,6.5,2.5,7],"rotation":270,"texture":"#1"},"up":{"uv":[2.5,6.5,2,7],"rotation":180,"texture":"#1"},"down":{"uv":[2.5,6.5,2,7],"texture":"#1"}}},{"from":[7.2947,8.08722,19.92311],"to":[7.60731,9.67498,20.11705],"rotation":{"angle":22.5,"axis":"x","origin":[7.451,8.8811,20.02008]},"faces":{"north":{"uv":[4,6.5,3.5,7],"rotation":90,"texture":"#1"},"east":{"uv":[3.5,6.5,4,7],"rotation":270,"texture":"#1"},"south":{"uv":[4,6.5,3.5,7],"rotation":90,"texture":"#1"},"west":{"uv":[3.5,6.5,4,7],"rotation":270,"texture":"#1"},"up":{"uv":[3.5,6.5,4,7],"rotation":270,"texture":"#1"},"down":{"uv":[3.5,6.5,4,7],"rotation":270,"texture":"#1"}}},{"from":[7.2947,8.0963,17.33552],"to":[7.60731,9.44548,17.52945],"rotation":{"angle":-22.5,"axis":"x","origin":[7.451,8.77089,17.43249]},"faces":{"north":{"uv":[4,6.5,3.5,7],"rotation":90,"texture":"#1"},"east":{"uv":[3.5,6.5,4,7],"rotation":270,"texture":"#1"},"south":{"uv":[4,6.5,3.5,7],"rotation":90,"texture":"#1"},"west":{"uv":[3.5,6.5,4,7],"rotation":270,"texture":"#1"},"up":{"uv":[3.5,6.5,4,7],"rotation":270,"texture":"#1"},"down":{"uv":[3.5,6.5,4,7],"rotation":270,"texture":"#1"}}},{"from":[7.2947,7.63315,18.07844],"to":[7.60731,7.82709,19.32847],"rotation":{"angle":0,"axis":"z","origin":[7.451,7.73012,18.70346]},"faces":{"north":{"uv":[3.5,6.5,4,7],"rotation":90,"texture":"#1"},"east":{"uv":[3.5,6.5,4,7],"rotation":180,"texture":"#1"},"south":{"uv":[3.5,6.5,4,7],"rotation":270,"texture":"#1"},"west":{"uv":[3.5,6.5,4,7],"texture":"#1"},"up":{"uv":[4,6.5,3.5,7],"rotation":270,"texture":"#1"},"down":{"uv":[4,6.5,3.5,7],"rotation":90,"texture":"#1"}}},{"from":[7.2947,8.84673,17.3133],"to":[7.60731,9.77056,17.49979],"rotation":{"angle":0,"axis":"z","origin":[7.451,9.30864,17.40655]},"faces":{"north":{"uv":[4,6.5,3.5,7],"rotation":90,"texture":"#1"},"east":{"uv":[3.5,6.5,4,7],"rotation":270,"texture":"#1"},"south":{"uv":[4,6.5,3.5,7],"rotation":90,"texture":"#1"},"west":{"uv":[3.5,6.5,4,7],"rotation":270,"texture":"#1"},"up":{"uv":[3.5,6.5,4,7],"rotation":270,"texture":"#1"},"down":{"uv":[3.5,6.5,4,7],"rotation":270,"texture":"#1"}}},{"from":[7.2947,8.33534,19.56503],"to":[7.60731,8.99741,19.79788],"rotation":{"angle":-22.5,"axis":"x","origin":[7.451,8.66637,19.68145]},"faces":{"north":{"uv":[4,6.5,3.5,7],"rotation":90,"texture":"#1"},"east":{"uv":[3.5,6.5,4,7],"rotation":270,"texture":"#1"},"south":{"uv":[4,6.5,3.5,7],"rotation":90,"texture":"#1"},"west":{"uv":[3.5,6.5,4,7],"rotation":270,"texture":"#1"},"up":{"uv":[3.5,6.5,4,7],"rotation":270,"texture":"#1"},"down":{"uv":[3.5,6.5,4,7],"rotation":270,"texture":"#1"}}},{"from":[7.2947,8.67159,18.72748],"to":[7.60731,9.49985,18.88421],"rotation":{"angle":-22.5,"axis":"x","origin":[7.451,9.08572,18.80584]},"faces":{"north":{"uv":[4,6.5,3.5,7],"rotation":90,"texture":"#1"},"east":{"uv":[3.5,6.5,4,7],"rotation":270,"texture":"#1"},"south":{"uv":[4,6.5,3.5,7],"rotation":90,"texture":"#1"},"west":{"uv":[3.5,6.5,4,7],"rotation":270,"texture":"#1"},"up":{"uv":[3.5,6.5,4,7],"rotation":270,"texture":"#1"},"down":{"uv":[3.5,6.5,4,7],"rotation":270,"texture":"#1"}}},{"from":[7.2947,7.60285,17.81135],"to":[7.60731,8.27798,18.00528],"rotation":{"angle":-45,"axis":"x","origin":[7.451,7.94042,17.90832]},"faces":{"north":{"uv":[4,6.5,3.5,7],"rotation":90,"texture":"#1"},"east":{"uv":[3.5,6.5,4,7],"rotation":270,"texture":"#1"},"south":{"uv":[4,6.5,3.5,7],"rotation":90,"texture":"#1"},"west":{"uv":[3.5,6.5,4,7],"rotation":270,"texture":"#1"},"up":{"uv":[3.5,6.5,4,7],"rotation":270,"texture":"#1"},"down":{"uv":[3.5,6.5,4,7],"rotation":270,"texture":"#1"}}},{"from":[7.2947,7.60285,19.40163],"to":[7.60731,8.27798,19.59557],"rotation":{"angle":45,"axis":"x","origin":[7.451,7.94042,19.4986]},"faces":{"north":{"uv":[4,6.5,3.5,7],"rotation":90,"texture":"#1"},"east":{"uv":[3.5,6.5,4,7],"rotation":270,"texture":"#1"},"south":{"uv":[4,6.5,3.5,7],"rotation":90,"texture":"#1"},"west":{"uv":[3.5,6.5,4,7],"rotation":270,"texture":"#1"},"up":{"uv":[3.5,6.5,4,7],"rotation":270,"texture":"#1"},"down":{"uv":[3.5,6.5,4,7],"rotation":270,"texture":"#1"}}},{"from":[7.2947,8.1162,18.88],"to":[7.60731,8.7331,19.03672],"rotation":{"angle":0,"axis":"z","origin":[7.451,8.42465,18.95836]},"faces":{"north":{"uv":[4,6.5,3.5,7],"rotation":90,"texture":"#1"},"east":{"uv":[3.5,6.5,4,7],"rotation":270,"texture":"#1"},"south":{"uv":[4,6.5,3.5,7],"rotation":90,"texture":"#1"},"west":{"uv":[3.5,6.5,4,7],"rotation":270,"texture":"#1"},"up":{"uv":[3.5,6.5,4,7],"rotation":270,"texture":"#1"},"down":{"uv":[3.5,6.5,4,7],"rotation":270,"texture":"#1"}}},{"from":[7.06674,10.66036,-10.51854],"to":[7.29005,11.174,4.795],"rotation":{"angle":-45,"axis":"z","origin":[7.17839,10.91718,-2.86177]},"faces":{"north":{"uv":[1,8,0.5,8.5],"rotation":90,"texture":"#1"},"east":{"uv":[0.5,8,1,8.5],"rotation":270,"texture":"#1"},"south":{"uv":[1,8,0.5,8.5],"rotation":90,"texture":"#1"},"west":{"uv":[0.5,8,1,8.5],"rotation":270,"texture":"#1"},"up":{"uv":[1,8,0.5,8.5],"rotation":180,"texture":"#1"},"down":{"uv":[1,8,0.5,8.5],"texture":"#1"}}},{"from":[7.61196,10.66036,-10.51854],"to":[7.83527,11.174,4.795],"rotation":{"angle":45,"axis":"z","origin":[7.72361,10.91718,-2.86177]},"faces":{"north":{"uv":[1,8,0.5,8.5],"rotation":90,"texture":"#1"},"east":{"uv":[0.5,8,1,8.5],"rotation":270,"texture":"#1"},"south":{"uv":[1,8,0.5,8.5],"rotation":90,"texture":"#1"},"west":{"uv":[0.5,8,1,8.5],"rotation":270,"texture":"#1"},"up":{"uv":[1,8,0.5,8.5],"rotation":180,"texture":"#1"},"down":{"uv":[1,8,0.5,8.5],"texture":"#1"}}},{"from":[7.25382,9.58402,-10.51855],"to":[7.64819,10.51313,4.795],"rotation":{"angle":0,"axis":"z","origin":[7.451,10.04858,-2.86178]},"faces":{"north":{"uv":[1,8,0.5,8.5],"rotation":90,"texture":"#1"},"east":{"uv":[0.5,8,1,8.5],"rotation":270,"texture":"#1"},"south":{"uv":[1,8,0.5,8.5],"rotation":90,"texture":"#1"},"west":{"uv":[0.5,8,1,8.5],"rotation":270,"texture":"#1"},"up":{"uv":[1,8,0.5,8.5],"rotation":180,"texture":"#1"},"down":{"uv":[1,8,0.5,8.5],"texture":"#1"}}},{"from":[6.91785,9.92,-10.51855],"to":[7.98416,10.81454,4.795],"rotation":{"angle":0,"axis":"z","origin":[7.451,10.36727,-2.86178]},"faces":{"north":{"uv":[1,8,0.5,8.5],"rotation":90,"texture":"#1"},"east":{"uv":[0.5,8,1,8.5],"rotation":270,"texture":"#1"},"south":{"uv":[1,8,0.5,8.5],"rotation":90,"texture":"#1"},"west":{"uv":[0.5,8,1,8.5],"rotation":270,"texture":"#1"},"up":{"uv":[1,8,0.5,8.5],"rotation":180,"texture":"#1"},"down":{"uv":[1,8,0.5,8.5],"texture":"#1"}}},{"from":[7.62557,9.59339,-10.51855],"to":[7.84888,10.06853,4.795],"rotation":{"angle":-45,"axis":"z","origin":[7.73722,9.83096,-2.86178]},"faces":{"north":{"uv":[1,8,0.5,8.5],"rotation":90,"texture":"#1"},"east":{"uv":[0.5,8,1,8.5],"rotation":270,"texture":"#1"},"south":{"uv":[1,8,0.5,8.5],"rotation":90,"texture":"#1"},"west":{"uv":[0.5,8,1,8.5],"rotation":270,"texture":"#1"},"up":{"uv":[1,8,0.5,8.5],"rotation":180,"texture":"#1"},"down":{"uv":[1,8,0.5,8.5],"texture":"#1"}}},{"from":[7.05313,9.59339,-10.51855],"to":[7.27644,10.06853,4.795],"rotation":{"angle":45,"axis":"z","origin":[7.16478,9.83096,-2.86178]},"faces":{"north":{"uv":[1,8,0.5,8.5],"rotation":90,"texture":"#1"},"east":{"uv":[0.5,8,1,8.5],"rotation":270,"texture":"#1"},"south":{"uv":[1,8,0.5,8.5],"rotation":90,"texture":"#1"},"west":{"uv":[0.5,8,1,8.5],"rotation":270,"texture":"#1"},"up":{"uv":[1,8,0.5,8.5],"rotation":180,"texture":"#1"},"down":{"uv":[1,8,0.5,8.5],"texture":"#1"}}},{"from":[7.03306,9.84334,-10.51855],"to":[7.86895,10.55838,4.79501],"rotation":{"angle":0,"axis":"z","origin":[7.451,10.20086,-2.86177]},"faces":{"north":{"uv":[1,8,0.5,8.5],"rotation":90,"texture":"#1"},"east":{"uv":[0.5,8,1,8.5],"rotation":270,"texture":"#1"},"south":{"uv":[1,8,0.5,8.5],"rotation":90,"texture":"#1"},"west":{"uv":[0.5,8,1,8.5],"rotation":270,"texture":"#1"},"up":{"uv":[1,8,0.5,8.5],"rotation":180,"texture":"#1"},"down":{"uv":[1,8,0.5,8.5],"texture":"#1"}}},{"from":[7.00583,10.65513,5.21161],"to":[7.22914,11.17809,13.29178],"rotation":{"angle":-45,"axis":"z","origin":[7.11749,10.91661,9.2517]},"faces":{"north":{"uv":[1,8,0.5,8.5],"rotation":90,"texture":"#1"},"east":{"uv":[0.5,8,1,8.5],"rotation":270,"texture":"#1"},"south":{"uv":[1,8,0.5,8.5],"rotation":90,"texture":"#1"},"west":{"uv":[0.5,8,1,8.5],"rotation":270,"texture":"#1"},"up":{"uv":[1,8,0.5,8.5],"rotation":180,"texture":"#1"},"down":{"uv":[1,8,0.5,8.5],"texture":"#1"}}},{"from":[7.67286,10.65513,5.21161],"to":[7.89617,11.17809,13.29178],"rotation":{"angle":45,"axis":"z","origin":[7.78452,10.91661,9.2517]},"faces":{"north":{"uv":[1,8,0.5,8.5],"rotation":270,"texture":"#1"},"east":{"uv":[0.5,8,1,8.5],"rotation":90,"texture":"#1"},"south":{"uv":[1,8,0.5,8.5],"rotation":270,"texture":"#1"},"west":{"uv":[0.5,8,1,8.5],"rotation":90,"texture":"#1"},"up":{"uv":[1,8,0.5,8.5],"rotation":180,"texture":"#1"},"down":{"uv":[1,8,0.5,8.5],"texture":"#1"}}},{"from":[7.18961,9.41845,5.18822],"to":[7.7124,10.34756,5.75515],"rotation":{"angle":0,"axis":"z","origin":[7.451,9.883,5.47169]},"faces":{"north":{"uv":[1,8,0.5,8.5],"rotation":90,"texture":"#1"},"east":{"uv":[0.5,8,1,8.5],"rotation":270,"texture":"#1"},"south":{"uv":[1,8,0.5,8.5],"rotation":90,"texture":"#1"},"west":{"uv":[0.5,8,1,8.5],"rotation":270,"texture":"#1"},"up":{"uv":[1,8,0.5,8.5],"rotation":180,"texture":"#1"},"down":{"uv":[1,8,0.5,8.5],"texture":"#1"}}},{"from":[6.85364,9.75442,5.18822],"to":[8.04837,10.81067,5.75515],"rotation":{"angle":0,"axis":"z","origin":[7.451,10.28255,5.47169]},"faces":{"north":{"uv":[1,8,0.5,8.5],"rotation":90,"texture":"#1"},"east":{"uv":[0.5,8,1,8.5],"rotation":270,"texture":"#1"},"south":{"uv":[1,8,0.5,8.5],"rotation":90,"texture":"#1"},"west":{"uv":[0.5,8,1,8.5],"rotation":270,"texture":"#1"},"up":{"uv":[1,8,0.5,8.5],"rotation":180,"texture":"#1"},"down":{"uv":[1,8,0.5,8.5],"texture":"#1"}}},{"from":[7.68978,9.42782,5.18823],"to":[7.91309,9.90296,5.75515],"rotation":{"angle":-45,"axis":"z","origin":[7.80143,9.66539,5.47169]},"faces":{"north":{"uv":[1,8,0.5,8.5],"rotation":90,"texture":"#1"},"east":{"uv":[0.5,8,1,8.5],"rotation":270,"texture":"#1"},"south":{"uv":[1,8,0.5,8.5],"rotation":90,"texture":"#1"},"west":{"uv":[0.5,8,1,8.5],"rotation":270,"texture":"#1"},"up":{"uv":[1,8,0.5,8.5],"rotation":180,"texture":"#1"},"down":{"uv":[1,8,0.5,8.5],"texture":"#1"}}},{"from":[6.98892,9.42782,5.18822],"to":[7.21223,9.90296,5.75515],"rotation":{"angle":45,"axis":"z","origin":[7.10058,9.66539,5.47169]},"faces":{"north":{"uv":[1,8,0.5,8.5],"rotation":90,"texture":"#1"},"east":{"uv":[0.5,8,1,8.5],"rotation":270,"texture":"#1"},"south":{"uv":[1,8,0.5,8.5],"rotation":90,"texture":"#1"},"west":{"uv":[0.5,8,1,8.5],"rotation":270,"texture":"#1"},"up":{"uv":[1,8,0.5,8.5],"rotation":180,"texture":"#1"},"down":{"uv":[1,8,0.5,8.5],"texture":"#1"}}},{"from":[7.18961,9.22032,5.75162],"to":[7.7124,10.14943,13.29178],"rotation":{"angle":0,"axis":"z","origin":[7.45101,9.68487,9.5217]},"faces":{"north":{"uv":[1,8,0.5,8.5],"rotation":90,"texture":"#1"},"east":{"uv":[0.5,8,1,8.5],"rotation":270,"texture":"#1"},"south":{"uv":[1,8,0.5,8.5],"rotation":90,"texture":"#1"},"west":{"uv":[0.5,8,1,8.5],"rotation":270,"texture":"#1"},"up":{"uv":[1,8,0.5,8.5],"rotation":180,"texture":"#1"},"down":{"uv":[1,8,0.5,8.5],"texture":"#1"}}},{"from":[6.85364,9.55629,5.75162],"to":[8.04837,10.81067,13.29178],"rotation":{"angle":0,"axis":"z","origin":[7.451,10.18348,9.5217]},"faces":{"north":{"uv":[1,8,0.5,8.5],"rotation":90,"texture":"#1"},"east":{"uv":[0.5,8,1,8.5],"rotation":270,"texture":"#1"},"south":{"uv":[1,8,0.5,8.5],"rotation":90,"texture":"#1"},"west":{"uv":[0.5,8,1,8.5],"rotation":270,"texture":"#1"},"up":{"uv":[1,8,0.5,8.5],"rotation":180,"texture":"#1"},"down":{"uv":[1,8,0.5,8.5],"texture":"#1"}}},{"from":[7.68978,9.22969,5.75162],"to":[7.91309,9.70483,13.29178],"rotation":{"angle":-45,"axis":"z","origin":[7.80143,9.46726,9.5217]},"faces":{"north":{"uv":[1,8,0.5,8.5],"rotation":90,"texture":"#1"},"east":{"uv":[0.5,8,1,8.5],"rotation":270,"texture":"#1"},"south":{"uv":[1,8,0.5,8.5],"rotation":90,"texture":"#1"},"west":{"uv":[0.5,8,1,8.5],"rotation":270,"texture":"#1"},"up":{"uv":[1,8,0.5,8.5],"rotation":180,"texture":"#1"},"down":{"uv":[1,8,0.5,8.5],"texture":"#1"}}},{"from":[6.98893,9.22969,5.75162],"to":[7.21223,9.70483,13.29178],"rotation":{"angle":45,"axis":"z","origin":[7.10058,9.46726,9.5217]},"faces":{"north":{"uv":[1,8,0.5,8.5],"rotation":90,"texture":"#1"},"east":{"uv":[0.5,8,1,8.5],"rotation":270,"texture":"#1"},"south":{"uv":[1,8,0.5,8.5],"rotation":90,"texture":"#1"},"west":{"uv":[0.5,8,1,8.5],"rotation":270,"texture":"#1"},"up":{"uv":[1,8,0.5,8.5],"rotation":180,"texture":"#1"},"down":{"uv":[1,8,0.5,8.5],"texture":"#1"}}},{"from":[6.85364,9.66631,5.19851],"to":[8.04837,10.04962,5.84975],"rotation":{"angle":22.5,"axis":"x","origin":[7.45101,9.85797,5.52413]},"faces":{"north":{"uv":[1,8,0.5,8.5],"rotation":90,"texture":"#1"},"east":{"uv":[0.5,8,1,8.5],"rotation":270,"texture":"#1"},"south":{"uv":[1,8,0.5,8.5],"rotation":90,"texture":"#1"},"west":{"uv":[0.5,8,1,8.5],"rotation":270,"texture":"#1"},"up":{"uv":[1,8,0.5,8.5],"rotation":180,"texture":"#1"},"down":{"uv":[1,8,0.5,8.5],"texture":"#1"}}},{"from":[7.18961,9.35164,5.09145],"to":[7.7124,9.73494,5.85399],"rotation":{"angle":22.5,"axis":"x","origin":[7.451,9.54329,5.47272]},"faces":{"north":{"uv":[1,8,0.5,8.5],"rotation":90,"texture":"#1"},"east":{"uv":[0.5,8,1,8.5],"rotation":270,"texture":"#1"},"south":{"uv":[1,8,0.5,8.5],"rotation":90,"texture":"#1"},"west":{"uv":[0.5,8,1,8.5],"rotation":270,"texture":"#1"},"up":{"uv":[1,8,0.5,8.5],"rotation":180,"texture":"#1"},"down":{"uv":[1,8,0.5,8.5],"texture":"#1"}}},{"from":[7.01797,10.68841,4.64706],"to":[7.24128,11.35025,5.2332],"rotation":{"angle":-45,"axis":"z","origin":[7.12962,11.01933,4.94013]},"faces":{"north":{"uv":[2.5,6.5,2,7],"rotation":90,"texture":"#1"},"east":{"uv":[2,6.5,2.5,7],"rotation":270,"texture":"#1"},"south":{"uv":[2.5,6.5,2,7],"rotation":90,"texture":"#1"},"west":{"uv":[2,6.5,2.5,7],"rotation":270,"texture":"#1"},"up":{"uv":[2.5,6.5,2,7],"rotation":180,"texture":"#1"},"down":{"uv":[2.5,6.5,2,7],"texture":"#1"}}},{"from":[7.28467,10.66272,4.64706],"to":[7.61734,11.33227,5.23321],"rotation":{"angle":0,"axis":"z","origin":[7.451,10.9975,4.94013]},"faces":{"north":{"uv":[2.5,6.5,2,7],"rotation":90,"texture":"#1"},"east":{"uv":[2,6.5,2.5,7],"rotation":270,"texture":"#1"},"south":{"uv":[2.5,6.5,2,7],"rotation":90,"texture":"#1"},"west":{"uv":[2,6.5,2.5,7],"rotation":270,"texture":"#1"},"up":{"uv":[2.5,6.5,2,7],"rotation":180,"texture":"#1"},"down":{"uv":[2.5,6.5,2,7],"texture":"#1"}}},{"from":[7.15265,9.38845,4.64706],"to":[7.74936,10.31756,5.23321],"rotation":{"angle":0,"axis":"z","origin":[7.451,9.853,4.94013]},"faces":{"north":{"uv":[2.5,6.5,2,7],"rotation":90,"texture":"#1"},"east":{"uv":[2,6.5,2.5,7],"rotation":270,"texture":"#1"},"south":{"uv":[2.5,6.5,2,7],"rotation":90,"texture":"#1"},"west":{"uv":[2,6.5,2.5,7],"rotation":270,"texture":"#1"},"up":{"uv":[2.5,6.5,2,7],"rotation":180,"texture":"#1"},"down":{"uv":[2.5,6.5,2,7],"texture":"#1"}}},{"from":[7.66262,9.72442,4.64706],"to":[8.08533,10.86428,5.2332],"rotation":{"angle":0,"axis":"z","origin":[7.87398,10.29435,4.94013]},"faces":{"north":{"uv":[2.5,6.5,2,7],"rotation":90,"texture":"#1"},"east":{"uv":[2,6.5,2.5,7],"rotation":270,"texture":"#1"},"south":{"uv":[2.5,6.5,2,7],"rotation":90,"texture":"#1"},"west":{"uv":[2,6.5,2.5,7],"rotation":270,"texture":"#1"},"up":{"uv":[2.5,6.5,2,7],"rotation":180,"texture":"#1"},"down":{"uv":[2.5,6.5,2,7],"texture":"#1"}}},{"from":[6.81668,9.72442,4.64705],"to":[7.23939,10.86428,5.2332],"rotation":{"angle":0,"axis":"z","origin":[7.02803,10.29435,4.94013]},"faces":{"north":{"uv":[2.5,6.5,2,7],"rotation":90,"texture":"#1"},"east":{"uv":[2,6.5,2.5,7],"rotation":270,"texture":"#1"},"south":{"uv":[2.5,6.5,2,7],"rotation":90,"texture":"#1"},"west":{"uv":[2,6.5,2.5,7],"rotation":270,"texture":"#1"},"up":{"uv":[2.5,6.5,2,7],"rotation":180,"texture":"#1"},"down":{"uv":[2.5,6.5,2,7],"texture":"#1"}}},{"from":[7.72674,9.39782,4.64706],"to":[7.95005,9.87296,5.2332],"rotation":{"angle":-45,"axis":"z","origin":[7.83839,9.63539,4.94013]},"faces":{"north":{"uv":[2.5,6.5,2,7],"rotation":90,"texture":"#1"},"east":{"uv":[2,6.5,2.5,7],"rotation":270,"texture":"#1"},"south":{"uv":[2.5,6.5,2,7],"rotation":90,"texture":"#1"},"west":{"uv":[2,6.5,2.5,7],"rotation":270,"texture":"#1"},"up":{"uv":[2.5,6.5,2,7],"rotation":180,"texture":"#1"},"down":{"uv":[2.5,6.5,2,7],"texture":"#1"}}},{"from":[6.95196,9.39782,4.64706],"to":[7.17527,9.87296,5.2332],"rotation":{"angle":45,"axis":"z","origin":[7.06361,9.63539,4.94013]},"faces":{"north":{"uv":[2.5,6.5,2,7],"rotation":90,"texture":"#1"},"east":{"uv":[2,6.5,2.5,7],"rotation":270,"texture":"#1"},"south":{"uv":[2.5,6.5,2,7],"rotation":90,"texture":"#1"},"west":{"uv":[2,6.5,2.5,7],"rotation":270,"texture":"#1"},"up":{"uv":[2.5,6.5,2,7],"rotation":180,"texture":"#1"},"down":{"uv":[2.5,6.5,2,7],"texture":"#1"}}},{"from":[7.66073,10.68841,4.64706],"to":[7.88404,11.35025,5.2332],"rotation":{"angle":45,"axis":"z","origin":[7.77238,11.01933,4.94013]},"faces":{"north":{"uv":[2.5,6.5,2,7],"rotation":90,"texture":"#1"},"east":{"uv":[2,6.5,2.5,7],"rotation":270,"texture":"#1"},"south":{"uv":[2.5,6.5,2,7],"rotation":90,"texture":"#1"},"west":{"uv":[2,6.5,2.5,7],"rotation":270,"texture":"#1"},"up":{"uv":[2.5,6.5,2,7],"rotation":180,"texture":"#1"},"down":{"uv":[2.5,6.5,2,7],"texture":"#1"}}},{"from":[7.16487,9.12962,5.13867],"to":[7.73714,9.48559,5.28612],"rotation":{"angle":0,"axis":"z","origin":[7.451,9.3076,5.2124]},"faces":{"north":{"uv":[2,6.5,2.5,7],"rotation":270,"texture":"#1"},"east":{"uv":[2.5,6.5,2,7],"rotation":90,"texture":"#1"},"south":{"uv":[2,6.5,2.5,7],"rotation":270,"texture":"#1"},"west":{"uv":[2.5,6.5,2,7],"rotation":90,"texture":"#1"},"up":{"uv":[2.5,6.5,2,7],"rotation":90,"texture":"#1"},"down":{"uv":[2.5,6.5,2,7],"rotation":90,"texture":"#1"}}},{"from":[7.16487,9.23388,5.03441],"to":[7.73714,9.38133,5.39038],"rotation":{"angle":0,"axis":"z","origin":[7.451,9.3076,5.2124]},"faces":{"north":{"uv":[2,6.5,2.5,7],"rotation":270,"texture":"#1"},"east":{"uv":[2.5,6.5,2,7],"rotation":90,"texture":"#1"},"south":{"uv":[2,6.5,2.5,7],"rotation":270,"texture":"#1"},"west":{"uv":[2.5,6.5,2,7],"rotation":90,"texture":"#1"},"up":{"uv":[2.5,6.5,2,7],"rotation":90,"texture":"#1"},"down":{"uv":[2.5,6.5,2,7],"rotation":90,"texture":"#1"}}},{"from":[7.16487,9.12962,5.13867],"to":[7.73714,9.48559,5.28612],"rotation":{"angle":45,"axis":"x","origin":[7.451,9.3076,5.2124]},"faces":{"north":{"uv":[2,6.5,2.5,7],"rotation":270,"texture":"#1"},"east":{"uv":[2.5,6.5,2,7],"rotation":90,"texture":"#1"},"south":{"uv":[2,6.5,2.5,7],"rotation":270,"texture":"#1"},"west":{"uv":[2.5,6.5,2,7],"rotation":90,"texture":"#1"},"up":{"uv":[2.5,6.5,2,7],"rotation":90,"texture":"#1"},"down":{"uv":[2.5,6.5,2,7],"rotation":90,"texture":"#1"}}},{"from":[7.16487,9.12962,5.13867],"to":[7.73714,9.48559,5.28612],"rotation":{"angle":-45,"axis":"x","origin":[7.451,9.3076,5.2124]},"faces":{"north":{"uv":[2,6.5,2.5,7],"rotation":270,"texture":"#1"},"east":{"uv":[2.5,6.5,2,7],"rotation":90,"texture":"#1"},"south":{"uv":[2,6.5,2.5,7],"rotation":270,"texture":"#1"},"west":{"uv":[2.5,6.5,2,7],"rotation":90,"texture":"#1"},"up":{"uv":[2.5,6.5,2,7],"rotation":90,"texture":"#1"},"down":{"uv":[2.5,6.5,2,7],"rotation":90,"texture":"#1"}}},{"from":[7.43787,11.26667,-14.81741],"to":[7.46414,11.65613,-14.36779],"rotation":{"angle":0,"axis":"z","origin":[7.451,11.4614,-14.5926]},"faces":{"north":{"uv":[2.5,5,2,5.5],"rotation":90,"texture":"#1"},"east":{"uv":[2,5,2.5,5.5],"rotation":270,"texture":"#1"},"south":{"uv":[2.5,5,2,5.5],"rotation":90,"texture":"#1"},"west":{"uv":[2,5,2.5,5],"rotation":180,"texture":"#1"},"up":{"uv":[2.5,5,2,5.5],"rotation":180,"texture":"#1"},"down":{"uv":[2.5,5,2,5.5],"texture":"#1"}}},{"from":[7.38785,11.14043,-14.91639],"to":[7.51415,11.3554,-14.26762],"rotation":{"angle":0,"axis":"z","origin":[7.451,11.24792,-14.592]},"faces":{"north":{"uv":[2.5,5,2,5.5],"rotation":90,"texture":"#1"},"east":{"uv":[2,5,2.5,5.5],"rotation":270,"texture":"#1"},"south":{"uv":[2.5,5,2,5.5],"rotation":90,"texture":"#1"},"west":{"uv":[2,5,2.5,5],"rotation":180,"texture":"#1"},"up":{"uv":[2.5,5,2,5.5],"rotation":180,"texture":"#1"},"down":{"uv":[2.5,5,2,5.5],"texture":"#1"}}},{"from":[7.42707,11.29666,-14.81741],"to":[7.47494,11.47429,-14.36779],"rotation":{"angle":0,"axis":"z","origin":[7.451,11.38547,-14.5926]},"faces":{"north":{"uv":[2.5,5,2,5.5],"rotation":90,"texture":"#1"},"east":{"uv":[2,5,2.5,5.5],"rotation":270,"texture":"#1"},"south":{"uv":[2.5,5,2,5.5],"rotation":90,"texture":"#1"},"west":{"uv":[2,5,2.5,5],"rotation":180,"texture":"#1"},"up":{"uv":[2.5,5,2,5.5],"rotation":180,"texture":"#1"},"down":{"uv":[2.5,5,2,5.5],"texture":"#1"}}},{"from":[7.0287,10.72711,-11.25853],"to":[7.23993,11.31729,-10.34556],"rotation":{"angle":-45,"axis":"z","origin":[7.13432,11.0222,-10.80204]},"faces":{"north":{"uv":[2.5,6.5,2,7],"rotation":90,"texture":"#1"},"east":{"uv":[2,6.5,2.5,7],"rotation":270,"texture":"#1"},"south":{"uv":[2.5,6.5,2,7],"rotation":90,"texture":"#1"},"west":{"uv":[2,6.5,2.5,7],"rotation":270,"texture":"#1"},"up":{"uv":[2.5,6.5,2,7],"rotation":180,"texture":"#1"},"down":{"uv":[2.5,6.5,2,7],"texture":"#1"}}},{"from":[7.26829,11.01672,-11.25852],"to":[7.63372,11.30554,-10.34556],"rotation":{"angle":0,"axis":"z","origin":[7.451,11.16113,-10.80204]},"faces":{"north":{"uv":[2.5,6.5,2,7],"rotation":90,"texture":"#1"},"east":{"uv":[2,6.5,2.5,7],"rotation":270,"texture":"#1"},"south":{"uv":[2.5,6.5,2,7],"rotation":90,"texture":"#1"},"west":{"uv":[2,6.5,2.5,7],"rotation":270,"texture":"#1"},"up":{"uv":[2.5,6.5,2,7],"rotation":180,"texture":"#1"},"down":{"uv":[2.5,6.5,2,7],"texture":"#1"}}},{"from":[7.16878,9.5705,-11.25852],"to":[7.73323,10.44937,-10.34555],"rotation":{"angle":0,"axis":"z","origin":[7.451,10.00993,-10.80204]},"faces":{"north":{"uv":[2.5,6.5,2,7],"rotation":90,"texture":"#1"},"east":{"uv":[2,6.5,2.5,7],"rotation":270,"texture":"#1"},"south":{"uv":[2.5,6.5,2,7],"rotation":90,"texture":"#1"},"west":{"uv":[2,6.5,2.5,7],"rotation":270,"texture":"#1"},"up":{"uv":[2.5,6.5,2,7],"rotation":180,"texture":"#1"},"down":{"uv":[2.5,6.5,2,7],"texture":"#1"}}},{"from":[6.85097,9.88831,-11.25853],"to":[8.05103,10.88823,-10.34556],"rotation":{"angle":0,"axis":"z","origin":[7.451,10.38827,-10.80204]},"faces":{"north":{"uv":[2.5,6.5,2,7],"rotation":90,"texture":"#1"},"east":{"uv":[2,6.5,2.5,7],"rotation":270,"texture":"#1"},"south":{"uv":[2.5,6.5,2,7],"rotation":90,"texture":"#1"},"west":{"uv":[2,6.5,2.5,7],"rotation":270,"texture":"#1"},"up":{"uv":[2.5,6.5,2,7],"rotation":180,"texture":"#1"},"down":{"uv":[2.5,6.5,2,7],"texture":"#1"}}},{"from":[7.71183,9.57936,-11.25852],"to":[7.92307,10.02881,-10.34556],"rotation":{"angle":-45,"axis":"z","origin":[7.81745,9.80408,-10.80204]},"faces":{"north":{"uv":[2.5,6.5,2,7],"rotation":90,"texture":"#1"},"east":{"uv":[2,6.5,2.5,7],"rotation":270,"texture":"#1"},"south":{"uv":[2.5,6.5,2,7],"rotation":90,"texture":"#1"},"west":{"uv":[2,6.5,2.5,7],"rotation":270,"texture":"#1"},"up":{"uv":[2.5,6.5,2,7],"rotation":180,"texture":"#1"},"down":{"uv":[2.5,6.5,2,7],"texture":"#1"}}},{"from":[6.97894,9.57936,-11.25852],"to":[7.19018,10.02881,-10.34556],"rotation":{"angle":45,"axis":"z","origin":[7.08456,9.80408,-10.80204]},"faces":{"north":{"uv":[2.5,6.5,2,7],"rotation":90,"texture":"#1"},"east":{"uv":[2,6.5,2.5,7],"rotation":270,"texture":"#1"},"south":{"uv":[2.5,6.5,2,7],"rotation":90,"texture":"#1"},"west":{"uv":[2,6.5,2.5,7],"rotation":270,"texture":"#1"},"up":{"uv":[2.5,6.5,2,7],"rotation":180,"texture":"#1"},"down":{"uv":[2.5,6.5,2,7],"texture":"#1"}}},{"from":[7.66207,10.72711,-11.25852],"to":[7.87331,11.31729,-10.34556],"rotation":{"angle":45,"axis":"z","origin":[7.76769,11.0222,-10.80204]},"faces":{"north":{"uv":[2.5,6.5,2,7],"rotation":270,"texture":"#1"},"east":{"uv":[2,6.5,2.5,7],"rotation":90,"texture":"#1"},"south":{"uv":[2.5,6.5,2,7],"rotation":270,"texture":"#1"},"west":{"uv":[2,6.5,2.5,7],"rotation":90,"texture":"#1"},"up":{"uv":[2.5,6.5,2,7],"rotation":180,"texture":"#1"},"down":{"uv":[2.5,6.5,2,7],"texture":"#1"}}},{"from":[7.0068,10.78519,7.99935],"to":[7.89521,11.3959,10.5228],"rotation":{"angle":0,"axis":"z","origin":[7.451,11.09054,9.26108]},"faces":{"north":{"uv":[2.5,6.5,2,7],"rotation":90,"texture":"#1"},"east":{"uv":[2,6.5,2.5,7],"rotation":270,"texture":"#1"},"south":{"uv":[2.5,6.5,2,7],"rotation":90,"texture":"#1"},"west":{"uv":[2,6.5,2.5,7],"rotation":270,"texture":"#1"},"up":{"uv":[2.5,6.5,2,7],"rotation":180,"texture":"#1"},"down":{"uv":[2.5,6.5,2,7],"texture":"#1"}}},{"from":[6.99999,11.19833,7.99935],"to":[7.18103,11.53388,10.5228],"rotation":{"angle":45,"axis":"z","origin":[7.09051,11.36611,9.26107]},"faces":{"north":{"uv":[2.5,6.5,2,7],"rotation":90,"texture":"#1"},"east":{"uv":[2,6.5,2.5,7],"rotation":270,"texture":"#1"},"south":{"uv":[2.5,6.5,2,7],"rotation":90,"texture":"#1"},"west":{"uv":[2,6.5,2.5,7],"rotation":270,"texture":"#1"},"up":{"uv":[2.5,6.5,2,7],"rotation":180,"texture":"#1"},"down":{"uv":[2.5,6.5,2,7],"texture":"#1"}}},{"from":[7.72098,11.19833,7.99935],"to":[7.90202,11.53388,10.5228],"rotation":{"angle":-45,"axis":"z","origin":[7.8115,11.36611,9.26107]},"faces":{"north":{"uv":[2.5,6.5,2,7],"rotation":270,"texture":"#1"},"east":{"uv":[2,6.5,2.5,7],"rotation":90,"texture":"#1"},"south":{"uv":[2.5,6.5,2,7],"rotation":270,"texture":"#1"},"west":{"uv":[2,6.5,2.5,7],"rotation":90,"texture":"#1"},"up":{"uv":[2.5,6.5,2,7],"rotation":180,"texture":"#1"},"down":{"uv":[2.5,6.5,2,7],"texture":"#1"}}},{"from":[7.05731,11.24998,8.11741],"to":[7.8447,11.48574,8.21507],"rotation":{"angle":0,"axis":"z","origin":[7.451,11.36786,8.16624]},"faces":{"north":{"uv":[2,6.5,2.5,7],"rotation":270,"texture":"#1"},"east":{"uv":[2.5,6.5,2,7],"rotation":90,"texture":"#1"},"south":{"uv":[2,6.5,2.5,7],"rotation":270,"texture":"#1"},"west":{"uv":[2.5,6.5,2,7],"rotation":90,"texture":"#1"},"up":{"uv":[2.5,6.5,2,7],"rotation":90,"texture":"#1"},"down":{"uv":[2.5,6.5,2,7],"rotation":90,"texture":"#1"}}},{"from":[7.05731,11.31903,8.04836],"to":[7.8447,11.41669,8.28412],"rotation":{"angle":0,"axis":"z","origin":[7.451,11.36786,8.16624]},"faces":{"north":{"uv":[2,6.5,2.5,7],"rotation":270,"texture":"#1"},"east":{"uv":[2.5,6.5,2,7],"rotation":90,"texture":"#1"},"south":{"uv":[2,6.5,2.5,7],"rotation":270,"texture":"#1"},"west":{"uv":[2.5,6.5,2,7],"rotation":90,"texture":"#1"},"up":{"uv":[2.5,6.5,2,7],"rotation":90,"texture":"#1"},"down":{"uv":[2.5,6.5,2,7],"rotation":90,"texture":"#1"}}},{"from":[7.05731,11.24998,8.11741],"to":[7.8447,11.48574,8.21507],"rotation":{"angle":45,"axis":"x","origin":[7.451,11.36786,8.16624]},"faces":{"north":{"uv":[2,6.5,2.5,7],"rotation":270,"texture":"#1"},"east":{"uv":[2.5,6.5,2,7],"rotation":90,"texture":"#1"},"south":{"uv":[2,6.5,2.5,7],"rotation":270,"texture":"#1"},"west":{"uv":[2.5,6.5,2,7],"rotation":90,"texture":"#1"},"up":{"uv":[2.5,6.5,2,7],"rotation":90,"texture":"#1"},"down":{"uv":[2.5,6.5,2,7],"rotation":90,"texture":"#1"}}},{"from":[7.05731,11.24998,8.11741],"to":[7.8447,11.48574,8.21507],"rotation":{"angle":-45,"axis":"x","origin":[7.451,11.36786,8.16624]},"faces":{"north":{"uv":[2,6.5,2.5,7],"rotation":270,"texture":"#1"},"east":{"uv":[2.5,6.5,2,7],"rotation":90,"texture":"#1"},"south":{"uv":[2,6.5,2.5,7],"rotation":270,"texture":"#1"},"west":{"uv":[2.5,6.5,2,7],"rotation":90,"texture":"#1"},"up":{"uv":[2.5,6.5,2,7],"rotation":90,"texture":"#1"},"down":{"uv":[2.5,6.5,2,7],"rotation":90,"texture":"#1"}}},{"from":[7.06903,11.17776,9.44274],"to":[7.83298,11.52083,9.58485],"rotation":{"angle":0,"axis":"z","origin":[7.451,11.34929,9.5138]},"faces":{"north":{"uv":[2,6.5,2.5,7],"rotation":270,"texture":"#1"},"east":{"uv":[2.5,6.5,2,7],"rotation":90,"texture":"#1"},"south":{"uv":[2,6.5,2.5,7],"rotation":270,"texture":"#1"},"west":{"uv":[2.5,6.5,2,7],"rotation":90,"texture":"#1"},"up":{"uv":[2.5,6.5,2,7],"rotation":90,"texture":"#1"},"down":{"uv":[2.5,6.5,2,7],"rotation":90,"texture":"#1"}}},{"from":[7.06903,11.27824,9.34226],"to":[7.83298,11.42034,9.68533],"rotation":{"angle":0,"axis":"z","origin":[7.451,11.34929,9.5138]},"faces":{"north":{"uv":[2,6.5,2.5,7],"rotation":270,"texture":"#1"},"east":{"uv":[2.5,6.5,2,7],"rotation":90,"texture":"#1"},"south":{"uv":[2,6.5,2.5,7],"rotation":270,"texture":"#1"},"west":{"uv":[2.5,6.5,2,7],"rotation":90,"texture":"#1"},"up":{"uv":[2.5,6.5,2,7],"rotation":90,"texture":"#1"},"down":{"uv":[2.5,6.5,2,7],"rotation":90,"texture":"#1"}}},{"from":[7.06903,11.17776,9.44274],"to":[7.83298,11.52083,9.58485],"rotation":{"angle":45,"axis":"x","origin":[7.451,11.34929,9.5138]},"faces":{"north":{"uv":[2,6.5,2.5,7],"rotation":270,"texture":"#1"},"east":{"uv":[2.5,6.5,2,7],"rotation":90,"texture":"#1"},"south":{"uv":[2,6.5,2.5,7],"rotation":270,"texture":"#1"},"west":{"uv":[2.5,6.5,2,7],"rotation":90,"texture":"#1"},"up":{"uv":[2.5,6.5,2,7],"rotation":90,"texture":"#1"},"down":{"uv":[2.5,6.5,2,7],"rotation":90,"texture":"#1"}}},{"from":[7.06903,11.17776,9.44274],"to":[7.83298,11.52083,9.58485],"rotation":{"angle":-45,"axis":"x","origin":[7.451,11.34929,9.5138]},"faces":{"north":{"uv":[2,6.5,2.5,7],"rotation":270,"texture":"#1"},"east":{"uv":[2.5,6.5,2,7],"rotation":90,"texture":"#1"},"south":{"uv":[2,6.5,2.5,7],"rotation":270,"texture":"#1"},"west":{"uv":[2.5,6.5,2,7],"rotation":90,"texture":"#1"},"up":{"uv":[2.5,6.5,2,7],"rotation":90,"texture":"#1"},"down":{"uv":[2.5,6.5,2,7],"rotation":90,"texture":"#1"}}},{"from":[7.06903,11.13907,9.59671],"to":[7.83298,11.48213,10.30825],"rotation":{"angle":0,"axis":"z","origin":[7.451,11.3106,9.95248]},"faces":{"north":{"uv":[2,6.5,2.5,7],"rotation":270,"texture":"#1"},"east":{"uv":[2.5,6.5,2,7],"rotation":90,"texture":"#1"},"south":{"uv":[2,6.5,2.5,7],"rotation":270,"texture":"#1"},"west":{"uv":[2.5,6.5,2,7],"rotation":90,"texture":"#1"},"up":{"uv":[2.5,6.5,2,7],"rotation":90,"texture":"#1"},"down":{"uv":[2.5,6.5,2,7],"rotation":90,"texture":"#1"}}},{"from":[6.90519,11.04479,9.90591],"to":[7.99682,11.31087,10.01613],"rotation":{"angle":0,"axis":"z","origin":[7.451,11.17783,9.96102]},"faces":{"north":{"uv":[2,6.5,2.5,7],"rotation":270,"texture":"#1"},"east":{"uv":[2.5,6.5,2,7],"rotation":90,"texture":"#1"},"south":{"uv":[2,6.5,2.5,7],"rotation":270,"texture":"#1"},"west":{"uv":[2.5,6.5,2,7],"rotation":90,"texture":"#1"},"up":{"uv":[2.5,6.5,2,7],"rotation":90,"texture":"#1"},"down":{"uv":[2.5,6.5,2,7],"rotation":90,"texture":"#1"}}},{"from":[6.90519,11.12272,9.82798],"to":[7.99682,11.23293,10.09406],"rotation":{"angle":0,"axis":"z","origin":[7.451,11.17783,9.96102]},"faces":{"north":{"uv":[2,6.5,2.5,7],"rotation":270,"texture":"#1"},"east":{"uv":[2.5,6.5,2,7],"rotation":90,"texture":"#1"},"south":{"uv":[2,6.5,2.5,7],"rotation":270,"texture":"#1"},"west":{"uv":[2.5,6.5,2,7],"rotation":90,"texture":"#1"},"up":{"uv":[2.5,6.5,2,7],"rotation":90,"texture":"#1"},"down":{"uv":[2.5,6.5,2,7],"rotation":90,"texture":"#1"}}},{"from":[6.90519,11.04479,9.90591],"to":[7.99682,11.31087,10.01613],"rotation":{"angle":45,"axis":"x","origin":[7.451,11.17783,9.96102]},"faces":{"north":{"uv":[2,6.5,2.5,7],"rotation":270,"texture":"#1"},"east":{"uv":[2.5,6.5,2,7],"rotation":90,"texture":"#1"},"south":{"uv":[2,6.5,2.5,7],"rotation":270,"texture":"#1"},"west":{"uv":[2.5,6.5,2,7],"rotation":90,"texture":"#1"},"up":{"uv":[2.5,6.5,2,7],"rotation":90,"texture":"#1"},"down":{"uv":[2.5,6.5,2,7],"rotation":90,"texture":"#1"}}},{"from":[6.90519,11.04479,9.90591],"to":[7.99682,11.31087,10.01613],"rotation":{"angle":-45,"axis":"x","origin":[7.451,11.17783,9.96102]},"faces":{"north":{"uv":[2,6.5,2.5,7],"rotation":270,"texture":"#1"},"east":{"uv":[2.5,6.5,2,7],"rotation":90,"texture":"#1"},"south":{"uv":[2,6.5,2.5,7],"rotation":270,"texture":"#1"},"west":{"uv":[2.5,6.5,2,7],"rotation":90,"texture":"#1"},"up":{"uv":[2.5,6.5,2,7],"rotation":90,"texture":"#1"},"down":{"uv":[2.5,6.5,2,7],"rotation":90,"texture":"#1"}}},{"from":[7.01727,11.12965,9.41975],"to":[7.13156,11.76494,10.40807],"rotation":{"angle":0,"axis":"z","origin":[7.07441,11.4473,9.91391]},"faces":{"north":{"uv":[2,6.5,2.5,7],"rotation":270,"texture":"#1"},"east":{"uv":[2.5,6.5,2,7],"rotation":90,"texture":"#1"},"south":{"uv":[2,6.5,2.5,7],"rotation":270,"texture":"#1"},"west":{"uv":[2.5,6.5,2,7],"rotation":90,"texture":"#1"},"up":{"uv":[2.5,6.5,2,7],"rotation":270,"texture":"#1"},"down":{"uv":[2.5,6.5,2,7],"rotation":270,"texture":"#1"}}},{"from":[7.01727,11.73008,9.53119],"to":[7.13156,11.87638,10.29663],"rotation":{"angle":0,"axis":"z","origin":[7.07441,11.80323,9.91391]},"faces":{"north":{"uv":[2,6.5,2.5,7],"rotation":270,"texture":"#1"},"east":{"uv":[2.5,6.5,2,7],"rotation":90,"texture":"#1"},"south":{"uv":[2,6.5,2.5,7],"rotation":270,"texture":"#1"},"west":{"uv":[2.5,6.5,2,7],"rotation":90,"texture":"#1"},"up":{"uv":[2.5,6.5,2,7],"rotation":270,"texture":"#1"},"down":{"uv":[2.5,6.5,2,7],"rotation":270,"texture":"#1"}}},{"from":[7.01727,11.6974,10.245],"to":[7.13156,11.85499,10.37076],"rotation":{"angle":-45,"axis":"x","origin":[7.07441,11.77619,10.30788]},"faces":{"north":{"uv":[2,6.5,2.5,7],"rotation":270,"texture":"#1"},"east":{"uv":[2.5,6.5,2,7],"rotation":90,"texture":"#1"},"south":{"uv":[2,6.5,2.5,7],"rotation":270,"texture":"#1"},"west":{"uv":[2.5,6.5,2,7],"rotation":90,"texture":"#1"},"up":{"uv":[2.5,6.5,2,7],"rotation":270,"texture":"#1"},"down":{"uv":[2.5,6.5,2,7],"rotation":270,"texture":"#1"}}},{"from":[7.01727,11.6974,9.45705],"to":[7.13156,11.85499,9.58282],"rotation":{"angle":45,"axis":"x","origin":[7.07442,11.77619,9.51994]},"faces":{"north":{"uv":[2,6.5,2.5,7],"rotation":270,"texture":"#1"},"east":{"uv":[2.5,6.5,2,7],"rotation":90,"texture":"#1"},"south":{"uv":[2,6.5,2.5,7],"rotation":270,"texture":"#1"},"west":{"uv":[2.5,6.5,2,7],"rotation":90,"texture":"#1"},"up":{"uv":[2.5,6.5,2,7],"rotation":270,"texture":"#1"},"down":{"uv":[2.5,6.5,2,7],"rotation":270,"texture":"#1"}}},{"from":[7.77045,11.12965,9.41975],"to":[7.88474,11.76494,10.40807],"rotation":{"angle":0,"axis":"z","origin":[7.82759,11.4473,9.91391]},"faces":{"north":{"uv":[2.5,6.5,2,7],"rotation":90,"texture":"#1"},"east":{"uv":[2,6.5,2.5,7],"rotation":270,"texture":"#1"},"south":{"uv":[2.5,6.5,2,7],"rotation":90,"texture":"#1"},"west":{"uv":[2,6.5,2.5,7],"rotation":270,"texture":"#1"},"up":{"uv":[2,6.5,2.5,7],"rotation":90,"texture":"#1"},"down":{"uv":[2,6.5,2.5,7],"rotation":90,"texture":"#1"}}},{"from":[7.77045,11.73008,9.53119],"to":[7.88474,11.87638,10.29663],"rotation":{"angle":0,"axis":"z","origin":[7.8276,11.80323,9.91391]},"faces":{"north":{"uv":[2.5,6.5,2,7],"rotation":90,"texture":"#1"},"east":{"uv":[2,6.5,2.5,7],"rotation":270,"texture":"#1"},"south":{"uv":[2.5,6.5,2,7],"rotation":90,"texture":"#1"},"west":{"uv":[2,6.5,2.5,7],"rotation":270,"texture":"#1"},"up":{"uv":[2,6.5,2.5,7],"rotation":90,"texture":"#1"},"down":{"uv":[2,6.5,2.5,7],"rotation":90,"texture":"#1"}}},{"from":[7.77045,11.6974,10.245],"to":[7.88474,11.85499,10.37076],"rotation":{"angle":-45,"axis":"x","origin":[7.82759,11.77619,10.30788]},"faces":{"north":{"uv":[2.5,6.5,2,7],"rotation":90,"texture":"#1"},"east":{"uv":[2,6.5,2.5,7],"rotation":270,"texture":"#1"},"south":{"uv":[2.5,6.5,2,7],"rotation":90,"texture":"#1"},"west":{"uv":[2,6.5,2.5,7],"rotation":270,"texture":"#1"},"up":{"uv":[2,6.5,2.5,7],"rotation":90,"texture":"#1"},"down":{"uv":[2,6.5,2.5,7],"rotation":90,"texture":"#1"}}},{"from":[7.77045,11.6974,9.45705],"to":[7.88474,11.85499,9.58282],"rotation":{"angle":45,"axis":"x","origin":[7.82759,11.77619,9.51994]},"faces":{"north":{"uv":[2.5,6.5,2,7],"rotation":90,"texture":"#1"},"east":{"uv":[2,6.5,2.5,7],"rotation":270,"texture":"#1"},"south":{"uv":[2.5,6.5,2,7],"rotation":90,"texture":"#1"},"west":{"uv":[2,6.5,2.5,7],"rotation":270,"texture":"#1"},"up":{"uv":[2,6.5,2.5,7],"rotation":90,"texture":"#1"},"down":{"uv":[2,6.5,2.5,7],"rotation":90,"texture":"#1"}}},{"from":[7.09624,10.89306,7.86914],"to":[7.17996,11.42415,8.47532],"rotation":{"angle":0,"axis":"z","origin":[7.1381,11.1586,8.17223]},"faces":{"north":{"uv":[2,6.5,2.5,7],"rotation":270,"texture":"#1"},"east":{"uv":[2.5,6.5,2,7],"rotation":90,"texture":"#1"},"south":{"uv":[2,6.5,2.5,7],"rotation":270,"texture":"#1"},"west":{"uv":[2.5,6.5,2,7],"rotation":90,"texture":"#1"},"up":{"uv":[2.5,6.5,2,7],"rotation":270,"texture":"#1"},"down":{"uv":[2.5,6.5,2,7],"rotation":270,"texture":"#1"}}},{"from":[7.09624,11.27964,8.05063],"to":[7.17996,11.60564,8.29384],"rotation":{"angle":0,"axis":"z","origin":[7.1381,11.44264,8.17223]},"faces":{"north":{"uv":[2,6.5,2.5,7],"rotation":270,"texture":"#1"},"east":{"uv":[2.5,6.5,2,7],"rotation":90,"texture":"#1"},"south":{"uv":[2,6.5,2.5,7],"rotation":270,"texture":"#1"},"west":{"uv":[2.5,6.5,2,7],"rotation":90,"texture":"#1"},"up":{"uv":[2.5,6.5,2,7],"rotation":270,"texture":"#1"},"down":{"uv":[2.5,6.5,2,7],"rotation":270,"texture":"#1"}}},{"from":[7.09624,11.29248,7.92092],"to":[7.17996,11.54914,8.18702],"rotation":{"angle":45,"axis":"x","origin":[7.1381,11.42081,8.05397]},"faces":{"north":{"uv":[2,6.5,2.5,7],"rotation":270,"texture":"#1"},"east":{"uv":[2.5,6.5,2,7],"rotation":90,"texture":"#1"},"south":{"uv":[2,6.5,2.5,7],"rotation":270,"texture":"#1"},"west":{"uv":[2.5,6.5,2,7],"rotation":90,"texture":"#1"},"up":{"uv":[2.5,6.5,2,7],"rotation":270,"texture":"#1"},"down":{"uv":[2.5,6.5,2,7],"rotation":270,"texture":"#1"}}},{"from":[7.09624,11.29248,8.15744],"to":[7.17996,11.54914,8.42354],"rotation":{"angle":-45,"axis":"x","origin":[7.1381,11.42081,8.29049]},"faces":{"north":{"uv":[2,6.5,2.5,7],"rotation":270,"texture":"#1"},"east":{"uv":[2.5,6.5,2,7],"rotation":90,"texture":"#1"},"south":{"uv":[2,6.5,2.5,7],"rotation":270,"texture":"#1"},"west":{"uv":[2.5,6.5,2,7],"rotation":90,"texture":"#1"},"up":{"uv":[2.5,6.5,2,7],"rotation":270,"texture":"#1"},"down":{"uv":[2.5,6.5,2,7],"rotation":270,"texture":"#1"}}},{"from":[7.72205,10.89306,7.86914],"to":[7.80577,11.42415,8.47532],"rotation":{"angle":0,"axis":"z","origin":[7.76391,11.1586,8.17223]},"faces":{"north":{"uv":[2.5,6.5,2,7],"rotation":90,"texture":"#1"},"east":{"uv":[2,6.5,2.5,7],"rotation":270,"texture":"#1"},"south":{"uv":[2.5,6.5,2,7],"rotation":90,"texture":"#1"},"west":{"uv":[2,6.5,2.5,7],"rotation":270,"texture":"#1"},"up":{"uv":[2,6.5,2.5,7],"rotation":90,"texture":"#1"},"down":{"uv":[2,6.5,2.5,7],"rotation":90,"texture":"#1"}}},{"from":[7.72205,11.27964,8.05063],"to":[7.80577,11.60564,8.29384],"rotation":{"angle":0,"axis":"z","origin":[7.76391,11.44264,8.17223]},"faces":{"north":{"uv":[2.5,6.5,2,7],"rotation":90,"texture":"#1"},"east":{"uv":[2,6.5,2.5,7],"rotation":270,"texture":"#1"},"south":{"uv":[2.5,6.5,2,7],"rotation":90,"texture":"#1"},"west":{"uv":[2,6.5,2.5,7],"rotation":270,"texture":"#1"},"up":{"uv":[2,6.5,2.5,7],"rotation":90,"texture":"#1"},"down":{"uv":[2,6.5,2.5,7],"rotation":90,"texture":"#1"}}},{"from":[7.72205,11.29248,7.92092],"to":[7.80577,11.54914,8.18702],"rotation":{"angle":45,"axis":"x","origin":[7.76391,11.42081,8.05397]},"faces":{"north":{"uv":[2.5,6.5,2,7],"rotation":90,"texture":"#1"},"east":{"uv":[2,6.5,2.5,7],"rotation":270,"texture":"#1"},"south":{"uv":[2.5,6.5,2,7],"rotation":90,"texture":"#1"},"west":{"uv":[2,6.5,2.5,7],"rotation":270,"texture":"#1"},"up":{"uv":[2,6.5,2.5,7],"rotation":90,"texture":"#1"},"down":{"uv":[2,6.5,2.5,7],"rotation":90,"texture":"#1"}}},{"from":[7.72205,11.29248,8.15744],"to":[7.80577,11.54914,8.42354],"rotation":{"angle":-45,"axis":"x","origin":[7.76391,11.42081,8.29049]},"faces":{"north":{"uv":[2.5,6.5,2,7],"rotation":90,"texture":"#1"},"east":{"uv":[2,6.5,2.5,7],"rotation":270,"texture":"#1"},"south":{"uv":[2.5,6.5,2,7],"rotation":90,"texture":"#1"},"west":{"uv":[2,6.5,2.5,7],"rotation":270,"texture":"#1"},"up":{"uv":[2,6.5,2.5,7],"rotation":90,"texture":"#1"},"down":{"uv":[2,6.5,2.5,7],"rotation":90,"texture":"#1"}}},{"from":[7.28167,10.51812,10.70329],"to":[7.62033,11.33572,12.68908],"rotation":{"angle":0,"axis":"z","origin":[7.451,10.92692,11.69618]},"faces":{"north":{"uv":[2.5,5,2,5.5],"rotation":90,"texture":"#1"},"east":{"uv":[2,5,2.5,5.5],"rotation":270,"texture":"#1"},"south":{"uv":[2.5,5,2,5.5],"rotation":90,"texture":"#1"},"west":{"uv":[2,5,2.5,5],"rotation":180,"texture":"#1"},"up":{"uv":[2.5,5,2,5.5],"rotation":180,"texture":"#1"},"down":{"uv":[2.5,5,2,5.5],"texture":"#1"}}},{"from":[7.04221,10.75759,10.70329],"to":[7.8598,11.09625,12.68908],"rotation":{"angle":0,"axis":"z","origin":[7.451,10.92692,11.69618]},"faces":{"north":{"uv":[2.5,5,2,5.5],"rotation":90,"texture":"#1"},"east":{"uv":[2,5,2.5,5.5],"rotation":270,"texture":"#1"},"south":{"uv":[2.5,5,2,5.5],"rotation":90,"texture":"#1"},"west":{"uv":[2,5,2.5,5],"rotation":180,"texture":"#1"},"up":{"uv":[2.5,5,2,5.5],"rotation":180,"texture":"#1"},"down":{"uv":[2.5,5,2,5.5],"texture":"#1"}}},{"from":[7.28167,10.51812,10.70329],"to":[7.62033,11.33572,12.68908],"rotation":{"angle":-45,"axis":"z","origin":[7.451,10.92692,11.69618]},"faces":{"north":{"uv":[2.5,5,2,5.5],"rotation":90,"texture":"#1"},"east":{"uv":[2,5,2.5,5.5],"rotation":270,"texture":"#1"},"south":{"uv":[2.5,5,2,5.5],"rotation":90,"texture":"#1"},"west":{"uv":[2,5,2.5,5],"rotation":180,"texture":"#1"},"up":{"uv":[2.5,5,2,5.5],"rotation":180,"texture":"#1"},"down":{"uv":[2.5,5,2,5.5],"texture":"#1"}}},{"from":[7.28167,10.51812,10.70329],"to":[7.62033,11.33572,12.68908],"rotation":{"angle":45,"axis":"z","origin":[7.451,10.92692,11.69619]},"faces":{"north":{"uv":[2.5,5,2,5.5],"rotation":90,"texture":"#1"},"east":{"uv":[2,5,2.5,5.5],"rotation":270,"texture":"#1"},"south":{"uv":[2.5,5,2,5.5],"rotation":90,"texture":"#1"},"west":{"uv":[2,5,2.5,5],"rotation":180,"texture":"#1"},"up":{"uv":[2.5,5,2,5.5],"rotation":180,"texture":"#1"},"down":{"uv":[2.5,5,2,5.5],"texture":"#1"}}},{"from":[6.8174,10.29482,9.58516],"to":[8.08461,10.63715,9.72696],"rotation":{"angle":0,"axis":"z","origin":[7.451,10.46598,9.65606]},"faces":{"north":{"uv":[3.5,5,4,5.5],"rotation":270,"texture":"#1"},"east":{"uv":[4,5,3.5,5.5],"rotation":90,"texture":"#1"},"south":{"uv":[3.5,5,4,5.5],"rotation":270,"texture":"#1"},"west":{"uv":[4,5,3.5,5.5],"rotation":90,"texture":"#1"},"up":{"uv":[4,5,3.5,5.5],"rotation":90,"texture":"#1"},"down":{"uv":[4,5,3.5,5.5],"rotation":90,"texture":"#1"}}},{"from":[6.8174,10.39508,9.48489],"to":[8.08461,10.53688,9.82723],"rotation":{"angle":0,"axis":"z","origin":[7.451,10.46598,9.65606]},"faces":{"north":{"uv":[3.5,5,4,5.5],"rotation":270,"texture":"#1"},"east":{"uv":[4,5,3.5,5.5],"rotation":90,"texture":"#1"},"south":{"uv":[3.5,5,4,5.5],"rotation":270,"texture":"#1"},"west":{"uv":[4,5,3.5,5.5],"rotation":90,"texture":"#1"},"up":{"uv":[4,5,3.5,5.5],"rotation":90,"texture":"#1"},"down":{"uv":[4,5,3.5,5.5],"rotation":90,"texture":"#1"}}},{"from":[6.8174,10.29482,9.58516],"to":[8.08461,10.63715,9.72696],"rotation":{"angle":45,"axis":"x","origin":[7.451,10.46598,9.65606]},"faces":{"north":{"uv":[3.5,5,4,5.5],"rotation":270,"texture":"#1"},"east":{"uv":[4,5,3.5,5.5],"rotation":90,"texture":"#1"},"south":{"uv":[3.5,5,4,5.5],"rotation":270,"texture":"#1"},"west":{"uv":[4,5,3.5,5.5],"rotation":90,"texture":"#1"},"up":{"uv":[4,5,3.5,5.5],"rotation":90,"texture":"#1"},"down":{"uv":[4,5,3.5,5.5],"rotation":90,"texture":"#1"}}},{"from":[6.8174,10.29482,9.58516],"to":[8.08461,10.63715,9.72696],"rotation":{"angle":-45,"axis":"x","origin":[7.451,10.46598,9.65606]},"faces":{"north":{"uv":[3.5,5,4,5.5],"rotation":270,"texture":"#1"},"east":{"uv":[4,5,3.5,5.5],"rotation":90,"texture":"#1"},"south":{"uv":[3.5,5,4,5.5],"rotation":270,"texture":"#1"},"west":{"uv":[4,5,3.5,5.5],"rotation":90,"texture":"#1"},"up":{"uv":[4,5,3.5,5.5],"rotation":90,"texture":"#1"},"down":{"uv":[4,5,3.5,5.5],"rotation":90,"texture":"#1"}}},{"from":[7.22137,10.6574,-12.85913],"to":[7.68064,11.14106,-12.58018],"rotation":{"angle":0,"axis":"z","origin":[7.451,10.89923,-12.71965]},"faces":{"north":{"uv":[1,5,0.5,5.5],"rotation":90,"texture":"#1"},"east":{"uv":[0.5,5,1,5.5],"rotation":270,"texture":"#1"},"south":{"uv":[1,5,0.5,5.5],"rotation":90,"texture":"#1"},"west":{"uv":[0.5,5,1,5.5],"rotation":270,"texture":"#1"},"up":{"uv":[1,5,0.5,5.5],"rotation":180,"texture":"#1"},"down":{"uv":[1,5,0.5,5.5],"texture":"#1"}}},{"from":[6.95375,9.31721,13.29178],"to":[7.94826,10.81067,18.30337],"rotation":{"angle":0,"axis":"z","origin":[7.451,10.06394,15.79757]},"faces":{"north":{"uv":[1,6.5,0.5,7],"rotation":90,"texture":"#1"},"east":{"uv":[0.5,6.5,1,7],"rotation":270,"texture":"#1"},"south":{"uv":[1,6.5,0.5,7],"rotation":90,"texture":"#1"},"west":{"uv":[0.5,6.5,1,7],"rotation":270,"texture":"#1"},"up":{"uv":[1,6.5,0.5,7],"rotation":180,"texture":"#1"},"down":{"uv":[1,6.5,0.5,7],"texture":"#1"}}},{"from":[6.95375,9.36637,18.05622],"to":[7.94826,10.91163,18.62052],"rotation":{"angle":22.5,"axis":"x","origin":[7.45101,10.139,18.33837]},"faces":{"north":{"uv":[0.5,6.5,1,7],"rotation":270,"texture":"#1"},"east":{"uv":[1,6.5,0.5,7],"rotation":90,"texture":"#1"},"south":{"uv":[0.5,6.5,1,7],"rotation":270,"texture":"#1"},"west":{"uv":[1,6.5,0.5,7],"rotation":90,"texture":"#1"},"up":{"uv":[1,6.5,0.5,7],"rotation":270,"texture":"#1"},"down":{"uv":[1,6.5,0.5,7],"rotation":270,"texture":"#1"}}},{"from":[6.95375,10.74485,17.75495],"to":[7.94826,10.9679,18.89471],"rotation":{"angle":0,"axis":"z","origin":[7.45101,10.85638,18.32483]},"faces":{"north":{"uv":[0.5,6.5,1,7],"rotation":270,"texture":"#1"},"east":{"uv":[1,6.5,0.5,7],"rotation":90,"texture":"#1"},"south":{"uv":[0.5,6.5,1,7],"rotation":270,"texture":"#1"},"west":{"uv":[1,6.5,0.5,7],"rotation":90,"texture":"#1"},"up":{"uv":[1,6.5,0.5,7],"rotation":270,"texture":"#1"},"down":{"uv":[1,6.5,0.5,7],"rotation":270,"texture":"#1"}}},{"from":[6.95375,10.87041,17.84],"to":[7.94826,11.03764,18.29918],"rotation":{"angle":22.5,"axis":"x","origin":[7.45101,10.95402,18.06959]},"faces":{"north":{"uv":[0.5,6.5,1,7],"rotation":270,"texture":"#1"},"east":{"uv":[1,6.5,0.5,7],"rotation":90,"texture":"#1"},"south":{"uv":[0.5,6.5,1,7],"rotation":270,"texture":"#1"},"west":{"uv":[1,6.5,0.5,7],"rotation":90,"texture":"#1"},"up":{"uv":[1,6.5,0.5,7],"rotation":270,"texture":"#1"},"down":{"uv":[1,6.5,0.5,7],"rotation":270,"texture":"#1"}}},{"from":[7.22559,10.46287,12.53745],"to":[7.67642,11.39097,14.48542],"rotation":{"angle":0,"axis":"z","origin":[7.45101,10.92692,13.51144]},"faces":{"north":{"uv":[1,6.5,0.5,7],"rotation":90,"texture":"#1"},"east":{"uv":[0.5,6.5,1,7],"rotation":270,"texture":"#1"},"south":{"uv":[1,6.5,0.5,7],"rotation":90,"texture":"#1"},"west":{"uv":[0.5,6.5,1,7],"rotation":270,"texture":"#1"},"up":{"uv":[1,6.5,0.5,7],"rotation":180,"texture":"#1"},"down":{"uv":[1,6.5,0.5,7],"texture":"#1"}}},{"from":[6.95375,10.81067,16.82925],"to":[7.94826,11.11914,17.88948],"rotation":{"angle":0,"axis":"z","origin":[7.45101,10.9649,17.35936]},"faces":{"north":{"uv":[1,6.5,0.5,7],"rotation":90,"texture":"#1"},"east":{"uv":[0.5,6.5,1,7],"rotation":270,"texture":"#1"},"south":{"uv":[1,6.5,0.5,7],"rotation":90,"texture":"#1"},"west":{"uv":[0.5,6.5,1,7],"rotation":270,"texture":"#1"},"up":{"uv":[1,6.5,0.5,7],"rotation":180,"texture":"#1"},"down":{"uv":[1,6.5,0.5,7],"texture":"#1"}}},{"from":[7.29199,10.46287,16.82925],"to":[7.67642,11.39097,17.88948],"rotation":{"angle":-45,"axis":"z","origin":[7.48421,10.92692,17.35937]},"faces":{"north":{"uv":[1,6.5,0.5,7],"rotation":90,"texture":"#1"},"east":{"uv":[0.5,6.5,1,7],"rotation":270,"texture":"#1"},"south":{"uv":[1,6.5,0.5,7],"rotation":90,"texture":"#1"},"west":{"uv":[0.5,6.5,1,7],"rotation":270,"texture":"#1"},"up":{"uv":[1,6.5,0.5,7],"rotation":180,"texture":"#1"},"down":{"uv":[1,6.5,0.5,7],"texture":"#1"}}},{"from":[7.22559,10.46287,12.53745],"to":[7.61002,11.39097,17.88948],"rotation":{"angle":45,"axis":"z","origin":[7.4178,10.92692,15.21347]},"faces":{"north":{"uv":[1,6.5,0.5,7],"rotation":90,"texture":"#1"},"east":{"uv":[0.5,6.5,1,7],"rotation":270,"texture":"#1"},"south":{"uv":[1,6.5,0.5,7],"rotation":90,"texture":"#1"},"west":{"uv":[0.5,6.5,1,7],"rotation":270,"texture":"#1"},"up":{"uv":[1,6.5,0.5,7],"rotation":180,"texture":"#1"},"down":{"uv":[1,6.5,0.5,7],"texture":"#1"}}},{"from":[6.95375,10.81067,12.53745],"to":[7.94826,11.11913,14.48542],"rotation":{"angle":0,"axis":"z","origin":[7.45101,10.9649,13.51144]},"faces":{"north":{"uv":[1,6.5,0.5,7],"rotation":90,"texture":"#1"},"east":{"uv":[0.5,6.5,1,7],"rotation":270,"texture":"#1"},"south":{"uv":[1,6.5,0.5,7],"rotation":90,"texture":"#1"},"west":{"uv":[0.5,6.5,1,7],"rotation":270,"texture":"#1"},"up":{"uv":[1,6.5,0.5,7],"rotation":180,"texture":"#1"},"down":{"uv":[1,6.5,0.5,7],"texture":"#1"}}},{"from":[7.29199,10.46287,12.53745],"to":[7.67642,11.39097,14.48542],"rotation":{"angle":-45,"axis":"z","origin":[7.48421,10.92692,13.51144]},"faces":{"north":{"uv":[1,6.5,0.5,7],"rotation":90,"texture":"#1"},"east":{"uv":[0.5,6.5,1,7],"rotation":270,"texture":"#1"},"south":{"uv":[1,6.5,0.5,7],"rotation":90,"texture":"#1"},"west":{"uv":[0.5,6.5,1,7],"rotation":270,"texture":"#1"},"up":{"uv":[1,6.5,0.5,7],"rotation":180,"texture":"#1"},"down":{"uv":[1,6.5,0.5,7],"texture":"#1"}}},{"from":[6.95375,10.81067,14.46087],"to":[7.15153,11.11913,16.85381],"rotation":{"angle":0,"axis":"z","origin":[7.05264,10.9649,15.65734]},"faces":{"north":{"uv":[1,6.5,0.5,7],"rotation":90,"texture":"#1"},"east":{"uv":[0.5,6.5,1,7],"rotation":270,"texture":"#1"},"south":{"uv":[1,6.5,0.5,7],"rotation":90,"texture":"#1"},"west":{"uv":[0.5,6.5,1,7],"rotation":270,"texture":"#1"},"up":{"uv":[1,6.5,0.5,7],"rotation":180,"texture":"#1"},"down":{"uv":[1,6.5,0.5,7],"texture":"#1"}}},{"from":[7.22559,10.46287,14.48542],"to":[7.335,11.39097,17.88948],"rotation":{"angle":0,"axis":"z","origin":[7.2803,10.92692,16.18745]},"faces":{"north":{"uv":[1,6.5,0.5,7],"rotation":90,"texture":"#1"},"east":{"uv":[0.5,6.5,1,7],"rotation":270,"texture":"#1"},"south":{"uv":[1,6.5,0.5,7],"rotation":90,"texture":"#1"},"west":{"uv":[0.5,6.5,1,7],"rotation":270,"texture":"#1"},"up":{"uv":[1,6.5,0.5,7],"rotation":180,"texture":"#1"},"down":{"uv":[1,6.5,0.5,7],"texture":"#1"}}},{"from":[7.40737,10.98892,16.58656],"to":[8.94004,11.20208,16.80763],"rotation":{"angle":0,"axis":"z","origin":[8.1737,11.0955,16.69709]},"faces":{"north":{"uv":[4,5,3.5,5.5],"rotation":90,"texture":"#1"},"east":{"uv":[3.5,5,4,5.5],"rotation":270,"texture":"#1"},"south":{"uv":[4,5,3.5,5.5],"rotation":90,"texture":"#1"},"west":{"uv":[3.5,5,4,5.5],"rotation":270,"texture":"#1"},"up":{"uv":[4,5,3.5,5.5],"rotation":180,"texture":"#1"},"down":{"uv":[4,5,3.5,5.5],"texture":"#1"}}},{"from":[8.82524,10.8615,16.60074],"to":[9.035,11.36791,16.8105],"rotation":{"angle":0,"axis":"z","origin":[8.93012,11.11471,16.70562]},"faces":{"north":{"uv":[3.5,5,4,5.5],"rotation":270,"texture":"#1"},"east":{"uv":[4,5,3.5,5.5],"rotation":90,"texture":"#1"},"south":{"uv":[3.5,5,4,5.5],"rotation":270,"texture":"#1"},"west":{"uv":[4,5,3.5,5.5],"rotation":90,"texture":"#1"},"up":{"uv":[4,5,3.5,5.5],"rotation":270,"texture":"#1"},"down":{"uv":[4,5,3.5,5.5],"rotation":270,"texture":"#1"}}},{"from":[8.82524,11.00983,16.45241],"to":[9.035,11.21959,16.95882],"rotation":{"angle":0,"axis":"z","origin":[8.93012,11.11471,16.70562]},"faces":{"north":{"uv":[3.5,5,4,5.5],"rotation":270,"texture":"#1"},"east":{"uv":[4,5,3.5,5.5],"rotation":90,"texture":"#1"},"south":{"uv":[3.5,5,4,5.5],"rotation":270,"texture":"#1"},"west":{"uv":[4,5,3.5,5.5],"rotation":90,"texture":"#1"},"up":{"uv":[4,5,3.5,5.5],"rotation":270,"texture":"#1"},"down":{"uv":[4,5,3.5,5.5],"rotation":270,"texture":"#1"}}},{"from":[8.67691,11.00983,16.60074],"to":[9.18332,11.21959,16.8105],"rotation":{"angle":0,"axis":"z","origin":[8.93012,11.11471,16.70562]},"faces":{"north":{"uv":[3.5,5,4,5.5],"rotation":270,"texture":"#1"},"east":{"uv":[4,5,3.5,5.5],"rotation":90,"texture":"#1"},"south":{"uv":[3.5,5,4,5.5],"rotation":270,"texture":"#1"},"west":{"uv":[4,5,3.5,5.5],"rotation":90,"texture":"#1"},"up":{"uv":[4,5,3.5,5.5],"rotation":270,"texture":"#1"},"down":{"uv":[4,5,3.5,5.5],"rotation":270,"texture":"#1"}}},{"from":[8.67691,11.00983,16.60074],"to":[9.18332,11.21959,16.8105],"rotation":{"angle":45,"axis":"z","origin":[8.93012,11.11471,16.70562]},"faces":{"north":{"uv":[3.5,5,4,5.5],"rotation":270,"texture":"#1"},"east":{"uv":[4,5,3.5,5.5],"rotation":90,"texture":"#1"},"south":{"uv":[3.5,5,4,5.5],"rotation":270,"texture":"#1"},"west":{"uv":[4,5,3.5,5.5],"rotation":90,"texture":"#1"},"up":{"uv":[4,5,3.5,5.5],"rotation":270,"texture":"#1"},"down":{"uv":[4,5,3.5,5.5],"rotation":270,"texture":"#1"}}},{"from":[8.67691,11.00983,16.60074],"to":[9.18332,11.21959,16.8105],"rotation":{"angle":-45,"axis":"z","origin":[8.93012,11.11471,16.70562]},"faces":{"north":{"uv":[3.5,5,4,5.5],"rotation":270,"texture":"#1"},"east":{"uv":[4,5,3.5,5.5],"rotation":90,"texture":"#1"},"south":{"uv":[3.5,5,4,5.5],"rotation":270,"texture":"#1"},"west":{"uv":[4,5,3.5,5.5],"rotation":90,"texture":"#1"},"up":{"uv":[4,5,3.5,5.5],"rotation":270,"texture":"#1"},"down":{"uv":[4,5,3.5,5.5],"rotation":270,"texture":"#1"}}},{"from":[8.82524,10.8615,16.60074],"to":[9.035,11.36791,16.8105],"rotation":{"angle":45,"axis":"x","origin":[8.93012,11.11471,16.70562]},"faces":{"north":{"uv":[3.5,5,4,5.5],"rotation":270,"texture":"#1"},"east":{"uv":[4,5,3.5,5.5],"rotation":90,"texture":"#1"},"south":{"uv":[3.5,5,4,5.5],"rotation":270,"texture":"#1"},"west":{"uv":[4,5,3.5,5.5],"rotation":90,"texture":"#1"},"up":{"uv":[4,5,3.5,5.5],"rotation":270,"texture":"#1"},"down":{"uv":[4,5,3.5,5.5],"rotation":270,"texture":"#1"}}},{"from":[8.82524,10.8615,16.60074],"to":[9.035,11.36791,16.8105],"rotation":{"angle":-45,"axis":"x","origin":[8.93012,11.11471,16.70562]},"faces":{"north":{"uv":[3.5,5,4,5.5],"rotation":270,"texture":"#1"},"east":{"uv":[4,5,3.5,5.5],"rotation":90,"texture":"#1"},"south":{"uv":[3.5,5,4,5.5],"rotation":270,"texture":"#1"},"west":{"uv":[4,5,3.5,5.5],"rotation":90,"texture":"#1"},"up":{"uv":[4,5,3.5,5.5],"rotation":270,"texture":"#1"},"down":{"uv":[4,5,3.5,5.5],"rotation":270,"texture":"#1"}}},{"from":[8.82524,11.00983,16.45241],"to":[9.035,11.21959,16.95882],"rotation":{"angle":45,"axis":"y","origin":[8.93012,11.11471,16.70562]},"faces":{"north":{"uv":[3.5,5,4,5.5],"rotation":270,"texture":"#1"},"east":{"uv":[4,5,3.5,5.5],"rotation":90,"texture":"#1"},"south":{"uv":[3.5,5,4,5.5],"rotation":270,"texture":"#1"},"west":{"uv":[4,5,3.5,5.5],"rotation":90,"texture":"#1"},"up":{"uv":[4,5,3.5,5.5],"rotation":270,"texture":"#1"},"down":{"uv":[4,5,3.5,5.5],"rotation":270,"texture":"#1"}}},{"from":[8.82524,11.00983,16.45241],"to":[9.035,11.21959,16.95882],"rotation":{"angle":-45,"axis":"y","origin":[8.93012,11.11471,16.70562]},"faces":{"north":{"uv":[3.5,5,4,5.5],"rotation":270,"texture":"#1"},"east":{"uv":[4,5,3.5,5.5],"rotation":90,"texture":"#1"},"south":{"uv":[3.5,5,4,5.5],"rotation":270,"texture":"#1"},"west":{"uv":[4,5,3.5,5.5],"rotation":90,"texture":"#1"},"up":{"uv":[4,5,3.5,5.5],"rotation":270,"texture":"#1"},"down":{"uv":[4,5,3.5,5.5],"rotation":270,"texture":"#1"}}},{"from":[7.28849,10.53457,13.21472],"to":[7.61352,11.31926,17.85253],"rotation":{"angle":0,"axis":"z","origin":[7.451,10.92692,15.53363]},"faces":{"north":{"uv":[4,5,3.5,5.5],"rotation":90,"texture":"#1"},"east":{"uv":[3.5,5,4,5.5],"rotation":270,"texture":"#1"},"south":{"uv":[4,5,3.5,5.5],"rotation":90,"texture":"#1"},"west":{"uv":[3.5,5,4,5.5],"rotation":270,"texture":"#1"},"up":{"uv":[4,5,3.5,5.5],"rotation":180,"texture":"#1"},"down":{"uv":[4,5,3.5,5.5],"texture":"#1"}}},{"from":[7.05866,10.7644,13.21472],"to":[7.84335,11.08943,17.85253],"rotation":{"angle":0,"axis":"z","origin":[7.451,10.92692,15.53363]},"faces":{"north":{"uv":[4,5,3.5,5.5],"rotation":90,"texture":"#1"},"east":{"uv":[3.5,5,4,5.5],"rotation":270,"texture":"#1"},"south":{"uv":[4,5,3.5,5.5],"rotation":90,"texture":"#1"},"west":{"uv":[3.5,5,4,5.5],"rotation":270,"texture":"#1"},"up":{"uv":[4,5,3.5,5.5],"rotation":180,"texture":"#1"},"down":{"uv":[4,5,3.5,5.5],"texture":"#1"}}},{"from":[7.28849,10.53457,13.21472],"to":[7.61352,11.31926,17.85253],"rotation":{"angle":-45,"axis":"z","origin":[7.451,10.92692,15.53363]},"faces":{"north":{"uv":[4,5,3.5,5.5],"rotation":90,"texture":"#1"},"east":{"uv":[3.5,5,4,5.5],"rotation":270,"texture":"#1"},"south":{"uv":[4,5,3.5,5.5],"rotation":90,"texture":"#1"},"west":{"uv":[3.5,5,4,5.5],"rotation":270,"texture":"#1"},"up":{"uv":[4,5,3.5,5.5],"rotation":180,"texture":"#1"},"down":{"uv":[4,5,3.5,5.5],"texture":"#1"}}},{"from":[7.28849,10.53457,13.21472],"to":[7.61352,11.31926,17.85253],"rotation":{"angle":45,"axis":"z","origin":[7.451,10.92692,15.53363]},"faces":{"north":{"uv":[4,5,3.5,5.5],"rotation":90,"texture":"#1"},"east":{"uv":[3.5,5,4,5.5],"rotation":270,"texture":"#1"},"south":{"uv":[4,5,3.5,5.5],"rotation":90,"texture":"#1"},"west":{"uv":[3.5,5,4,5.5],"rotation":270,"texture":"#1"},"up":{"uv":[4,5,3.5,5.5],"rotation":180,"texture":"#1"},"down":{"uv":[4,5,3.5,5.5],"texture":"#1"}}},{"from":[7.32242,10.61648,17.68081],"to":[7.57959,11.23736,19.4573],"rotation":{"angle":0,"axis":"z","origin":[7.451,10.92692,18.56906]},"faces":{"north":{"uv":[4,5,3.5,5.5],"rotation":90,"texture":"#1"},"east":{"uv":[3.5,5,4,5.5],"rotation":270,"texture":"#1"},"south":{"uv":[4,5,3.5,5.5],"rotation":90,"texture":"#1"},"west":{"uv":[3.5,5,4,5.5],"rotation":270,"texture":"#1"},"up":{"uv":[4,5,3.5,5.5],"rotation":180,"texture":"#1"},"down":{"uv":[4,5,3.5,5.5],"texture":"#1"}}},{"from":[7.14057,10.79833,17.68081],"to":[7.76144,11.05551,19.4573],"rotation":{"angle":0,"axis":"z","origin":[7.451,10.92692,18.56906]},"faces":{"north":{"uv":[4,5,3.5,5.5],"rotation":90,"texture":"#1"},"east":{"uv":[3.5,5,4,5.5],"rotation":270,"texture":"#1"},"south":{"uv":[4,5,3.5,5.5],"rotation":90,"texture":"#1"},"west":{"uv":[3.5,5,4,5.5],"rotation":270,"texture":"#1"},"up":{"uv":[4,5,3.5,5.5],"rotation":180,"texture":"#1"},"down":{"uv":[4,5,3.5,5.5],"texture":"#1"}}},{"from":[7.32242,10.61648,17.68081],"to":[7.57959,11.23736,19.4573],"rotation":{"angle":-45,"axis":"z","origin":[7.451,10.92692,18.56906]},"faces":{"north":{"uv":[4,5,3.5,5.5],"rotation":90,"texture":"#1"},"east":{"uv":[3.5,5,4,5.5],"rotation":270,"texture":"#1"},"south":{"uv":[4,5,3.5,5.5],"rotation":90,"texture":"#1"},"west":{"uv":[3.5,5,4,5.5],"rotation":270,"texture":"#1"},"up":{"uv":[4,5,3.5,5.5],"rotation":180,"texture":"#1"},"down":{"uv":[4,5,3.5,5.5],"texture":"#1"}}},{"from":[7.32242,10.61648,17.68081],"to":[7.57959,11.23736,19.4573],"rotation":{"angle":45,"axis":"z","origin":[7.451,10.92692,18.56906]},"faces":{"north":{"uv":[4,5,3.5,5.5],"rotation":90,"texture":"#1"},"east":{"uv":[3.5,5,4,5.5],"rotation":270,"texture":"#1"},"south":{"uv":[4,5,3.5,5.5],"rotation":90,"texture":"#1"},"west":{"uv":[3.5,5,4,5.5],"rotation":270,"texture":"#1"},"up":{"uv":[4,5,3.5,5.5],"rotation":180,"texture":"#1"},"down":{"uv":[4,5,3.5,5.5],"texture":"#1"}}},{"from":[7.36163,11.08984,16.9155],"to":[7.54038,11.53104,18.5834],"rotation":{"angle":0,"axis":"z","origin":[7.451,11.31044,17.74945]},"faces":{"north":{"uv":[4,5,3.5,5.5],"rotation":90,"texture":"#1"},"east":{"uv":[3.5,5,4,5.5],"rotation":270,"texture":"#1"},"south":{"uv":[4,5,3.5,5.5],"rotation":90,"texture":"#1"},"west":{"uv":[3.5,5,4,5.5],"rotation":270,"texture":"#1"},"up":{"uv":[4,5,3.5,5.5],"rotation":180,"texture":"#1"},"down":{"uv":[4,5,3.5,5.5],"texture":"#1"}}},{"from":[7.36163,11.08984,19.15576],"to":[7.54038,11.53104,19.3592],"rotation":{"angle":0,"axis":"z","origin":[7.451,11.31044,19.25748]},"faces":{"north":{"uv":[4,5,3.5,5.5],"rotation":90,"texture":"#1"},"east":{"uv":[3.5,5,4,5.5],"rotation":270,"texture":"#1"},"south":{"uv":[4,5,3.5,5.5],"rotation":90,"texture":"#1"},"west":{"uv":[3.5,5,4,5.5],"rotation":270,"texture":"#1"},"up":{"uv":[4,5,3.5,5.5],"rotation":180,"texture":"#1"},"down":{"uv":[4,5,3.5,5.5],"texture":"#1"}}},{"from":[7.36163,11.07558,18.9671],"to":[7.54038,11.51678,19.19019],"rotation":{"angle":45,"axis":"x","origin":[7.451,11.29618,19.07865]},"faces":{"north":{"uv":[4,5,3.5,5.5],"rotation":90,"texture":"#1"},"east":{"uv":[3.5,5,4,5.5],"rotation":270,"texture":"#1"},"south":{"uv":[4,5,3.5,5.5],"rotation":90,"texture":"#1"},"west":{"uv":[3.5,5,4,5.5],"rotation":270,"texture":"#1"},"up":{"uv":[4,5,3.5,5.5],"rotation":180,"texture":"#1"},"down":{"uv":[4,5,3.5,5.5],"texture":"#1"}}},{"from":[7.36163,11.01009,18.36762],"to":[7.54038,11.45128,18.77595],"rotation":{"angle":45,"axis":"x","origin":[7.451,11.23068,18.57179]},"faces":{"north":{"uv":[4,5,3.5,5.5],"rotation":90,"texture":"#1"},"east":{"uv":[3.5,5,4,5.5],"rotation":270,"texture":"#1"},"south":{"uv":[4,5,3.5,5.5],"rotation":90,"texture":"#1"},"west":{"uv":[3.5,5,4,5.5],"rotation":270,"texture":"#1"},"up":{"uv":[4,5,3.5,5.5],"rotation":180,"texture":"#1"},"down":{"uv":[4,5,3.5,5.5],"texture":"#1"}}},{"from":[7.36163,11.22025,18.32501],"to":[7.54038,11.34888,19.1912],"rotation":{"angle":0,"axis":"z","origin":[7.451,11.28457,18.75811]},"faces":{"north":{"uv":[4,5,3.5,5.5],"rotation":90,"texture":"#1"},"east":{"uv":[3.5,5,4,5.5],"rotation":270,"texture":"#1"},"south":{"uv":[4,5,3.5,5.5],"rotation":90,"texture":"#1"},"west":{"uv":[3.5,5,4,5.5],"rotation":270,"texture":"#1"},"up":{"uv":[4,5,3.5,5.5],"rotation":180,"texture":"#1"},"down":{"uv":[4,5,3.5,5.5],"texture":"#1"}}},{"from":[7.3067,10.57853,19.44287],"to":[7.59531,11.27531,19.59609],"rotation":{"angle":0,"axis":"z","origin":[7.451,10.92692,19.51948]},"faces":{"north":{"uv":[4,5,3.5,5.5],"rotation":90,"texture":"#1"},"east":{"uv":[3.5,5,4,5.5],"rotation":270,"texture":"#1"},"south":{"uv":[4,5,3.5,5.5],"rotation":90,"texture":"#1"},"west":{"uv":[3.5,5,4,5.5],"rotation":270,"texture":"#1"},"up":{"uv":[4,5,3.5,5.5],"rotation":180,"texture":"#1"},"down":{"uv":[4,5,3.5,5.5],"texture":"#1"}}},{"from":[7.10262,10.78261,19.44287],"to":[7.79939,11.07123,19.59609],"rotation":{"angle":0,"axis":"z","origin":[7.451,10.92692,19.51948]},"faces":{"north":{"uv":[4,5,3.5,5.5],"rotation":90,"texture":"#1"},"east":{"uv":[3.5,5,4,5.5],"rotation":270,"texture":"#1"},"south":{"uv":[4,5,3.5,5.5],"rotation":90,"texture":"#1"},"west":{"uv":[3.5,5,4,5.5],"rotation":270,"texture":"#1"},"up":{"uv":[4,5,3.5,5.5],"rotation":180,"texture":"#1"},"down":{"uv":[4,5,3.5,5.5],"texture":"#1"}}},{"from":[7.3067,10.57853,19.44287],"to":[7.59531,11.27531,19.59609],"rotation":{"angle":-45,"axis":"z","origin":[7.451,10.92692,19.51948]},"faces":{"north":{"uv":[4,5,3.5,5.5],"rotation":90,"texture":"#1"},"east":{"uv":[3.5,5,4,5.5],"rotation":270,"texture":"#1"},"south":{"uv":[4,5,3.5,5.5],"rotation":90,"texture":"#1"},"west":{"uv":[3.5,5,4,5.5],"rotation":270,"texture":"#1"},"up":{"uv":[4,5,3.5,5.5],"rotation":180,"texture":"#1"},"down":{"uv":[4,5,3.5,5.5],"texture":"#1"}}},{"from":[7.3067,10.57853,19.44287],"to":[7.59531,11.27531,19.59609],"rotation":{"angle":45,"axis":"z","origin":[7.451,10.92692,19.51948]},"faces":{"north":{"uv":[4,5,3.5,5.5],"rotation":90,"texture":"#1"},"east":{"uv":[3.5,5,4,5.5],"rotation":270,"texture":"#1"},"south":{"uv":[4,5,3.5,5.5],"rotation":90,"texture":"#1"},"west":{"uv":[3.5,5,4,5.5],"rotation":270,"texture":"#1"},"up":{"uv":[4,5,3.5,5.5],"rotation":180,"texture":"#1"},"down":{"uv":[4,5,3.5,5.5],"texture":"#1"}}},{"from":[6.81869,9.36419,19.51325],"to":[8.08332,9.78786,19.68874],"rotation":{"angle":0,"axis":"z","origin":[7.451,9.57603,19.601]},"faces":{"north":{"uv":[3.5,5,4,5.5],"rotation":270,"texture":"#1"},"east":{"uv":[4,5,3.5,5.5],"rotation":90,"texture":"#1"},"south":{"uv":[3.5,5,4,5.5],"rotation":270,"texture":"#1"},"west":{"uv":[4,5,3.5,5.5],"rotation":90,"texture":"#1"},"up":{"uv":[4,5,3.5,5.5],"rotation":90,"texture":"#1"},"down":{"uv":[4,5,3.5,5.5],"rotation":90,"texture":"#1"}}},{"from":[6.81869,9.48828,19.38916],"to":[8.08332,9.66377,19.81283],"rotation":{"angle":0,"axis":"z","origin":[7.451,9.57603,19.601]},"faces":{"north":{"uv":[3.5,5,4,5.5],"rotation":270,"texture":"#1"},"east":{"uv":[4,5,3.5,5.5],"rotation":90,"texture":"#1"},"south":{"uv":[3.5,5,4,5.5],"rotation":270,"texture":"#1"},"west":{"uv":[4,5,3.5,5.5],"rotation":90,"texture":"#1"},"up":{"uv":[4,5,3.5,5.5],"rotation":90,"texture":"#1"},"down":{"uv":[4,5,3.5,5.5],"rotation":90,"texture":"#1"}}},{"from":[6.81869,9.36419,19.51325],"to":[8.08332,9.78786,19.68874],"rotation":{"angle":45,"axis":"x","origin":[7.451,9.57603,19.601]},"faces":{"north":{"uv":[3.5,5,4,5.5],"rotation":270,"texture":"#1"},"east":{"uv":[4,5,3.5,5.5],"rotation":90,"texture":"#1"},"south":{"uv":[3.5,5,4,5.5],"rotation":270,"texture":"#1"},"west":{"uv":[4,5,3.5,5.5],"rotation":90,"texture":"#1"},"up":{"uv":[4,5,3.5,5.5],"rotation":90,"texture":"#1"},"down":{"uv":[4,5,3.5,5.5],"rotation":90,"texture":"#1"}}},{"from":[6.81869,9.36419,19.51325],"to":[8.08332,9.78786,19.68874],"rotation":{"angle":-45,"axis":"x","origin":[7.451,9.57603,19.601]},"faces":{"north":{"uv":[3.5,5,4,5.5],"rotation":270,"texture":"#1"},"east":{"uv":[4,5,3.5,5.5],"rotation":90,"texture":"#1"},"south":{"uv":[3.5,5,4,5.5],"rotation":270,"texture":"#1"},"west":{"uv":[4,5,3.5,5.5],"rotation":90,"texture":"#1"},"up":{"uv":[4,5,3.5,5.5],"rotation":90,"texture":"#1"},"down":{"uv":[4,5,3.5,5.5],"rotation":90,"texture":"#1"}}},{"from":[6.81869,9.4238,17.04673],"to":[8.08332,9.84747,17.22222],"rotation":{"angle":0,"axis":"z","origin":[7.451,9.63563,17.13448]},"faces":{"north":{"uv":[0.5,6.5,1,7],"rotation":270,"texture":"#1"},"east":{"uv":[1,6.5,0.5,7],"rotation":90,"texture":"#1"},"south":{"uv":[0.5,6.5,1,7],"rotation":270,"texture":"#1"},"west":{"uv":[1,6.5,0.5,7],"rotation":90,"texture":"#1"},"up":{"uv":[1,6.5,0.5,7],"rotation":90,"texture":"#1"},"down":{"uv":[1,6.5,0.5,7],"rotation":90,"texture":"#1"}}},{"from":[6.81869,9.54789,16.92264],"to":[8.08332,9.72338,17.34631],"rotation":{"angle":0,"axis":"z","origin":[7.451,9.63563,17.13448]},"faces":{"north":{"uv":[0.5,6.5,1,7],"rotation":270,"texture":"#1"},"east":{"uv":[1,6.5,0.5,7],"rotation":90,"texture":"#1"},"south":{"uv":[0.5,6.5,1,7],"rotation":270,"texture":"#1"},"west":{"uv":[1,6.5,0.5,7],"rotation":90,"texture":"#1"},"up":{"uv":[1,6.5,0.5,7],"rotation":90,"texture":"#1"},"down":{"uv":[1,6.5,0.5,7],"rotation":90,"texture":"#1"}}},{"from":[6.81869,9.4238,17.04673],"to":[8.08332,9.84747,17.22222],"rotation":{"angle":45,"axis":"x","origin":[7.451,9.63563,17.13448]},"faces":{"north":{"uv":[0.5,6.5,1,7],"rotation":270,"texture":"#1"},"east":{"uv":[1,6.5,0.5,7],"rotation":90,"texture":"#1"},"south":{"uv":[0.5,6.5,1,7],"rotation":270,"texture":"#1"},"west":{"uv":[1,6.5,0.5,7],"rotation":90,"texture":"#1"},"up":{"uv":[1,6.5,0.5,7],"rotation":90,"texture":"#1"},"down":{"uv":[1,6.5,0.5,7],"rotation":90,"texture":"#1"}}},{"from":[6.81869,9.4238,17.04673],"to":[8.08332,9.84747,17.22222],"rotation":{"angle":-45,"axis":"x","origin":[7.451,9.63563,17.13448]},"faces":{"north":{"uv":[0.5,6.5,1,7],"rotation":270,"texture":"#1"},"east":{"uv":[1,6.5,0.5,7],"rotation":90,"texture":"#1"},"south":{"uv":[0.5,6.5,1,7],"rotation":270,"texture":"#1"},"west":{"uv":[1,6.5,0.5,7],"rotation":90,"texture":"#1"},"up":{"uv":[1,6.5,0.5,7],"rotation":90,"texture":"#1"},"down":{"uv":[1,6.5,0.5,7],"rotation":90,"texture":"#1"}}}],"display":{"thirdperson_righthand":{"rotation":[1.5,0,0],"translation":[0,-0.5,-2.5],"scale":[0.7,0.7,0.67]},"thirdperson_lefthand":{"rotation":[74.75,0,0],"translation":[-10.25,8,5.25],"scale":[0.7,0.7,0.67]},"firstperson_righthand":{"translation":[0,0.75,-8],"scale":[1,1,0.86]},"firstperson_lefthand":{"rotation":[0.5,0,0],"translation":[-9.474,4.745,8.8],"scale":[0.95,0.95,0.12]},"ground":{"rotation":[0,0,90],"translation":[0,-2,0],"scale":[0.7,0.7,0.7]},"gui":{"rotation":[107.25,-45.5,114.25],"translation":[2,2.25,0],"scale":[1,0.79188,0.71]},"head":{"rotation":[97.5,5.75,0],"translation":[7,-9.75,5.25]},"fixed":{"rotation":[0,90,0],"translation":[-0.75,0,-2.25]}},"groups":[{"name":"stock","origin":[0,0,0],"children":[0,1,2,3,4,5,6,7,8,9,10,11,12,13,14,15,16,17,18]},{"name":"barrel","origin":[0,0,0],"children":[19,20,21,22,23,24,25,26]},{"name":"rod","origin":[0,0,0],"children":[27,28,29,30]},{"name":"trigger","origin":[0,0,0],"children":[31,32,33,34,35,36,37,38,39]},{"name":"body_front_top","origin":[0,0,0],"children":[40,41]},{"name":"body_front_bottom","origin":[0,0,0],"children":[42,43,44,45,46]},{"name":"body_back_top","origin":[0,0,0],"children":[47,48]},{"name":"body_back_bottom","origin":[0,0,0],"children":[49,50,51,52,53,54,55,56,57,58]},{"name":"metal_ring_front","origin":[0,0,0],"children":[59,60,61,62,63,64,65,66]},{"name":"metal_ring_middle_bottom","origin":[0,0,0],"children":[67,68,69,70]},{"name":"iron_sight_front","origin":[0,0,0],"children":[71,72,73]},{"name":"metal_end_cap","origin":[0,0,0],"children":[74,75,76,77,78,79,80]},{"name":"iron_sight_middle","origin":[0,0,0],"children":[81,82,83]},{"name":"bolt1","origin":[0,0,0],"children":[84,85,86,87,88,89,90,91,92,93,94,95,96]},{"name":"is","origin":[0,0,0],"children":[97,98,99,100,101,102,103,104]},{"name":"is2","origin":[0,0,0],"children":[105,106,107,108,109,110,111,112]},{"name":"barrel_near_trigger","origin":[0,0,0],"children":[113,114,115,116]},{"name":"bolt_in_wood","origin":[0,0,0],"children":[117,118,119,120]},{"name":"barrel_inside_dark","origin":[0,0,0],"children":[121]},{"name":"magazine","origin":[0,0,0],"children":[122,123,124,125]},{"name":"magazine_top","origin":[0,0,0],"children":[126,127,128,129,130,131,132,133]},{"name":"bolt_action","origin":[0,0,0],"children":[134,135,136,137,138,139,140,141,142,143]},{"name":"magazine_inner","origin":[0,0,0],"children":[144,145,146,147,148,149,150,151,152,153,154,155,156,157,158,159,160]},{"name":"metal_button_grip","origin":[0,0,0],"children":[161,162,163,164]},{"name":"metal_bolt_magazine","origin":[0,0,0],"children":[165,166,167,168]}]}