{"textures":{"0":"item/xeth_ww1_flamethrower"},"elements":[{"from":[9.52642,8.69395,9.71668],"to":[11.73091,11.74066,20.36838],"rotation":{"angle":0,"axis":"z","origin":[10.62867,10.2173,15.04253]},"faces":{"north":{"uv":[1,4,2,5],"texture":"#0"},"east":{"uv":[1,4,2,5],"texture":"#0"},"south":{"uv":[1,4,2,5],"texture":"#0"},"west":{"uv":[1,4,2,5],"texture":"#0"},"up":{"uv":[1,4,2,5],"texture":"#0"},"down":{"uv":[1,4,2,5],"texture":"#0"}}},{"from":[9.52642,-0.67983,9.71668],"to":[11.73091,8.69395,12.31733],"rotation":{"angle":0,"axis":"z","origin":[10.62867,4.00706,11.01701]},"faces":{"north":{"uv":[1,4,2,5],"texture":"#0"},"east":{"uv":[1,4,2,5],"texture":"#0"},"south":{"uv":[1,4,2,5],"texture":"#0"},"west":{"uv":[1,4,2,5],"texture":"#0"},"up":{"uv":[1,4,2,5],"texture":"#0"},"down":{"uv":[1,4,2,5],"texture":"#0"}}},{"from":[9.52642,-3.72654,9.71668],"to":[11.73091,-0.67983,20.36838],"rotation":{"angle":0,"axis":"z","origin":[10.62867,-2.20319,15.04253]},"faces":{"north":{"uv":[1,4,2,5],"texture":"#0"},"east":{"uv":[1,4,2,5],"texture":"#0"},"south":{"uv":[1,4,2,5],"texture":"#0"},"west":{"uv":[1,4,2,5],"texture":"#0"},"up":{"uv":[1,4,2,5],"texture":"#0"},"down":{"uv":[1,4,2,5],"texture":"#0"}}},{"from":[12.65777,0.84998,-16],"to":[13.5076,1.27766,-10.83983],"rotation":{"angle":0,"axis":"z","origin":[13.08269,0.25183,-13.41991]},"faces":{"north":{"uv":[7,1,8,2],"texture":"#0"},"east":{"uv":[7,1,8,2],"texture":"#0"},"south":{"uv":[7,1,8,2],"texture":"#0"},"west":{"uv":[7,1,8,2],"texture":"#0"},"up":{"uv":[7,1,8,2],"texture":"#0"},"down":{"uv":[7,1,8,2],"texture":"#0"}}},{"from":[12.65777,0.84998,-16],"to":[13.5076,1.27766,-10.83983],"rotation":{"angle":-45,"axis":"z","origin":[13.08269,0.25183,-13.41991]},"faces":{"north":{"uv":[7,1,8,2],"texture":"#0"},"east":{"uv":[7,1,8,2],"texture":"#0"},"south":{"uv":[7,1,8,2],"texture":"#0"},"west":{"uv":[7,1,8,2],"texture":"#0"},"up":{"uv":[7,1,8,2],"texture":"#0"},"down":{"uv":[7,1,8,2],"texture":"#0"}}},{"from":[13.68084,-0.17308,-16],"to":[14.10851,0.67674,-10.83983],"rotation":{"angle":0,"axis":"z","origin":[13.08269,0.25183,-13.41991]},"faces":{"north":{"uv":[7,1,8,2],"texture":"#0"},"east":{"uv":[7,1,8,2],"texture":"#0"},"south":{"uv":[7,1,8,2],"texture":"#0"},"west":{"uv":[7,1,8,2],"texture":"#0"},"up":{"uv":[7,1,8,2],"texture":"#0"},"down":{"uv":[7,1,8,2],"texture":"#0"}}},{"from":[13.68084,-0.17308,-16],"to":[14.10851,0.67674,-10.83983],"rotation":{"angle":-45,"axis":"z","origin":[13.08269,0.25183,-13.41991]},"faces":{"north":{"uv":[7,1,8,2],"texture":"#0"},"east":{"uv":[7,1,8,2],"texture":"#0"},"south":{"uv":[7,1,8,2],"texture":"#0"},"west":{"uv":[7,1,8,2],"texture":"#0"},"up":{"uv":[7,1,8,2],"texture":"#0"},"down":{"uv":[7,1,8,2],"texture":"#0"}}},{"from":[12.65777,-0.774,-16],"to":[13.5076,-0.34632,-10.83983],"rotation":{"angle":0,"axis":"z","origin":[13.08269,0.25183,-13.41991]},"faces":{"north":{"uv":[7,1,8,2],"texture":"#0"},"east":{"uv":[7,1,8,2],"texture":"#0"},"south":{"uv":[7,1,8,2],"texture":"#0"},"west":{"uv":[7,1,8,2],"texture":"#0"},"up":{"uv":[7,1,8,2],"texture":"#0"},"down":{"uv":[7,1,8,2],"texture":"#0"}}},{"from":[12.05686,-0.17308,-16],"to":[12.48454,0.67674,-10.83983],"rotation":{"angle":45,"axis":"z","origin":[13.08269,0.25183,-13.41991]},"faces":{"north":{"uv":[7,1,8,2],"texture":"#0"},"east":{"uv":[7,1,8,2],"texture":"#0"},"south":{"uv":[7,1,8,2],"texture":"#0"},"west":{"uv":[7,1,8,2],"texture":"#0"},"up":{"uv":[7,1,8,2],"texture":"#0"},"down":{"uv":[7,1,8,2],"texture":"#0"}}},{"from":[12.05686,-0.17308,-16],"to":[12.48454,0.67674,-10.83983],"rotation":{"angle":0,"axis":"z","origin":[13.08269,0.25183,-13.41991]},"faces":{"north":{"uv":[7,1,8,2],"texture":"#0"},"east":{"uv":[7,1,8,2],"texture":"#0"},"south":{"uv":[7,1,8,2],"texture":"#0"},"west":{"uv":[7,1,8,2],"texture":"#0"},"up":{"uv":[7,1,8,2],"texture":"#0"},"down":{"uv":[7,1,8,2],"texture":"#0"}}},{"from":[12.65777,0.84998,-16],"to":[13.5076,1.27766,-10.83983],"rotation":{"angle":45,"axis":"z","origin":[13.08269,0.25183,-13.41991]},"faces":{"north":{"uv":[7,1,8,2],"texture":"#0"},"east":{"uv":[7,1,8,2],"texture":"#0"},"south":{"uv":[7,1,8,2],"texture":"#0"},"west":{"uv":[7,1,8,2],"texture":"#0"},"up":{"uv":[7,1,8,2],"texture":"#0"},"down":{"uv":[7,1,8,2],"texture":"#0"}}},{"from":[1.03622,8.69395,9.71668],"to":[3.2407,11.74066,20.36838],"rotation":{"angle":0,"axis":"z","origin":[2.13846,10.2173,15.04253]},"faces":{"north":{"uv":[1,4,2,5],"texture":"#0"},"east":{"uv":[1,4,2,5],"texture":"#0"},"south":{"uv":[1,4,2,5],"texture":"#0"},"west":{"uv":[1,4,2,5],"texture":"#0"},"up":{"uv":[1,4,2,5],"texture":"#0"},"down":{"uv":[1,4,2,5],"texture":"#0"}}},{"from":[1.03622,-0.67983,9.71668],"to":[3.2407,8.69395,12.31733],"rotation":{"angle":0,"axis":"z","origin":[2.13846,4.00706,11.01701]},"faces":{"north":{"uv":[1,4,2,5],"texture":"#0"},"east":{"uv":[1,4,2,5],"texture":"#0"},"south":{"uv":[1,4,2,5],"texture":"#0"},"west":{"uv":[1,4,2,5],"texture":"#0"},"up":{"uv":[1,4,2,5],"texture":"#0"},"down":{"uv":[1,4,2,5],"texture":"#0"}}},{"from":[1.03622,-3.72654,9.71668],"to":[3.2407,-0.67983,20.36838],"rotation":{"angle":0,"axis":"z","origin":[2.13846,-2.20319,15.04253]},"faces":{"north":{"uv":[1,4,2,5],"texture":"#0"},"east":{"uv":[1,4,2,5],"texture":"#0"},"south":{"uv":[1,4,2,5],"texture":"#0"},"west":{"uv":[1,4,2,5],"texture":"#0"},"up":{"uv":[1,4,2,5],"texture":"#0"},"down":{"uv":[1,4,2,5],"texture":"#0"}}},{"from":[0.22976,-4.44952,20.6109],"to":[12.53736,15.44655,25.70887],"rotation":{"angle":0,"axis":"z","origin":[6.38356,5.49852,23.15989]},"faces":{"north":{"uv":[7,1,8,2],"texture":"#0"},"east":{"uv":[7,1,8,2],"texture":"#0"},"south":{"uv":[7,1,8,2],"texture":"#0"},"west":{"uv":[7,1,8,2],"texture":"#0"},"up":{"uv":[7,1,8,2],"texture":"#0"},"down":{"uv":[7,1,8,2],"texture":"#0"}}},{"from":[3.83457,-4.44952,17.00609],"to":[8.93255,15.44655,29.31369],"rotation":{"angle":0,"axis":"z","origin":[6.38356,5.49852,23.15989]},"faces":{"north":{"uv":[7,1,8,2],"texture":"#0"},"east":{"uv":[7,1,8,2],"texture":"#0"},"south":{"uv":[7,1,8,2],"texture":"#0"},"west":{"uv":[7,1,8,2],"texture":"#0"},"up":{"uv":[7,1,8,2],"texture":"#0"},"down":{"uv":[7,1,8,2],"texture":"#0"}}},{"from":[0.22976,-4.44952,20.6109],"to":[12.53736,15.44655,25.70887],"rotation":{"angle":45,"axis":"y","origin":[6.38356,5.49852,23.15989]},"faces":{"north":{"uv":[7,1,8,2],"texture":"#0"},"east":{"uv":[7,1,8,2],"texture":"#0"},"south":{"uv":[7,1,8,2],"texture":"#0"},"west":{"uv":[7,1,8,2],"texture":"#0"},"up":{"uv":[7,1,8,2],"texture":"#0"},"down":{"uv":[7,1,8,2],"texture":"#0"}}},{"from":[0.22976,-4.44952,20.6109],"to":[12.53736,15.44655,25.70887],"rotation":{"angle":-45,"axis":"y","origin":[6.38356,5.49852,23.15989]},"faces":{"north":{"uv":[7,1,8,2],"texture":"#0"},"east":{"uv":[7,1,8,2],"texture":"#0"},"south":{"uv":[7,1,8,2],"texture":"#0"},"west":{"uv":[7,1,8,2],"texture":"#0"},"up":{"uv":[7,1,8,2],"texture":"#0"},"down":{"uv":[7,1,8,2],"texture":"#0"}}},{"from":[1.347,-5.46093,21.07172],"to":[11.42012,17.10301,25.24414],"rotation":{"angle":0,"axis":"z","origin":[6.38356,4.94961,23.15793]},"faces":{"north":{"uv":[7,1,8,2],"texture":"#0"},"east":{"uv":[7,1,8,2],"texture":"#0"},"south":{"uv":[7,1,8,2],"texture":"#0"},"west":{"uv":[7,1,8,2],"texture":"#0"},"up":{"uv":[7,1,8,2],"texture":"#0"},"down":{"uv":[7,1,8,2],"texture":"#0"}}},{"from":[4.29735,-5.46093,18.12137],"to":[8.46977,17.10301,28.19448],"rotation":{"angle":0,"axis":"z","origin":[6.38356,4.94961,23.15793]},"faces":{"north":{"uv":[7,1,8,2],"texture":"#0"},"east":{"uv":[7,1,8,2],"texture":"#0"},"south":{"uv":[7,1,8,2],"texture":"#0"},"west":{"uv":[7,1,8,2],"texture":"#0"},"up":{"uv":[7,1,8,2],"texture":"#0"},"down":{"uv":[7,1,8,2],"texture":"#0"}}},{"from":[1.34701,-5.46093,21.07172],"to":[11.42012,17.10301,25.24414],"rotation":{"angle":45,"axis":"y","origin":[6.38356,4.94961,23.15793]},"faces":{"north":{"uv":[7,1,8,2],"texture":"#0"},"east":{"uv":[7,1,8,2],"texture":"#0"},"south":{"uv":[7,1,8,2],"texture":"#0"},"west":{"uv":[7,1,8,2],"texture":"#0"},"up":{"uv":[7,1,8,2],"texture":"#0"},"down":{"uv":[7,1,8,2],"texture":"#0"}}},{"from":[1.34701,-5.46093,21.07172],"to":[11.42012,17.10301,25.24414],"rotation":{"angle":-45,"axis":"y","origin":[6.38356,4.94961,23.15793]},"faces":{"north":{"uv":[7,1,8,2],"texture":"#0"},"east":{"uv":[7,1,8,2],"texture":"#0"},"south":{"uv":[7,1,8,2],"texture":"#0"},"west":{"uv":[7,1,8,2],"texture":"#0"},"up":{"uv":[7,1,8,2],"texture":"#0"},"down":{"uv":[7,1,8,2],"texture":"#0"}}},{"from":[2.57544,13.73598,21.58055],"to":[10.19169,18.56108,24.7353],"rotation":{"angle":0,"axis":"z","origin":[6.38356,16.14853,23.15793]},"faces":{"north":{"uv":[7,1,8,2],"texture":"#0"},"east":{"uv":[7,1,8,2],"texture":"#0"},"south":{"uv":[7,1,8,2],"texture":"#0"},"west":{"uv":[7,1,8,2],"texture":"#0"},"up":{"uv":[7,1,8,2],"texture":"#0"},"down":{"uv":[7,1,8,2],"texture":"#0"}}},{"from":[4.80618,13.73599,19.3498],"to":[7.96094,18.56108,26.96605],"rotation":{"angle":0,"axis":"z","origin":[6.38356,16.14853,23.15793]},"faces":{"north":{"uv":[7,1,8,2],"texture":"#0"},"east":{"uv":[7,1,8,2],"texture":"#0"},"south":{"uv":[7,1,8,2],"texture":"#0"},"west":{"uv":[7,1,8,2],"texture":"#0"},"up":{"uv":[7,1,8,2],"texture":"#0"},"down":{"uv":[7,1,8,2],"texture":"#0"}}},{"from":[2.57544,13.73598,21.58055],"to":[10.19168,18.56108,24.7353],"rotation":{"angle":45,"axis":"y","origin":[6.38356,16.14853,23.15793]},"faces":{"north":{"uv":[7,1,8,2],"texture":"#0"},"east":{"uv":[7,1,8,2],"texture":"#0"},"south":{"uv":[7,1,8,2],"texture":"#0"},"west":{"uv":[7,1,8,2],"texture":"#0"},"up":{"uv":[7,1,8,2],"texture":"#0"},"down":{"uv":[7,1,8,2],"texture":"#0"}}},{"from":[2.57544,13.73598,21.58055],"to":[10.19168,18.56108,24.7353],"rotation":{"angle":-45,"axis":"y","origin":[6.38356,16.14853,23.15793]},"faces":{"north":{"uv":[7,1,8,2],"texture":"#0"},"east":{"uv":[7,1,8,2],"texture":"#0"},"south":{"uv":[7,1,8,2],"texture":"#0"},"west":{"uv":[7,1,8,2],"texture":"#0"},"up":{"uv":[7,1,8,2],"texture":"#0"},"down":{"uv":[7,1,8,2],"texture":"#0"}}},{"from":[4.25767,16.12955,22.36005],"to":[4.89544,21.46093,24.12119],"rotation":{"angle":0,"axis":"z","origin":[6.38356,18.79524,23.24062]},"faces":{"north":{"uv":[7,1,8,2],"texture":"#0"},"east":{"uv":[7,1,8,2],"texture":"#0"},"south":{"uv":[7,1,8,2],"texture":"#0"},"west":{"uv":[7,1,8,2],"texture":"#0"},"up":{"uv":[7,1,8,2],"texture":"#0"},"down":{"uv":[7,1,8,2],"texture":"#0"}}},{"from":[4.25768,16.12955,22.36005],"to":[4.89544,21.46093,24.12119],"rotation":{"angle":45,"axis":"y","origin":[6.38356,18.79524,23.24062]},"faces":{"north":{"uv":[7,1,8,2],"texture":"#0"},"east":{"uv":[7,1,8,2],"texture":"#0"},"south":{"uv":[7,1,8,2],"texture":"#0"},"west":{"uv":[7,1,8,2],"texture":"#0"},"up":{"uv":[7,1,8,2],"texture":"#0"},"down":{"uv":[7,1,8,2],"texture":"#0"}}},{"from":[5.50299,16.12955,24.72874],"to":[7.26413,21.46093,25.3665],"rotation":{"angle":0,"axis":"z","origin":[6.38356,18.79524,23.24062]},"faces":{"north":{"uv":[7,1,8,2],"texture":"#0"},"east":{"uv":[7,1,8,2],"texture":"#0"},"south":{"uv":[7,1,8,2],"texture":"#0"},"west":{"uv":[7,1,8,2],"texture":"#0"},"up":{"uv":[7,1,8,2],"texture":"#0"},"down":{"uv":[7,1,8,2],"texture":"#0"}}},{"from":[7.87168,16.12955,22.36005],"to":[8.50945,21.46093,24.12119],"rotation":{"angle":-45,"axis":"y","origin":[6.38356,18.79524,23.24062]},"faces":{"north":{"uv":[7,1,8,2],"texture":"#0"},"east":{"uv":[7,1,8,2],"texture":"#0"},"south":{"uv":[7,1,8,2],"texture":"#0"},"west":{"uv":[7,1,8,2],"texture":"#0"},"up":{"uv":[7,1,8,2],"texture":"#0"},"down":{"uv":[7,1,8,2],"texture":"#0"}}},{"from":[7.87168,16.12955,22.36005],"to":[8.50945,21.46093,24.12119],"rotation":{"angle":0,"axis":"z","origin":[6.38356,18.79524,23.24062]},"faces":{"north":{"uv":[7,1,8,2],"texture":"#0"},"east":{"uv":[7,1,8,2],"texture":"#0"},"south":{"uv":[7,1,8,2],"texture":"#0"},"west":{"uv":[7,1,8,2],"texture":"#0"},"up":{"uv":[7,1,8,2],"texture":"#0"},"down":{"uv":[7,1,8,2],"texture":"#0"}}},{"from":[6.07043,17.11253,22.85924],"to":[6.69669,19.8772,23.45662],"rotation":{"angle":0,"axis":"z","origin":[6.38356,18.49487,23.15793]},"faces":{"north":{"uv":[7,1,8,2],"texture":"#0"},"east":{"uv":[7,1,8,2],"texture":"#0"},"south":{"uv":[7,1,8,2],"texture":"#0"},"west":{"uv":[7,1,8,2],"texture":"#0"},"up":{"uv":[7,1,8,2],"texture":"#0"},"down":{"uv":[7,1,8,2],"texture":"#0"}}},{"from":[5.66477,19.44376,22.47229],"to":[7.10235,20.37399,23.84357],"rotation":{"angle":0,"axis":"z","origin":[6.38356,19.90887,23.15793]},"faces":{"north":{"uv":[7,1,8,2],"texture":"#0"},"east":{"uv":[7,1,8,2],"texture":"#0"},"south":{"uv":[7,1,8,2],"texture":"#0"},"west":{"uv":[7,1,8,2],"texture":"#0"},"up":{"uv":[7,1,8,2],"texture":"#0"},"down":{"uv":[7,1,8,2],"texture":"#0"}}},{"from":[5.79597,1.41486,28.22436],"to":[6.97115,2.80796,31.0615],"rotation":{"angle":0,"axis":"z","origin":[6.38356,2.11141,29.64293]},"faces":{"north":{"uv":[7,1,8,2],"texture":"#0"},"east":{"uv":[7,1,8,2],"texture":"#0"},"south":{"uv":[7,1,8,2],"texture":"#0"},"west":{"uv":[7,1,8,2],"texture":"#0"},"up":{"uv":[7,1,8,2],"texture":"#0"},"down":{"uv":[7,1,8,2],"texture":"#0"}}},{"from":[12.77917,-0.48091,-11.94661],"to":[13.3862,0.98457,7.88989],"rotation":{"angle":0,"axis":"z","origin":[13.08269,0.25183,-2.02836]},"faces":{"north":{"uv":[7,1,8,2],"texture":"#0"},"east":{"uv":[7,1,8,2],"texture":"#0"},"south":{"uv":[7,1,8,2],"texture":"#0"},"west":{"uv":[7,1,8,2],"texture":"#0"},"up":{"uv":[7,1,8,2],"texture":"#0"},"down":{"uv":[7,1,8,2],"texture":"#0"}}},{"from":[12.34994,-0.05168,-11.94661],"to":[13.81543,0.55534,7.88989],"rotation":{"angle":0,"axis":"z","origin":[13.08268,0.25183,-2.02836]},"faces":{"north":{"uv":[7,1,8,2],"texture":"#0"},"east":{"uv":[7,1,8,2],"texture":"#0"},"south":{"uv":[7,1,8,2],"texture":"#0"},"west":{"uv":[7,1,8,2],"texture":"#0"},"up":{"uv":[7,1,8,2],"texture":"#0"},"down":{"uv":[7,1,8,2],"texture":"#0"}}},{"from":[12.77917,-0.48091,-11.94661],"to":[13.3862,0.98457,7.88989],"rotation":{"angle":-45,"axis":"z","origin":[13.08268,0.25183,-2.02836]},"faces":{"north":{"uv":[7,1,8,2],"texture":"#0"},"east":{"uv":[7,1,8,2],"texture":"#0"},"south":{"uv":[7,1,8,2],"texture":"#0"},"west":{"uv":[7,1,8,2],"texture":"#0"},"up":{"uv":[7,1,8,2],"texture":"#0"},"down":{"uv":[7,1,8,2],"texture":"#0"}}},{"from":[12.77917,-0.48091,-11.94661],"to":[13.3862,0.98457,7.88989],"rotation":{"angle":45,"axis":"z","origin":[13.08268,0.25183,-2.02836]},"faces":{"north":{"uv":[7,1,8,2],"texture":"#0"},"east":{"uv":[7,1,8,2],"texture":"#0"},"south":{"uv":[7,1,8,2],"texture":"#0"},"west":{"uv":[7,1,8,2],"texture":"#0"},"up":{"uv":[7,1,8,2],"texture":"#0"},"down":{"uv":[7,1,8,2],"texture":"#0"}}},{"from":[12.21113,-0.60599,9.47272],"to":[13.90842,1.0913,12.61932],"rotation":{"angle":0,"axis":"z","origin":[13.05977,0.24265,10.18674]},"faces":{"north":{"uv":[4,1,5,2],"texture":"#0"},"east":{"uv":[4,1,5,2],"texture":"#0"},"south":{"uv":[4,1,5,2],"texture":"#0"},"west":{"uv":[4,1,5,2],"texture":"#0"},"up":{"uv":[4,1,5,2],"texture":"#0"},"down":{"uv":[4,1,5,2],"texture":"#0"}}},{"from":[12.21113,-2.07753,11.30675],"to":[13.90842,-0.38023,16.17191],"rotation":{"angle":45,"axis":"x","origin":[13.05977,-1.22888,13.73933]},"faces":{"north":{"uv":[4,1,5,2],"texture":"#0"},"east":{"uv":[4,1,5,2],"texture":"#0"},"south":{"uv":[4,1,5,2],"texture":"#0"},"west":{"uv":[4,1,5,2],"texture":"#0"},"up":{"uv":[4,1,5,2],"texture":"#0"},"down":{"uv":[4,1,5,2],"texture":"#0"}}},{"from":[13.20663,-3.54906,14.34941],"to":[14.90393,-1.85176,19.8641],"rotation":{"angle":22.5,"axis":"y","origin":[14.05528,-2.70041,17.43152]},"faces":{"north":{"uv":[4,1,5,2],"texture":"#0"},"east":{"uv":[4,1,5,2],"texture":"#0"},"south":{"uv":[4,1,5,2],"texture":"#0"},"west":{"uv":[4,1,5,2],"texture":"#0"},"up":{"uv":[4,1,5,2],"texture":"#0"},"down":{"uv":[4,1,5,2],"texture":"#0"}}},{"from":[14.07294,-2.68275,18.84423],"to":[15.77024,-0.98545,23.7094],"rotation":{"angle":-22.5,"axis":"x","origin":[14.92159,-1.8341,21.27682]},"faces":{"north":{"uv":[4,1,5,2],"texture":"#0"},"east":{"uv":[4,1,5,2],"texture":"#0"},"south":{"uv":[4,1,5,2],"texture":"#0"},"west":{"uv":[4,1,5,2],"texture":"#0"},"up":{"uv":[4,1,5,2],"texture":"#0"},"down":{"uv":[4,1,5,2],"texture":"#0"}}},{"from":[14.07294,-1.79964,24.12036],"to":[15.77024,3.06552,25.81765],"rotation":{"angle":45,"axis":"x","origin":[14.92159,0.63294,24.969]},"faces":{"north":{"uv":[4,1,5,2],"texture":"#0"},"east":{"uv":[4,1,5,2],"texture":"#0"},"south":{"uv":[4,1,5,2],"texture":"#0"},"west":{"uv":[4,1,5,2],"texture":"#0"},"up":{"uv":[4,1,5,2],"texture":"#0"},"down":{"uv":[4,1,5,2],"texture":"#0"}}},{"from":[12.06612,1.25582,24.5862],"to":[13.76341,2.95312,32],"rotation":{"angle":-45,"axis":"y","origin":[12.91477,2.10447,27.66831]},"faces":{"north":{"uv":[4,1,5,2],"texture":"#0"},"east":{"uv":[4,1,5,2],"texture":"#0"},"south":{"uv":[4,1,5,2],"texture":"#0"},"west":{"uv":[4,1,5,2],"texture":"#0"},"up":{"uv":[4,1,5,2],"texture":"#0"},"down":{"uv":[4,1,5,2],"texture":"#0"}}},{"from":[5.37214,1.25582,29.63407],"to":[10.45188,2.95312,31.33136],"rotation":{"angle":0,"axis":"z","origin":[8.0193,2.10447,30.48271]},"faces":{"north":{"uv":[4,1,5,2],"texture":"#0"},"east":{"uv":[4,1,5,2],"texture":"#0"},"south":{"uv":[4,1,5,2],"texture":"#0"},"west":{"uv":[4,1,5,2],"texture":"#0"},"up":{"uv":[4,1,5,2],"texture":"#0"},"down":{"uv":[4,1,5,2],"texture":"#0"}}},{"from":[12.14529,-0.67183,7.27764],"to":[13.97426,1.15714,10.37131],"rotation":{"angle":0,"axis":"z","origin":[13.05977,0.24265,8.82448]},"faces":{"north":{"uv":[1,4,2,5],"texture":"#0"},"east":{"uv":[1,4,2,5],"texture":"#0"},"south":{"uv":[1,4,2,5],"texture":"#0"},"west":{"uv":[1,4,2,5],"texture":"#0"},"up":{"uv":[1,4,2,5],"texture":"#0"},"down":{"uv":[1,4,2,5],"texture":"#0"}}}],"display":{"thirdperson_righthand":{"rotation":[67,0,0],"translation":[-4.68,3.5,8.5],"scale":[0.86,0.86,0.86]},"thirdperson_lefthand":{"rotation":[67,0,0],"translation":[-7.43,3.5,7.25],"scale":[0.9,0.9,0.9]},"firstperson_righthand":{"rotation":[1.5,0,80],"translation":[-15,-5,70],"scale":[1,1,4]},"firstperson_lefthand":{"translation":[9.75,3.75,0]},"ground":{"translation":[0,9,0]},"gui":{"rotation":[35.5,-126,-3.25],"translation":[0.25,0.25,0],"scale":[0.4,0.4,0.4]},"head":{"translation":[2.75,-10,-9.25],"scale":[1.4,1.4,1.4]},"fixed":{"rotation":[0,90,0],"translation":[-6,1.75,-3.25]}},"groups":[{"name":"strap","origin":[0,0,0],"children":[0,1,2,3,4,5,6,7,8,9,10,11,12,13]},{"name":"tank","origin":[0,0,0],"children":[14,15,16,17,18,19,20,21,22,23,24,25,26,27,28,29,30,31,32,33]},{"name":"nozzle","origin":[0,0,0],"children":[34,35,36,37]},{"name":"tube","origin":[0,0,0],"children":[38,39,40,41,42,43,44,45]}]}