{"credit":"made by xeth","texture_size":[8,8],"textures":{"0":"item/xeth_ww1_trench_knife"},"elements":[{"from":[6.87677,-14.917,6.35959],"to":[9.12323,2.51685,9.64041],"rotation":{"angle":0,"axis":"z","origin":[8,-6.20007,8]},"faces":{"north":{"uv":[2,2,4,4],"texture":"#0"},"east":{"uv":[2,2,4,4],"texture":"#0"},"south":{"uv":[2,2,4,4],"texture":"#0"},"west":{"uv":[2,2,4,4],"texture":"#0"},"up":{"uv":[2,2,4,4],"texture":"#0"},"down":{"uv":[2,2,4,4],"texture":"#0"}}},{"from":[7.52107,-14.917,5.71529],"to":[8.47893,2.51685,10.28471],"rotation":{"angle":0,"axis":"z","origin":[8,-6.20007,8]},"faces":{"north":{"uv":[2,2,4,4],"texture":"#0"},"east":{"uv":[2,2,4,4],"texture":"#0"},"south":{"uv":[2,2,4,4],"texture":"#0"},"west":{"uv":[2,2,4,4],"texture":"#0"},"up":{"uv":[2,2,4,4],"texture":"#0"},"down":{"uv":[2,2,4,4],"texture":"#0"}}},{"from":[7.07411,-14.917,9.20564],"to":[7.92639,2.51685,10.11682],"rotation":{"angle":45,"axis":"y","origin":[7.50025,-6.20007,9.66123]},"faces":{"north":{"uv":[2,2,4,4],"texture":"#0"},"east":{"uv":[2,2,4,4],"texture":"#0"},"south":{"uv":[2,2,4,4],"texture":"#0"},"west":{"uv":[2,2,4,4],"texture":"#0"},"up":{"uv":[2,2,4,4],"texture":"#0"},"down":{"uv":[2,2,4,4],"texture":"#0"}}},{"from":[7.07411,-14.917,5.88318],"to":[7.92639,2.51685,6.79436],"rotation":{"angle":-45,"axis":"y","origin":[7.50025,-6.20007,6.33877]},"faces":{"north":{"uv":[2,2,4,4],"texture":"#0"},"east":{"uv":[2,2,4,4],"texture":"#0"},"south":{"uv":[2,2,4,4],"texture":"#0"},"west":{"uv":[2,2,4,4],"texture":"#0"},"up":{"uv":[2,2,4,4],"texture":"#0"},"down":{"uv":[2,2,4,4],"texture":"#0"}}},{"from":[8.07361,-14.917,5.88318],"to":[8.92589,2.51685,6.79436],"rotation":{"angle":45,"axis":"y","origin":[8.49975,-6.20007,6.33877]},"faces":{"north":{"uv":[2,2,4,4],"texture":"#0"},"east":{"uv":[2,2,4,4],"texture":"#0"},"south":{"uv":[2,2,4,4],"texture":"#0"},"west":{"uv":[2,2,4,4],"texture":"#0"},"up":{"uv":[2,2,4,4],"texture":"#0"},"down":{"uv":[2,2,4,4],"texture":"#0"}}},{"from":[8.07361,-14.917,9.20564],"to":[8.92589,2.51685,10.11682],"rotation":{"angle":-45,"axis":"y","origin":[8.49975,-6.20007,9.66123]},"faces":{"north":{"uv":[2,2,4,4],"texture":"#0"},"east":{"uv":[2,2,4,4],"texture":"#0"},"south":{"uv":[2,2,4,4],"texture":"#0"},"west":{"uv":[2,2,4,4],"texture":"#0"},"up":{"uv":[2,2,4,4],"texture":"#0"},"down":{"uv":[2,2,4,4],"texture":"#0"}}},{"from":[6.49613,-16,6.06641],"to":[9.50387,-14.68597,9.93359],"rotation":{"angle":0,"axis":"z","origin":[8,-15.34299,8]},"faces":{"north":{"uv":[2,2,4,4],"texture":"#0"},"east":{"uv":[2,2,4,4],"texture":"#0"},"south":{"uv":[2,2,4,4],"texture":"#0"},"west":{"uv":[2,2,4,4],"texture":"#0"},"up":{"uv":[2,2,4,4],"texture":"#0"},"down":{"uv":[2,2,4,4],"texture":"#0"}}},{"from":[7.25558,-16,5.30696],"to":[8.74442,-14.68597,10.69304],"rotation":{"angle":0,"axis":"z","origin":[8,-15.34299,8]},"faces":{"north":{"uv":[2,2,4,4],"texture":"#0"},"east":{"uv":[2,2,4,4],"texture":"#0"},"south":{"uv":[2,2,4,4],"texture":"#0"},"west":{"uv":[2,2,4,4],"texture":"#0"},"up":{"uv":[2,2,4,4],"texture":"#0"},"down":{"uv":[2,2,4,4],"texture":"#0"}}},{"from":[6.72873,-16,9.42112],"to":[7.73334,-14.68597,10.49514],"rotation":{"angle":45,"axis":"y","origin":[7.23103,-15.34299,9.95813]},"faces":{"north":{"uv":[2,2,4,4],"texture":"#0"},"east":{"uv":[2,2,4,4],"texture":"#0"},"south":{"uv":[2,2,4,4],"texture":"#0"},"west":{"uv":[2,2,4,4],"texture":"#0"},"up":{"uv":[2,2,4,4],"texture":"#0"},"down":{"uv":[2,2,4,4],"texture":"#0"}}},{"from":[6.72873,-16,5.50486],"to":[7.73334,-14.68597,6.57888],"rotation":{"angle":-45,"axis":"y","origin":[7.23103,-15.34299,6.04187]},"faces":{"north":{"uv":[2,2,4,4],"texture":"#0"},"east":{"uv":[2,2,4,4],"texture":"#0"},"south":{"uv":[2,2,4,4],"texture":"#0"},"west":{"uv":[2,2,4,4],"texture":"#0"},"up":{"uv":[2,2,4,4],"texture":"#0"},"down":{"uv":[2,2,4,4],"texture":"#0"}}},{"from":[8.26666,-16,5.50486],"to":[9.27127,-14.68597,6.57888],"rotation":{"angle":45,"axis":"y","origin":[8.76897,-15.34299,6.04187]},"faces":{"north":{"uv":[2,2,4,4],"texture":"#0"},"east":{"uv":[2,2,4,4],"texture":"#0"},"south":{"uv":[2,2,4,4],"texture":"#0"},"west":{"uv":[2,2,4,4],"texture":"#0"},"up":{"uv":[2,2,4,4],"texture":"#0"},"down":{"uv":[2,2,4,4],"texture":"#0"}}},{"from":[8.26666,-16,9.42112],"to":[9.27127,-14.68597,10.49514],"rotation":{"angle":-45,"axis":"y","origin":[8.76897,-15.34299,9.95813]},"faces":{"north":{"uv":[2,2,4,4],"texture":"#0"},"east":{"uv":[2,2,4,4],"texture":"#0"},"south":{"uv":[2,2,4,4],"texture":"#0"},"west":{"uv":[2,2,4,4],"texture":"#0"},"up":{"uv":[2,2,4,4],"texture":"#0"},"down":{"uv":[2,2,4,4],"texture":"#0"}}},{"from":[7.79353,27.39824,7.01632],"to":[8.20647,29.25947,7.87273],"rotation":{"angle":22.5,"axis":"x","origin":[8,28.32886,7.44453]},"faces":{"north":{"uv":[8,2,10,4],"texture":"#0"},"east":{"uv":[8,2,10,4],"texture":"#0"},"south":{"uv":[8,2,10,4],"texture":"#0"},"west":{"uv":[8,2,10,4],"texture":"#0"},"up":{"uv":[8,2,10,4],"texture":"#0"},"down":{"uv":[8,2,10,4],"texture":"#0"}}},{"from":[7.64976,2.6606,5.91568],"to":[8.35024,4.70864,10.08432],"rotation":{"angle":0,"axis":"z","origin":[8,3.68462,8]},"faces":{"north":{"uv":[8,2,10,4],"texture":"#0"},"east":{"uv":[8,2,10,4],"texture":"#0"},"south":{"uv":[8,2,10,4],"texture":"#0"},"west":{"uv":[8,2,10,4],"texture":"#0"},"up":{"uv":[8,2,10,4],"texture":"#0"},"down":{"uv":[8,2,10,4],"texture":"#0"}}},{"from":[7.92093,30.43194,7.35049],"to":[8.07907,31.73096,8.64951],"rotation":{"angle":-45,"axis":"x","origin":[8,31.08145,8]},"faces":{"north":{"uv":[8,2,10,4],"texture":"#0"},"east":{"uv":[8,2,10,4],"texture":"#0"},"south":{"uv":[8,2,10,4],"texture":"#0"},"west":{"uv":[8,2,10,4],"texture":"#0"},"up":{"uv":[8,2,10,4],"texture":"#0"},"down":{"uv":[8,2,10,4],"texture":"#0"}}},{"from":[7.92093,28.06428,6.4813],"to":[8.07907,30.93783,7.8035],"rotation":{"angle":22.5,"axis":"x","origin":[8,29.50105,7.1424]},"faces":{"north":{"uv":[8,2,10,4],"texture":"#0"},"east":{"uv":[8,2,10,4],"texture":"#0"},"south":{"uv":[8,2,10,4],"texture":"#0"},"west":{"uv":[8,2,10,4],"texture":"#0"},"up":{"uv":[8,2,10,4],"texture":"#0"},"down":{"uv":[8,2,10,4],"texture":"#0"}}},{"from":[7.92093,28.06428,8.1965],"to":[8.07907,30.93783,9.5187],"rotation":{"angle":-22.5,"axis":"x","origin":[8,29.50105,8.8576]},"faces":{"north":{"uv":[8,2,10,4],"texture":"#0"},"east":{"uv":[8,2,10,4],"texture":"#0"},"south":{"uv":[8,2,10,4],"texture":"#0"},"west":{"uv":[8,2,10,4],"texture":"#0"},"up":{"uv":[8,2,10,4],"texture":"#0"},"down":{"uv":[8,2,10,4],"texture":"#0"}}},{"from":[7.92093,4.40981,5.98179],"to":[8.07907,28.42663,10.01821],"rotation":{"angle":0,"axis":"z","origin":[8,16.41822,8]},"faces":{"north":{"uv":[8,2,10,4],"texture":"#0"},"east":{"uv":[8,2,10,4],"texture":"#0"},"south":{"uv":[8,2,10,4],"texture":"#0"},"west":{"uv":[8,2,10,4],"texture":"#0"},"up":{"uv":[8,2,10,4],"texture":"#0"},"down":{"uv":[8,2,10,4],"texture":"#0"}}},{"from":[7.79353,28.9318,7.57931],"to":[8.20647,29.77319,8.4207],"rotation":{"angle":-45,"axis":"x","origin":[8,29.3525,8]},"faces":{"north":{"uv":[8,2,10,4],"texture":"#0"},"east":{"uv":[8,2,10,4],"texture":"#0"},"south":{"uv":[8,2,10,4],"texture":"#0"},"west":{"uv":[8,2,10,4],"texture":"#0"},"up":{"uv":[8,2,10,4],"texture":"#0"},"down":{"uv":[8,2,10,4],"texture":"#0"}}},{"from":[7.79353,27.39824,8.12727],"to":[8.20647,29.25947,8.98368],"rotation":{"angle":-22.5,"axis":"x","origin":[8,28.32886,8.55547]},"faces":{"north":{"uv":[8,2,10,4],"texture":"#0"},"east":{"uv":[8,2,10,4],"texture":"#0"},"south":{"uv":[8,2,10,4],"texture":"#0"},"west":{"uv":[8,2,10,4],"texture":"#0"},"up":{"uv":[8,2,10,4],"texture":"#0"},"down":{"uv":[8,2,10,4],"texture":"#0"}}},{"from":[7.79353,4.40981,6.69279],"to":[8.20647,27.63294,9.30721],"rotation":{"angle":0,"axis":"z","origin":[8,16.02138,8]},"faces":{"north":{"uv":[8,2,10,4],"texture":"#0"},"east":{"uv":[8,2,10,4],"texture":"#0"},"south":{"uv":[8,2,10,4],"texture":"#0"},"west":{"uv":[8,2,10,4],"texture":"#0"},"up":{"uv":[8,2,10,4],"texture":"#0"},"down":{"uv":[8,2,10,4],"texture":"#0"}}},{"from":[7.79353,4.40981,7.48918],"to":[8.20647,28.69885,8.51082],"rotation":{"angle":0,"axis":"z","origin":[8,16.55433,8]},"faces":{"north":{"uv":[8,2,10,4],"texture":"#0"},"east":{"uv":[8,2,10,4],"texture":"#0"},"south":{"uv":[8,2,10,4],"texture":"#0"},"west":{"uv":[8,2,10,4],"texture":"#0"},"up":{"uv":[8,2,10,4],"texture":"#0"},"down":{"uv":[8,2,10,4],"texture":"#0"}}},{"from":[7.65622,4.40981,7.77606],"to":[8.34378,28.42875,8.22394],"rotation":{"angle":0,"axis":"z","origin":[8,16.41928,8]},"faces":{"north":{"uv":[8,2,10,4],"texture":"#0"},"east":{"uv":[8,2,10,4],"texture":"#0"},"south":{"uv":[8,2,10,4],"texture":"#0"},"west":{"uv":[8,2,10,4],"texture":"#0"},"up":{"uv":[8,2,10,4],"texture":"#0"},"down":{"uv":[8,2,10,4],"texture":"#0"}}},{"from":[5.92456,2.21519,6.12634],"to":[10.07544,3.15277,9.85666],"rotation":{"angle":0,"axis":"z","origin":[8,2.68398,7.9915]},"faces":{"north":{"uv":[2,8,4,10],"texture":"#0"},"east":{"uv":[2,8,4,10],"texture":"#0"},"south":{"uv":[2,8,4,10],"texture":"#0"},"west":{"uv":[2,8,4,10],"texture":"#0"},"up":{"uv":[2,8,4,10],"texture":"#0"},"down":{"uv":[2,8,4,10],"texture":"#0"}}},{"from":[7.3358,2.21519,2.7193],"to":[8.6642,3.15277,13.2807],"rotation":{"angle":0,"axis":"z","origin":[8,2.68398,8]},"faces":{"north":{"uv":[2,8,4,10],"texture":"#0"},"east":{"uv":[2,8,4,10],"texture":"#0"},"south":{"uv":[2,8,4,10],"texture":"#0"},"west":{"uv":[2,8,4,10],"texture":"#0"},"up":{"uv":[2,8,4,10],"texture":"#0"},"down":{"uv":[2,8,4,10],"texture":"#0"}}},{"from":[6.57003,2.21519,9.43094],"to":[8.15028,3.15277,13.11869],"rotation":{"angle":22.5,"axis":"y","origin":[7.36016,2.68398,11.27481]},"faces":{"north":{"uv":[2,8,4,10],"texture":"#0"},"east":{"uv":[2,8,4,10],"texture":"#0"},"south":{"uv":[2,8,4,10],"texture":"#0"},"west":{"uv":[2,8,4,10],"texture":"#0"},"up":{"uv":[2,8,4,10],"texture":"#0"},"down":{"uv":[2,8,4,10],"texture":"#0"}}},{"from":[6.57003,2.21519,2.88131],"to":[8.15028,3.15277,6.56906],"rotation":{"angle":-22.5,"axis":"y","origin":[7.36016,2.68398,4.72519]},"faces":{"north":{"uv":[2,8,4,10],"texture":"#0"},"east":{"uv":[2,8,4,10],"texture":"#0"},"south":{"uv":[2,8,4,10],"texture":"#0"},"west":{"uv":[2,8,4,10],"texture":"#0"},"up":{"uv":[2,8,4,10],"texture":"#0"},"down":{"uv":[2,8,4,10],"texture":"#0"}}},{"from":[7.84972,2.21519,2.88131],"to":[9.42997,3.15277,6.56906],"rotation":{"angle":22.5,"axis":"y","origin":[8.63984,2.68398,4.72519]},"faces":{"north":{"uv":[2,8,4,10],"texture":"#0"},"east":{"uv":[2,8,4,10],"texture":"#0"},"south":{"uv":[2,8,4,10],"texture":"#0"},"west":{"uv":[2,8,4,10],"texture":"#0"},"up":{"uv":[2,8,4,10],"texture":"#0"},"down":{"uv":[2,8,4,10],"texture":"#0"}}},{"from":[7.84972,2.21519,9.43094],"to":[9.42997,3.15277,13.11869],"rotation":{"angle":-22.5,"axis":"y","origin":[8.63984,2.68398,11.27481]},"faces":{"north":{"uv":[2,8,4,10],"texture":"#0"},"east":{"uv":[2,8,4,10],"texture":"#0"},"south":{"uv":[2,8,4,10],"texture":"#0"},"west":{"uv":[2,8,4,10],"texture":"#0"},"up":{"uv":[2,8,4,10],"texture":"#0"},"down":{"uv":[2,8,4,10],"texture":"#0"}}},{"from":[6.8161,-1.38818,7.82138],"to":[9.1839,-0.52571,8.17862],"rotation":{"angle":0,"axis":"z","origin":[8,-0.95694,8]},"faces":{"north":{"uv":[2,8,4,10],"texture":"#0"},"east":{"uv":[2,8,4,10],"texture":"#0"},"south":{"uv":[2,8,4,10],"texture":"#0"},"west":{"uv":[2,8,4,10],"texture":"#0"},"up":{"uv":[2,8,4,10],"texture":"#0"},"down":{"uv":[2,8,4,10],"texture":"#0"}}},{"from":[6.8161,-1.13557,7.56877],"to":[9.1839,-0.77832,8.43123],"rotation":{"angle":0,"axis":"z","origin":[8,-0.95694,8]},"faces":{"north":{"uv":[2,8,4,10],"texture":"#0"},"east":{"uv":[2,8,4,10],"texture":"#0"},"south":{"uv":[2,8,4,10],"texture":"#0"},"west":{"uv":[2,8,4,10],"texture":"#0"},"up":{"uv":[2,8,4,10],"texture":"#0"},"down":{"uv":[2,8,4,10],"texture":"#0"}}},{"from":[6.8161,-1.38818,7.82138],"to":[9.1839,-0.52571,8.17862],"rotation":{"angle":45,"axis":"x","origin":[8,-0.95694,8]},"faces":{"north":{"uv":[2,8,4,10],"texture":"#0"},"east":{"uv":[2,8,4,10],"texture":"#0"},"south":{"uv":[2,8,4,10],"texture":"#0"},"west":{"uv":[2,8,4,10],"texture":"#0"},"up":{"uv":[2,8,4,10],"texture":"#0"},"down":{"uv":[2,8,4,10],"texture":"#0"}}},{"from":[6.8161,-1.38818,7.82138],"to":[9.1839,-0.52571,8.17862],"rotation":{"angle":-45,"axis":"x","origin":[8,-0.95694,8]},"faces":{"north":{"uv":[2,8,4,10],"texture":"#0"},"east":{"uv":[2,8,4,10],"texture":"#0"},"south":{"uv":[2,8,4,10],"texture":"#0"},"west":{"uv":[2,8,4,10],"texture":"#0"},"up":{"uv":[2,8,4,10],"texture":"#0"},"down":{"uv":[2,8,4,10],"texture":"#0"}}}],"display":{"thirdperson_righthand":{"translation":[-0.25,3,0.75],"scale":[0.27,0.27,0.27]},"thirdperson_lefthand":{"translation":[0,2.75,0.75],"scale":[0.27,0.27,0.27]},"firstperson_righthand":{"rotation":[-29.75,-7.5,0],"translation":[25.5,-8.5,-26],"scale":[0.74,0.74,0.74]},"firstperson_lefthand":{"rotation":[-26.75,-5.75,0],"translation":[26.75,-10.5,-28.25],"scale":[0.74,0.74,0.74]},"ground":{"rotation":[90,90,0],"translation":[0,-2.25,0],"scale":[0.22,0.22,0.22]},"gui":{"rotation":[51.75,-139.5,61.25],"translation":[0.25,0.5,0],"scale":[1,0.4,0.37734]},"head":{"rotation":[-63.25,0,0],"translation":[0,13.5,-12.25]},"fixed":{"rotation":[0,90,0],"translation":[0,0,-1.75],"scale":[0.35,0.35,0.35]}},"groups":[{"name":"hilt","origin":[0,0,0],"children":[0,1,2,3,4,5,6,7,8,9,10,11]},{"name":"blade","origin":[0,0,0],"children":[12,13,14,15,16,17,18,19,20,21,22]},{"name":"guard","origin":[0,0,0],"children":[23,24,25,26,27,28]},{"name":"screw","origin":[0,0,0],"children":[29,30,31,32]}]}