{
	"credit": "Made with Blockbench",
	"textures": {
		"0": "item/gun/m1_carbine",
		"2": "item/gun/drum",
		"3": "item/gun/xeth_gun_diffuse",
		"particle": "item/gun/m1_carbine"
	},
	"elements": [
		{
			"from": [7.137, 13.9929, 19.4],
			"to": [7.34999, 14.6929, 22.2],
			"rotation": {"angle": 0, "axis": "y", "origin": [0, -0.6, 0]},
			"faces": {
				"north": {"uv": [13, 14.5, 13.7, 15.1], "texture": "#0"},
				"east": {"uv": [13, 14.5, 13.7, 15.1], "texture": "#0"},
				"south": {"uv": [13, 14.5, 13.7, 15.1], "texture": "#0"},
				"west": {"uv": [13, 14.5, 13.7, 15.1], "texture": "#0"},
				"up": {"uv": [13, 14.5, 13.7, 15.1], "texture": "#0"},
				"down": {"uv": [13, 14.5, 13.7, 15.1], "texture": "#0"}
			}
		},
		{
			"from": [8.587, 13.9929, 19.4],
			"to": [8.79999, 14.6929, 22.2],
			"rotation": {"angle": 0, "axis": "y", "origin": [0, -0.6, 0]},
			"faces": {
				"north": {"uv": [13, 14.5, 13.7, 15.1], "texture": "#0"},
				"east": {"uv": [13, 14.5, 13.7, 15.1], "texture": "#0"},
				"south": {"uv": [13, 14.5, 13.7, 15.1], "texture": "#0"},
				"west": {"uv": [13, 14.5, 13.7, 15.1], "texture": "#0"},
				"up": {"uv": [13, 14.5, 13.7, 15.1], "texture": "#0"},
				"down": {"uv": [13, 14.5, 13.7, 15.1], "texture": "#0"}
			}
		},
		{
			"from": [7.7, 13.9661, 21.6874],
			"to": [8.3, 15.2661, 21.9374],
			"rotation": {"angle": 0, "axis": "y", "origin": [0, -0.6, 0]},
			"faces": {
				"north": {"uv": [14, 11, 16, 16], "texture": "#0"},
				"east": {"uv": [14, 11, 16, 16], "texture": "#0"},
				"south": {"uv": [14, 11, 16, 16], "texture": "#0"},
				"west": {"uv": [14, 11, 16, 16], "texture": "#0"},
				"up": {"uv": [14, 11, 16, 16], "texture": "#0"},
				"down": {"uv": [14, 11, 16, 16], "texture": "#0"}
			}
		},
		{
			"from": [7.087, 14.7866, 20.9627],
			"to": [9.19999, 14.9866, 21.1627],
			"rotation": {"angle": 45, "axis": "x", "origin": [7.63958, 13.74119, 20.65966]},
			"faces": {
				"north": {"uv": [13, 14.5, 13.7, 15.1], "texture": "#0"},
				"east": {"uv": [13, 14.5, 13.7, 15.1], "texture": "#0"},
				"south": {"uv": [13, 14.5, 13.7, 15.1], "texture": "#0"},
				"west": {"uv": [13, 14.5, 13.7, 15.1], "texture": "#0"},
				"up": {"uv": [13, 14.5, 13.7, 15.1], "texture": "#0"},
				"down": {"uv": [13, 14.5, 13.7, 15.1], "texture": "#0"}
			}
		},
		{
			"from": [7.137, 13.8429, 19.4],
			"to": [8.79999, 13.9929, 22.2],
			"rotation": {"angle": 0, "axis": "y", "origin": [0, -0.6, 0]},
			"faces": {
				"north": {"uv": [13, 14.5, 13.7, 15.1], "texture": "#0"},
				"east": {"uv": [13, 14.5, 13.7, 15.1], "texture": "#0"},
				"south": {"uv": [13, 14.5, 13.7, 15.1], "texture": "#0"},
				"west": {"uv": [13, 14.5, 13.7, 15.1], "texture": "#0"},
				"up": {"uv": [13, 14.5, 13.7, 15.1], "texture": "#0"},
				"down": {"uv": [13, 14.5, 13.7, 15.1], "texture": "#0"}
			}
		},
		{
			"from": [6.75, 13.6078, 17.8306],
			"to": [8.3, 14.7078, 18.97263],
			"rotation": {"angle": -45, "axis": "x", "origin": [7.63958, 14.34119, 20.65966]},
			"faces": {
				"north": {"uv": [13, 14.5, 13.7, 15.1], "texture": "#0"},
				"east": {"uv": [13, 14.5, 13.7, 15.1], "texture": "#0"},
				"south": {"uv": [13, 14.5, 13.7, 15.1], "texture": "#0"},
				"west": {"uv": [13, 14.5, 13.7, 15.1], "texture": "#0"},
				"up": {"uv": [13, 14.5, 13.7, 15.1], "texture": "#0"},
				"down": {"uv": [13, 14.5, 13.7, 15.1], "texture": "#0"}
			}
		},
		{
			"from": [7.5651, 10.45, -13.4],
			"to": [8.43494, 12.55, 6.9],
			"rotation": {"angle": 45, "axis": "z", "origin": [8, 11.5, 0.7]},
			"faces": {
				"north": {"uv": [13, 14.5, 13.7, 15.1], "texture": "#0"},
				"east": {"uv": [13, 14.5, 13.7, 15.1], "texture": "#0"},
				"south": {"uv": [13, 14.5, 13.7, 15.1], "texture": "#0"},
				"west": {"uv": [13, 14.5, 13.7, 15.1], "texture": "#0"},
				"up": {"uv": [13, 14.5, 13.7, 15.1], "rotation": 90, "texture": "#0"},
				"down": {"uv": [13, 14.5, 13.7, 15.1], "rotation": 270, "texture": "#0"}
			}
		},
		{
			"from": [7.5651, 10.45, -13.4],
			"to": [8.43494, 12.55, 6.9],
			"faces": {
				"north": {"uv": [13, 14.5, 13.7, 15.1], "texture": "#0"},
				"east": {"uv": [13, 14.5, 13.7, 15.1], "texture": "#0"},
				"south": {"uv": [13, 14.5, 13.7, 15.1], "texture": "#0"},
				"west": {"uv": [13, 14.5, 13.7, 15.1], "texture": "#0"},
				"up": {"uv": [13, 14.5, 13.7, 15.1], "rotation": 90, "texture": "#0"},
				"down": {"uv": [13, 14.5, 13.7, 15.1], "rotation": 270, "texture": "#0"}
			}
		},
		{
			"from": [6.95, 11.0651, -13.4],
			"to": [9.05, 11.93494, 6.9],
			"rotation": {"angle": 45, "axis": "z", "origin": [8, 11.5, 0.7]},
			"faces": {
				"north": {"uv": [13, 14.5, 13.7, 15.1], "texture": "#0"},
				"east": {"uv": [13, 14.5, 13.7, 15.1], "rotation": 180, "texture": "#0"},
				"south": {"uv": [13, 14.5, 13.7, 15.1], "texture": "#0"},
				"west": {"uv": [13, 14.5, 13.7, 15.1], "texture": "#0"},
				"up": {"uv": [13, 14.5, 13.7, 15.1], "texture": "#0"},
				"down": {"uv": [13, 14.5, 13.7, 15.1], "texture": "#0"}
			}
		},
		{
			"from": [6.95, 11.0651, -13.4],
			"to": [9.05, 11.93494, 6.9],
			"faces": {
				"north": {"uv": [13, 14.5, 13.7, 15.1], "texture": "#0"},
				"east": {"uv": [13, 14.5, 13.7, 15.1], "rotation": 180, "texture": "#0"},
				"south": {"uv": [13, 14.5, 13.7, 15.1], "texture": "#0"},
				"west": {"uv": [13, 14.5, 13.7, 15.1], "texture": "#0"},
				"up": {"uv": [13, 14.5, 13.7, 15.1], "texture": "#0"},
				"down": {"uv": [13, 14.5, 13.7, 15.1], "texture": "#0"}
			}
		},
		{
			"from": [7.7308, 10.85, -14],
			"to": [8.26928, 12.15, 6.9],
			"rotation": {"angle": 45, "axis": "z", "origin": [8, 11.5, 0.7]},
			"faces": {
				"north": {"uv": [13, 14.5, 13.7, 15.1], "texture": "#0"},
				"east": {"uv": [13, 14.5, 13.7, 15.1], "texture": "#0"},
				"south": {"uv": [13, 14.5, 13.7, 15.1], "texture": "#0"},
				"west": {"uv": [13, 14.5, 13.7, 15.1], "texture": "#0"},
				"up": {"uv": [13, 14.5, 13.7, 15.1], "texture": "#0"},
				"down": {"uv": [13, 14.5, 13.7, 15.1], "texture": "#0"}
			}
		},
		{
			"from": [7.7308, 10.85, -14],
			"to": [8.26928, 12.15, 6.9],
			"faces": {
				"north": {"uv": [13, 14.5, 13.7, 15.1], "texture": "#0"},
				"east": {"uv": [13, 14.5, 13.7, 15.1], "texture": "#0"},
				"south": {"uv": [13, 14.5, 13.7, 15.1], "texture": "#0"},
				"west": {"uv": [13, 14.5, 13.7, 15.1], "texture": "#0"},
				"up": {"uv": [13, 14.5, 13.7, 15.1], "texture": "#0"},
				"down": {"uv": [13, 14.5, 13.7, 15.1], "texture": "#0"}
			}
		},
		{
			"from": [7.35, 11.2308, -14],
			"to": [8.65, 11.76928, 6.9],
			"rotation": {"angle": 45, "axis": "z", "origin": [8, 11.5, 0.7]},
			"faces": {
				"north": {"uv": [13, 14.5, 13.7, 15.1], "texture": "#0"},
				"east": {"uv": [13, 14.5, 13.7, 15.1], "texture": "#0"},
				"south": {"uv": [13, 14.5, 13.7, 15.1], "texture": "#0"},
				"west": {"uv": [13, 14.5, 13.7, 15.1], "texture": "#0"},
				"up": {"uv": [13, 14.5, 13.7, 15.1], "texture": "#0"},
				"down": {"uv": [13, 14.5, 13.7, 15.1], "texture": "#0"}
			}
		},
		{
			"from": [7.35, 11.2308, -14],
			"to": [8.65, 11.76928, 6.9],
			"faces": {
				"north": {"uv": [13, 14.5, 13.7, 15.1], "texture": "#0"},
				"east": {"uv": [13, 14.5, 13.7, 15.1], "texture": "#0"},
				"south": {"uv": [13, 14.5, 13.7, 15.1], "texture": "#0"},
				"west": {"uv": [13, 14.5, 13.7, 15.1], "texture": "#0"},
				"up": {"uv": [13, 14.5, 13.7, 15.1], "texture": "#0"},
				"down": {"uv": [13, 14.5, 13.7, 15.1], "texture": "#0"}
			}
		},
		{
			"from": [7.6272, 12.2, -16],
			"to": [8.37278, 12.4, -13.4],
			"rotation": {"angle": 45, "axis": "z", "origin": [8, 11.5, -15.5]},
			"faces": {
				"north": {"uv": [13, 14.5, 13.7, 15.1], "texture": "#0"},
				"east": {"uv": [13, 14.5, 13.7, 15.1], "texture": "#0"},
				"south": {"uv": [13, 14.5, 13.7, 15.1], "texture": "#0"},
				"west": {"uv": [13, 14.5, 13.7, 15.1], "texture": "#0"},
				"up": {"uv": [13, 14.5, 13.7, 15.1], "texture": "#0"},
				"down": {"uv": [13, 14.5, 13.7, 15.1], "texture": "#0"}
			}
		},
		{
			"from": [7.8924, 10.3348, -16],
			"to": [8.63799, 10.5348, -13.4],
			"rotation": {"angle": 45, "axis": "z", "origin": [7.8125, 11.04733, -14.55]},
			"faces": {
				"north": {"uv": [13, 14.5, 13.7, 15.1], "rotation": 180, "texture": "#0"},
				"east": {"uv": [13, 14.5, 13.7, 15.1], "texture": "#0"},
				"south": {"uv": [13, 14.5, 13.7, 15.1], "texture": "#0"},
				"west": {"uv": [13, 14.5, 13.7, 15.1], "texture": "#0"},
				"up": {"uv": [13, 14.5, 13.7, 15.1], "rotation": 180, "texture": "#0"},
				"down": {"uv": [13, 14.5, 13.7, 15.1], "rotation": 180, "texture": "#0"}
			}
		},
		{
			"from": [7.6272, 12.2, -16],
			"to": [8.37278, 12.4, -13.4],
			"faces": {
				"north": {"uv": [13, 14.5, 13.7, 15.1], "texture": "#0"},
				"east": {"uv": [13, 14.5, 13.7, 15.1], "texture": "#0"},
				"south": {"uv": [13, 14.5, 13.7, 15.1], "texture": "#0"},
				"west": {"uv": [13, 14.5, 13.7, 15.1], "texture": "#0"},
				"up": {"uv": [13, 14.5, 13.7, 15.1], "texture": "#0"},
				"down": {"uv": [13, 14.5, 13.7, 15.1], "texture": "#0"}
			}
		},
		{
			"from": [7.6272, 10.6, -16],
			"to": [8.37278, 10.8, -13.4],
			"faces": {
				"north": {"uv": [13, 14.5, 13.7, 15.1], "rotation": 180, "texture": "#0"},
				"east": {"uv": [13, 14.5, 13.7, 15.1], "texture": "#0"},
				"south": {"uv": [13, 14.5, 13.7, 15.1], "texture": "#0"},
				"west": {"uv": [13, 14.5, 13.7, 15.1], "texture": "#0"},
				"up": {"uv": [13, 14.5, 13.7, 15.1], "rotation": 180, "texture": "#0"},
				"down": {"uv": [13, 14.5, 13.7, 15.1], "rotation": 180, "texture": "#0"}
			}
		},
		{
			"from": [8.7, 11.1272, -16],
			"to": [8.9, 11.87278, -13.4],
			"rotation": {"angle": 45, "axis": "z", "origin": [8, 11.5, -15.5]},
			"faces": {
				"north": {"uv": [13, 14.5, 13.7, 15.1], "texture": "#0"},
				"east": {"uv": [13, 14.5, 13.7, 15.1], "texture": "#0"},
				"south": {"uv": [13, 14.5, 13.7, 15.1], "texture": "#0"},
				"west": {"uv": [13, 14.5, 13.7, 15.1], "texture": "#0"},
				"up": {"uv": [13, 14.5, 13.7, 15.1], "texture": "#0"},
				"down": {"uv": [13, 14.5, 13.7, 15.1], "texture": "#0"}
			}
		},
		{
			"from": [7.3652, 10.862, -16],
			"to": [7.5652, 11.60759, -13.4],
			"rotation": {"angle": 45, "axis": "z", "origin": [7.8125, 11.04733, -14.55]},
			"faces": {
				"north": {"uv": [13, 14.5, 13.7, 15.1], "rotation": 180, "texture": "#0"},
				"east": {"uv": [13, 14.5, 13.7, 15.1], "rotation": 180, "texture": "#0"},
				"south": {"uv": [13, 14.5, 13.7, 15.1], "texture": "#0"},
				"west": {"uv": [13, 14.5, 13.7, 15.1], "rotation": 180, "texture": "#0"},
				"up": {"uv": [13, 14.5, 13.7, 15.1], "texture": "#0"},
				"down": {"uv": [13, 14.5, 13.7, 15.1], "texture": "#0"}
			}
		},
		{
			"from": [8.7, 11.1272, -16],
			"to": [8.9, 11.87278, -13.4],
			"faces": {
				"north": {"uv": [13, 14.5, 13.7, 15.1], "texture": "#0"},
				"east": {"uv": [13, 14.5, 13.7, 15.1], "texture": "#0"},
				"south": {"uv": [13, 14.5, 13.7, 15.1], "texture": "#0"},
				"west": {"uv": [13, 14.5, 13.7, 15.1], "texture": "#0"},
				"up": {"uv": [13, 14.5, 13.7, 15.1], "texture": "#0"},
				"down": {"uv": [13, 14.5, 13.7, 15.1], "texture": "#0"}
			}
		},
		{
			"from": [7.1, 11.1272, -16],
			"to": [7.3, 11.87278, -13.4],
			"faces": {
				"north": {"uv": [13, 14.5, 13.7, 15.1], "rotation": 180, "texture": "#0"},
				"east": {"uv": [13, 14.5, 13.7, 15.1], "rotation": 180, "texture": "#0"},
				"south": {"uv": [13, 14.5, 13.7, 15.1], "texture": "#0"},
				"west": {"uv": [13, 14.5, 13.7, 15.1], "rotation": 180, "texture": "#0"},
				"up": {"uv": [13, 14.5, 13.7, 15.1], "texture": "#0"},
				"down": {"uv": [13, 14.5, 13.7, 15.1], "texture": "#0"}
			}
		},
		{
			"from": [7.85, 9.65, 22.2172],
			"to": [8.15, 9.95, 23.1172],
			"rotation": {"angle": -22.5, "axis": "x", "origin": [8, 9.85, 22.41716]},
			"faces": {
				"north": {"uv": [13, 14.5, 13.7, 15.1], "texture": "#0"},
				"east": {"uv": [13, 14.5, 13.7, 15.1], "rotation": 180, "texture": "#0"},
				"south": {"uv": [13, 14.5, 13.7, 15.1], "texture": "#0"},
				"west": {"uv": [13, 14.5, 13.7, 15.1], "rotation": 180, "texture": "#0"},
				"up": {"uv": [13, 14.5, 13.7, 15.1], "rotation": 180, "texture": "#0"},
				"down": {"uv": [13, 14.5, 13.7, 15.1], "rotation": 180, "texture": "#0"}
			}
		},
		{
			"from": [7.85, 9.7495, 22.934],
			"to": [8.15, 10.0495, 23.634],
			"rotation": {"angle": 22.5, "axis": "x", "origin": [8, 9.89948, 23.38395]},
			"faces": {
				"north": {"uv": [13, 14.5, 13.7, 15.1], "texture": "#0"},
				"east": {"uv": [13, 14.5, 13.7, 15.1], "rotation": 180, "texture": "#0"},
				"south": {"uv": [13, 14.5, 13.7, 15.1], "texture": "#0"},
				"west": {"uv": [13, 14.5, 13.7, 15.1], "rotation": 180, "texture": "#0"},
				"up": {"uv": [13, 14.5, 13.7, 15.1], "rotation": 180, "texture": "#0"},
				"down": {"uv": [13, 14.5, 13.7, 15.1], "rotation": 180, "texture": "#0"}
			}
		},
		{
			"from": [7.85, 9.4116, 23.5177],
			"to": [8.15, 9.9116, 23.8177],
			"rotation": {"angle": -22.5, "axis": "x", "origin": [8, 9.56163, 23.66768]},
			"faces": {
				"north": {"uv": [13, 14.5, 13.7, 15.1], "texture": "#0"},
				"east": {"uv": [13, 14.5, 13.7, 15.1], "texture": "#0"},
				"south": {"uv": [13, 14.5, 13.7, 15.1], "texture": "#0"},
				"west": {"uv": [13, 14.5, 13.7, 15.1], "texture": "#0"},
				"up": {"uv": [13, 14.5, 13.7, 15.1], "texture": "#0"},
				"down": {"uv": [13, 14.5, 13.7, 15.1], "texture": "#0"}
			}
		},
		{
			"from": [7.7101, 11.1, 21.3],
			"to": [8.29, 12.5, 26],
			"rotation": {"angle": 45, "axis": "z", "origin": [8, 11.8, 25.5]},
			"faces": {
				"north": {"uv": [13, 14.5, 13.7, 15.1], "texture": "#0"},
				"east": {"uv": [13, 14.5, 13.7, 15.1], "texture": "#0"},
				"south": {"uv": [13, 14.5, 13.7, 15.1], "texture": "#0"},
				"west": {"uv": [13, 14.5, 13.7, 15.1], "texture": "#0"},
				"up": {"uv": [13, 14.5, 13.7, 15.1], "texture": "#0"},
				"down": {"uv": [13, 14.5, 13.7, 15.1], "texture": "#0"}
			}
		},
		{
			"from": [7.71, 11.1, 21.3],
			"to": [8.2899, 12.5, 26],
			"faces": {
				"north": {"uv": [13, 14.5, 13.7, 15.1], "texture": "#0"},
				"east": {"uv": [13, 14.5, 13.7, 15.1], "texture": "#0"},
				"south": {"uv": [13, 14.5, 13.7, 15.1], "texture": "#0"},
				"west": {"uv": [13, 14.5, 13.7, 15.1], "texture": "#0"},
				"up": {"uv": [13, 14.5, 13.7, 15.1], "texture": "#0"},
				"down": {"uv": [13, 14.5, 13.7, 15.1], "texture": "#0"}
			}
		},
		{
			"from": [7.3, 11.51, 21.3],
			"to": [8.7, 12.0899, 26],
			"rotation": {"angle": 45, "axis": "z", "origin": [8, 11.8, 25.5]},
			"faces": {
				"north": {"uv": [13, 14.5, 13.7, 15.1], "texture": "#0"},
				"east": {"uv": [13, 14.5, 13.7, 15.1], "texture": "#0"},
				"south": {"uv": [13, 14.5, 13.7, 15.1], "texture": "#0"},
				"west": {"uv": [13, 14.5, 13.7, 15.1], "texture": "#0"},
				"up": {"uv": [13, 14.5, 13.7, 15.1], "texture": "#0"},
				"down": {"uv": [13, 14.5, 13.7, 15.1], "texture": "#0"}
			}
		},
		{
			"from": [7.3, 11.51, 21.3],
			"to": [8.7, 12.0899, 26],
			"faces": {
				"north": {"uv": [13, 14.5, 13.7, 15.1], "texture": "#0"},
				"east": {"uv": [13, 14.5, 13.7, 15.1], "texture": "#0"},
				"south": {"uv": [13, 14.5, 13.7, 15.1], "texture": "#0"},
				"west": {"uv": [13, 14.5, 13.7, 15.1], "texture": "#0"},
				"up": {"uv": [13, 14.5, 13.7, 15.1], "texture": "#0"},
				"down": {"uv": [13, 14.5, 13.7, 15.1], "texture": "#0"}
			}
		},
		{
			"from": [7.81, 7.8212, 24.8646],
			"to": [8.1899, 11.4212, 25.7646],
			"rotation": {"angle": -22.5, "axis": "x", "origin": [8, 10.72116, 25.56459]},
			"faces": {
				"north": {"uv": [13, 14.5, 13.7, 15.1], "texture": "#0"},
				"east": {"uv": [13, 14.5, 13.7, 15.1], "texture": "#0"},
				"south": {"uv": [13, 14.5, 13.7, 15.1], "texture": "#0"},
				"west": {"uv": [13, 14.5, 13.7, 15.1], "texture": "#0"},
				"up": {"uv": [13, 14.5, 13.7, 15.1], "texture": "#0"},
				"down": {"uv": [13, 14.5, 13.7, 15.1], "texture": "#0"}
			}
		},
		{
			"from": [7.81, 9.9921, 24.3846],
			"to": [8.1899, 10.7921, 26.1846],
			"rotation": {"angle": 45, "axis": "x", "origin": [8, 9.84212, 25.83464]},
			"faces": {
				"north": {"uv": [13, 14.5, 13.7, 15.1], "texture": "#0"},
				"east": {"uv": [13, 14.5, 13.7, 15.1], "texture": "#0"},
				"south": {"uv": [13, 14.5, 13.7, 15.1], "texture": "#0"},
				"west": {"uv": [13, 14.5, 13.7, 15.1], "texture": "#0"},
				"up": {"uv": [13, 14.5, 13.7, 15.1], "texture": "#0"},
				"down": {"uv": [13, 14.5, 13.7, 15.1], "texture": "#0"}
			}
		},
		{
			"from": [7.81, 8.3431, 26.137],
			"to": [8.1899, 10.2431, 27.037],
			"rotation": {"angle": -22.5, "axis": "x", "origin": [8, 9.54313, 26.83698]},
			"faces": {
				"north": {"uv": [13, 14.5, 13.7, 15.1], "texture": "#0"},
				"east": {"uv": [13, 14.5, 13.7, 15.1], "texture": "#0"},
				"south": {"uv": [13, 14.5, 13.7, 15.1], "texture": "#0"},
				"west": {"uv": [13, 14.5, 13.7, 15.1], "texture": "#0"},
				"up": {"uv": [13, 14.5, 13.7, 15.1], "texture": "#0"},
				"down": {"uv": [13, 14.5, 13.7, 15.1], "texture": "#0"}
			}
		},
		{
			"from": [7.81, 7.9421, 26.5781],
			"to": [8.1899, 8.51099, 27.48094],
			"faces": {
				"north": {"uv": [13, 14.5, 13.7, 15.1], "texture": "#0"},
				"east": {"uv": [13, 14.5, 13.7, 15.1], "texture": "#0"},
				"south": {"uv": [13, 14.5, 13.7, 15.1], "texture": "#0"},
				"west": {"uv": [13, 14.5, 13.7, 15.1], "texture": "#0"},
				"up": {"uv": [13, 14.5, 13.7, 15.1], "texture": "#0"},
				"down": {"uv": [13, 14.5, 13.7, 15.1], "texture": "#0"}
			}
		},
		{
			"from": [7.329, 8.4558, 25.8918],
			"to": [8.5709, 10.1658, 26.9518],
			"rotation": {"angle": -22.5, "axis": "x", "origin": [8, 9.53581, 26.77175]},
			"faces": {
				"north": {"uv": [5, 1.5, 6.95, 3.6], "texture": "#0"},
				"east": {"uv": [5, 1.5, 6.95, 3.6], "texture": "#0"},
				"south": {"uv": [5, 1.5, 6.95, 3.6], "texture": "#0"},
				"west": {"uv": [5, 1.5, 6.95, 3.6], "texture": "#0"},
				"up": {"uv": [5, 1.5, 6.95, 3.6], "texture": "#0"},
				"down": {"uv": [5, 1.5, 6.95, 3.6], "texture": "#0"}
			}
		},
		{
			"from": [7.329, 7.8949, 26.2888],
			"to": [8.5709, 8.6069, 27.35136],
			"faces": {
				"north": {"uv": [5, 1.5, 6.95, 3.6], "texture": "#0"},
				"east": {"uv": [5, 1.5, 6.95, 3.6], "texture": "#0"},
				"south": {"uv": [5, 1.5, 6.95, 3.6], "texture": "#0"},
				"west": {"uv": [5, 1.5, 6.95, 3.6], "texture": "#0"},
				"up": {"uv": [5, 1.5, 6.95, 3.6], "texture": "#0"},
				"down": {"uv": [5, 1.5, 6.95, 3.6], "texture": "#0"}
			}
		},
		{
			"from": [7.329, 9.6399, 24.7646],
			"to": [8.5709, 10.6599, 26.1846],
			"rotation": {"angle": 45, "axis": "x", "origin": [8, 9.8049, 25.86964]},
			"faces": {
				"north": {"uv": [5, 1.5, 6.95, 3.6], "texture": "#0"},
				"east": {"uv": [5, 1.5, 6.95, 3.6], "texture": "#0"},
				"south": {"uv": [5, 1.5, 6.95, 3.6], "texture": "#0"},
				"west": {"uv": [5, 1.5, 6.95, 3.6], "texture": "#0"},
				"up": {"uv": [5, 1.5, 6.95, 3.6], "texture": "#0"},
				"down": {"uv": [5, 1.5, 6.95, 3.6], "texture": "#0"}
			}
		},
		{
			"from": [7.2, 13.6, 16.2],
			"to": [8.8, 13.95, 22.1],
			"faces": {
				"north": {"uv": [13, 14.5, 13.7, 15.1], "texture": "#0"},
				"east": {"uv": [13, 14.5, 13.7, 15.1], "texture": "#0"},
				"south": {"uv": [13, 14.5, 13.7, 15.1], "texture": "#0"},
				"west": {"uv": [13, 14.5, 13.7, 15.1], "texture": "#0"},
				"up": {"uv": [13, 14.5, 13.7, 15.1], "texture": "#0"},
				"down": {"uv": [13, 14.5, 13.7, 15.1], "texture": "#0"}
			}
		},
		{
			"from": [6.8, 13.1, 8.8],
			"to": [9.2, 13.65, 16.1],
			"faces": {
				"north": {"uv": [13, 14.5, 13.7, 15.1], "texture": "#0"},
				"east": {"uv": [13, 14.5, 13.7, 15.1], "texture": "#0"},
				"south": {"uv": [13, 14.5, 13.7, 15.1], "texture": "#0"},
				"west": {"uv": [13, 14.5, 13.7, 15.1], "texture": "#0"},
				"up": {"uv": [13, 14.5, 13.7, 15.1], "texture": "#0"},
				"down": {"uv": [13, 14.5, 13.7, 15.1], "texture": "#0"}
			}
		},
		{
			"from": [9.5, 11.9, 11.6],
			"to": [11.2, 12.6, 12.3],
			"rotation": {"angle": 45, "axis": "x", "origin": [10.7, 12.25, 11.95]},
			"faces": {
				"north": {"uv": [4.5, 1, 6.45, 3.1], "texture": "#0"},
				"east": {"uv": [4.5, 1, 6.45, 3.1], "texture": "#0"},
				"south": {"uv": [4.5, 1, 6.45, 3.1], "texture": "#0"},
				"west": {"uv": [4.5, 1, 6.45, 3.1], "texture": "#0"},
				"up": {"uv": [4.5, 1, 6.45, 3.1], "texture": "#0"},
				"down": {"uv": [4.5, 1, 6.45, 3.1], "texture": "#0"}
			}
		},
		{
			"from": [7.9, 12.05, 11.75],
			"to": [10.3, 12.45, 12.15],
			"rotation": {"angle": 45, "axis": "x", "origin": [9.1, 12.25, 11.95]},
			"faces": {
				"north": {"uv": [13, 14.5, 13.7, 15.1], "texture": "#0"},
				"east": {"uv": [13, 14.5, 13.7, 15.1], "texture": "#0"},
				"south": {"uv": [13, 14.5, 13.7, 15.1], "texture": "#0"},
				"west": {"uv": [13, 14.5, 13.7, 15.1], "texture": "#0"},
				"up": {"uv": [13, 14.5, 13.7, 15.1], "texture": "#0"},
				"down": {"uv": [13, 14.5, 13.7, 15.1], "texture": "#0"}
			}
		},
		{
			"from": [6.85, 12.6, 6.5],
			"to": [8.3, 13.6, 6.9],
			"faces": {
				"north": {"uv": [13, 14.5, 13.7, 15.1], "texture": "#0"},
				"east": {"uv": [13, 14.5, 13.7, 15.1], "texture": "#0"},
				"south": {"uv": [13, 14.5, 13.7, 15.1], "texture": "#0"},
				"west": {"uv": [13, 14.5, 13.7, 15.1], "texture": "#0"},
				"up": {"uv": [13, 14.5, 13.7, 15.1], "texture": "#0"},
				"down": {"uv": [13, 14.5, 13.7, 15.1], "texture": "#0"}
			}
		},
		{
			"from": [7.7, 13.6, 6.5],
			"to": [8.3, 14.8, 6.9],
			"faces": {
				"north": {"uv": [13, 14.5, 13.7, 15.1], "texture": "#0"},
				"east": {"uv": [13, 14.5, 13.7, 15.1], "texture": "#0"},
				"south": {"uv": [13, 14.5, 13.7, 15.1], "texture": "#0"},
				"west": {"uv": [13, 14.5, 13.7, 15.1], "texture": "#0"},
				"up": {"uv": [13, 14.5, 13.7, 15.1], "texture": "#0"},
				"down": {"uv": [13, 14.5, 13.7, 15.1], "texture": "#0"}
			}
		},
		{
			"from": [7.85, 14.8, 6.55],
			"to": [8.15, 14.95, 6.85],
			"rotation": {"angle": 45, "axis": "y", "origin": [8, 15.05, 6.7]},
			"faces": {
				"north": {"uv": [13, 14.5, 13.7, 15.1], "texture": "#0"},
				"east": {"uv": [13, 14.5, 13.7, 15.1], "texture": "#0"},
				"south": {"uv": [13, 14.5, 13.7, 15.1], "texture": "#0"},
				"west": {"uv": [13, 14.5, 13.7, 15.1], "texture": "#0"},
				"up": {"uv": [13, 14.5, 13.7, 15.1], "texture": "#0"},
				"down": {"uv": [13, 14.5, 13.7, 15.1], "texture": "#0"}
			}
		},
		{
			"from": [7.95, 14.95, 6.55],
			"to": [8.05, 15.15, 6.85],
			"faces": {
				"north": {"uv": [13, 14.5, 13.7, 15.1], "texture": "#0"},
				"east": {"uv": [13, 14.5, 13.7, 15.1], "texture": "#0"},
				"south": {"uv": [13, 14.5, 13.7, 15.1], "texture": "#0"},
				"west": {"uv": [13, 14.5, 13.7, 15.1], "texture": "#0"},
				"up": {"uv": [13, 14.5, 13.7, 15.1], "texture": "#0"},
				"down": {"uv": [13, 14.5, 13.7, 15.1], "texture": "#0"}
			}
		},
		{
			"from": [6.85, 9.6, 6.9],
			"to": [9.15, 13.6, 8.8],
			"faces": {
				"north": {"uv": [13, 14.5, 13.7, 15.1], "texture": "#0"},
				"east": {"uv": [13, 14.5, 13.7, 15.1], "texture": "#0"},
				"south": {"uv": [13, 14.5, 13.7, 15.1], "texture": "#0"},
				"west": {"uv": [13, 14.5, 13.7, 15.1], "texture": "#0"},
				"up": {"uv": [13, 14.5, 13.7, 15.1], "texture": "#0"},
				"down": {"uv": [13, 14.5, 13.7, 15.1], "texture": "#0"}
			}
		},
		{
			"from": [6.85, 9.6, 8.8],
			"to": [9.15, 12.5, 11.65],
			"faces": {
				"north": {"uv": [13, 14.5, 13.7, 15.1], "texture": "#0"},
				"east": {"uv": [13, 14.5, 13.7, 15.1], "texture": "#0"},
				"south": {"uv": [13, 14.5, 13.7, 15.1], "texture": "#0"},
				"west": {"uv": [13, 14.5, 13.7, 15.1], "texture": "#0"},
				"up": {"uv": [13, 14.5, 13.7, 15.1], "texture": "#0"},
				"down": {"uv": [13, 14.5, 13.7, 15.1], "texture": "#0"}
			}
		},
		{
			"from": [8.3, 12.5, 10.6],
			"to": [9.15, 13.1, 11.65],
			"faces": {
				"north": {"uv": [13, 14.5, 13.7, 15.1], "texture": "#0"},
				"east": {"uv": [13, 14.5, 13.7, 15.1], "texture": "#0"},
				"south": {"uv": [13, 14.5, 13.7, 15.1], "texture": "#0"},
				"west": {"uv": [13, 14.5, 13.7, 15.1], "texture": "#0"},
				"up": {"uv": [13, 14.5, 13.7, 15.1], "texture": "#0"},
				"down": {"uv": [13, 14.5, 13.7, 15.1], "texture": "#0"}
			}
		},
		{
			"from": [6.8, 12.5, 8.8],
			"to": [9.15, 13.6, 9.2],
			"faces": {
				"north": {"uv": [13, 14.5, 13.7, 15.1], "texture": "#0"},
				"east": {"uv": [13, 14.5, 13.7, 15.1], "texture": "#0"},
				"south": {"uv": [13, 14.5, 13.7, 15.1], "texture": "#0"},
				"west": {"uv": [13, 14.5, 13.7, 15.1], "texture": "#0"},
				"up": {"uv": [13, 14.5, 13.7, 15.1], "texture": "#0"},
				"down": {"uv": [13, 14.5, 13.7, 15.1], "texture": "#0"}
			}
		},
		{
			"from": [6.85, 9.6, 11.65],
			"to": [9.15, 11.8, 22.6],
			"faces": {
				"north": {"uv": [13, 14.5, 13.7, 15.1], "texture": "#0"},
				"east": {"uv": [13, 14.5, 13.7, 15.1], "texture": "#0"},
				"south": {"uv": [13, 14.5, 13.7, 15.1], "texture": "#0"},
				"west": {"uv": [13, 14.5, 13.7, 15.1], "texture": "#0"},
				"up": {"uv": [13, 14.5, 13.7, 15.1], "texture": "#0"},
				"down": {"uv": [13, 14.5, 13.7, 15.1], "texture": "#0"}
			}
		},
		{
			"from": [8, 12.7, 11.65],
			"to": [9.15, 13.6, 17.3],
			"faces": {
				"north": {"uv": [13, 14.5, 13.7, 15.1], "texture": "#0"},
				"east": {"uv": [13, 14.5, 13.7, 15.1], "texture": "#0"},
				"south": {"uv": [13, 14.5, 13.7, 15.1], "texture": "#0"},
				"west": {"uv": [13, 14.5, 13.7, 15.1], "texture": "#0"},
				"up": {"uv": [13, 14.5, 13.7, 15.1], "texture": "#0"},
				"down": {"uv": [13, 14.5, 13.7, 15.1], "texture": "#0"}
			}
		},
		{
			"from": [8, 12.5, 11.65],
			"to": [9.15, 12.7, 16.3],
			"faces": {
				"north": {"uv": [13, 14.5, 13.7, 15.1], "texture": "#0"},
				"east": {"uv": [13, 14.5, 13.7, 15.1], "texture": "#0"},
				"south": {"uv": [13, 14.5, 13.7, 15.1], "texture": "#0"},
				"west": {"uv": [13, 14.5, 13.7, 15.1], "texture": "#0"},
				"up": {"uv": [13, 14.5, 13.7, 15.1], "texture": "#0"},
				"down": {"uv": [13, 14.5, 13.7, 15.1], "texture": "#0"}
			}
		},
		{
			"from": [8, 11.8, 11.65],
			"to": [9.15, 12, 16.3],
			"faces": {
				"north": {"uv": [13, 14.5, 13.7, 15.1], "texture": "#0"},
				"east": {"uv": [13, 14.5, 13.7, 15.1], "texture": "#0"},
				"south": {"uv": [13, 14.5, 13.7, 15.1], "texture": "#0"},
				"west": {"uv": [13, 14.5, 13.7, 15.1], "texture": "#0"},
				"up": {"uv": [13, 14.5, 13.7, 15.1], "texture": "#0"},
				"down": {"uv": [13, 14.5, 13.7, 15.1], "texture": "#0"}
			}
		},
		{
			"from": [6.85, 11.8, 11.65],
			"to": [8.9, 13.6, 17.3],
			"faces": {
				"north": {"uv": [13, 14.5, 13.7, 15.1], "texture": "#0"},
				"east": {"uv": [15, 4.25, 15.7, 4.85], "texture": "#0"},
				"south": {"uv": [13, 14.5, 13.7, 15.1], "texture": "#0"},
				"west": {"uv": [13, 14.5, 13.7, 15.1], "texture": "#0"},
				"up": {"uv": [13, 14.5, 13.7, 15.1], "texture": "#0"},
				"down": {"uv": [13, 14.5, 13.7, 15.1], "texture": "#0"}
			}
		},
		{
			"from": [6.85, 11.8, 17.3],
			"to": [9.15, 13.6, 22.6],
			"faces": {
				"north": {"uv": [13, 14.5, 13.7, 15.1], "texture": "#0"},
				"east": {"uv": [13, 14.5, 13.7, 15.1], "texture": "#0"},
				"south": {"uv": [13, 14.5, 13.7, 15.1], "texture": "#0"},
				"west": {"uv": [13, 14.5, 13.7, 15.1], "texture": "#0"},
				"up": {"uv": [13, 14.5, 13.7, 15.1], "texture": "#0"},
				"down": {"uv": [13, 14.5, 13.7, 15.1], "texture": "#0"}
			}
		},
		{
			"from": [6.4, 9.4, 8.7],
			"to": [7, 11.8, 11.5],
			"faces": {
				"north": {"uv": [13, 14.5, 13.7, 15.1], "texture": "#0"},
				"east": {"uv": [13, 14.5, 13.7, 15.1], "texture": "#0"},
				"south": {"uv": [13, 14.5, 13.7, 15.1], "texture": "#0"},
				"west": {"uv": [13, 14.5, 13.7, 15.1], "texture": "#0"},
				"up": {"uv": [13, 14.5, 13.7, 15.1], "texture": "#0"},
				"down": {"uv": [13, 14.5, 13.7, 15.1], "texture": "#0"}
			}
		},
		{
			"from": [6.7, 9.45, 14.8],
			"to": [9.3, 9.75, 22.7],
			"faces": {
				"north": {"uv": [13, 14.5, 13.7, 15.1], "texture": "#0"},
				"east": {"uv": [13, 14.5, 13.7, 15.1], "texture": "#0"},
				"south": {"uv": [13, 14.5, 13.7, 15.1], "texture": "#0"},
				"west": {"uv": [13, 14.5, 13.7, 15.1], "texture": "#0"},
				"up": {"uv": [13, 14.5, 13.7, 15.1], "texture": "#0"},
				"down": {"uv": [13, 14.5, 13.7, 15.1], "texture": "#0"}
			}
		},
		{
			"from": [6.7, 8.65, 19.8],
			"to": [9.3, 9.45, 20.7],
			"faces": {
				"north": {"uv": [13, 14.5, 13.7, 15.1], "texture": "#0"},
				"east": {"uv": [13, 14.5, 13.7, 15.1], "texture": "#0"},
				"south": {"uv": [13, 14.5, 13.7, 15.1], "texture": "#0"},
				"west": {"uv": [13, 14.5, 13.7, 15.1], "texture": "#0"},
				"up": {"uv": [13, 14.5, 13.7, 15.1], "texture": "#0"},
				"down": {"uv": [13, 14.5, 13.7, 15.1], "texture": "#0"}
			}
		},
		{
			"from": [6.7, 8.7688, 19.5973],
			"to": [9.3, 9.6688, 20.3973],
			"rotation": {"angle": -22.5, "axis": "x", "origin": [8, 9.21882, 19.99734]},
			"faces": {
				"north": {"uv": [13, 14.5, 13.7, 15.1], "rotation": 180, "texture": "#0"},
				"east": {"uv": [13, 14.5, 13.7, 15.1], "rotation": 180, "texture": "#0"},
				"south": {"uv": [13, 14.5, 13.7, 15.1], "texture": "#0"},
				"west": {"uv": [13, 14.5, 13.7, 15.1], "rotation": 180, "texture": "#0"},
				"up": {"uv": [13, 14.5, 13.7, 15.1], "texture": "#0"},
				"down": {"uv": [13, 14.5, 13.7, 15.1], "texture": "#0"}
			}
		},
		{
			"from": [6.7, 8.7688, 20.1027],
			"to": [9.3, 9.6688, 20.9027],
			"rotation": {"angle": 22.5, "axis": "x", "origin": [8, 9.21882, 20.50266]},
			"faces": {
				"north": {"uv": [13, 14.5, 13.7, 15.1], "texture": "#0"},
				"east": {"uv": [13, 14.5, 13.7, 15.1], "rotation": 180, "texture": "#0"},
				"south": {"uv": [13, 14.5, 13.7, 15.1], "rotation": 180, "texture": "#0"},
				"west": {"uv": [13, 14.5, 13.7, 15.1], "rotation": 180, "texture": "#0"},
				"up": {"uv": [13, 14.5, 13.7, 15.1], "texture": "#0"},
				"down": {"uv": [13, 14.5, 13.7, 15.1], "texture": "#0"}
			}
		},
		{
			"from": [6.45, 9.9247, 6.9647],
			"to": [6.75, 10.57526, 8.5353],
			"rotation": {"angle": -22.5, "axis": "x", "origin": [6.5995, 10.25, 7.75]},
			"faces": {
				"north": {"uv": [13, 14.5, 13.7, 15.1], "texture": "#0"},
				"east": {"uv": [13, 14.5, 13.7, 15.1], "texture": "#0"},
				"south": {"uv": [13, 14.5, 13.7, 15.1], "texture": "#0"},
				"west": {"uv": [13, 14.5, 13.7, 15.1], "texture": "#0"},
				"up": {"uv": [13, 14.5, 13.7, 15.1], "texture": "#0"},
				"down": {"uv": [13, 14.5, 13.7, 15.1], "texture": "#0"}
			}
		},
		{
			"from": [9.25, 9.05, 6.9],
			"to": [9.55, 10.25, 8.6],
			"faces": {
				"north": {"uv": [13, 14.5, 13.7, 15.1], "texture": "#0"},
				"east": {"uv": [13, 14.5, 13.7, 15.1], "texture": "#0"},
				"south": {"uv": [13, 14.5, 13.7, 15.1], "texture": "#0"},
				"west": {"uv": [13, 14.5, 13.7, 15.1], "texture": "#0"},
				"up": {"uv": [13, 14.5, 13.7, 15.1], "texture": "#0"},
				"down": {"uv": [13, 14.5, 13.7, 15.1], "texture": "#0"}
			}
		},
		{
			"from": [6.0026, 7.461, 6.0083],
			"to": [9.6312, 9.061, 9.69866],
			"rotation": {"angle": 0, "axis": "y", "origin": [8.22717, 8.95, 7.74567]},
			"faces": {
				"north": {"uv": [13, 14.5, 13.7, 15.1], "texture": "#0"},
				"east": {"uv": [13, 14.5, 13.7, 15.1], "texture": "#0"},
				"south": {"uv": [13, 14.5, 13.7, 15.1], "texture": "#0"},
				"west": {"uv": [13, 14.5, 13.7, 15.1], "texture": "#0"},
				"up": {"uv": [13, 14.5, 13.7, 15.1], "texture": "#0"},
				"down": {"uv": [13, 14.5, 13.7, 15.1], "texture": "#0"}
			}
		},
		{
			"from": [7.1811, 6.1014, 3.7804],
			"to": [8.7097, 7.4514, 6.67076],
			"rotation": {"angle": -45, "axis": "x", "origin": [7.94542, 7.12645, 4.82556]},
			"faces": {
				"north": {"uv": [13, 14.5, 13.7, 15.1], "texture": "#0"},
				"east": {"uv": [13, 14.5, 13.7, 15.1], "texture": "#0"},
				"south": {"uv": [13, 14.5, 13.7, 15.1], "texture": "#0"},
				"west": {"uv": [13, 14.5, 13.7, 15.1], "texture": "#0"},
				"up": {"uv": [13, 14.5, 13.7, 15.1], "texture": "#0"},
				"down": {"uv": [13, 14.5, 13.7, 15.1], "texture": "#0"}
			}
		},
		{
			"from": [5.8, 8.0093, 8.5225],
			"to": [7.1, 9.1593, 29.0225],
			"rotation": {"angle": 22.5, "axis": "x", "origin": [7.24542, 8.58433, 8.26771]},
			"faces": {
				"north": {"uv": [13, 14.5, 13.7, 15.1], "texture": "#0"},
				"east": {"uv": [13, 14.5, 13.7, 15.1], "texture": "#0"},
				"south": {"uv": [13, 14.5, 13.7, 15.1], "texture": "#0"},
				"west": {"uv": [13, 14.5, 13.7, 15.1], "texture": "#0"},
				"up": {"uv": [13, 14.5, 13.7, 15.1], "texture": "#0"},
				"down": {"uv": [13, 14.5, 13.7, 15.1], "texture": "#0"}
			}
		},
		{
			"from": [8.9, 2.12801, 7.27496],
			"to": [10.2, 3.27801, 27.77496],
			"rotation": {"angle": 22.5, "axis": "x", "origin": [9.5477, 2.50778, 22.42757]},
			"faces": {
				"north": {"uv": [13, 14.5, 13.7, 15.1], "texture": "#0"},
				"east": {"uv": [13, 14.5, 13.7, 15.1], "texture": "#0"},
				"south": {"uv": [13, 14.5, 13.7, 15.1], "texture": "#0"},
				"west": {"uv": [13, 14.5, 13.7, 15.1], "texture": "#0"},
				"up": {"uv": [13, 14.5, 13.7, 15.1], "texture": "#0"},
				"down": {"uv": [13, 14.5, 13.7, 15.1], "texture": "#0"}
			}
		},
		{
			"from": [8.75, 1.97801, 15.77496],
			"to": [10.35, 3.42801, 18.37496],
			"rotation": {"angle": 22.5, "axis": "x", "origin": [9.5477, 2.50778, 22.42757]},
			"faces": {
				"north": {"uv": [13, 14.5, 13.7, 15.1], "texture": "#0"},
				"east": {"uv": [13, 14.5, 13.7, 15.1], "texture": "#0"},
				"south": {"uv": [13, 14.5, 13.7, 15.1], "texture": "#0"},
				"west": {"uv": [13, 14.5, 13.7, 15.1], "texture": "#0"},
				"up": {"uv": [13, 14.5, 13.7, 15.1], "texture": "#0"},
				"down": {"uv": [13, 14.5, 13.7, 15.1], "texture": "#0"}
			}
		},
		{
			"from": [5.6, 7.8593, 17.0225],
			"to": [7.3, 9.3093, 19.6225],
			"rotation": {"angle": 22.5, "axis": "x", "origin": [10.34542, 8.58433, 8.26771]},
			"faces": {
				"north": {"uv": [13, 14.5, 13.7, 15.1], "texture": "#0"},
				"east": {"uv": [13, 14.5, 13.7, 15.1], "texture": "#0"},
				"south": {"uv": [13, 14.5, 13.7, 15.1], "texture": "#0"},
				"west": {"uv": [13, 14.5, 13.7, 15.1], "texture": "#0"},
				"up": {"uv": [13, 14.5, 13.7, 15.1], "texture": "#0"},
				"down": {"uv": [13, 14.5, 13.7, 15.1], "texture": "#0"}
			}
		},
		{
			"from": [7.1811, 5.4965, 3.6803],
			"to": [8.7097, 6.18686, 4.3303],
			"rotation": {"angle": 22.5, "axis": "x", "origin": [7.94542, 5.8417, 4.00531]},
			"faces": {
				"north": {"uv": [13, 14.5, 13.7, 15.1], "texture": "#0"},
				"east": {"uv": [13, 14.5, 13.7, 15.1], "texture": "#0"},
				"south": {"uv": [13, 14.5, 13.7, 15.1], "texture": "#0"},
				"west": {"uv": [13, 14.5, 13.7, 15.1], "texture": "#0"},
				"up": {"uv": [13, 14.5, 13.7, 15.1], "texture": "#0"},
				"down": {"uv": [13, 14.5, 13.7, 15.1], "texture": "#0"}
			}
		},
		{
			"from": [7.1811, 5.7759, 3.4269],
			"to": [8.7097, 6.66246, 3.91219],
			"rotation": {"angle": 45, "axis": "x", "origin": [7.94542, 6.12106, 3.58723]},
			"faces": {
				"north": {"uv": [13, 14.5, 13.7, 15.1], "texture": "#0"},
				"east": {"uv": [13, 14.5, 13.7, 15.1], "texture": "#0"},
				"south": {"uv": [13, 14.5, 13.7, 15.1], "texture": "#0"},
				"west": {"uv": [13, 14.5, 13.7, 15.1], "texture": "#0"},
				"up": {"uv": [13, 14.5, 13.7, 15.1], "texture": "#0"},
				"down": {"uv": [13, 14.5, 13.7, 15.1], "texture": "#0"}
			}
		},
		{
			"from": [7.2811, -2.6241, 3.5769],
			"to": [8.6097, 6.66246, 4.61219],
			"rotation": {"angle": 45, "axis": "x", "origin": [7.94542, 6.12106, 3.58723]},
			"faces": {
				"north": {"uv": [13, 14.5, 13.7, 15.1], "texture": "#0"},
				"east": {"uv": [13, 14.5, 13.7, 15.1], "texture": "#0"},
				"south": {"uv": [13, 14.5, 13.7, 15.1], "texture": "#0"},
				"west": {"uv": [13, 14.5, 13.7, 15.1], "texture": "#0"},
				"up": {"uv": [13, 14.5, 13.7, 15.1], "texture": "#0"},
				"down": {"uv": [13, 14.5, 13.7, 15.1], "texture": "#0"}
			}
		},
		{
			"from": [7.6811, -3.0156, 3.6769],
			"to": [8.2097, -1.23754, 5.15044],
			"rotation": {"angle": 45, "axis": "x", "origin": [7.94542, 6.12106, 3.58723]},
			"faces": {
				"north": {"uv": [13, 14.5, 13.7, 15.1], "texture": "#0"},
				"east": {"uv": [13, 14.5, 13.7, 15.1], "texture": "#0"},
				"south": {"uv": [13, 14.5, 13.7, 15.1], "texture": "#0"},
				"west": {"uv": [13, 14.5, 13.7, 15.1], "texture": "#0"},
				"up": {"uv": [13, 14.5, 13.7, 15.1], "texture": "#0"},
				"down": {"uv": [13, 14.5, 13.7, 15.1], "texture": "#0"}
			}
		},
		{
			"from": [6.1811, -1.9156, 19.7495],
			"to": [6.7097, -0.13754, 20.72304],
			"rotation": {"angle": -45, "axis": "x", "origin": [6.44542, 7.22106, 21.31277]},
			"faces": {
				"north": {"uv": [13, 14.5, 13.7, 15.1], "texture": "#0"},
				"east": {"uv": [13, 14.5, 13.7, 15.1], "texture": "#0"},
				"south": {"uv": [13, 14.5, 13.7, 15.1], "texture": "#0"},
				"west": {"uv": [13, 14.5, 13.7, 15.1], "texture": "#0"},
				"up": {"uv": [13, 14.5, 13.7, 15.1], "texture": "#0"},
				"down": {"uv": [13, 14.5, 13.7, 15.1], "texture": "#0"}
			}
		},
		{
			"from": [9.2811, -2.5078, 23.40881],
			"to": [9.8097, -0.72974, 24.38235],
			"rotation": {"angle": -45, "axis": "x", "origin": [9.5477, 2.50778, 22.42757]},
			"faces": {
				"north": {"uv": [13, 14.5, 13.7, 15.1], "texture": "#0"},
				"east": {"uv": [13, 14.5, 13.7, 15.1], "texture": "#0"},
				"south": {"uv": [13, 14.5, 13.7, 15.1], "texture": "#0"},
				"west": {"uv": [13, 14.5, 13.7, 15.1], "texture": "#0"},
				"up": {"uv": [13, 14.5, 13.7, 15.1], "texture": "#0"},
				"down": {"uv": [13, 14.5, 13.7, 15.1], "texture": "#0"}
			}
		},
		{
			"from": [7.6811, -1.4243, -2.764],
			"to": [8.2097, 0.21099, -2.07745],
			"rotation": {"angle": -22.5, "axis": "x", "origin": [7.94542, -0.65662, -1.87077]},
			"faces": {
				"north": {"uv": [13, 14.5, 13.7, 15.1], "texture": "#0"},
				"east": {"uv": [13, 14.5, 13.7, 15.1], "texture": "#0"},
				"south": {"uv": [13, 14.5, 13.7, 15.1], "texture": "#0"},
				"west": {"uv": [13, 14.5, 13.7, 15.1], "texture": "#0"},
				"up": {"uv": [13, 14.5, 13.7, 15.1], "texture": "#0"},
				"down": {"uv": [13, 14.5, 13.7, 15.1], "texture": "#0"}
			}
		},
		{
			"from": [6.1811, -0.3243, 26.9775],
			"to": [6.7097, 1.31099, 27.66405],
			"rotation": {"angle": 22.5, "axis": "x", "origin": [6.44542, 0.44338, 26.77077]},
			"faces": {
				"north": {"uv": [13, 14.5, 13.7, 15.1], "texture": "#0"},
				"east": {"uv": [13, 14.5, 13.7, 15.1], "texture": "#0"},
				"south": {"uv": [13, 14.5, 13.7, 15.1], "texture": "#0"},
				"west": {"uv": [13, 14.5, 13.7, 15.1], "texture": "#0"},
				"up": {"uv": [13, 14.5, 13.7, 15.1], "texture": "#0"},
				"down": {"uv": [13, 14.5, 13.7, 15.1], "texture": "#0"}
			}
		},
		{
			"from": [9.2811, 1.49491, 27.43691],
			"to": [9.8097, 3.1302, 28.12346],
			"rotation": {"angle": 22.5, "axis": "x", "origin": [9.5477, 2.50778, 22.42757]},
			"faces": {
				"north": {"uv": [13, 14.5, 13.7, 15.1], "texture": "#0"},
				"east": {"uv": [13, 14.5, 13.7, 15.1], "texture": "#0"},
				"south": {"uv": [13, 14.5, 13.7, 15.1], "texture": "#0"},
				"west": {"uv": [13, 14.5, 13.7, 15.1], "texture": "#0"},
				"up": {"uv": [13, 14.5, 13.7, 15.1], "texture": "#0"},
				"down": {"uv": [13, 14.5, 13.7, 15.1], "texture": "#0"}
			}
		},
		{
			"from": [7.1811, 5.5058, 4.0228],
			"to": [8.7097, 6.3558, 4.71316],
			"rotation": {"angle": -22.5, "axis": "x", "origin": [7.94542, 5.83078, 4.36801]},
			"faces": {
				"north": {"uv": [13, 14.5, 13.7, 15.1], "texture": "#0"},
				"east": {"uv": [13, 14.5, 13.7, 15.1], "texture": "#0"},
				"south": {"uv": [13, 14.5, 13.7, 15.1], "texture": "#0"},
				"west": {"uv": [13, 14.5, 13.7, 15.1], "texture": "#0"},
				"up": {"uv": [13, 14.5, 13.7, 15.1], "texture": "#0"},
				"down": {"uv": [13, 14.5, 13.7, 15.1], "texture": "#0"}
			}
		},
		{
			"from": [6.45, 9.05, 6.9],
			"to": [6.75, 10.25, 8.6],
			"faces": {
				"north": {"uv": [13, 14.5, 13.7, 15.1], "texture": "#0"},
				"east": {"uv": [13, 14.5, 13.7, 15.1], "texture": "#0"},
				"south": {"uv": [13, 14.5, 13.7, 15.1], "texture": "#0"},
				"west": {"uv": [13, 14.5, 13.7, 15.1], "texture": "#0"},
				"up": {"uv": [13, 14.5, 13.7, 15.1], "texture": "#0"},
				"down": {"uv": [13, 14.5, 13.7, 15.1], "texture": "#0"}
			}
		},
		{
			"from": [9.249, 9.9628, 6.9028],
			"to": [9.549, 10.61336, 8.47339],
			"rotation": {"angle": 22.5, "axis": "x", "origin": [9.4, 10.11334, 7.62336]},
			"faces": {
				"north": {"uv": [13, 14.5, 13.7, 15.1], "texture": "#0"},
				"east": {"uv": [13, 14.5, 13.7, 15.1], "texture": "#0"},
				"south": {"uv": [13, 14.5, 13.7, 15.1], "texture": "#0"},
				"west": {"uv": [13, 14.5, 13.7, 15.1], "texture": "#0"},
				"up": {"uv": [13, 14.5, 13.7, 15.1], "texture": "#0"},
				"down": {"uv": [13, 14.5, 13.7, 15.1], "texture": "#0"}
			}
		},
		{
			"from": [6.45, 9.9628, 6.9028],
			"to": [6.75, 10.61336, 8.47339],
			"rotation": {"angle": 22.5, "axis": "x", "origin": [6.6, 10.11334, 7.62336]},
			"faces": {
				"north": {"uv": [13, 14.5, 13.7, 15.1], "texture": "#0"},
				"east": {"uv": [13, 14.5, 13.7, 15.1], "texture": "#0"},
				"south": {"uv": [13, 14.5, 13.7, 15.1], "texture": "#0"},
				"west": {"uv": [13, 14.5, 13.7, 15.1], "texture": "#0"},
				"up": {"uv": [13, 14.5, 13.7, 15.1], "texture": "#0"},
				"down": {"uv": [13, 14.5, 13.7, 15.1], "texture": "#0"}
			}
		},
		{
			"from": [9.249, 9.4647, 7.4247],
			"to": [9.549, 11.0353, 8.07526],
			"rotation": {"angle": 22.5, "axis": "x", "origin": [9.3995, 10.25, 7.75]},
			"faces": {
				"north": {"uv": [13, 14.5, 13.7, 15.1], "texture": "#0"},
				"east": {"uv": [13, 14.5, 13.7, 15.1], "rotation": 180, "texture": "#0"},
				"south": {"uv": [13, 14.5, 13.7, 15.1], "texture": "#0"},
				"west": {"uv": [13, 14.5, 13.7, 15.1], "rotation": 180, "texture": "#0"},
				"up": {"uv": [13, 14.5, 13.7, 15.1], "rotation": 180, "texture": "#0"},
				"down": {"uv": [13, 14.5, 13.7, 15.1], "rotation": 180, "texture": "#0"}
			}
		},
		{
			"from": [6.45, 9.4647, 7.4247],
			"to": [6.75, 11.0353, 8.07526],
			"rotation": {"angle": 22.5, "axis": "x", "origin": [6.5995, 10.25, 7.75]},
			"faces": {
				"north": {"uv": [13, 14.5, 13.7, 15.1], "texture": "#0"},
				"east": {"uv": [13, 14.5, 13.7, 15.1], "rotation": 180, "texture": "#0"},
				"south": {"uv": [13, 14.5, 13.7, 15.1], "texture": "#0"},
				"west": {"uv": [13, 14.5, 13.7, 15.1], "rotation": 180, "texture": "#0"},
				"up": {"uv": [13, 14.5, 13.7, 15.1], "rotation": 180, "texture": "#0"},
				"down": {"uv": [13, 14.5, 13.7, 15.1], "texture": "#0"}
			}
		},
		{
			"from": [9.249, 9.4647, 7.4247],
			"to": [9.549, 11.0353, 8.07526],
			"rotation": {"angle": -22.5, "axis": "x", "origin": [9.3995, 10.25, 7.75]},
			"faces": {
				"north": {"uv": [13, 14.5, 13.7, 15.1], "texture": "#0"},
				"east": {"uv": [13, 14.5, 13.7, 15.1], "rotation": 180, "texture": "#0"},
				"south": {"uv": [13, 14.5, 13.7, 15.1], "texture": "#0"},
				"west": {"uv": [13, 14.5, 13.7, 15.1], "rotation": 180, "texture": "#0"},
				"up": {"uv": [13, 14.5, 13.7, 15.1], "rotation": 180, "texture": "#0"},
				"down": {"uv": [13, 14.5, 13.7, 15.1], "rotation": 180, "texture": "#0"}
			}
		},
		{
			"from": [6.45, 9.4647, 7.4247],
			"to": [6.75, 11.0353, 8.07526],
			"rotation": {"angle": -22.5, "axis": "x", "origin": [6.5995, 10.25, 7.75]},
			"faces": {
				"north": {"uv": [13, 14.5, 13.7, 15.1], "texture": "#0"},
				"east": {"uv": [13, 14.5, 13.7, 15.1], "rotation": 180, "texture": "#0"},
				"south": {"uv": [13, 14.5, 13.7, 15.1], "texture": "#0"},
				"west": {"uv": [13, 14.5, 13.7, 15.1], "rotation": 180, "texture": "#0"},
				"up": {"uv": [13, 14.5, 13.7, 15.1], "rotation": 180, "texture": "#0"},
				"down": {"uv": [13, 14.5, 13.7, 15.1], "texture": "#0"}
			}
		},
		{
			"from": [9.249, 9.9247, 6.9647],
			"to": [9.549, 10.57526, 8.5353],
			"rotation": {"angle": -22.5, "axis": "x", "origin": [9.3995, 10.25, 7.75]},
			"faces": {
				"north": {"uv": [13, 14.5, 13.7, 15.1], "texture": "#0"},
				"east": {"uv": [13, 14.5, 13.7, 15.1], "texture": "#0"},
				"south": {"uv": [13, 14.5, 13.7, 15.1], "texture": "#0"},
				"west": {"uv": [13, 14.5, 13.7, 15.1], "texture": "#0"},
				"up": {"uv": [13, 14.5, 13.7, 15.1], "texture": "#0"},
				"down": {"uv": [13, 14.5, 13.7, 15.1], "texture": "#0"}
			}
		},
		{
			"from": [-1.25, 7.437, 8.5],
			"to": [5.6136, 12.33638, 11.7],
			"faces": {
				"north": {"uv": [0, 8.5, 5.7, 16], "texture": "#2"},
				"east": {"uv": [8, 12.5, 8.7, 13.1], "texture": "#2"},
				"south": {"uv": [8, 12.5, 8.7, 13.1], "texture": "#2"},
				"west": {"uv": [8, 11.5, 9.7, 14], "texture": "#2"},
				"up": {"uv": [8, 12.5, 8.7, 13.1], "texture": "#2"},
				"down": {"uv": [8, 12.5, 8.7, 13.1], "texture": "#2"}
			}
		},
		{
			"from": [-1.45, 11.937, 8.3],
			"to": [5.36117, 12.49998, 11.9],
			"faces": {
				"north": {"uv": [9, 12.5, 9.7, 13.1], "texture": "#2"},
				"east": {"uv": [9, 12.5, 9.7, 13.1], "texture": "#2"},
				"south": {"uv": [9, 12.5, 9.7, 13.1], "texture": "#2"},
				"west": {"uv": [9, 12.5, 9.7, 13.1], "texture": "#2"},
				"up": {"uv": [9, 12.5, 9.7, 13.1], "texture": "#2"},
				"down": {"uv": [9, 12.5, 9.7, 13.1], "texture": "#2"}
			}
		},
		{
			"from": [-1.75, 7.337, 8.4],
			"to": [5.66117, 7.59998, 11.8],
			"faces": {
				"north": {"uv": [9, 12.5, 9.7, 13.1], "texture": "#2"},
				"east": {"uv": [9, 12.5, 9.7, 13.1], "texture": "#2"},
				"south": {"uv": [9, 12.5, 9.7, 13.1], "texture": "#2"},
				"west": {"uv": [9, 12.5, 9.7, 13.1], "texture": "#2"},
				"up": {"uv": [9, 12.5, 9.7, 13.1], "texture": "#2"},
				"down": {"uv": [9, 12.5, 9.7, 13.1], "texture": "#2"}
			}
		},
		{
			"from": [4.9196, 11.1489, 8.5],
			"to": [5.60843, 12.0489, 11.7],
			"rotation": {"angle": 45, "axis": "z", "origin": [5.264, 12.19892, 10.1]},
			"faces": {
				"north": {"uv": [9, 13.5, 9.7, 14.1], "texture": "#2"},
				"east": {"uv": [9, 13.5, 9.7, 14.1], "texture": "#2"},
				"south": {"uv": [9, 13.5, 9.7, 14.1], "texture": "#2"},
				"west": {"uv": [9, 13.5, 9.7, 14.1], "texture": "#2"},
				"up": {"uv": [9, 13.5, 9.7, 14.1], "texture": "#2"},
				"down": {"uv": [9, 13.5, 9.7, 14.1], "texture": "#2"}
			}
		},
		{
			"from": [5.6687, 12.3045, 9.65],
			"to": [6.4687, 12.6045, 10.75],
			"rotation": {"angle": 45, "axis": "z", "origin": [6.31872, 12.45454, 10.25]},
			"faces": {
				"north": {"uv": [12.55, 7.9, 13, 8.375], "rotation": 90, "texture": "#3"},
				"east": {"uv": [12.55, 7.9, 13, 8.375], "texture": "#3"},
				"south": {"uv": [12.55, 7.9, 13, 8.375], "rotation": 90, "texture": "#3"},
				"west": {"uv": [12.55, 7.9, 13, 8.375], "texture": "#3"},
				"up": {"uv": [12.55, 7.9, 13, 8.375], "rotation": 90, "texture": "#3"},
				"down": {"uv": [12.55, 7.9, 13, 8.375], "rotation": 90, "texture": "#3"}
			}
		},
		{
			"from": [6.3266, 12.6268, 9.65],
			"to": [7.1266, 12.9268, 10.75],
			"rotation": {"angle": 22.5, "axis": "z", "origin": [6.97664, 12.77683, 10.25]},
			"faces": {
				"north": {"uv": [12.55, 7.9, 13, 8.375], "rotation": 90, "texture": "#3"},
				"east": {"uv": [12.55, 7.9, 13, 8.375], "rotation": 90, "texture": "#3"},
				"south": {"uv": [12.55, 7.9, 13, 8.375], "rotation": 90, "texture": "#3"},
				"west": {"uv": [12.55, 7.9, 13, 8.375], "texture": "#3"},
				"up": {"uv": [12.55, 7.9, 13, 8.375], "rotation": 90, "texture": "#3"},
				"down": {"uv": [12.55, 7.9, 13, 8.375], "rotation": 90, "texture": "#3"}
			}
		},
		{
			"from": [7.0578, 12.6728, 9.65],
			"to": [9.3578, 12.9728, 10.55],
			"faces": {
				"north": {"uv": [1.75, 13, 2.45, 13.6], "rotation": 90, "texture": "#0"},
				"east": {"uv": [1.75, 13, 2.45, 13.6], "rotation": 90, "texture": "#0"},
				"south": {"uv": [1.75, 13, 2.45, 13.6], "rotation": 90, "texture": "#0"},
				"west": {"uv": [1.75, 13, 2.45, 13.6], "texture": "#0"},
				"up": {"uv": [1.75, 13, 2.45, 13.6], "rotation": 90, "texture": "#0"},
				"down": {"uv": [1.75, 13, 2.45, 13.6], "rotation": 90, "texture": "#0"}
			}
		},
		{
			"from": [9.318, 12.1649, 9.65],
			"to": [9.618, 12.9649, 10.55],
			"rotation": {"angle": 22.5, "axis": "z", "origin": [9.46798, 12.31489, 10.25]},
			"faces": {
				"north": {"uv": [1.75, 13, 2.45, 13.6], "rotation": 180, "texture": "#0"},
				"east": {"uv": [1.75, 13, 2.45, 13.6], "rotation": 180, "texture": "#0"},
				"south": {"uv": [1.75, 13, 2.45, 13.6], "rotation": 180, "texture": "#0"},
				"west": {"uv": [1.75, 13, 2.45, 13.6], "rotation": 180, "texture": "#0"},
				"up": {"uv": [1.75, 13, 2.45, 13.6], "texture": "#0"},
				"down": {"uv": [1.75, 13, 2.45, 13.6], "rotation": 180, "texture": "#0"}
			}
		},
		{
			"from": [5.5, 11.75, 9.75],
			"to": [6, 12.25, 11.55],
			"rotation": {"angle": 45, "axis": "z", "origin": [5.75, 12, 9.76667]},
			"faces": {
				"north": {"uv": [15.25, 4, 15.95, 4.6], "texture": "#0"},
				"east": {"uv": [15.25, 4, 15.95, 4.6], "rotation": 180, "texture": "#0"},
				"south": {"uv": [15.25, 4, 15.95, 4.6], "texture": "#0"},
				"west": {"uv": [15.25, 4, 15.95, 4.6], "texture": "#0"},
				"up": {"uv": [15.25, 4, 15.95, 4.6], "rotation": 90, "texture": "#0"},
				"down": {"uv": [15.25, 4, 15.95, 4.6], "rotation": 270, "texture": "#0"}
			}
		},
		{
			"from": [5.55, 11.8, 9.15],
			"to": [5.95, 12.2, 9.75],
			"rotation": {"angle": 45, "axis": "z", "origin": [5.75, 12, 9.76667]},
			"faces": {
				"north": {"uv": [15.25, 4, 15.95, 4.6], "texture": "#0"},
				"east": {"uv": [15.25, 4, 15.95, 4.6], "texture": "#0"},
				"south": {"uv": [15.25, 4, 15.95, 4.6], "texture": "#0"},
				"west": {"uv": [15.25, 4, 15.95, 4.6], "texture": "#0"},
				"up": {"uv": [15.25, 4, 15.95, 4.6], "rotation": 270, "texture": "#0"},
				"down": {"uv": [15.25, 4, 15.95, 4.6], "rotation": 90, "texture": "#0"}
			}
		},
		{
			"from": [5.6, 11.85, 8.85],
			"to": [5.9, 12.15, 9.15],
			"rotation": {"angle": 45, "axis": "z", "origin": [5.75, 12, 9.76667]},
			"faces": {
				"north": {"uv": [15.25, 4, 15.95, 4.6], "texture": "#0"},
				"east": {"uv": [15.25, 4, 15.95, 4.6], "texture": "#0"},
				"south": {"uv": [15.25, 4, 15.95, 4.6], "texture": "#0"},
				"west": {"uv": [15.25, 4, 15.95, 4.6], "texture": "#0"},
				"up": {"uv": [15.25, 4, 15.95, 4.6], "texture": "#0"},
				"down": {"uv": [15.25, 4, 15.95, 4.6], "texture": "#0"}
			}
		}
	],
	"display": {
		"thirdperson_righthand": {
			"rotation": [40, 0, 0],
			"translation": [0, 5, -2],
			"scale": [0.7, 0.7, 0.7]
		},
		"thirdperson_lefthand": {
			"rotation": [40, 0, 0],
			"translation": [0, 5, -2],
			"scale": [0, 0, 0]
		},
		"firstperson_righthand": {
			"translation": [-9.05, 2, -9],
			"scale": [0.9, 0.9, 0.9]
		},
		"firstperson_lefthand": {
			"translation": [-2.5, 0, -9],
			"scale": [0.9, 0.9, 0.9]
		},
		"ground": {
			"translation": [0, 5, 0],
			"scale": [0.8, 0.8, 0.8]
		},
		"gui": {
			"rotation": [-15, 130, 0],
			"scale": [0.4, 0.4, 0.4]
		},
		"head": {
			"translation": [0, 12, 0]
		},
		"fixed": {
			"rotation": [0, 90, 0],
			"translation": [0, 0, -5]
		}
	}
}