{
	"credit": "Made with Blockbench",
	"textures": {
		"4": "block/spruce_planks",
		"6": "block/stripped_dark_oak_log",
		"8": "block/dark_oak_log",
		"15": "block/campfire_log",
		"22": "block/calcite",
		"23": "block/mud",
		"25": "block/dried_kelp_side",
		"26": "item/feather",
		"27": "block/lantern",
		"particle": "block/spruce_planks"
	},
	"elements": [
		{
			"from": [0, 0, 0],
			"to": [16, 1, 16],
			"faces": {
				"north": {"uv": [0, 0, 16, 1], "texture": "#4"},
				"east": {"uv": [0, 0, 16, 1], "texture": "#4"},
				"south": {"uv": [0, 0, 16, 1], "texture": "#4"},
				"west": {"uv": [0, 0, 16, 1], "texture": "#4"},
				"up": {"uv": [0, 0, 16, 16], "texture": "#4"},
				"down": {"uv": [0, 0, 16, 16], "texture": "#4"}
			}
		},
		{
			"from": [4, 1, 4],
			"to": [10, 1.5, 12],
			"rotation": {"angle": 22.5, "axis": "y", "origin": [6.9375, 2, 7]},
			"faces": {
				"north": {"uv": [5, 1, 11, 1.5], "texture": "#25"},
				"east": {"uv": [8, 1, 16, 1.5], "texture": "#25"},
				"south": {"uv": [4, 1, 10, 1.5], "texture": "#25"},
				"west": {"uv": [8, 1, 16, 1.5], "texture": "#25"},
				"up": {"uv": [4, 3, 10, 11], "texture": "#25"},
				"down": {"uv": [4, 3, 10, 11], "texture": "#25"}
			}
		},
		{
			"from": [5, 1.5, 4.25],
			"to": [9.75, 2.5, 11.75],
			"rotation": {"angle": 22.5, "axis": "y", "origin": [6.9375, 2, 7]},
			"faces": {
				"north": {"uv": [0, 0, 4.75, 1], "texture": "#22"},
				"east": {"uv": [0, 0, 7.5, 1], "texture": "#22"},
				"south": {"uv": [0, 0, 4.75, 1], "texture": "#22"},
				"west": {"uv": [0, 0, 7.5, 1], "texture": "#22"},
				"up": {"uv": [0, 0, 4.75, 7.5], "texture": "#22"},
				"down": {"uv": [0, 0, 4.75, 7.5], "texture": "#22"}
			}
		},
		{
			"from": [4, 2.5, 4],
			"to": [10, 3, 12],
			"rotation": {"angle": 22.5, "axis": "y", "origin": [6.9375, 2, 7]},
			"faces": {
				"north": {"uv": [5, 1, 11, 1.5], "texture": "#25"},
				"east": {"uv": [8, 1, 16, 1.5], "texture": "#25"},
				"south": {"uv": [4, 1, 10, 1.5], "texture": "#25"},
				"west": {"uv": [8, 1, 16, 1.5], "texture": "#25"},
				"up": {"uv": [4, 3, 10, 11], "texture": "#25"},
				"down": {"uv": [4, 3, 10, 11], "texture": "#25"}
			}
		},
		{
			"from": [4, 1.5, 4],
			"to": [5, 2.5, 12],
			"rotation": {"angle": 22.5, "axis": "y", "origin": [6.9375, 2, 7]},
			"faces": {
				"north": {"uv": [8, 2, 9, 3], "texture": "#25"},
				"east": {"uv": [8, 2, 16, 3], "texture": "#25"},
				"south": {"uv": [8, 2, 9, 3], "texture": "#25"},
				"west": {"uv": [8, 2, 16, 3], "texture": "#25"},
				"up": {"uv": [4, 3, 5, 11], "texture": "#25"},
				"down": {"uv": [4, 3, 5, 11], "texture": "#25"}
			}
		},
		{
			"from": [12, 6, 0],
			"to": [16, 7, 16],
			"faces": {
				"north": {"uv": [0, 0, 4, 1], "texture": "#4"},
				"east": {"uv": [0, 0, 16, 1], "texture": "#4"},
				"south": {"uv": [0, 0, 4, 1], "texture": "#4"},
				"west": {"uv": [0, 0, 16, 1], "texture": "#4"},
				"up": {"uv": [0, 0, 4, 16], "texture": "#4"},
				"down": {"uv": [0, 0, 4, 16], "texture": "#4"}
			}
		},
		{
			"from": [13, 1, 1],
			"to": [15, 12, 3],
			"faces": {
				"north": {"uv": [3, 4, 5, 15], "texture": "#8"},
				"east": {"uv": [3, 4, 5, 15], "texture": "#8"},
				"south": {"uv": [3, 4, 5, 15], "texture": "#8"},
				"west": {"uv": [3, 4, 5, 15], "texture": "#8"},
				"up": {"uv": [3, 4, 5, 6], "texture": "#8"},
				"down": {"uv": [3, 4, 5, 6], "texture": "#8"}
			}
		},
		{
			"from": [0, 12, 0],
			"to": [16, 13, 16],
			"faces": {
				"north": {"uv": [0, 0, 16, 1], "texture": "#6"},
				"east": {"uv": [0, 0, 16, 1], "texture": "#6"},
				"south": {"uv": [0, 0, 16, 1], "texture": "#6"},
				"west": {"uv": [0, 0, 16, 1], "texture": "#6"},
				"up": {"uv": [0, 0, 16, 16], "texture": "#6"},
				"down": {"uv": [0, 0, 16, 16], "texture": "#6"}
			}
		},
		{
			"from": [12, 13, 12],
			"to": [15, 14, 15],
			"faces": {
				"north": {"uv": [0, 0, 3, 1], "texture": "#23"},
				"east": {"uv": [0, 0, 3, 1], "texture": "#23"},
				"south": {"uv": [0, 0, 3, 1], "texture": "#23"},
				"west": {"uv": [0, 0, 3, 1], "texture": "#23"},
				"up": {"uv": [0, 0, 3, 3], "texture": "#23"},
				"down": {"uv": [0, 0, 3, 3], "texture": "#23"}
			}
		},
		{
			"from": [0.98, 12.98, 11.78],
			"to": [4.22, 16.76, 15.02],
			"rotation": {"angle": 0, "axis": "y", "origin": [0.46, 9.66, 6.9]},
			"faces": {
				"north": {"uv": [0, 2, 6, 9], "texture": "#27"},
				"east": {"uv": [0, 2, 6, 9], "texture": "#27"},
				"south": {"uv": [0, 2, 6, 9], "texture": "#27"},
				"west": {"uv": [0, 2, 6, 9], "texture": "#27"},
				"up": {"uv": [0, 9, 6, 15], "texture": "#27"},
				"down": {"uv": [0, 9, 6, 15], "texture": "#27"}
			}
		},
		{
			"from": [1.52, 16.76, 12.32],
			"to": [3.68, 17.84, 14.48],
			"rotation": {"angle": 0, "axis": "y", "origin": [0.46, 9.66, 6.9]},
			"faces": {
				"north": {"uv": [1, 0, 5, 2], "texture": "#27"},
				"east": {"uv": [1, 0, 5, 2], "texture": "#27"},
				"south": {"uv": [1, 0, 5, 2], "texture": "#27"},
				"west": {"uv": [1, 0, 5, 2], "texture": "#27"},
				"up": {"uv": [1, 10, 5, 14], "texture": "#27"},
				"down": {"uv": [1, 10, 5, 14], "texture": "#27"}
			}
		},
		{
			"from": [2.52, 17.65, 12.59],
			"to": [3.06, 18.19, 14.21],
			"rotation": {"angle": 22.5, "axis": "z", "origin": [2.6, 17.92, 13.4]},
			"faces": {
				"north": {"uv": [2, 10, 2, 11], "rotation": 270, "texture": "#27"},
				"east": {"uv": [1, 10, 1, 13], "rotation": 90, "texture": "#27"},
				"south": {"uv": [2, 10, 2, 11], "rotation": 90, "texture": "#27"},
				"west": {"uv": [1, 10, 1, 13], "rotation": 90, "texture": "#27"},
				"up": {"uv": [2, 10, 5, 11], "rotation": 90, "texture": "#27"},
				"down": {"uv": [2, 10, 5, 11], "rotation": 90, "texture": "#27"}
			}
		},
		{
			"from": [4.14, 17.65, 12.59],
			"to": [4.68, 18.19, 14.21],
			"rotation": {"angle": 22.5, "axis": "z", "origin": [2.6, 17.92, 13.4]},
			"faces": {
				"north": {"uv": [2, 10, 2, 11], "rotation": 270, "texture": "#27"},
				"east": {"uv": [1, 10, 1, 13], "rotation": 90, "texture": "#27"},
				"south": {"uv": [2, 10, 2, 11], "rotation": 90, "texture": "#27"},
				"west": {"uv": [1, 10, 1, 13], "rotation": 90, "texture": "#27"},
				"up": {"uv": [2, 10, 5, 11], "rotation": 90, "texture": "#27"},
				"down": {"uv": [2, 10, 5, 11], "rotation": 90, "texture": "#27"}
			}
		},
		{
			"from": [3.06, 17.65, 12.59],
			"to": [4.14, 18.19, 13.13],
			"rotation": {"angle": 22.5, "axis": "z", "origin": [2.6, 17.92, 13.4]},
			"faces": {
				"north": {"uv": [4, 9, 4, 11], "rotation": 270, "texture": "#27"},
				"east": {"uv": [1, 10, 1, 11], "rotation": 90, "texture": "#27"},
				"south": {"uv": [4, 9, 4, 11], "rotation": 90, "texture": "#27"},
				"west": {"uv": [1, 10, 1, 11], "rotation": 90, "texture": "#27"},
				"up": {"uv": [4, 9, 5, 11], "rotation": 90, "texture": "#27"},
				"down": {"uv": [4, 9, 5, 11], "rotation": 90, "texture": "#27"}
			}
		},
		{
			"from": [3.06, 17.65, 13.67],
			"to": [4.14, 18.19, 14.21],
			"rotation": {"angle": 22.5, "axis": "z", "origin": [2.6, 17.92, 13.4]},
			"faces": {
				"north": {"uv": [4, 10, 4, 12], "rotation": 270, "texture": "#27"},
				"east": {"uv": [3, 10, 3, 11], "rotation": 90, "texture": "#27"},
				"south": {"uv": [4, 10, 4, 12], "rotation": 90, "texture": "#27"},
				"west": {"uv": [3, 10, 3, 11], "rotation": 90, "texture": "#27"},
				"up": {"uv": [4, 10, 5, 12], "rotation": 90, "texture": "#27"},
				"down": {"uv": [4, 10, 5, 12], "rotation": 90, "texture": "#27"}
			}
		},
		{
			"from": [12, 14, 14],
			"to": [15, 16, 15],
			"faces": {
				"north": {"uv": [0, 0, 3, 2], "texture": "#23"},
				"east": {"uv": [0, 0, 1, 2], "texture": "#23"},
				"south": {"uv": [0, 0, 3, 2], "texture": "#23"},
				"west": {"uv": [0, 0, 1, 2], "texture": "#23"},
				"up": {"uv": [0, 0, 3, 1], "texture": "#23"},
				"down": {"uv": [0, 0, 3, 1], "texture": "#23"}
			}
		},
		{
			"from": [12, 14, 12],
			"to": [15, 16, 13],
			"faces": {
				"north": {"uv": [0, 0, 3, 2], "texture": "#23"},
				"east": {"uv": [0, 0, 1, 2], "texture": "#23"},
				"south": {"uv": [0, 0, 3, 2], "texture": "#23"},
				"west": {"uv": [0, 0, 1, 2], "texture": "#23"},
				"up": {"uv": [0, 0, 3, 1], "texture": "#23"},
				"down": {"uv": [0, 0, 3, 1], "texture": "#23"}
			}
		},
		{
			"from": [14, 14, 13],
			"to": [15, 16, 14],
			"faces": {
				"north": {"uv": [0, 0, 1, 2], "texture": "#23"},
				"east": {"uv": [0, 0, 1, 2], "texture": "#23"},
				"south": {"uv": [0, 0, 1, 2], "texture": "#23"},
				"west": {"uv": [0, 0, 1, 2], "texture": "#23"},
				"up": {"uv": [0, 0, 1, 1], "texture": "#23"},
				"down": {"uv": [0, 0, 1, 1], "texture": "#23"}
			}
		},
		{
			"from": [12, 14, 13],
			"to": [13, 16, 14],
			"faces": {
				"north": {"uv": [0, 0, 1, 2], "texture": "#23"},
				"east": {"uv": [0, 0, 1, 2], "texture": "#23"},
				"south": {"uv": [0, 0, 1, 2], "texture": "#23"},
				"west": {"uv": [0, 0, 1, 2], "texture": "#23"},
				"up": {"uv": [0, 0, 1, 1], "texture": "#23"},
				"down": {"uv": [0, 0, 1, 1], "texture": "#23"}
			}
		},
		{
			"from": [7, 13, 9],
			"to": [9, 17, 11],
			"faces": {
				"north": {"uv": [0, 0, 2, 4], "texture": "#8"},
				"east": {"uv": [0, 0, 2, 4], "texture": "#8"},
				"south": {"uv": [0, 0, 2, 4], "texture": "#8"},
				"west": {"uv": [0, 0, 2, 4], "texture": "#8"},
				"up": {"uv": [0, 0, 2, 2], "texture": "#8"},
				"down": {"uv": [0, 0, 2, 2], "texture": "#8"}
			}
		},
		{
			"from": [3, 12.5, 0],
			"to": [13, 13.5, 12],
			"rotation": {"angle": -22.5, "axis": "x", "origin": [8, 13.5, 0]},
			"faces": {
				"north": {"uv": [0, 0, 10, 1], "texture": "#4"},
				"east": {"uv": [0, 0, 12, 1], "texture": "#4"},
				"south": {"uv": [0, 0, 10, 1], "texture": "#4"},
				"west": {"uv": [0, 0, 12, 1], "texture": "#4"},
				"up": {"uv": [2, 3, 12, 15], "texture": "#4"},
				"down": {"uv": [3, 2, 13, 14], "texture": "#4"}
			}
		},
		{
			"from": [4, 15.77707, 0.44761],
			"to": [12, 16.27707, 9.44761],
			"rotation": {"angle": -22.5, "axis": "x", "origin": [9, 16.02707, 5.44761]},
			"faces": {
				"north": {"uv": [0, 0, 8, 0.5], "texture": "#6"},
				"east": {"uv": [0, 0, 9, 0.5], "texture": "#6"},
				"south": {"uv": [0, 0, 8, 0.5], "texture": "#6"},
				"west": {"uv": [0, 0, 9, 0.5], "texture": "#6"},
				"up": {"uv": [2, 3, 10, 12], "texture": "#6"},
				"down": {"uv": [3, 2, 11, 11], "texture": "#6"}
			}
		},
		{
			"from": [8, 16.27707, 0.44761],
			"to": [11.75, 16.77707, 9.44761],
			"rotation": {"angle": -22.5, "axis": "x", "origin": [9, 16.02707, 5.44761]},
			"faces": {
				"north": {"uv": [0, 0, 3.75, 0.5], "texture": "#22"},
				"east": {"uv": [0, 0, 9, 0.5], "texture": "#22"},
				"south": {"uv": [0, 0, 3.75, 0.5], "texture": "#22"},
				"west": {"uv": [0, 0, 9, 0.5], "texture": "#22"},
				"up": {"uv": [3, 2, 6.75, 11], "texture": "#22"},
				"down": {"uv": [3, 2, 6.75, 11], "texture": "#22"}
			}
		},
		{
			"from": [4.25, 16.27707, 0.44761],
			"to": [8, 16.77707, 9.44761],
			"rotation": {"angle": -22.5, "axis": "x", "origin": [9, 16.02707, 5.44761]},
			"faces": {
				"north": {"uv": [0, 0, 3.75, 0.5], "texture": "#22"},
				"east": {"uv": [0, 0, 9, 0.5], "texture": "#22"},
				"south": {"uv": [0, 0, 3.75, 0.5], "texture": "#22"},
				"west": {"uv": [0, 0, 9, 0.5], "texture": "#22"},
				"up": {"uv": [7, 5, 10.75, 14], "texture": "#22"},
				"down": {"uv": [8, 4, 11.75, 13], "texture": "#22"}
			}
		},
		{
			"from": [1, 1, 1],
			"to": [3, 12, 3],
			"faces": {
				"north": {"uv": [3, 4, 5, 15], "texture": "#8"},
				"east": {"uv": [3, 4, 5, 15], "texture": "#8"},
				"south": {"uv": [3, 4, 5, 15], "texture": "#8"},
				"west": {"uv": [3, 4, 5, 15], "texture": "#8"},
				"up": {"uv": [3, 4, 5, 6], "texture": "#8"},
				"down": {"uv": [3, 4, 5, 6], "texture": "#8"}
			}
		},
		{
			"from": [0, 8, 0],
			"to": [2, 10, 16],
			"faces": {
				"north": {"uv": [0, 4, 4, 8], "texture": "#15"},
				"east": {"uv": [0, 0, 16, 2], "texture": "#8"},
				"south": {"uv": [0, 4, 4, 8], "texture": "#15"},
				"west": {"uv": [0, 0, 16, 2], "texture": "#8"},
				"up": {"uv": [0, 0, 2, 16], "texture": "#8"},
				"down": {"uv": [0, 0, 2, 16], "texture": "#8"}
			}
		},
		{
			"from": [1, 1, 13],
			"to": [3, 12, 15],
			"faces": {
				"north": {"uv": [3, 4, 5, 15], "texture": "#8"},
				"east": {"uv": [3, 4, 5, 15], "texture": "#8"},
				"south": {"uv": [3, 4, 5, 15], "texture": "#8"},
				"west": {"uv": [3, 4, 5, 15], "texture": "#8"},
				"up": {"uv": [3, 4, 5, 6], "texture": "#8"},
				"down": {"uv": [3, 4, 5, 6], "texture": "#8"}
			}
		},
		{
			"from": [13, 1, 13],
			"to": [15, 12, 15],
			"faces": {
				"north": {"uv": [3, 4, 5, 15], "texture": "#8"},
				"east": {"uv": [3, 4, 5, 15], "texture": "#8"},
				"south": {"uv": [3, 4, 5, 15], "texture": "#8"},
				"west": {"uv": [3, 4, 5, 15], "texture": "#8"},
				"up": {"uv": [3, 4, 5, 6], "texture": "#8"},
				"down": {"uv": [3, 4, 5, 6], "texture": "#8"}
			}
		},
		{
			"name": "feather_0",
			"from": [13.355, 21.635, 6.795],
			"to": [13.645, 22.215, 11.435],
			"rotation": {"angle": 0, "axis": "z", "origin": [24.75, 14.25, 9.25]},
			"faces": {
				"north": {"uv": [13, 2, 12, 3], "rotation": 90, "texture": "#26"},
				"east": {"uv": [12, 10, 13, 2], "rotation": 270, "texture": "#26"},
				"south": {"uv": [12, 9, 13, 10], "rotation": 270, "texture": "#26"},
				"west": {"uv": [12, 2, 13, 10], "rotation": 270, "texture": "#26"},
				"up": {"uv": [12, 2, 13, 10], "texture": "#26"},
				"down": {"uv": [12, 2, 13, 10], "rotation": 180, "texture": "#26"}
			}
		},
		{
			"name": "feather_1",
			"from": [13.355, 22.215, 7.375],
			"to": [13.645, 22.795, 9.695],
			"rotation": {"angle": 0, "axis": "z", "origin": [24.75, 14.25, 9.25]},
			"faces": {
				"north": {"uv": [14, 3, 13, 4], "rotation": 90, "texture": "#26"},
				"east": {"uv": [13, 7, 14, 3], "rotation": 270, "texture": "#26"},
				"south": {"uv": [13, 6, 14, 7], "rotation": 270, "texture": "#26"},
				"west": {"uv": [13, 3, 14, 7], "rotation": 270, "texture": "#26"},
				"up": {"uv": [13, 3, 14, 7], "texture": "#26"},
				"down": {"uv": [13, 3, 14, 7], "rotation": 180, "texture": "#26"}
			}
		},
		{
			"name": "feather_2",
			"from": [13.355, 21.055, 7.955],
			"to": [13.645, 21.635, 11.435],
			"rotation": {"angle": 0, "axis": "z", "origin": [24.75, 14.25, 9.25]},
			"faces": {
				"north": {"uv": [12, 4, 11, 5], "rotation": 90, "texture": "#26"},
				"east": {"uv": [11, 10, 12, 4], "rotation": 270, "texture": "#26"},
				"south": {"uv": [11, 9, 12, 10], "rotation": 270, "texture": "#26"},
				"west": {"uv": [11, 4, 12, 10], "rotation": 270, "texture": "#26"},
				"up": {"uv": [11, 4, 12, 10], "texture": "#26"},
				"down": {"uv": [11, 4, 12, 10], "rotation": 180, "texture": "#26"}
			}
		},
		{
			"name": "feather_3",
			"from": [13.355, 20.475, 8.535],
			"to": [13.645, 21.055, 12.595],
			"rotation": {"angle": 0, "axis": "z", "origin": [24.75, 14.25, 9.25]},
			"faces": {
				"north": {"uv": [11, 5, 10, 6], "rotation": 90, "texture": "#26"},
				"east": {"uv": [10, 12, 11, 5], "rotation": 270, "texture": "#26"},
				"south": {"uv": [10, 11, 11, 12], "rotation": 270, "texture": "#26"},
				"west": {"uv": [10, 5, 11, 12], "rotation": 270, "texture": "#26"},
				"up": {"uv": [10, 5, 11, 12], "texture": "#26"},
				"down": {"uv": [10, 5, 11, 12], "rotation": 180, "texture": "#26"}
			}
		},
		{
			"name": "feather_4",
			"from": [13.355, 22.795, 8.535],
			"to": [13.645, 23.375, 9.115],
			"rotation": {"angle": 0, "axis": "z", "origin": [24.75, 14.25, 9.25]},
			"faces": {
				"north": {"uv": [15, 5, 14, 6], "rotation": 90, "texture": "#26"},
				"east": {"uv": [14, 6, 15, 5], "rotation": 270, "texture": "#26"},
				"south": {"uv": [14, 5, 15, 6], "rotation": 270, "texture": "#26"},
				"west": {"uv": [14, 5, 15, 6], "rotation": 270, "texture": "#26"},
				"up": {"uv": [14, 5, 15, 6], "texture": "#26"},
				"down": {"uv": [14, 5, 15, 6], "rotation": 180, "texture": "#26"}
			}
		},
		{
			"name": "feather_5",
			"from": [13.355, 19.315, 9.695],
			"to": [13.645, 20.475, 13.175],
			"rotation": {"angle": 0, "axis": "z", "origin": [24.75, 14.25, 9.25]},
			"faces": {
				"north": {"uv": [10, 7, 8, 8], "rotation": 90, "texture": "#26"},
				"east": {"uv": [8, 13, 10, 7], "rotation": 270, "texture": "#26"},
				"south": {"uv": [8, 12, 10, 13], "rotation": 270, "texture": "#26"},
				"west": {"uv": [8, 7, 10, 13], "rotation": 270, "texture": "#26"},
				"up": {"uv": [9, 7, 10, 13], "texture": "#26"},
				"down": {"uv": [8, 7, 9, 13], "rotation": 180, "texture": "#26"}
			}
		},
		{
			"name": "feather_6",
			"from": [13.355, 18.155, 10.275],
			"to": [13.645, 18.735, 14.335],
			"rotation": {"angle": 0, "axis": "z", "origin": [24.75, 14.25, 9.25]},
			"faces": {
				"north": {"uv": [7, 8, 6, 9], "rotation": 90, "texture": "#26"},
				"east": {"uv": [6, 15, 7, 8], "rotation": 270, "texture": "#26"},
				"south": {"uv": [6, 14, 7, 15], "rotation": 270, "texture": "#26"},
				"west": {"uv": [6, 8, 7, 15], "rotation": 270, "texture": "#26"},
				"up": {"uv": [6, 8, 7, 15], "texture": "#26"},
				"down": {"uv": [6, 8, 7, 15], "rotation": 180, "texture": "#26"}
			}
		},
		{
			"name": "feather_7",
			"from": [13.355, 22.215, 10.275],
			"to": [13.645, 22.795, 10.855],
			"rotation": {"angle": 0, "axis": "z", "origin": [24.75, 14.25, 9.25]},
			"faces": {
				"north": {"uv": [14, 8, 13, 9], "rotation": 90, "texture": "#26"},
				"east": {"uv": [13, 9, 14, 8], "rotation": 270, "texture": "#26"},
				"south": {"uv": [13, 8, 14, 9], "rotation": 270, "texture": "#26"},
				"west": {"uv": [13, 8, 14, 9], "rotation": 270, "texture": "#26"},
				"up": {"uv": [13, 8, 14, 9], "texture": "#26"},
				"down": {"uv": [13, 8, 14, 9], "rotation": 180, "texture": "#26"}
			}
		},
		{
			"name": "feather_8",
			"from": [13.355, 17.575, 10.855],
			"to": [13.645, 18.155, 14.335],
			"rotation": {"angle": 0, "axis": "z", "origin": [24.75, 14.25, 9.25]},
			"faces": {
				"north": {"uv": [6, 9, 5, 10], "rotation": 90, "texture": "#26"},
				"east": {"uv": [5, 15, 6, 9], "rotation": 270, "texture": "#26"},
				"south": {"uv": [5, 14, 6, 15], "rotation": 270, "texture": "#26"},
				"west": {"uv": [5, 9, 6, 15], "rotation": 270, "texture": "#26"},
				"up": {"uv": [5, 9, 6, 15], "texture": "#26"},
				"down": {"uv": [5, 9, 6, 15], "rotation": 180, "texture": "#26"}
			}
		},
		{
			"name": "feather_9",
			"from": [13.355, 18.735, 10.855],
			"to": [13.645, 19.315, 13.755],
			"rotation": {"angle": 0, "axis": "z", "origin": [24.75, 14.25, 9.25]},
			"faces": {
				"north": {"uv": [8, 9, 7, 10], "rotation": 90, "texture": "#26"},
				"east": {"uv": [7, 14, 8, 9], "rotation": 270, "texture": "#26"},
				"south": {"uv": [7, 13, 8, 14], "rotation": 270, "texture": "#26"},
				"west": {"uv": [7, 9, 8, 14], "rotation": 270, "texture": "#26"},
				"up": {"uv": [7, 9, 8, 14], "texture": "#26"},
				"down": {"uv": [7, 9, 8, 14], "rotation": 180, "texture": "#26"}
			}
		},
		{
			"name": "feather_10",
			"from": [13.355, 16.415, 12.015],
			"to": [13.645, 17.575, 12.595],
			"rotation": {"angle": 0, "axis": "z", "origin": [24.75, 14.25, 9.25]},
			"faces": {
				"north": {"uv": [5, 11, 3, 12], "rotation": 90, "texture": "#26"},
				"east": {"uv": [3, 12, 5, 11], "rotation": 270, "texture": "#26"},
				"south": {"uv": [3, 11, 5, 12], "rotation": 270, "texture": "#26"},
				"west": {"uv": [3, 11, 5, 12], "rotation": 270, "texture": "#26"},
				"up": {"uv": [4, 11, 5, 12], "texture": "#26"},
				"down": {"uv": [3, 11, 4, 12], "rotation": 180, "texture": "#26"}
			}
		},
		{
			"name": "feather_11",
			"from": [13.355, 21.055, 12.015],
			"to": [13.645, 21.635, 12.595],
			"rotation": {"angle": 0, "axis": "z", "origin": [24.75, 14.25, 9.25]},
			"faces": {
				"north": {"uv": [12, 11, 11, 12], "rotation": 90, "texture": "#26"},
				"east": {"uv": [11, 12, 12, 11], "rotation": 270, "texture": "#26"},
				"south": {"uv": [11, 11, 12, 12], "rotation": 270, "texture": "#26"},
				"west": {"uv": [11, 11, 12, 12], "rotation": 270, "texture": "#26"},
				"up": {"uv": [11, 11, 12, 12], "texture": "#26"},
				"down": {"uv": [11, 11, 12, 12], "rotation": 180, "texture": "#26"}
			}
		},
		{
			"name": "feather_12",
			"from": [13.355, 16.995, 12.595],
			"to": [13.645, 17.575, 13.755],
			"rotation": {"angle": 0, "axis": "z", "origin": [24.75, 14.25, 9.25]},
			"faces": {
				"north": {"uv": [5, 12, 4, 13], "rotation": 90, "texture": "#26"},
				"east": {"uv": [4, 14, 5, 12], "rotation": 270, "texture": "#26"},
				"south": {"uv": [4, 13, 5, 14], "rotation": 270, "texture": "#26"},
				"west": {"uv": [4, 12, 5, 14], "rotation": 270, "texture": "#26"},
				"up": {"uv": [4, 12, 5, 14], "texture": "#26"},
				"down": {"uv": [4, 12, 5, 14], "rotation": 180, "texture": "#26"}
			}
		},
		{
			"name": "feather_13",
			"from": [13.355, 14.835, 13.175],
			"to": [13.645, 16.995, 13.755],
			"rotation": {"angle": 0, "axis": "z", "origin": [24.75, 14.25, 9.25]},
			"faces": {
				"north": {"uv": [4, 13, 2, 14], "rotation": 90, "texture": "#26"},
				"east": {"uv": [2, 14, 4, 13], "rotation": 270, "texture": "#26"},
				"south": {"uv": [2, 13, 4, 14], "rotation": 270, "texture": "#26"},
				"west": {"uv": [2, 13, 4, 14], "rotation": 270, "texture": "#26"},
				"up": {"uv": [3, 13, 4, 14], "texture": "#26"},
				"down": {"uv": [2, 13, 3, 14], "rotation": 180, "texture": "#26"}
			}
		},
		{
			"name": "feather_14",
			"from": [13.355, 19.315, 13.175],
			"to": [13.645, 19.895, 13.755],
			"rotation": {"angle": 0, "axis": "z", "origin": [24.75, 14.25, 9.25]},
			"faces": {
				"north": {"uv": [9, 13, 8, 14], "rotation": 90, "texture": "#26"},
				"east": {"uv": [8, 14, 9, 13], "rotation": 270, "texture": "#26"},
				"south": {"uv": [8, 13, 9, 14], "rotation": 270, "texture": "#26"},
				"west": {"uv": [8, 13, 9, 14], "rotation": 270, "texture": "#26"},
				"up": {"uv": [8, 13, 9, 14], "texture": "#26"},
				"down": {"uv": [8, 13, 9, 14], "rotation": 180, "texture": "#26"}
			}
		}
	],
	"display": {
		"thirdperson_righthand": {
			"rotation": [75, 45, 0],
			"translation": [0, 2.5, 0],
			"scale": [0.375, 0.375, 0.375]
		},
		"thirdperson_lefthand": {
			"rotation": [75, 45, 0],
			"translation": [0, 2.5, 0],
			"scale": [0.375, 0.375, 0.375]
		},
		"firstperson_righthand": {
			"rotation": [0, 135, 0],
			"scale": [0.4, 0.4, 0.4]
		},
		"firstperson_lefthand": {
			"rotation": [0, 225, 0],
			"scale": [0.4, 0.4, 0.4]
		},
		"ground": {
			"translation": [0, 3, 0],
			"scale": [0.25, 0.25, 0.25]
		},
		"gui": {
			"rotation": [30, 225, 0],
			"translation": [0, -0.5, 0],
			"scale": [0.625, 0.625, 0.625]
		},
		"fixed": {
			"rotation": [-90, 0, 0],
			"translation": [0, 0, -7.25]
		}
	},
	"groups": [
		0,
		1,
		2,
		3,
		4,
		5,
		6,
		7,
		8,
		9,
		10,
		11,
		12,
		13,
		14,
		15,
		16,
		17,
		18,
		19,
		20,
		21,
		22,
		23,
		24,
		25,
		26,
		27,
		{
			"name": "feather",
			"origin": [8, 8, 8],
			"color": 0,
			"nbt": "{}",
			"armAnimationEnabled": false,
			"children": [28, 29, 30, 31, 32, 33, 34, 35, 36, 37, 38, 39, 40, 41, 42]
		}
	]
}